module_code,template_id,framework,effective_from,effective_to,status,effective_source,effective_evidence,source_archive,source_workbook,source_sheet
AE,A_00.01,3.0.1,2021-06-30,2023-06-30,official,https://www.eba.europa.eu/risk-and-data-analysis/reporting/reporting-frameworks/reporting-framework-30,Baseline module release in 3.0.x,3.0.1_layouts.zip,Annotated Table Layout 301-P2-AE 3.0.1.xlsx,A 00.01
AE,A_00.01,3.2,2023-06-30,2026-03-31,official,https://www.eba.europa.eu/risk-and-data-analysis/reporting/reporting-frameworks/reporting-framework-32,Asset Encumbrance first reference date 06/2023,3.2_layouts.zip,Annotated Table Layout 320-P1-AE 3.2.xlsx,A 00.01
AE,A_00.01,4.2,2026-03-31,,official_except_explicit_overrides,https://www.eba.europa.eu/risk-and-data-analysis/reporting-frameworks/reporting-framework-42,All other modules use the completed DPM 2.0 glossary from 03/2026; DORA excluded,4.2_layouts.zip,260106 Annotated templates/AE/20260106 Annotated Table Layout  AE 4.2 AEAE 4.2.xlsx,A_00.01
AE,F_32.01,3.0.1,2021-06-30,2023-06-30,official,https://www.eba.europa.eu/risk-and-data-analysis/reporting/reporting-frameworks/reporting-framework-30,Baseline module release in 3.0.x,3.0.1_layouts.zip,Annotated Table Layout 301-P2-AE 3.0.1.xlsx,F 32.01
AE,F_32.01,3.2,2023-06-30,2026-03-31,official,https://www.eba.europa.eu/risk-and-data-analysis/reporting/reporting-frameworks/reporting-framework-32,Asset Encumbrance first reference date 06/2023,3.2_layouts.zip,Annotated Table Layout 320-P1-AE 3.2.xlsx,F 32.01
AE,F_32.01,4.2,2026-03-31,,official_except_explicit_overrides,https://www.eba.europa.eu/risk-and-data-analysis/reporting-frameworks/reporting-framework-42,All other modules use the completed DPM 2.0 glossary from 03/2026; DORA excluded,4.2_layouts.zip,260106 Annotated templates/AE/20260106 Annotated Table Layout  AE 4.2 AEAE 4.2.xlsx,F_32.01
AE,F_32.02.a,3.0.1,2021-06-30,2023-06-30,official,https://www.eba.europa.eu/risk-and-data-analysis/reporting/reporting-frameworks/reporting-framework-30,Baseline module release in 3.0.x,3.0.1_layouts.zip,Annotated Table Layout 301-P2-AE 3.0.1.xlsx,F 32.02.a
AE,F_32.02.a,3.2,2023-06-30,2026-03-31,official,https://www.eba.europa.eu/risk-and-data-analysis/reporting/reporting-frameworks/reporting-framework-32,Asset Encumbrance first reference date 06/2023,3.2_layouts.zip,Annotated Table Layout 320-P1-AE 3.2.xlsx,F 32.02.a
AE,F_32.02.a,4.2,2026-03-31,,official_except_explicit_overrides,https://www.eba.europa.eu/risk-and-data-analysis/reporting-frameworks/reporting-framework-42,All other modules use the completed DPM 2.0 glossary from 03/2026; DORA excluded,4.2_layouts.zip,260106 Annotated templates/AE/20260106 Annotated Table Layout  AE 4.2 AEAE 4.2.xlsx,F_32.02.a
AE,F_32.02.b,3.0.1,2021-06-30,2023-06-30,official,https://www.eba.europa.eu/risk-and-data-analysis/reporting/reporting-frameworks/reporting-framework-30,Baseline module release in 3.0.x,3.0.1_layouts.zip,Annotated Table Layout 301-P2-AE 3.0.1.xlsx,F 32.02.b
AE,F_32.02.b,3.2,2023-06-30,2026-03-31,official,https://www.eba.europa.eu/risk-and-data-analysis/reporting/reporting-frameworks/reporting-framework-32,Asset Encumbrance first reference date 06/2023,3.2_layouts.zip,Annotated Table Layout 320-P1-AE 3.2.xlsx,F 32.02.b
AE,F_32.02.b,4.2,2026-03-31,,official_except_explicit_overrides,https://www.eba.europa.eu/risk-and-data-analysis/reporting-frameworks/reporting-framework-42,All other modules use the completed DPM 2.0 glossary from 03/2026; DORA excluded,4.2_layouts.zip,260106 Annotated templates/AE/20260106 Annotated Table Layout  AE 4.2 AEAE 4.2.xlsx,F_32.02.b
AE,F_32.03.a,3.0.1,2021-06-30,2023-06-30,official,https://www.eba.europa.eu/risk-and-data-analysis/reporting/reporting-frameworks/reporting-framework-30,Baseline module release in 3.0.x,3.0.1_layouts.zip,Annotated Table Layout 301-P2-AE 3.0.1.xlsx,F 32.03.a
AE,F_32.03.a,3.2,2023-06-30,2026-03-31,official,https://www.eba.europa.eu/risk-and-data-analysis/reporting/reporting-frameworks/reporting-framework-32,Asset Encumbrance first reference date 06/2023,3.2_layouts.zip,Annotated Table Layout 320-P1-AE 3.2.xlsx,F 32.03.a
AE,F_32.03.a,4.2,2026-03-31,,official_except_explicit_overrides,https://www.eba.europa.eu/risk-and-data-analysis/reporting-frameworks/reporting-framework-42,All other modules use the completed DPM 2.0 glossary from 03/2026; DORA excluded,4.2_layouts.zip,260106 Annotated templates/AE/20260106 Annotated Table Layout  AE 4.2 AEAE 4.2.xlsx,F_32.03.a
AE,F_32.03.b,3.0.1,2021-06-30,2023-06-30,official,https://www.eba.europa.eu/risk-and-data-analysis/reporting/reporting-frameworks/reporting-framework-30,Baseline module release in 3.0.x,3.0.1_layouts.zip,Annotated Table Layout 301-P2-AE 3.0.1.xlsx,F 32.03.b
AE,F_32.03.b,3.2,2023-06-30,2026-03-31,official,https://www.eba.europa.eu/risk-and-data-analysis/reporting/reporting-frameworks/reporting-framework-32,Asset Encumbrance first reference date 06/2023,3.2_layouts.zip,Annotated Table Layout 320-P1-AE 3.2.xlsx,F 32.03.b
AE,F_32.03.b,4.2,2026-03-31,,official_except_explicit_overrides,https://www.eba.europa.eu/risk-and-data-analysis/reporting-frameworks/reporting-framework-42,All other modules use the completed DPM 2.0 glossary from 03/2026; DORA excluded,4.2_layouts.zip,260106 Annotated templates/AE/20260106 Annotated Table Layout  AE 4.2 AEAE 4.2.xlsx,F_32.03.b
AE,F_32.04.a,3.0.1,2021-06-30,2023-06-30,official,https://www.eba.europa.eu/risk-and-data-analysis/reporting/reporting-frameworks/reporting-framework-30,Baseline module release in 3.0.x,3.0.1_layouts.zip,Annotated Table Layout 301-P2-AE 3.0.1.xlsx,F 32.04.a
AE,F_32.04.a,3.2,2023-06-30,2026-03-31,official,https://www.eba.europa.eu/risk-and-data-analysis/reporting/reporting-frameworks/reporting-framework-32,Asset Encumbrance first reference date 06/2023,3.2_layouts.zip,Annotated Table Layout 320-P1-AE 3.2.xlsx,F 32.04.a
AE,F_32.04.a,4.2,2026-03-31,,official_except_explicit_overrides,https://www.eba.europa.eu/risk-and-data-analysis/reporting-frameworks/reporting-framework-42,All other modules use the completed DPM 2.0 glossary from 03/2026; DORA excluded,4.2_layouts.zip,260106 Annotated templates/AE/20260106 Annotated Table Layout  AE 4.2 AEAE 4.2.xlsx,F_32.04.a
AE,F_32.04.b,3.0.1,2021-06-30,2023-06-30,official,https://www.eba.europa.eu/risk-and-data-analysis/reporting/reporting-frameworks/reporting-framework-30,Baseline module release in 3.0.x,3.0.1_layouts.zip,Annotated Table Layout 301-P2-AE 3.0.1.xlsx,F 32.04.b
AE,F_32.04.b,3.2,2023-06-30,2026-03-31,official,https://www.eba.europa.eu/risk-and-data-analysis/reporting/reporting-frameworks/reporting-framework-32,Asset Encumbrance first reference date 06/2023,3.2_layouts.zip,Annotated Table Layout 320-P1-AE 3.2.xlsx,F 32.04.b
AE,F_32.04.b,4.2,2026-03-31,,official_except_explicit_overrides,https://www.eba.europa.eu/risk-and-data-analysis/reporting-frameworks/reporting-framework-42,All other modules use the completed DPM 2.0 glossary from 03/2026; DORA excluded,4.2_layouts.zip,260106 Annotated templates/AE/20260106 Annotated Table Layout  AE 4.2 AEAE 4.2.xlsx,F_32.04.b
AE,F_33.00.a,3.0.1,2021-06-30,2023-06-30,official,https://www.eba.europa.eu/risk-and-data-analysis/reporting/reporting-frameworks/reporting-framework-30,Baseline module release in 3.0.x,3.0.1_layouts.zip,Annotated Table Layout 301-P2-AE 3.0.1.xlsx,F 33.00.a
AE,F_33.00.a,3.2,2023-06-30,2026-03-31,official,https://www.eba.europa.eu/risk-and-data-analysis/reporting/reporting-frameworks/reporting-framework-32,Asset Encumbrance first reference date 06/2023,3.2_layouts.zip,Annotated Table Layout 320-P1-AE 3.2.xlsx,F 33.00.a
AE,F_33.00.a,4.2,2026-03-31,,official_except_explicit_overrides,https://www.eba.europa.eu/risk-and-data-analysis/reporting-frameworks/reporting-framework-42,All other modules use the completed DPM 2.0 glossary from 03/2026; DORA excluded,4.2_layouts.zip,260106 Annotated templates/AE/20260106 Annotated Table Layout  AE 4.2 AEAE 4.2.xlsx,F_33.00.a
AE,F_33.00.b,3.0.1,2021-06-30,2023-06-30,official,https://www.eba.europa.eu/risk-and-data-analysis/reporting/reporting-frameworks/reporting-framework-30,Baseline module release in 3.0.x,3.0.1_layouts.zip,Annotated Table Layout 301-P2-AE 3.0.1.xlsx,F 33.00.b
AE,F_33.00.b,3.2,2023-06-30,2026-03-31,official,https://www.eba.europa.eu/risk-and-data-analysis/reporting/reporting-frameworks/reporting-framework-32,Asset Encumbrance first reference date 06/2023,3.2_layouts.zip,Annotated Table Layout 320-P1-AE 3.2.xlsx,F 33.00.b
AE,F_33.00.b,4.2,2026-03-31,,official_except_explicit_overrides,https://www.eba.europa.eu/risk-and-data-analysis/reporting-frameworks/reporting-framework-42,All other modules use the completed DPM 2.0 glossary from 03/2026; DORA excluded,4.2_layouts.zip,260106 Annotated templates/AE/20260106 Annotated Table Layout  AE 4.2 AEAE 4.2.xlsx,F_33.00.b
AE,F_34.00.a,3.0.1,2021-06-30,2023-06-30,official,https://www.eba.europa.eu/risk-and-data-analysis/reporting/reporting-frameworks/reporting-framework-30,Baseline module release in 3.0.x,3.0.1_layouts.zip,Annotated Table Layout 301-P2-AE 3.0.1.xlsx,F 34.00.a
AE,F_34.00.a,3.2,2023-06-30,2026-03-31,official,https://www.eba.europa.eu/risk-and-data-analysis/reporting/reporting-frameworks/reporting-framework-32,Asset Encumbrance first reference date 06/2023,3.2_layouts.zip,Annotated Table Layout 320-P1-AE 3.2.xlsx,F 34.00.a
AE,F_34.00.a,4.2,2026-03-31,,official_except_explicit_overrides,https://www.eba.europa.eu/risk-and-data-analysis/reporting-frameworks/reporting-framework-42,All other modules use the completed DPM 2.0 glossary from 03/2026; DORA excluded,4.2_layouts.zip,260106 Annotated templates/AE/20260106 Annotated Table Layout  AE 4.2 AEAE 4.2.xlsx,F_34.00.a
AE,F_34.00.b,3.0.1,2021-06-30,2023-06-30,official,https://www.eba.europa.eu/risk-and-data-analysis/reporting/reporting-frameworks/reporting-framework-30,Baseline module release in 3.0.x,3.0.1_layouts.zip,Annotated Table Layout 301-P2-AE 3.0.1.xlsx,F 34.00.b
AE,F_34.00.b,3.2,2023-06-30,2026-03-31,official,https://www.eba.europa.eu/risk-and-data-analysis/reporting/reporting-frameworks/reporting-framework-32,Asset Encumbrance first reference date 06/2023,3.2_layouts.zip,Annotated Table Layout 320-P1-AE 3.2.xlsx,F 34.00.b
AE,F_34.00.b,4.2,2026-03-31,,official_except_explicit_overrides,https://www.eba.europa.eu/risk-and-data-analysis/reporting-frameworks/reporting-framework-42,All other modules use the completed DPM 2.0 glossary from 03/2026; DORA excluded,4.2_layouts.zip,260106 Annotated templates/AE/20260106 Annotated Table Layout  AE 4.2 AEAE 4.2.xlsx,F_34.00.b
AE,F_34.00.c,3.0.1,2021-06-30,2023-06-30,official,https://www.eba.europa.eu/risk-and-data-analysis/reporting/reporting-frameworks/reporting-framework-30,Baseline module release in 3.0.x,3.0.1_layouts.zip,Annotated Table Layout 301-P2-AE 3.0.1.xlsx,F 34.00.c
AE,F_34.00.c,3.2,2023-06-30,2026-03-31,official,https://www.eba.europa.eu/risk-and-data-analysis/reporting/reporting-frameworks/reporting-framework-32,Asset Encumbrance first reference date 06/2023,3.2_layouts.zip,Annotated Table Layout 320-P1-AE 3.2.xlsx,F 34.00.c
AE,F_34.00.c,4.2,2026-03-31,,official_except_explicit_overrides,https://www.eba.europa.eu/risk-and-data-analysis/reporting-frameworks/reporting-framework-42,All other modules use the completed DPM 2.0 glossary from 03/2026; DORA excluded,4.2_layouts.zip,260106 Annotated templates/AE/20260106 Annotated Table Layout  AE 4.2 AEAE 4.2.xlsx,F_34.00.c
AE,F_35.00.a,3.0.1,2021-06-30,2023-06-30,official,https://www.eba.europa.eu/risk-and-data-analysis/reporting/reporting-frameworks/reporting-framework-30,Baseline module release in 3.0.x,3.0.1_layouts.zip,Annotated Table Layout 301-P2-AE 3.0.1.xlsx,F 35.00.a
AE,F_35.00.a,3.2,2023-06-30,2026-03-31,official,https://www.eba.europa.eu/risk-and-data-analysis/reporting/reporting-frameworks/reporting-framework-32,Asset Encumbrance first reference date 06/2023,3.2_layouts.zip,Annotated Table Layout 320-P1-AE 3.2.xlsx,F 35.00.a
AE,F_35.00.a,4.2,2026-03-31,,official_except_explicit_overrides,https://www.eba.europa.eu/risk-and-data-analysis/reporting-frameworks/reporting-framework-42,All other modules use the completed DPM 2.0 glossary from 03/2026; DORA excluded,4.2_layouts.zip,260106 Annotated templates/AE/20260106 Annotated Table Layout  AE 4.2 AEAE 4.2.xlsx,F_35.00.a
AE,F_35.00.b,3.0.1,2021-06-30,2023-06-30,official,https://www.eba.europa.eu/risk-and-data-analysis/reporting/reporting-frameworks/reporting-framework-30,Baseline module release in 3.0.x,3.0.1_layouts.zip,Annotated Table Layout 301-P2-AE 3.0.1.xlsx,F 35.00.b
AE,F_35.00.b,3.2,2023-06-30,2026-03-31,official,https://www.eba.europa.eu/risk-and-data-analysis/reporting/reporting-frameworks/reporting-framework-32,Asset Encumbrance first reference date 06/2023,3.2_layouts.zip,Annotated Table Layout 320-P1-AE 3.2.xlsx,F 35.00.b
AE,F_35.00.b,4.2,2026-03-31,,official_except_explicit_overrides,https://www.eba.europa.eu/risk-and-data-analysis/reporting-frameworks/reporting-framework-42,All other modules use the completed DPM 2.0 glossary from 03/2026; DORA excluded,4.2_layouts.zip,260106 Annotated templates/AE/20260106 Annotated Table Layout  AE 4.2 AEAE 4.2.xlsx,F_35.00.b
AE,F_35.00.c,3.0.1,2021-06-30,2023-06-30,official,https://www.eba.europa.eu/risk-and-data-analysis/reporting/reporting-frameworks/reporting-framework-30,Baseline module release in 3.0.x,3.0.1_layouts.zip,Annotated Table Layout 301-P2-AE 3.0.1.xlsx,F 35.00.c
AE,F_35.00.c,3.2,2023-06-30,2026-03-31,official,https://www.eba.europa.eu/risk-and-data-analysis/reporting/reporting-frameworks/reporting-framework-32,Asset Encumbrance first reference date 06/2023,3.2_layouts.zip,Annotated Table Layout 320-P1-AE 3.2.xlsx,F 35.00.c
AE,F_35.00.c,4.2,2026-03-31,,official_except_explicit_overrides,https://www.eba.europa.eu/risk-and-data-analysis/reporting-frameworks/reporting-framework-42,All other modules use the completed DPM 2.0 glossary from 03/2026; DORA excluded,4.2_layouts.zip,260106 Annotated templates/AE/20260106 Annotated Table Layout  AE 4.2 AEAE 4.2.xlsx,F_35.00.c
AE,F_35.00.d,3.0.1,2021-06-30,2023-06-30,official,https://www.eba.europa.eu/risk-and-data-analysis/reporting/reporting-frameworks/reporting-framework-30,Baseline module release in 3.0.x,3.0.1_layouts.zip,Annotated Table Layout 301-P2-AE 3.0.1.xlsx,F 35.00.d
AE,F_35.00.d,3.2,2023-06-30,2026-03-31,official,https://www.eba.europa.eu/risk-and-data-analysis/reporting/reporting-frameworks/reporting-framework-32,Asset Encumbrance first reference date 06/2023,3.2_layouts.zip,Annotated Table Layout 320-P1-AE 3.2.xlsx,F 35.00.d
AE,F_35.00.d,4.2,2026-03-31,,official_except_explicit_overrides,https://www.eba.europa.eu/risk-and-data-analysis/reporting-frameworks/reporting-framework-42,All other modules use the completed DPM 2.0 glossary from 03/2026; DORA excluded,4.2_layouts.zip,260106 Annotated templates/AE/20260106 Annotated Table Layout  AE 4.2 AEAE 4.2.xlsx,F_35.00.d
AE,F_36.01.a,3.0.1,2021-06-30,2023-06-30,official,https://www.eba.europa.eu/risk-and-data-analysis/reporting/reporting-frameworks/reporting-framework-30,Baseline module release in 3.0.x,3.0.1_layouts.zip,Annotated Table Layout 301-P2-AE 3.0.1.xlsx,F 36.01.a
AE,F_36.01.a,3.2,2023-06-30,2026-03-31,official,https://www.eba.europa.eu/risk-and-data-analysis/reporting/reporting-frameworks/reporting-framework-32,Asset Encumbrance first reference date 06/2023,3.2_layouts.zip,Annotated Table Layout 320-P1-AE 3.2.xlsx,F 36.01.a
AE,F_36.01.a,4.2,2026-03-31,,official_except_explicit_overrides,https://www.eba.europa.eu/risk-and-data-analysis/reporting-frameworks/reporting-framework-42,All other modules use the completed DPM 2.0 glossary from 03/2026; DORA excluded,4.2_layouts.zip,260106 Annotated templates/AE/20260106 Annotated Table Layout  AE 4.2 AEAE 4.2.xlsx,F_36.01.a
AE,F_36.01.b,3.0.1,2021-06-30,2023-06-30,official,https://www.eba.europa.eu/risk-and-data-analysis/reporting/reporting-frameworks/reporting-framework-30,Baseline module release in 3.0.x,3.0.1_layouts.zip,Annotated Table Layout 301-P2-AE 3.0.1.xlsx,F 36.01.b
AE,F_36.01.b,3.2,2023-06-30,2026-03-31,official,https://www.eba.europa.eu/risk-and-data-analysis/reporting/reporting-frameworks/reporting-framework-32,Asset Encumbrance first reference date 06/2023,3.2_layouts.zip,Annotated Table Layout 320-P1-AE 3.2.xlsx,F 36.01.b
AE,F_36.01.b,4.2,2026-03-31,,official_except_explicit_overrides,https://www.eba.europa.eu/risk-and-data-analysis/reporting-frameworks/reporting-framework-42,All other modules use the completed DPM 2.0 glossary from 03/2026; DORA excluded,4.2_layouts.zip,260106 Annotated templates/AE/20260106 Annotated Table Layout  AE 4.2 AEAE 4.2.xlsx,F_36.01.b
AE,F_36.01.c,3.0.1,2021-06-30,2023-06-30,official,https://www.eba.europa.eu/risk-and-data-analysis/reporting/reporting-frameworks/reporting-framework-30,Baseline module release in 3.0.x,3.0.1_layouts.zip,Annotated Table Layout 301-P2-AE 3.0.1.xlsx,F 36.01.c
AE,F_36.01.c,3.2,2023-06-30,2026-03-31,official,https://www.eba.europa.eu/risk-and-data-analysis/reporting/reporting-frameworks/reporting-framework-32,Asset Encumbrance first reference date 06/2023,3.2_layouts.zip,Annotated Table Layout 320-P1-AE 3.2.xlsx,F 36.01.c
AE,F_36.01.c,4.2,2026-03-31,,official_except_explicit_overrides,https://www.eba.europa.eu/risk-and-data-analysis/reporting-frameworks/reporting-framework-42,All other modules use the completed DPM 2.0 glossary from 03/2026; DORA excluded,4.2_layouts.zip,260106 Annotated templates/AE/20260106 Annotated Table Layout  AE 4.2 AEAE 4.2.xlsx,F_36.01.c
AE,F_36.02.a,3.0.1,2021-06-30,2023-06-30,official,https://www.eba.europa.eu/risk-and-data-analysis/reporting/reporting-frameworks/reporting-framework-30,Baseline module release in 3.0.x,3.0.1_layouts.zip,Annotated Table Layout 301-P2-AE 3.0.1.xlsx,F 36.02.a
AE,F_36.02.a,3.2,2023-06-30,2026-03-31,official,https://www.eba.europa.eu/risk-and-data-analysis/reporting/reporting-frameworks/reporting-framework-32,Asset Encumbrance first reference date 06/2023,3.2_layouts.zip,Annotated Table Layout 320-P1-AE 3.2.xlsx,F 36.02.a
AE,F_36.02.a,4.2,2026-03-31,,official_except_explicit_overrides,https://www.eba.europa.eu/risk-and-data-analysis/reporting-frameworks/reporting-framework-42,All other modules use the completed DPM 2.0 glossary from 03/2026; DORA excluded,4.2_layouts.zip,260106 Annotated templates/AE/20260106 Annotated Table Layout  AE 4.2 AEAE 4.2.xlsx,F_36.02.a
AE,F_36.02.b,3.0.1,2021-06-30,2023-06-30,official,https://www.eba.europa.eu/risk-and-data-analysis/reporting/reporting-frameworks/reporting-framework-30,Baseline module release in 3.0.x,3.0.1_layouts.zip,Annotated Table Layout 301-P2-AE 3.0.1.xlsx,F 36.02.b
AE,F_36.02.b,3.2,2023-06-30,2026-03-31,official,https://www.eba.europa.eu/risk-and-data-analysis/reporting/reporting-frameworks/reporting-framework-32,Asset Encumbrance first reference date 06/2023,3.2_layouts.zip,Annotated Table Layout 320-P1-AE 3.2.xlsx,F 36.02.b
AE,F_36.02.b,4.2,2026-03-31,,official_except_explicit_overrides,https://www.eba.europa.eu/risk-and-data-analysis/reporting-frameworks/reporting-framework-42,All other modules use the completed DPM 2.0 glossary from 03/2026; DORA excluded,4.2_layouts.zip,260106 Annotated templates/AE/20260106 Annotated Table Layout  AE 4.2 AEAE 4.2.xlsx,F_36.02.b
AE,F_36.02.c,3.0.1,2021-06-30,2023-06-30,official,https://www.eba.europa.eu/risk-and-data-analysis/reporting/reporting-frameworks/reporting-framework-30,Baseline module release in 3.0.x,3.0.1_layouts.zip,Annotated Table Layout 301-P2-AE 3.0.1.xlsx,F 36.02.c
AE,F_36.02.c,3.2,2023-06-30,2026-03-31,official,https://www.eba.europa.eu/risk-and-data-analysis/reporting/reporting-frameworks/reporting-framework-32,Asset Encumbrance first reference date 06/2023,3.2_layouts.zip,Annotated Table Layout 320-P1-AE 3.2.xlsx,F 36.02.c
AE,F_36.02.c,4.2,2026-03-31,,official_except_explicit_overrides,https://www.eba.europa.eu/risk-and-data-analysis/reporting-frameworks/reporting-framework-42,All other modules use the completed DPM 2.0 glossary from 03/2026; DORA excluded,4.2_layouts.zip,260106 Annotated templates/AE/20260106 Annotated Table Layout  AE 4.2 AEAE 4.2.xlsx,F_36.02.c
CODIS,K_00.02,4.1,2025-06-30,2026-03-31,official,https://www.eba.europa.eu/risk-and-data-analysis/reporting-frameworks/reporting-framework-41,Pillar 3 disclosure templates first reference date 06/2025,4.1_layouts.zip,20250519 Annotated Table Layout  CODISPILLAR3 4.1.xlsx,K_00.02
CODIS,K_00.02,4.2,2026-03-31,,official_except_explicit_overrides,https://www.eba.europa.eu/risk-and-data-analysis/reporting-frameworks/reporting-framework-42,All other modules use the completed DPM 2.0 glossary from 03/2026; DORA excluded,4.2_layouts.zip,260106 Annotated templates/PILLAR3/20260106 Annotated Table Layout  PILLAR3 4.2 CODISPILLAR3 4.2.xlsx,K_00.02
CODIS,K_01.00.a,4.1,2025-06-30,2026-03-31,official,https://www.eba.europa.eu/risk-and-data-analysis/reporting-frameworks/reporting-framework-41,Pillar 3 disclosure templates first reference date 06/2025,4.1_layouts.zip,20250519 Annotated Table Layout  CODISPILLAR3 4.1.xlsx,K_01.00.a
CODIS,K_01.00.a,4.2,2026-03-31,,official_except_explicit_overrides,https://www.eba.europa.eu/risk-and-data-analysis/reporting-frameworks/reporting-framework-42,All other modules use the completed DPM 2.0 glossary from 03/2026; DORA excluded,4.2_layouts.zip,260106 Annotated templates/PILLAR3/20260106 Annotated Table Layout  PILLAR3 4.2 CODISPILLAR3 4.2.xlsx,K_01.00.a
CODIS,K_01.00.b,4.1,2025-06-30,2026-03-31,official,https://www.eba.europa.eu/risk-and-data-analysis/reporting-frameworks/reporting-framework-41,Pillar 3 disclosure templates first reference date 06/2025,4.1_layouts.zip,20250519 Annotated Table Layout  CODISPILLAR3 4.1.xlsx,K_01.00.b
CODIS,K_01.00.b,4.2,2026-03-31,,official_except_explicit_overrides,https://www.eba.europa.eu/risk-and-data-analysis/reporting-frameworks/reporting-framework-42,All other modules use the completed DPM 2.0 glossary from 03/2026; DORA excluded,4.2_layouts.zip,260106 Annotated templates/PILLAR3/20260106 Annotated Table Layout  PILLAR3 4.2 CODISPILLAR3 4.2.xlsx,K_01.00.b
CODIS,K_02.00,4.1,2025-06-30,2026-03-31,official,https://www.eba.europa.eu/risk-and-data-analysis/reporting-frameworks/reporting-framework-41,Pillar 3 disclosure templates first reference date 06/2025,4.1_layouts.zip,20250519 Annotated Table Layout  CODISPILLAR3 4.1.xlsx,K_02.00
CODIS,K_02.00,4.2,2026-03-31,,official_except_explicit_overrides,https://www.eba.europa.eu/risk-and-data-analysis/reporting-frameworks/reporting-framework-42,All other modules use the completed DPM 2.0 glossary from 03/2026; DORA excluded,4.2_layouts.zip,260106 Annotated templates/PILLAR3/20260106 Annotated Table Layout  PILLAR3 4.2 CODISPILLAR3 4.2.xlsx,K_02.00
CODIS,K_03.00,4.1,2025-06-30,2026-03-31,official,https://www.eba.europa.eu/risk-and-data-analysis/reporting-frameworks/reporting-framework-41,Pillar 3 disclosure templates first reference date 06/2025,4.1_layouts.zip,20250519 Annotated Table Layout  CODISPILLAR3 4.1.xlsx,K_03.00
CODIS,K_03.00,4.2,2026-03-31,,official_except_explicit_overrides,https://www.eba.europa.eu/risk-and-data-analysis/reporting-frameworks/reporting-framework-42,All other modules use the completed DPM 2.0 glossary from 03/2026; DORA excluded,4.2_layouts.zip,260106 Annotated templates/PILLAR3/20260106 Annotated Table Layout  PILLAR3 4.2 CODISPILLAR3 4.2.xlsx,K_03.00
CODIS,K_04.00.a,4.1,2025-06-30,2026-03-31,official,https://www.eba.europa.eu/risk-and-data-analysis/reporting-frameworks/reporting-framework-41,Pillar 3 disclosure templates first reference date 06/2025,4.1_layouts.zip,20250519 Annotated Table Layout  CODISPILLAR3 4.1.xlsx,K_04.00.a
CODIS,K_04.00.a,4.2,2026-03-31,,official_except_explicit_overrides,https://www.eba.europa.eu/risk-and-data-analysis/reporting-frameworks/reporting-framework-42,All other modules use the completed DPM 2.0 glossary from 03/2026; DORA excluded,4.2_layouts.zip,260106 Annotated templates/PILLAR3/20260106 Annotated Table Layout  PILLAR3 4.2 CODISPILLAR3 4.2.xlsx,K_04.00.a
CODIS,K_04.00.b,4.1,2025-06-30,2026-03-31,official,https://www.eba.europa.eu/risk-and-data-analysis/reporting-frameworks/reporting-framework-41,Pillar 3 disclosure templates first reference date 06/2025,4.1_layouts.zip,20250519 Annotated Table Layout  CODISPILLAR3 4.1.xlsx,K_04.00.b
CODIS,K_04.00.b,4.2,2026-03-31,,official_except_explicit_overrides,https://www.eba.europa.eu/risk-and-data-analysis/reporting-frameworks/reporting-framework-42,All other modules use the completed DPM 2.0 glossary from 03/2026; DORA excluded,4.2_layouts.zip,260106 Annotated templates/PILLAR3/20260106 Annotated Table Layout  PILLAR3 4.2 CODISPILLAR3 4.2.xlsx,K_04.00.b
CODIS,K_05.00.a,4.1,2025-06-30,2026-03-31,official,https://www.eba.europa.eu/risk-and-data-analysis/reporting-frameworks/reporting-framework-41,Pillar 3 disclosure templates first reference date 06/2025,4.1_layouts.zip,20250519 Annotated Table Layout  CODISPILLAR3 4.1.xlsx,K_05.00.a
CODIS,K_05.00.a,4.2,2026-03-31,,official_except_explicit_overrides,https://www.eba.europa.eu/risk-and-data-analysis/reporting-frameworks/reporting-framework-42,All other modules use the completed DPM 2.0 glossary from 03/2026; DORA excluded,4.2_layouts.zip,260106 Annotated templates/PILLAR3/20260106 Annotated Table Layout  PILLAR3 4.2 CODISPILLAR3 4.2.xlsx,K_05.00.a
CODIS,K_05.00.b,4.1,2025-06-30,2026-03-31,official,https://www.eba.europa.eu/risk-and-data-analysis/reporting-frameworks/reporting-framework-41,Pillar 3 disclosure templates first reference date 06/2025,4.1_layouts.zip,20250519 Annotated Table Layout  CODISPILLAR3 4.1.xlsx,K_05.00.b
CODIS,K_05.00.b,4.2,2026-03-31,,official_except_explicit_overrides,https://www.eba.europa.eu/risk-and-data-analysis/reporting-frameworks/reporting-framework-42,All other modules use the completed DPM 2.0 glossary from 03/2026; DORA excluded,4.2_layouts.zip,260106 Annotated templates/PILLAR3/20260106 Annotated Table Layout  PILLAR3 4.2 CODISPILLAR3 4.2.xlsx,K_05.00.b
CODIS,K_06.00,4.1,2025-06-30,2026-03-31,official,https://www.eba.europa.eu/risk-and-data-analysis/reporting-frameworks/reporting-framework-41,Pillar 3 disclosure templates first reference date 06/2025,4.1_layouts.zip,20250519 Annotated Table Layout  CODISPILLAR3 4.1.xlsx,K_06.00
CODIS,K_06.00,4.2,2026-03-31,,official_except_explicit_overrides,https://www.eba.europa.eu/risk-and-data-analysis/reporting-frameworks/reporting-framework-42,All other modules use the completed DPM 2.0 glossary from 03/2026; DORA excluded,4.2_layouts.zip,260106 Annotated templates/PILLAR3/20260106 Annotated Table Layout  PILLAR3 4.2 CODISPILLAR3 4.2.xlsx,K_06.00
CODIS,K_07.00,4.1,2025-06-30,2026-03-31,official,https://www.eba.europa.eu/risk-and-data-analysis/reporting-frameworks/reporting-framework-41,Pillar 3 disclosure templates first reference date 06/2025,4.1_layouts.zip,20250519 Annotated Table Layout  CODISPILLAR3 4.1.xlsx,K_07.00
CODIS,K_07.00,4.2,2026-03-31,,official_except_explicit_overrides,https://www.eba.europa.eu/risk-and-data-analysis/reporting-frameworks/reporting-framework-42,All other modules use the completed DPM 2.0 glossary from 03/2026; DORA excluded,4.2_layouts.zip,260106 Annotated templates/PILLAR3/20260106 Annotated Table Layout  PILLAR3 4.2 CODISPILLAR3 4.2.xlsx,K_07.00
CODIS,K_08.00,4.1,2025-06-30,2026-03-31,official,https://www.eba.europa.eu/risk-and-data-analysis/reporting-frameworks/reporting-framework-41,Pillar 3 disclosure templates first reference date 06/2025,4.1_layouts.zip,20250519 Annotated Table Layout  CODISPILLAR3 4.1.xlsx,K_08.00
CODIS,K_08.00,4.2,2026-03-31,,official_except_explicit_overrides,https://www.eba.europa.eu/risk-and-data-analysis/reporting-frameworks/reporting-framework-42,All other modules use the completed DPM 2.0 glossary from 03/2026; DORA excluded,4.2_layouts.zip,260106 Annotated templates/PILLAR3/20260106 Annotated Table Layout  PILLAR3 4.2 CODISPILLAR3 4.2.xlsx,K_08.00
CODIS,K_09.01,4.1,2025-06-30,2026-03-31,official,https://www.eba.europa.eu/risk-and-data-analysis/reporting-frameworks/reporting-framework-41,Pillar 3 disclosure templates first reference date 06/2025,4.1_layouts.zip,20250519 Annotated Table Layout  CODISPILLAR3 4.1.xlsx,K_09.01
CODIS,K_09.01,4.2,2026-03-31,,official_except_explicit_overrides,https://www.eba.europa.eu/risk-and-data-analysis/reporting-frameworks/reporting-framework-42,All other modules use the completed DPM 2.0 glossary from 03/2026; DORA excluded,4.2_layouts.zip,260106 Annotated templates/PILLAR3/20260106 Annotated Table Layout  PILLAR3 4.2 CODISPILLAR3 4.2.xlsx,K_09.01
CODIS,K_09.02,4.1,2025-06-30,2026-03-31,official,https://www.eba.europa.eu/risk-and-data-analysis/reporting-frameworks/reporting-framework-41,Pillar 3 disclosure templates first reference date 06/2025,4.1_layouts.zip,20250519 Annotated Table Layout  CODISPILLAR3 4.1.xlsx,K_09.02
CODIS,K_09.02,4.2,2026-03-31,,official_except_explicit_overrides,https://www.eba.europa.eu/risk-and-data-analysis/reporting-frameworks/reporting-framework-42,All other modules use the completed DPM 2.0 glossary from 03/2026; DORA excluded,4.2_layouts.zip,260106 Annotated templates/PILLAR3/20260106 Annotated Table Layout  PILLAR3 4.2 CODISPILLAR3 4.2.xlsx,K_09.02
CODIS,K_09.03,4.1,2025-06-30,2026-03-31,official,https://www.eba.europa.eu/risk-and-data-analysis/reporting-frameworks/reporting-framework-41,Pillar 3 disclosure templates first reference date 06/2025,4.1_layouts.zip,20250519 Annotated Table Layout  CODISPILLAR3 4.1.xlsx,K_09.03
CODIS,K_09.03,4.2,2026-03-31,,official_except_explicit_overrides,https://www.eba.europa.eu/risk-and-data-analysis/reporting-frameworks/reporting-framework-42,All other modules use the completed DPM 2.0 glossary from 03/2026; DORA excluded,4.2_layouts.zip,260106 Annotated templates/PILLAR3/20260106 Annotated Table Layout  PILLAR3 4.2 CODISPILLAR3 4.2.xlsx,K_09.03
CODIS,K_09.04,4.1,2025-06-30,2026-03-31,official,https://www.eba.europa.eu/risk-and-data-analysis/reporting-frameworks/reporting-framework-41,Pillar 3 disclosure templates first reference date 06/2025,4.1_layouts.zip,20250519 Annotated Table Layout  CODISPILLAR3 4.1.xlsx,K_09.04
CODIS,K_09.04,4.2,2026-03-31,,official_except_explicit_overrides,https://www.eba.europa.eu/risk-and-data-analysis/reporting-frameworks/reporting-framework-42,All other modules use the completed DPM 2.0 glossary from 03/2026; DORA excluded,4.2_layouts.zip,260106 Annotated templates/PILLAR3/20260106 Annotated Table Layout  PILLAR3 4.2 CODISPILLAR3 4.2.xlsx,K_09.04
CODIS,K_09.05,4.1,2025-06-30,2026-03-31,official,https://www.eba.europa.eu/risk-and-data-analysis/reporting-frameworks/reporting-framework-41,Pillar 3 disclosure templates first reference date 06/2025,4.1_layouts.zip,20250519 Annotated Table Layout  CODISPILLAR3 4.1.xlsx,K_09.05
CODIS,K_09.05,4.2,2026-03-31,,official_except_explicit_overrides,https://www.eba.europa.eu/risk-and-data-analysis/reporting-frameworks/reporting-framework-42,All other modules use the completed DPM 2.0 glossary from 03/2026; DORA excluded,4.2_layouts.zip,260106 Annotated templates/PILLAR3/20260106 Annotated Table Layout  PILLAR3 4.2 CODISPILLAR3 4.2.xlsx,K_09.05
CODIS,K_10.00,4.1,2025-06-30,2026-03-31,official,https://www.eba.europa.eu/risk-and-data-analysis/reporting-frameworks/reporting-framework-41,Pillar 3 disclosure templates first reference date 06/2025,4.1_layouts.zip,20250519 Annotated Table Layout  CODISPILLAR3 4.1.xlsx,K_10.00
CODIS,K_10.00,4.2,2026-03-31,,official_except_explicit_overrides,https://www.eba.europa.eu/risk-and-data-analysis/reporting-frameworks/reporting-framework-42,All other modules use the completed DPM 2.0 glossary from 03/2026; DORA excluded,4.2_layouts.zip,260106 Annotated templates/PILLAR3/20260106 Annotated Table Layout  PILLAR3 4.2 CODISPILLAR3 4.2.xlsx,K_10.00
CODIS,K_11.00.a,4.1,2025-06-30,2026-03-31,official,https://www.eba.europa.eu/risk-and-data-analysis/reporting-frameworks/reporting-framework-41,Pillar 3 disclosure templates first reference date 06/2025,4.1_layouts.zip,20250519 Annotated Table Layout  CODISPILLAR3 4.1.xlsx,K_11.00.a
CODIS,K_11.00.a,4.2,2026-03-31,,official_except_explicit_overrides,https://www.eba.europa.eu/risk-and-data-analysis/reporting-frameworks/reporting-framework-42,All other modules use the completed DPM 2.0 glossary from 03/2026; DORA excluded,4.2_layouts.zip,260106 Annotated templates/PILLAR3/20260106 Annotated Table Layout  PILLAR3 4.2 CODISPILLAR3 4.2.xlsx,K_11.00.a
CODIS,K_11.00.b,4.1,2025-06-30,2026-03-31,official,https://www.eba.europa.eu/risk-and-data-analysis/reporting-frameworks/reporting-framework-41,Pillar 3 disclosure templates first reference date 06/2025,4.1_layouts.zip,20250519 Annotated Table Layout  CODISPILLAR3 4.1.xlsx,K_11.00.b
CODIS,K_11.00.b,4.2,2026-03-31,,official_except_explicit_overrides,https://www.eba.europa.eu/risk-and-data-analysis/reporting-frameworks/reporting-framework-42,All other modules use the completed DPM 2.0 glossary from 03/2026; DORA excluded,4.2_layouts.zip,260106 Annotated templates/PILLAR3/20260106 Annotated Table Layout  PILLAR3 4.2 CODISPILLAR3 4.2.xlsx,K_11.00.b
CODIS,K_12.00,4.1,2025-06-30,2026-03-31,official,https://www.eba.europa.eu/risk-and-data-analysis/reporting-frameworks/reporting-framework-41,Pillar 3 disclosure templates first reference date 06/2025,4.1_layouts.zip,20250519 Annotated Table Layout  CODISPILLAR3 4.1.xlsx,K_12.00
CODIS,K_12.00,4.2,2026-03-31,,official_except_explicit_overrides,https://www.eba.europa.eu/risk-and-data-analysis/reporting-frameworks/reporting-framework-42,All other modules use the completed DPM 2.0 glossary from 03/2026; DORA excluded,4.2_layouts.zip,260106 Annotated templates/PILLAR3/20260106 Annotated Table Layout  PILLAR3 4.2 CODISPILLAR3 4.2.xlsx,K_12.00
CODIS,K_13.00,4.1,2025-06-30,2026-03-31,official,https://www.eba.europa.eu/risk-and-data-analysis/reporting-frameworks/reporting-framework-41,Pillar 3 disclosure templates first reference date 06/2025,4.1_layouts.zip,20250519 Annotated Table Layout  CODISPILLAR3 4.1.xlsx,K_13.00
CODIS,K_13.00,4.2,2026-03-31,,official_except_explicit_overrides,https://www.eba.europa.eu/risk-and-data-analysis/reporting-frameworks/reporting-framework-42,All other modules use the completed DPM 2.0 glossary from 03/2026; DORA excluded,4.2_layouts.zip,260106 Annotated templates/PILLAR3/20260106 Annotated Table Layout  PILLAR3 4.2 CODISPILLAR3 4.2.xlsx,K_13.00
CODIS,K_18.01.a,4.1,2025-06-30,2026-03-31,official,https://www.eba.europa.eu/risk-and-data-analysis/reporting-frameworks/reporting-framework-41,Pillar 3 disclosure templates first reference date 06/2025,4.1_layouts.zip,20250519 Annotated Table Layout  CODISPILLAR3 4.1.xlsx,K_18.01.a
CODIS,K_18.01.a,4.2,2026-03-31,,official_except_explicit_overrides,https://www.eba.europa.eu/risk-and-data-analysis/reporting-frameworks/reporting-framework-42,All other modules use the completed DPM 2.0 glossary from 03/2026; DORA excluded,4.2_layouts.zip,260106 Annotated templates/PILLAR3/20260106 Annotated Table Layout  PILLAR3 4.2 CODISPILLAR3 4.2.xlsx,K_18.01.a
CODIS,K_18.01.b,4.1,2025-06-30,2026-03-31,official,https://www.eba.europa.eu/risk-and-data-analysis/reporting-frameworks/reporting-framework-41,Pillar 3 disclosure templates first reference date 06/2025,4.1_layouts.zip,20250519 Annotated Table Layout  CODISPILLAR3 4.1.xlsx,K_18.01.b
CODIS,K_18.01.b,4.2,2026-03-31,,official_except_explicit_overrides,https://www.eba.europa.eu/risk-and-data-analysis/reporting-frameworks/reporting-framework-42,All other modules use the completed DPM 2.0 glossary from 03/2026; DORA excluded,4.2_layouts.zip,260106 Annotated templates/PILLAR3/20260106 Annotated Table Layout  PILLAR3 4.2 CODISPILLAR3 4.2.xlsx,K_18.01.b
CODIS,K_18.02.a,4.1,2025-06-30,2026-03-31,official,https://www.eba.europa.eu/risk-and-data-analysis/reporting-frameworks/reporting-framework-41,Pillar 3 disclosure templates first reference date 06/2025,4.1_layouts.zip,20250519 Annotated Table Layout  CODISPILLAR3 4.1.xlsx,K_18.02.a
CODIS,K_18.02.a,4.2,2026-03-31,,official_except_explicit_overrides,https://www.eba.europa.eu/risk-and-data-analysis/reporting-frameworks/reporting-framework-42,All other modules use the completed DPM 2.0 glossary from 03/2026; DORA excluded,4.2_layouts.zip,260106 Annotated templates/PILLAR3/20260106 Annotated Table Layout  PILLAR3 4.2 CODISPILLAR3 4.2.xlsx,K_18.02.a
CODIS,K_18.02.b,4.1,2025-06-30,2026-03-31,official,https://www.eba.europa.eu/risk-and-data-analysis/reporting-frameworks/reporting-framework-41,Pillar 3 disclosure templates first reference date 06/2025,4.1_layouts.zip,20250519 Annotated Table Layout  CODISPILLAR3 4.1.xlsx,K_18.02.b
CODIS,K_18.02.b,4.2,2026-03-31,,official_except_explicit_overrides,https://www.eba.europa.eu/risk-and-data-analysis/reporting-frameworks/reporting-framework-42,All other modules use the completed DPM 2.0 glossary from 03/2026; DORA excluded,4.2_layouts.zip,260106 Annotated templates/PILLAR3/20260106 Annotated Table Layout  PILLAR3 4.2 CODISPILLAR3 4.2.xlsx,K_18.02.b
CODIS,K_18.03,4.1,2025-06-30,2026-03-31,official,https://www.eba.europa.eu/risk-and-data-analysis/reporting-frameworks/reporting-framework-41,Pillar 3 disclosure templates first reference date 06/2025,4.1_layouts.zip,20250519 Annotated Table Layout  CODISPILLAR3 4.1.xlsx,K_18.03
CODIS,K_18.03,4.2,2026-03-31,,official_except_explicit_overrides,https://www.eba.europa.eu/risk-and-data-analysis/reporting-frameworks/reporting-framework-42,All other modules use the completed DPM 2.0 glossary from 03/2026; DORA excluded,4.2_layouts.zip,260106 Annotated templates/PILLAR3/20260106 Annotated Table Layout  PILLAR3 4.2 CODISPILLAR3 4.2.xlsx,K_18.03
CODIS,K_18.04,4.1,2025-06-30,2026-03-31,official,https://www.eba.europa.eu/risk-and-data-analysis/reporting-frameworks/reporting-framework-41,Pillar 3 disclosure templates first reference date 06/2025,4.1_layouts.zip,20250519 Annotated Table Layout  CODISPILLAR3 4.1.xlsx,K_18.04
CODIS,K_18.04,4.2,2026-03-31,,official_except_explicit_overrides,https://www.eba.europa.eu/risk-and-data-analysis/reporting-frameworks/reporting-framework-42,All other modules use the completed DPM 2.0 glossary from 03/2026; DORA excluded,4.2_layouts.zip,260106 Annotated templates/PILLAR3/20260106 Annotated Table Layout  PILLAR3 4.2 CODISPILLAR3 4.2.xlsx,K_18.04
CODIS,K_19.01,4.1,2025-06-30,2026-03-31,official,https://www.eba.europa.eu/risk-and-data-analysis/reporting-frameworks/reporting-framework-41,Pillar 3 disclosure templates first reference date 06/2025,4.1_layouts.zip,20250519 Annotated Table Layout  CODISPILLAR3 4.1.xlsx,K_19.01
CODIS,K_19.01,4.2,2026-03-31,,official_except_explicit_overrides,https://www.eba.europa.eu/risk-and-data-analysis/reporting-frameworks/reporting-framework-42,All other modules use the completed DPM 2.0 glossary from 03/2026; DORA excluded,4.2_layouts.zip,260106 Annotated templates/PILLAR3/20260106 Annotated Table Layout  PILLAR3 4.2 CODISPILLAR3 4.2.xlsx,K_19.01
CODIS,K_19.02.a,4.1,2025-06-30,2026-03-31,official,https://www.eba.europa.eu/risk-and-data-analysis/reporting-frameworks/reporting-framework-41,Pillar 3 disclosure templates first reference date 06/2025,4.1_layouts.zip,20250519 Annotated Table Layout  CODISPILLAR3 4.1.xlsx,K_19.02.a
CODIS,K_19.02.a,4.2,2026-03-31,,official_except_explicit_overrides,https://www.eba.europa.eu/risk-and-data-analysis/reporting-frameworks/reporting-framework-42,All other modules use the completed DPM 2.0 glossary from 03/2026; DORA excluded,4.2_layouts.zip,260106 Annotated templates/PILLAR3/20260106 Annotated Table Layout  PILLAR3 4.2 CODISPILLAR3 4.2.xlsx,K_19.02.a
CODIS,K_19.02.b,4.1,2025-06-30,2026-03-31,official,https://www.eba.europa.eu/risk-and-data-analysis/reporting-frameworks/reporting-framework-41,Pillar 3 disclosure templates first reference date 06/2025,4.1_layouts.zip,20250519 Annotated Table Layout  CODISPILLAR3 4.1.xlsx,K_19.02.b
CODIS,K_19.02.b,4.2,2026-03-31,,official_except_explicit_overrides,https://www.eba.europa.eu/risk-and-data-analysis/reporting-frameworks/reporting-framework-42,All other modules use the completed DPM 2.0 glossary from 03/2026; DORA excluded,4.2_layouts.zip,260106 Annotated templates/PILLAR3/20260106 Annotated Table Layout  PILLAR3 4.2 CODISPILLAR3 4.2.xlsx,K_19.02.b
CODIS,K_19.02.c,4.1,2025-06-30,2026-03-31,official,https://www.eba.europa.eu/risk-and-data-analysis/reporting-frameworks/reporting-framework-41,Pillar 3 disclosure templates first reference date 06/2025,4.1_layouts.zip,20250519 Annotated Table Layout  CODISPILLAR3 4.1.xlsx,K_19.02.c
CODIS,K_19.02.c,4.2,2026-03-31,,official_except_explicit_overrides,https://www.eba.europa.eu/risk-and-data-analysis/reporting-frameworks/reporting-framework-42,All other modules use the completed DPM 2.0 glossary from 03/2026; DORA excluded,4.2_layouts.zip,260106 Annotated templates/PILLAR3/20260106 Annotated Table Layout  PILLAR3 4.2 CODISPILLAR3 4.2.xlsx,K_19.02.c
CODIS,K_19.02.d,4.2,2026-03-31,,official_except_explicit_overrides,https://www.eba.europa.eu/risk-and-data-analysis/reporting-frameworks/reporting-framework-42,All other modules use the completed DPM 2.0 glossary from 03/2026; DORA excluded,4.2_layouts.zip,260106 Annotated templates/PILLAR3/20260106 Annotated Table Layout  PILLAR3 4.2 CODISPILLAR3 4.2.xlsx,K_19.02.d
CODIS,K_19.03,4.1,2025-06-30,2026-03-31,official,https://www.eba.europa.eu/risk-and-data-analysis/reporting-frameworks/reporting-framework-41,Pillar 3 disclosure templates first reference date 06/2025,4.1_layouts.zip,20250519 Annotated Table Layout  CODISPILLAR3 4.1.xlsx,K_19.03
CODIS,K_19.03,4.2,2026-03-31,,official_except_explicit_overrides,https://www.eba.europa.eu/risk-and-data-analysis/reporting-frameworks/reporting-framework-42,All other modules use the completed DPM 2.0 glossary from 03/2026; DORA excluded,4.2_layouts.zip,260106 Annotated templates/PILLAR3/20260106 Annotated Table Layout  PILLAR3 4.2 CODISPILLAR3 4.2.xlsx,K_19.03
CODIS,K_23.00,4.1,2025-06-30,,official,https://www.eba.europa.eu/risk-and-data-analysis/reporting-frameworks/reporting-framework-41,Pillar 3 disclosure templates first reference date 06/2025,4.1_layouts.zip,20250519 Annotated Table Layout  CODISPILLAR3 4.1.xlsx,K_23.00
CODIS,K_24.00,4.1,2025-06-30,2026-03-31,official,https://www.eba.europa.eu/risk-and-data-analysis/reporting-frameworks/reporting-framework-41,Pillar 3 disclosure templates first reference date 06/2025,4.1_layouts.zip,20250519 Annotated Table Layout  CODISPILLAR3 4.1.xlsx,K_24.00
CODIS,K_24.00,4.2,2026-03-31,,official_except_explicit_overrides,https://www.eba.europa.eu/risk-and-data-analysis/reporting-frameworks/reporting-framework-42,All other modules use the completed DPM 2.0 glossary from 03/2026; DORA excluded,4.2_layouts.zip,260106 Annotated templates/PILLAR3/20260106 Annotated Table Layout  PILLAR3 4.2 CODISPILLAR3 4.2.xlsx,K_24.00
CODIS,K_25.00,4.1,2025-06-30,2026-03-31,official,https://www.eba.europa.eu/risk-and-data-analysis/reporting-frameworks/reporting-framework-41,Pillar 3 disclosure templates first reference date 06/2025,4.1_layouts.zip,20250519 Annotated Table Layout  CODISPILLAR3 4.1.xlsx,K_25.00
CODIS,K_25.00,4.2,2026-03-31,,official_except_explicit_overrides,https://www.eba.europa.eu/risk-and-data-analysis/reporting-frameworks/reporting-framework-42,All other modules use the completed DPM 2.0 glossary from 03/2026; DORA excluded,4.2_layouts.zip,260106 Annotated templates/PILLAR3/20260106 Annotated Table Layout  PILLAR3 4.2 CODISPILLAR3 4.2.xlsx,K_25.00
CODIS,K_26.00.a,4.1,2025-06-30,2026-03-31,official,https://www.eba.europa.eu/risk-and-data-analysis/reporting-frameworks/reporting-framework-41,Pillar 3 disclosure templates first reference date 06/2025,4.1_layouts.zip,20250519 Annotated Table Layout  CODISPILLAR3 4.1.xlsx,K_26.00.a
CODIS,K_26.00.a,4.2,2026-03-31,,official_except_explicit_overrides,https://www.eba.europa.eu/risk-and-data-analysis/reporting-frameworks/reporting-framework-42,All other modules use the completed DPM 2.0 glossary from 03/2026; DORA excluded,4.2_layouts.zip,260106 Annotated templates/PILLAR3/20260106 Annotated Table Layout  PILLAR3 4.2 CODISPILLAR3 4.2.xlsx,K_26.00.a
CODIS,K_26.00.b,4.1,2025-06-30,2026-03-31,official,https://www.eba.europa.eu/risk-and-data-analysis/reporting-frameworks/reporting-framework-41,Pillar 3 disclosure templates first reference date 06/2025,4.1_layouts.zip,20250519 Annotated Table Layout  CODISPILLAR3 4.1.xlsx,K_26.00.b(0002)
CODIS,K_26.00.b,4.2,2026-03-31,,official_except_explicit_overrides,https://www.eba.europa.eu/risk-and-data-analysis/reporting-frameworks/reporting-framework-42,All other modules use the completed DPM 2.0 glossary from 03/2026; DORA excluded,4.2_layouts.zip,260106 Annotated templates/PILLAR3/20260106 Annotated Table Layout  PILLAR3 4.2 CODISPILLAR3 4.2.xlsx,K_26.00.b(0002)
CODIS,K_26.01,4.1,2025-06-30,2026-03-31,official,https://www.eba.europa.eu/risk-and-data-analysis/reporting-frameworks/reporting-framework-41,Pillar 3 disclosure templates first reference date 06/2025,4.1_layouts.zip,20250519 Annotated Table Layout  CODISPILLAR3 4.1.xlsx,K_26.01
CODIS,K_26.01,4.2,2026-03-31,,official_except_explicit_overrides,https://www.eba.europa.eu/risk-and-data-analysis/reporting-frameworks/reporting-framework-42,All other modules use the completed DPM 2.0 glossary from 03/2026; DORA excluded,4.2_layouts.zip,260106 Annotated templates/PILLAR3/20260106 Annotated Table Layout  PILLAR3 4.2 CODISPILLAR3 4.2.xlsx,K_26.01
CODIS,K_27.01,4.1,2025-06-30,2026-03-31,official,https://www.eba.europa.eu/risk-and-data-analysis/reporting-frameworks/reporting-framework-41,Pillar 3 disclosure templates first reference date 06/2025,4.1_layouts.zip,20250519 Annotated Table Layout  CODISPILLAR3 4.1.xlsx,K_27.01
CODIS,K_27.01,4.2,2026-03-31,,official_except_explicit_overrides,https://www.eba.europa.eu/risk-and-data-analysis/reporting-frameworks/reporting-framework-42,All other modules use the completed DPM 2.0 glossary from 03/2026; DORA excluded,4.2_layouts.zip,260106 Annotated templates/PILLAR3/20260106 Annotated Table Layout  PILLAR3 4.2 CODISPILLAR3 4.2.xlsx,K_27.01
CODIS,K_27.02.a,4.1,2025-06-30,2026-03-31,official,https://www.eba.europa.eu/risk-and-data-analysis/reporting-frameworks/reporting-framework-41,Pillar 3 disclosure templates first reference date 06/2025,4.1_layouts.zip,20250519 Annotated Table Layout  CODISPILLAR3 4.1.xlsx,K_27.02.a
CODIS,K_27.02.a,4.2,2026-03-31,,official_except_explicit_overrides,https://www.eba.europa.eu/risk-and-data-analysis/reporting-frameworks/reporting-framework-42,All other modules use the completed DPM 2.0 glossary from 03/2026; DORA excluded,4.2_layouts.zip,260106 Annotated templates/PILLAR3/20260106 Annotated Table Layout  PILLAR3 4.2 CODISPILLAR3 4.2.xlsx,K_27.02.a
CODIS,K_27.02.b,4.1,2025-06-30,2026-03-31,official,https://www.eba.europa.eu/risk-and-data-analysis/reporting-frameworks/reporting-framework-41,Pillar 3 disclosure templates first reference date 06/2025,4.1_layouts.zip,20250519 Annotated Table Layout  CODISPILLAR3 4.1.xlsx,K_27.02.b
CODIS,K_27.02.b,4.2,2026-03-31,,official_except_explicit_overrides,https://www.eba.europa.eu/risk-and-data-analysis/reporting-frameworks/reporting-framework-42,All other modules use the completed DPM 2.0 glossary from 03/2026; DORA excluded,4.2_layouts.zip,260106 Annotated templates/PILLAR3/20260106 Annotated Table Layout  PILLAR3 4.2 CODISPILLAR3 4.2.xlsx,K_27.02.b
CODIS,K_28.00,4.1,2025-06-30,2026-03-31,official,https://www.eba.europa.eu/risk-and-data-analysis/reporting-frameworks/reporting-framework-41,Pillar 3 disclosure templates first reference date 06/2025,4.1_layouts.zip,20250519 Annotated Table Layout  CODISPILLAR3 4.1.xlsx,K_28.00
CODIS,K_28.00,4.2,2026-03-31,,official_except_explicit_overrides,https://www.eba.europa.eu/risk-and-data-analysis/reporting-frameworks/reporting-framework-42,All other modules use the completed DPM 2.0 glossary from 03/2026; DORA excluded,4.2_layouts.zip,260106 Annotated templates/PILLAR3/20260106 Annotated Table Layout  PILLAR3 4.2 CODISPILLAR3 4.2.xlsx,K_28.00
CODIS,K_29.00,4.1,2025-06-30,2026-03-31,official,https://www.eba.europa.eu/risk-and-data-analysis/reporting-frameworks/reporting-framework-41,Pillar 3 disclosure templates first reference date 06/2025,4.1_layouts.zip,20250519 Annotated Table Layout  CODISPILLAR3 4.1.xlsx,K_29.00
CODIS,K_29.00,4.2,2026-03-31,,official_except_explicit_overrides,https://www.eba.europa.eu/risk-and-data-analysis/reporting-frameworks/reporting-framework-42,All other modules use the completed DPM 2.0 glossary from 03/2026; DORA excluded,4.2_layouts.zip,260106 Annotated templates/PILLAR3/20260106 Annotated Table Layout  PILLAR3 4.2 CODISPILLAR3 4.2.xlsx,K_29.00
CODIS,K_29.01.a,4.1,2025-06-30,2026-03-31,official,https://www.eba.europa.eu/risk-and-data-analysis/reporting-frameworks/reporting-framework-41,Pillar 3 disclosure templates first reference date 06/2025,4.1_layouts.zip,20250519 Annotated Table Layout  CODISPILLAR3 4.1.xlsx,K_29.01.a
CODIS,K_29.01.a,4.2,2026-03-31,,official_except_explicit_overrides,https://www.eba.europa.eu/risk-and-data-analysis/reporting-frameworks/reporting-framework-42,All other modules use the completed DPM 2.0 glossary from 03/2026; DORA excluded,4.2_layouts.zip,260106 Annotated templates/PILLAR3/20260106 Annotated Table Layout  PILLAR3 4.2 CODISPILLAR3 4.2.xlsx,K_29.01.a
CODIS,K_29.01.b,4.1,2025-06-30,2026-03-31,official,https://www.eba.europa.eu/risk-and-data-analysis/reporting-frameworks/reporting-framework-41,Pillar 3 disclosure templates first reference date 06/2025,4.1_layouts.zip,20250519 Annotated Table Layout  CODISPILLAR3 4.1.xlsx,K_29.01.b
CODIS,K_29.01.b,4.2,2026-03-31,,official_except_explicit_overrides,https://www.eba.europa.eu/risk-and-data-analysis/reporting-frameworks/reporting-framework-42,All other modules use the completed DPM 2.0 glossary from 03/2026; DORA excluded,4.2_layouts.zip,260106 Annotated templates/PILLAR3/20260106 Annotated Table Layout  PILLAR3 4.2 CODISPILLAR3 4.2.xlsx,K_29.01.b
CODIS,K_29.02.a,4.1,2025-06-30,2026-03-31,official,https://www.eba.europa.eu/risk-and-data-analysis/reporting-frameworks/reporting-framework-41,Pillar 3 disclosure templates first reference date 06/2025,4.1_layouts.zip,20250519 Annotated Table Layout  CODISPILLAR3 4.1.xlsx,K_29.02.a(0040)
CODIS,K_29.02.a,4.2,2026-03-31,,official_except_explicit_overrides,https://www.eba.europa.eu/risk-and-data-analysis/reporting-frameworks/reporting-framework-42,All other modules use the completed DPM 2.0 glossary from 03/2026; DORA excluded,4.2_layouts.zip,260106 Annotated templates/PILLAR3/20260106 Annotated Table Layout  PILLAR3 4.2 CODISPILLAR3 4.2.xlsx,K_29.02.a
CODIS,K_29.02.b,4.1,2025-06-30,2026-03-31,official,https://www.eba.europa.eu/risk-and-data-analysis/reporting-frameworks/reporting-framework-41,Pillar 3 disclosure templates first reference date 06/2025,4.1_layouts.zip,20250519 Annotated Table Layout  CODISPILLAR3 4.1.xlsx,K_29.02.b
CODIS,K_29.02.b,4.2,2026-03-31,,official_except_explicit_overrides,https://www.eba.europa.eu/risk-and-data-analysis/reporting-frameworks/reporting-framework-42,All other modules use the completed DPM 2.0 glossary from 03/2026; DORA excluded,4.2_layouts.zip,260106 Annotated templates/PILLAR3/20260106 Annotated Table Layout  PILLAR3 4.2 CODISPILLAR3 4.2.xlsx,K_29.02.b
CODIS,K_29.02.c,4.1,2025-06-30,2026-03-31,official,https://www.eba.europa.eu/risk-and-data-analysis/reporting-frameworks/reporting-framework-41,Pillar 3 disclosure templates first reference date 06/2025,4.1_layouts.zip,20250519 Annotated Table Layout  CODISPILLAR3 4.1.xlsx,K_29.02.c
CODIS,K_29.02.c,4.2,2026-03-31,,official_except_explicit_overrides,https://www.eba.europa.eu/risk-and-data-analysis/reporting-frameworks/reporting-framework-42,All other modules use the completed DPM 2.0 glossary from 03/2026; DORA excluded,4.2_layouts.zip,260106 Annotated templates/PILLAR3/20260106 Annotated Table Layout  PILLAR3 4.2 CODISPILLAR3 4.2.xlsx,K_29.02.c
CODIS,K_60.00.a,4.1,2025-06-30,2026-03-31,official,https://www.eba.europa.eu/risk-and-data-analysis/reporting-frameworks/reporting-framework-41,Pillar 3 disclosure templates first reference date 06/2025,4.1_layouts.zip,20250519 Annotated Table Layout  CODISPILLAR3 4.1.xlsx,K_60.00.a
CODIS,K_60.00.a,4.2,2026-03-31,,official_except_explicit_overrides,https://www.eba.europa.eu/risk-and-data-analysis/reporting-frameworks/reporting-framework-42,All other modules use the completed DPM 2.0 glossary from 03/2026; DORA excluded,4.2_layouts.zip,260106 Annotated templates/PILLAR3/20260106 Annotated Table Layout  PILLAR3 4.2 CODISPILLAR3 4.2.xlsx,K_60.00.a
CODIS,K_60.00.b,4.1,2025-06-30,2026-03-31,official,https://www.eba.europa.eu/risk-and-data-analysis/reporting-frameworks/reporting-framework-41,Pillar 3 disclosure templates first reference date 06/2025,4.1_layouts.zip,20250519 Annotated Table Layout  CODISPILLAR3 4.1.xlsx,K_60.00.b
CODIS,K_60.00.b,4.2,2026-03-31,,official_except_explicit_overrides,https://www.eba.europa.eu/risk-and-data-analysis/reporting-frameworks/reporting-framework-42,All other modules use the completed DPM 2.0 glossary from 03/2026; DORA excluded,4.2_layouts.zip,260106 Annotated templates/PILLAR3/20260106 Annotated Table Layout  PILLAR3 4.2 CODISPILLAR3 4.2.xlsx,K_60.00.b
CODIS,K_60.00.c,4.1,2025-06-30,2026-03-31,official,https://www.eba.europa.eu/risk-and-data-analysis/reporting-frameworks/reporting-framework-41,Pillar 3 disclosure templates first reference date 06/2025,4.1_layouts.zip,20250519 Annotated Table Layout  CODISPILLAR3 4.1.xlsx,K_60.00.c
CODIS,K_60.00.c,4.2,2026-03-31,,official_except_explicit_overrides,https://www.eba.europa.eu/risk-and-data-analysis/reporting-frameworks/reporting-framework-42,All other modules use the completed DPM 2.0 glossary from 03/2026; DORA excluded,4.2_layouts.zip,260106 Annotated templates/PILLAR3/20260106 Annotated Table Layout  PILLAR3 4.2 CODISPILLAR3 4.2.xlsx,K_60.00.c
CODIS,K_61.00,4.1,2025-06-30,2026-03-31,official,https://www.eba.europa.eu/risk-and-data-analysis/reporting-frameworks/reporting-framework-41,Pillar 3 disclosure templates first reference date 06/2025,4.1_layouts.zip,20250519 Annotated Table Layout  CODISPILLAR3 4.1.xlsx,K_61.00
CODIS,K_61.00,4.2,2026-03-31,,official_except_explicit_overrides,https://www.eba.europa.eu/risk-and-data-analysis/reporting-frameworks/reporting-framework-42,All other modules use the completed DPM 2.0 glossary from 03/2026; DORA excluded,4.2_layouts.zip,260106 Annotated templates/PILLAR3/20260106 Annotated Table Layout  PILLAR3 4.2 CODISPILLAR3 4.2.xlsx,K_61.00
CODIS,K_62.01,4.1,2025-06-30,2026-03-31,official,https://www.eba.europa.eu/risk-and-data-analysis/reporting-frameworks/reporting-framework-41,Pillar 3 disclosure templates first reference date 06/2025,4.1_layouts.zip,20250519 Annotated Table Layout  CODISPILLAR3 4.1.xlsx,K_62.01
CODIS,K_62.01,4.2,2026-03-31,,official_except_explicit_overrides,https://www.eba.europa.eu/risk-and-data-analysis/reporting-frameworks/reporting-framework-42,All other modules use the completed DPM 2.0 glossary from 03/2026; DORA excluded,4.2_layouts.zip,260106 Annotated templates/PILLAR3/20260106 Annotated Table Layout  PILLAR3 4.2 CODISPILLAR3 4.2.xlsx,K_62.01
CODIS,K_62.02,4.1,2025-06-30,2026-03-31,official,https://www.eba.europa.eu/risk-and-data-analysis/reporting-frameworks/reporting-framework-41,Pillar 3 disclosure templates first reference date 06/2025,4.1_layouts.zip,20250519 Annotated Table Layout  CODISPILLAR3 4.1.xlsx,K_62.02
CODIS,K_62.02,4.2,2026-03-31,,official_except_explicit_overrides,https://www.eba.europa.eu/risk-and-data-analysis/reporting-frameworks/reporting-framework-42,All other modules use the completed DPM 2.0 glossary from 03/2026; DORA excluded,4.2_layouts.zip,260106 Annotated templates/PILLAR3/20260106 Annotated Table Layout  PILLAR3 4.2 CODISPILLAR3 4.2.xlsx,K_62.02
CODIS,K_63.01.a,4.1,2025-06-30,2026-03-31,official,https://www.eba.europa.eu/risk-and-data-analysis/reporting-frameworks/reporting-framework-41,Pillar 3 disclosure templates first reference date 06/2025,4.1_layouts.zip,20250519 Annotated Table Layout  CODISPILLAR3 4.1.xlsx,K_63.01.a
CODIS,K_63.01.a,4.2,2026-03-31,,official_except_explicit_overrides,https://www.eba.europa.eu/risk-and-data-analysis/reporting-frameworks/reporting-framework-42,All other modules use the completed DPM 2.0 glossary from 03/2026; DORA excluded,4.2_layouts.zip,260106 Annotated templates/PILLAR3/20260106 Annotated Table Layout  PILLAR3 4.2 CODISPILLAR3 4.2.xlsx,K_63.01.a
CODIS,K_63.01.b,4.1,2025-06-30,2026-03-31,official,https://www.eba.europa.eu/risk-and-data-analysis/reporting-frameworks/reporting-framework-41,Pillar 3 disclosure templates first reference date 06/2025,4.1_layouts.zip,20250519 Annotated Table Layout  CODISPILLAR3 4.1.xlsx,K_63.01.b
CODIS,K_63.01.b,4.2,2026-03-31,,official_except_explicit_overrides,https://www.eba.europa.eu/risk-and-data-analysis/reporting-frameworks/reporting-framework-42,All other modules use the completed DPM 2.0 glossary from 03/2026; DORA excluded,4.2_layouts.zip,260106 Annotated templates/PILLAR3/20260106 Annotated Table Layout  PILLAR3 4.2 CODISPILLAR3 4.2.xlsx,K_63.01.b
CODIS,K_63.01.c,4.1,2025-06-30,2026-03-31,official,https://www.eba.europa.eu/risk-and-data-analysis/reporting-frameworks/reporting-framework-41,Pillar 3 disclosure templates first reference date 06/2025,4.1_layouts.zip,20250519 Annotated Table Layout  CODISPILLAR3 4.1.xlsx,K_63.01.c
CODIS,K_63.01.c,4.2,2026-03-31,,official_except_explicit_overrides,https://www.eba.europa.eu/risk-and-data-analysis/reporting-frameworks/reporting-framework-42,All other modules use the completed DPM 2.0 glossary from 03/2026; DORA excluded,4.2_layouts.zip,260106 Annotated templates/PILLAR3/20260106 Annotated Table Layout  PILLAR3 4.2 CODISPILLAR3 4.2.xlsx,K_63.01.c
CODIS,K_63.01.d,4.1,2025-06-30,2026-03-31,official,https://www.eba.europa.eu/risk-and-data-analysis/reporting-frameworks/reporting-framework-41,Pillar 3 disclosure templates first reference date 06/2025,4.1_layouts.zip,20250519 Annotated Table Layout  CODISPILLAR3 4.1.xlsx,K_63.01.d
CODIS,K_63.01.d,4.2,2026-03-31,,official_except_explicit_overrides,https://www.eba.europa.eu/risk-and-data-analysis/reporting-frameworks/reporting-framework-42,All other modules use the completed DPM 2.0 glossary from 03/2026; DORA excluded,4.2_layouts.zip,260106 Annotated templates/PILLAR3/20260106 Annotated Table Layout  PILLAR3 4.2 CODISPILLAR3 4.2.xlsx,K_63.01.d
CODIS,K_63.01.e,4.1,2025-06-30,2026-03-31,official,https://www.eba.europa.eu/risk-and-data-analysis/reporting-frameworks/reporting-framework-41,Pillar 3 disclosure templates first reference date 06/2025,4.1_layouts.zip,20250519 Annotated Table Layout  CODISPILLAR3 4.1.xlsx,K_63.01.e
CODIS,K_63.01.e,4.2,2026-03-31,,official_except_explicit_overrides,https://www.eba.europa.eu/risk-and-data-analysis/reporting-frameworks/reporting-framework-42,All other modules use the completed DPM 2.0 glossary from 03/2026; DORA excluded,4.2_layouts.zip,260106 Annotated templates/PILLAR3/20260106 Annotated Table Layout  PILLAR3 4.2 CODISPILLAR3 4.2.xlsx,K_63.01.e
CODIS,K_63.02.a,4.1,2025-06-30,2026-03-31,official,https://www.eba.europa.eu/risk-and-data-analysis/reporting-frameworks/reporting-framework-41,Pillar 3 disclosure templates first reference date 06/2025,4.1_layouts.zip,20250519 Annotated Table Layout  CODISPILLAR3 4.1.xlsx,K_63.02.a
CODIS,K_63.02.a,4.2,2026-03-31,,official_except_explicit_overrides,https://www.eba.europa.eu/risk-and-data-analysis/reporting-frameworks/reporting-framework-42,All other modules use the completed DPM 2.0 glossary from 03/2026; DORA excluded,4.2_layouts.zip,260106 Annotated templates/PILLAR3/20260106 Annotated Table Layout  PILLAR3 4.2 CODISPILLAR3 4.2.xlsx,K_63.02.a
CODIS,K_63.02.b,4.1,2025-06-30,2026-03-31,official,https://www.eba.europa.eu/risk-and-data-analysis/reporting-frameworks/reporting-framework-41,Pillar 3 disclosure templates first reference date 06/2025,4.1_layouts.zip,20250519 Annotated Table Layout  CODISPILLAR3 4.1.xlsx,K_63.02.b
CODIS,K_63.02.b,4.2,2026-03-31,,official_except_explicit_overrides,https://www.eba.europa.eu/risk-and-data-analysis/reporting-frameworks/reporting-framework-42,All other modules use the completed DPM 2.0 glossary from 03/2026; DORA excluded,4.2_layouts.zip,260106 Annotated templates/PILLAR3/20260106 Annotated Table Layout  PILLAR3 4.2 CODISPILLAR3 4.2.xlsx,K_63.02.b
CODIS,K_63.02.c,4.1,2025-06-30,2026-03-31,official,https://www.eba.europa.eu/risk-and-data-analysis/reporting-frameworks/reporting-framework-41,Pillar 3 disclosure templates first reference date 06/2025,4.1_layouts.zip,20250519 Annotated Table Layout  CODISPILLAR3 4.1.xlsx,K_63.02.c
CODIS,K_63.02.c,4.2,2026-03-31,,official_except_explicit_overrides,https://www.eba.europa.eu/risk-and-data-analysis/reporting-frameworks/reporting-framework-42,All other modules use the completed DPM 2.0 glossary from 03/2026; DORA excluded,4.2_layouts.zip,260106 Annotated templates/PILLAR3/20260106 Annotated Table Layout  PILLAR3 4.2 CODISPILLAR3 4.2.xlsx,K_63.02.c
CODIS,K_64.01.a,4.1,2025-06-30,2026-03-31,official,https://www.eba.europa.eu/risk-and-data-analysis/reporting-frameworks/reporting-framework-41,Pillar 3 disclosure templates first reference date 06/2025,4.1_layouts.zip,20250519 Annotated Table Layout  CODISPILLAR3 4.1.xlsx,K_64.01.a
CODIS,K_64.01.a,4.2,2026-03-31,,official_except_explicit_overrides,https://www.eba.europa.eu/risk-and-data-analysis/reporting-frameworks/reporting-framework-42,All other modules use the completed DPM 2.0 glossary from 03/2026; DORA excluded,4.2_layouts.zip,260106 Annotated templates/PILLAR3/20260106 Annotated Table Layout  PILLAR3 4.2 CODISPILLAR3 4.2.xlsx,K_64.01.a
CODIS,K_64.01.b,4.1,2025-06-30,2026-03-31,official,https://www.eba.europa.eu/risk-and-data-analysis/reporting-frameworks/reporting-framework-41,Pillar 3 disclosure templates first reference date 06/2025,4.1_layouts.zip,20250519 Annotated Table Layout  CODISPILLAR3 4.1.xlsx,K_64.01.b
CODIS,K_64.01.b,4.2,2026-03-31,,official_except_explicit_overrides,https://www.eba.europa.eu/risk-and-data-analysis/reporting-frameworks/reporting-framework-42,All other modules use the completed DPM 2.0 glossary from 03/2026; DORA excluded,4.2_layouts.zip,260106 Annotated templates/PILLAR3/20260106 Annotated Table Layout  PILLAR3 4.2 CODISPILLAR3 4.2.xlsx,K_64.01.b
CODIS,K_64.01.c,4.1,2025-06-30,2026-03-31,official,https://www.eba.europa.eu/risk-and-data-analysis/reporting-frameworks/reporting-framework-41,Pillar 3 disclosure templates first reference date 06/2025,4.1_layouts.zip,20250519 Annotated Table Layout  CODISPILLAR3 4.1.xlsx,K_64.01.c
CODIS,K_64.01.c,4.2,2026-03-31,,official_except_explicit_overrides,https://www.eba.europa.eu/risk-and-data-analysis/reporting-frameworks/reporting-framework-42,All other modules use the completed DPM 2.0 glossary from 03/2026; DORA excluded,4.2_layouts.zip,260106 Annotated templates/PILLAR3/20260106 Annotated Table Layout  PILLAR3 4.2 CODISPILLAR3 4.2.xlsx,K_64.01.c
CODIS,K_64.01.d,4.1,2025-06-30,2026-03-31,official,https://www.eba.europa.eu/risk-and-data-analysis/reporting-frameworks/reporting-framework-41,Pillar 3 disclosure templates first reference date 06/2025,4.1_layouts.zip,20250519 Annotated Table Layout  CODISPILLAR3 4.1.xlsx,K_64.01.d
CODIS,K_64.01.d,4.2,2026-03-31,,official_except_explicit_overrides,https://www.eba.europa.eu/risk-and-data-analysis/reporting-frameworks/reporting-framework-42,All other modules use the completed DPM 2.0 glossary from 03/2026; DORA excluded,4.2_layouts.zip,260106 Annotated templates/PILLAR3/20260106 Annotated Table Layout  PILLAR3 4.2 CODISPILLAR3 4.2.xlsx,K_64.01.d
CODIS,K_64.02,4.1,2025-06-30,2026-03-31,official,https://www.eba.europa.eu/risk-and-data-analysis/reporting-frameworks/reporting-framework-41,Pillar 3 disclosure templates first reference date 06/2025,4.1_layouts.zip,20250519 Annotated Table Layout  CODISPILLAR3 4.1.xlsx,K_64.02
CODIS,K_64.02,4.2,2026-03-31,,official_except_explicit_overrides,https://www.eba.europa.eu/risk-and-data-analysis/reporting-frameworks/reporting-framework-42,All other modules use the completed DPM 2.0 glossary from 03/2026; DORA excluded,4.2_layouts.zip,260106 Annotated templates/PILLAR3/20260106 Annotated Table Layout  PILLAR3 4.2 CODISPILLAR3 4.2.xlsx,K_64.02
CODIS,K_64.03.a,4.1,2025-06-30,2026-03-31,official,https://www.eba.europa.eu/risk-and-data-analysis/reporting-frameworks/reporting-framework-41,Pillar 3 disclosure templates first reference date 06/2025,4.1_layouts.zip,20250519 Annotated Table Layout  CODISPILLAR3 4.1.xlsx,K_64.03.a
CODIS,K_64.03.a,4.2,2026-03-31,,official_except_explicit_overrides,https://www.eba.europa.eu/risk-and-data-analysis/reporting-frameworks/reporting-framework-42,All other modules use the completed DPM 2.0 glossary from 03/2026; DORA excluded,4.2_layouts.zip,260106 Annotated templates/PILLAR3/20260106 Annotated Table Layout  PILLAR3 4.2 CODISPILLAR3 4.2.xlsx,K_64.03.a
CODIS,K_64.03.b,4.1,2025-06-30,2026-03-31,official,https://www.eba.europa.eu/risk-and-data-analysis/reporting-frameworks/reporting-framework-41,Pillar 3 disclosure templates first reference date 06/2025,4.1_layouts.zip,20250519 Annotated Table Layout  CODISPILLAR3 4.1.xlsx,K_64.03.b
CODIS,K_64.03.b,4.2,2026-03-31,,official_except_explicit_overrides,https://www.eba.europa.eu/risk-and-data-analysis/reporting-frameworks/reporting-framework-42,All other modules use the completed DPM 2.0 glossary from 03/2026; DORA excluded,4.2_layouts.zip,260106 Annotated templates/PILLAR3/20260106 Annotated Table Layout  PILLAR3 4.2 CODISPILLAR3 4.2.xlsx,K_64.03.b
CODIS,K_65.00,4.1,2025-06-30,2026-03-31,official,https://www.eba.europa.eu/risk-and-data-analysis/reporting-frameworks/reporting-framework-41,Pillar 3 disclosure templates first reference date 06/2025,4.1_layouts.zip,20250519 Annotated Table Layout  CODISPILLAR3 4.1.xlsx,K_65.00
CODIS,K_65.00,4.2,2026-03-31,,official_except_explicit_overrides,https://www.eba.europa.eu/risk-and-data-analysis/reporting-frameworks/reporting-framework-42,All other modules use the completed DPM 2.0 glossary from 03/2026; DORA excluded,4.2_layouts.zip,260106 Annotated templates/PILLAR3/20260106 Annotated Table Layout  PILLAR3 4.2 CODISPILLAR3 4.2.xlsx,K_65.00
CODIS,K_66.01.a,4.1,2025-06-30,2026-03-31,official,https://www.eba.europa.eu/risk-and-data-analysis/reporting-frameworks/reporting-framework-41,Pillar 3 disclosure templates first reference date 06/2025,4.1_layouts.zip,20250519 Annotated Table Layout  CODISPILLAR3 4.1.xlsx,K_66.01.a
CODIS,K_66.01.a,4.2,2026-03-31,,official_except_explicit_overrides,https://www.eba.europa.eu/risk-and-data-analysis/reporting-frameworks/reporting-framework-42,All other modules use the completed DPM 2.0 glossary from 03/2026; DORA excluded,4.2_layouts.zip,260106 Annotated templates/PILLAR3/20260106 Annotated Table Layout  PILLAR3 4.2 CODISPILLAR3 4.2.xlsx,K_66.01.a
CODIS,K_66.01.b,4.1,2025-06-30,2026-03-31,official,https://www.eba.europa.eu/risk-and-data-analysis/reporting-frameworks/reporting-framework-41,Pillar 3 disclosure templates first reference date 06/2025,4.1_layouts.zip,20250519 Annotated Table Layout  CODISPILLAR3 4.1.xlsx,K_66.01.b
CODIS,K_66.01.b,4.2,2026-03-31,,official_except_explicit_overrides,https://www.eba.europa.eu/risk-and-data-analysis/reporting-frameworks/reporting-framework-42,All other modules use the completed DPM 2.0 glossary from 03/2026; DORA excluded,4.2_layouts.zip,260106 Annotated templates/PILLAR3/20260106 Annotated Table Layout  PILLAR3 4.2 CODISPILLAR3 4.2.xlsx,K_66.01.b
CODIS,K_66.02.a,4.1,2025-06-30,2026-03-31,official,https://www.eba.europa.eu/risk-and-data-analysis/reporting-frameworks/reporting-framework-41,Pillar 3 disclosure templates first reference date 06/2025,4.1_layouts.zip,20250519 Annotated Table Layout  CODISPILLAR3 4.1.xlsx,K_66.02.a
CODIS,K_66.02.a,4.2,2026-03-31,,official_except_explicit_overrides,https://www.eba.europa.eu/risk-and-data-analysis/reporting-frameworks/reporting-framework-42,All other modules use the completed DPM 2.0 glossary from 03/2026; DORA excluded,4.2_layouts.zip,260106 Annotated templates/PILLAR3/20260106 Annotated Table Layout  PILLAR3 4.2 CODISPILLAR3 4.2.xlsx,K_66.02.a
CODIS,K_66.02.b,4.1,2025-06-30,2026-03-31,official,https://www.eba.europa.eu/risk-and-data-analysis/reporting-frameworks/reporting-framework-41,Pillar 3 disclosure templates first reference date 06/2025,4.1_layouts.zip,20250519 Annotated Table Layout  CODISPILLAR3 4.1.xlsx,K_66.02.b
CODIS,K_66.02.b,4.2,2026-03-31,,official_except_explicit_overrides,https://www.eba.europa.eu/risk-and-data-analysis/reporting-frameworks/reporting-framework-42,All other modules use the completed DPM 2.0 glossary from 03/2026; DORA excluded,4.2_layouts.zip,260106 Annotated templates/PILLAR3/20260106 Annotated Table Layout  PILLAR3 4.2 CODISPILLAR3 4.2.xlsx,K_66.02.b
CODIS,K_66.02.c,4.1,2025-06-30,2026-03-31,official,https://www.eba.europa.eu/risk-and-data-analysis/reporting-frameworks/reporting-framework-41,Pillar 3 disclosure templates first reference date 06/2025,4.1_layouts.zip,20250519 Annotated Table Layout  CODISPILLAR3 4.1.xlsx,K_66.02.c
CODIS,K_66.02.c,4.2,2026-03-31,,official_except_explicit_overrides,https://www.eba.europa.eu/risk-and-data-analysis/reporting-frameworks/reporting-framework-42,All other modules use the completed DPM 2.0 glossary from 03/2026; DORA excluded,4.2_layouts.zip,260106 Annotated templates/PILLAR3/20260106 Annotated Table Layout  PILLAR3 4.2 CODISPILLAR3 4.2.xlsx,K_66.02.c
CODIS,K_66.02.d,4.1,2025-06-30,2026-03-31,official,https://www.eba.europa.eu/risk-and-data-analysis/reporting-frameworks/reporting-framework-41,Pillar 3 disclosure templates first reference date 06/2025,4.1_layouts.zip,20250519 Annotated Table Layout  CODISPILLAR3 4.1.xlsx,K_66.02.d
CODIS,K_66.02.d,4.2,2026-03-31,,official_except_explicit_overrides,https://www.eba.europa.eu/risk-and-data-analysis/reporting-frameworks/reporting-framework-42,All other modules use the completed DPM 2.0 glossary from 03/2026; DORA excluded,4.2_layouts.zip,260106 Annotated templates/PILLAR3/20260106 Annotated Table Layout  PILLAR3 4.2 CODISPILLAR3 4.2.xlsx,K_66.02.d
CODIS,K_66.02.e,4.1,2025-06-30,2026-03-31,official,https://www.eba.europa.eu/risk-and-data-analysis/reporting-frameworks/reporting-framework-41,Pillar 3 disclosure templates first reference date 06/2025,4.1_layouts.zip,20250519 Annotated Table Layout  CODISPILLAR3 4.1.xlsx,K_66.02.e
CODIS,K_66.02.e,4.2,2026-03-31,,official_except_explicit_overrides,https://www.eba.europa.eu/risk-and-data-analysis/reporting-frameworks/reporting-framework-42,All other modules use the completed DPM 2.0 glossary from 03/2026; DORA excluded,4.2_layouts.zip,260106 Annotated templates/PILLAR3/20260106 Annotated Table Layout  PILLAR3 4.2 CODISPILLAR3 4.2.xlsx,K_66.02.e
CODIS,K_66.02.f,4.1,2025-06-30,2026-03-31,official,https://www.eba.europa.eu/risk-and-data-analysis/reporting-frameworks/reporting-framework-41,Pillar 3 disclosure templates first reference date 06/2025,4.1_layouts.zip,20250519 Annotated Table Layout  CODISPILLAR3 4.1.xlsx,K_66.02.f
CODIS,K_66.02.f,4.2,2026-03-31,,official_except_explicit_overrides,https://www.eba.europa.eu/risk-and-data-analysis/reporting-frameworks/reporting-framework-42,All other modules use the completed DPM 2.0 glossary from 03/2026; DORA excluded,4.2_layouts.zip,260106 Annotated templates/PILLAR3/20260106 Annotated Table Layout  PILLAR3 4.2 CODISPILLAR3 4.2.xlsx,K_66.02.f
CODIS,K_67.01.a,4.1,2025-06-30,2026-03-31,official,https://www.eba.europa.eu/risk-and-data-analysis/reporting-frameworks/reporting-framework-41,Pillar 3 disclosure templates first reference date 06/2025,4.1_layouts.zip,20250519 Annotated Table Layout  CODISPILLAR3 4.1.xlsx,K_67.01.a
CODIS,K_67.01.a,4.2,2026-03-31,,official_except_explicit_overrides,https://www.eba.europa.eu/risk-and-data-analysis/reporting-frameworks/reporting-framework-42,All other modules use the completed DPM 2.0 glossary from 03/2026; DORA excluded,4.2_layouts.zip,260106 Annotated templates/PILLAR3/20260106 Annotated Table Layout  PILLAR3 4.2 CODISPILLAR3 4.2.xlsx,K_67.01.a
CODIS,K_67.01.b,4.1,2025-06-30,2026-03-31,official,https://www.eba.europa.eu/risk-and-data-analysis/reporting-frameworks/reporting-framework-41,Pillar 3 disclosure templates first reference date 06/2025,4.1_layouts.zip,20250519 Annotated Table Layout  CODISPILLAR3 4.1.xlsx,K_67.01.b
CODIS,K_67.01.b,4.2,2026-03-31,,official_except_explicit_overrides,https://www.eba.europa.eu/risk-and-data-analysis/reporting-frameworks/reporting-framework-42,All other modules use the completed DPM 2.0 glossary from 03/2026; DORA excluded,4.2_layouts.zip,260106 Annotated templates/PILLAR3/20260106 Annotated Table Layout  PILLAR3 4.2 CODISPILLAR3 4.2.xlsx,K_67.01.b
CODIS,K_67.02,4.1,2025-06-30,2026-03-31,official,https://www.eba.europa.eu/risk-and-data-analysis/reporting-frameworks/reporting-framework-41,Pillar 3 disclosure templates first reference date 06/2025,4.1_layouts.zip,20250519 Annotated Table Layout  CODISPILLAR3 4.1.xlsx,K_67.02
CODIS,K_67.02,4.2,2026-03-31,,official_except_explicit_overrides,https://www.eba.europa.eu/risk-and-data-analysis/reporting-frameworks/reporting-framework-42,All other modules use the completed DPM 2.0 glossary from 03/2026; DORA excluded,4.2_layouts.zip,260106 Annotated templates/PILLAR3/20260106 Annotated Table Layout  PILLAR3 4.2 CODISPILLAR3 4.2.xlsx,K_67.02
CODIS,K_70.00,4.1,2025-06-30,2026-03-31,official,https://www.eba.europa.eu/risk-and-data-analysis/reporting-frameworks/reporting-framework-41,Pillar 3 disclosure templates first reference date 06/2025,4.1_layouts.zip,20250519 Annotated Table Layout  CODISPILLAR3 4.1.xlsx,K_70.00
CODIS,K_70.00,4.2,2026-03-31,,official_except_explicit_overrides,https://www.eba.europa.eu/risk-and-data-analysis/reporting-frameworks/reporting-framework-42,All other modules use the completed DPM 2.0 glossary from 03/2026; DORA excluded,4.2_layouts.zip,260106 Annotated templates/PILLAR3/20260106 Annotated Table Layout  PILLAR3 4.2 CODISPILLAR3 4.2.xlsx,K_70.00
CODIS,K_71.00,4.1,2025-06-30,2026-03-31,official,https://www.eba.europa.eu/risk-and-data-analysis/reporting-frameworks/reporting-framework-41,Pillar 3 disclosure templates first reference date 06/2025,4.1_layouts.zip,20250519 Annotated Table Layout  CODISPILLAR3 4.1.xlsx,K_71.00
CODIS,K_71.00,4.2,2026-03-31,,official_except_explicit_overrides,https://www.eba.europa.eu/risk-and-data-analysis/reporting-frameworks/reporting-framework-42,All other modules use the completed DPM 2.0 glossary from 03/2026; DORA excluded,4.2_layouts.zip,260106 Annotated templates/PILLAR3/20260106 Annotated Table Layout  PILLAR3 4.2 CODISPILLAR3 4.2.xlsx,K_71.00
CODIS,K_72.00,4.1,2025-06-30,2026-03-31,official,https://www.eba.europa.eu/risk-and-data-analysis/reporting-frameworks/reporting-framework-41,Pillar 3 disclosure templates first reference date 06/2025,4.1_layouts.zip,20250519 Annotated Table Layout  CODISPILLAR3 4.1.xlsx,K_72.00
CODIS,K_72.00,4.2,2026-03-31,,official_except_explicit_overrides,https://www.eba.europa.eu/risk-and-data-analysis/reporting-frameworks/reporting-framework-42,All other modules use the completed DPM 2.0 glossary from 03/2026; DORA excluded,4.2_layouts.zip,260106 Annotated templates/PILLAR3/20260106 Annotated Table Layout  PILLAR3 4.2 CODISPILLAR3 4.2.xlsx,K_72.00
CODIS,K_73.00.a,4.1,2025-06-30,2026-03-31,official,https://www.eba.europa.eu/risk-and-data-analysis/reporting-frameworks/reporting-framework-41,Pillar 3 disclosure templates first reference date 06/2025,4.1_layouts.zip,20250519 Annotated Table Layout  CODISPILLAR3 4.1.xlsx,K_73.00.a
CODIS,K_73.00.a,4.2,2026-03-31,,official_except_explicit_overrides,https://www.eba.europa.eu/risk-and-data-analysis/reporting-frameworks/reporting-framework-42,All other modules use the completed DPM 2.0 glossary from 03/2026; DORA excluded,4.2_layouts.zip,260106 Annotated templates/PILLAR3/20260106 Annotated Table Layout  PILLAR3 4.2 CODISPILLAR3 4.2.xlsx,K_73.00.a
CODIS,K_73.00.b,4.1,2025-06-30,2026-03-31,official,https://www.eba.europa.eu/risk-and-data-analysis/reporting-frameworks/reporting-framework-41,Pillar 3 disclosure templates first reference date 06/2025,4.1_layouts.zip,20250519 Annotated Table Layout  CODISPILLAR3 4.1.xlsx,K_73.00.b
CODIS,K_73.00.b,4.2,2026-03-31,,official_except_explicit_overrides,https://www.eba.europa.eu/risk-and-data-analysis/reporting-frameworks/reporting-framework-42,All other modules use the completed DPM 2.0 glossary from 03/2026; DORA excluded,4.2_layouts.zip,260106 Annotated templates/PILLAR3/20260106 Annotated Table Layout  PILLAR3 4.2 CODISPILLAR3 4.2.xlsx,K_73.00.b
CODIS,K_73.00.c,4.1,2025-06-30,2026-03-31,official,https://www.eba.europa.eu/risk-and-data-analysis/reporting-frameworks/reporting-framework-41,Pillar 3 disclosure templates first reference date 06/2025,4.1_layouts.zip,20250519 Annotated Table Layout  CODISPILLAR3 4.1.xlsx,K_73.00.c
CODIS,K_73.00.c,4.2,2026-03-31,,official_except_explicit_overrides,https://www.eba.europa.eu/risk-and-data-analysis/reporting-frameworks/reporting-framework-42,All other modules use the completed DPM 2.0 glossary from 03/2026; DORA excluded,4.2_layouts.zip,260106 Annotated templates/PILLAR3/20260106 Annotated Table Layout  PILLAR3 4.2 CODISPILLAR3 4.2.xlsx,K_73.00.c
CODIS,K_73.00.d,4.1,2025-06-30,2026-03-31,official,https://www.eba.europa.eu/risk-and-data-analysis/reporting-frameworks/reporting-framework-41,Pillar 3 disclosure templates first reference date 06/2025,4.1_layouts.zip,20250519 Annotated Table Layout  CODISPILLAR3 4.1.xlsx,K_73.00.d
CODIS,K_73.00.d,4.2,2026-03-31,,official_except_explicit_overrides,https://www.eba.europa.eu/risk-and-data-analysis/reporting-frameworks/reporting-framework-42,All other modules use the completed DPM 2.0 glossary from 03/2026; DORA excluded,4.2_layouts.zip,260106 Annotated templates/PILLAR3/20260106 Annotated Table Layout  PILLAR3 4.2 CODISPILLAR3 4.2.xlsx,K_73.00.d
CODIS,K_73.00.e,4.1,2025-06-30,2026-03-31,official,https://www.eba.europa.eu/risk-and-data-analysis/reporting-frameworks/reporting-framework-41,Pillar 3 disclosure templates first reference date 06/2025,4.1_layouts.zip,20250519 Annotated Table Layout  CODISPILLAR3 4.1.xlsx,K_73.00.e
CODIS,K_73.00.e,4.2,2026-03-31,,official_except_explicit_overrides,https://www.eba.europa.eu/risk-and-data-analysis/reporting-frameworks/reporting-framework-42,All other modules use the completed DPM 2.0 glossary from 03/2026; DORA excluded,4.2_layouts.zip,260106 Annotated templates/PILLAR3/20260106 Annotated Table Layout  PILLAR3 4.2 CODISPILLAR3 4.2.xlsx,K_73.00.e
CODIS,K_74.00.a,4.1,2025-06-30,2026-03-31,official,https://www.eba.europa.eu/risk-and-data-analysis/reporting-frameworks/reporting-framework-41,Pillar 3 disclosure templates first reference date 06/2025,4.1_layouts.zip,20250519 Annotated Table Layout  CODISPILLAR3 4.1.xlsx,K_74.00.a(0040)
CODIS,K_74.00.a,4.2,2026-03-31,,official_except_explicit_overrides,https://www.eba.europa.eu/risk-and-data-analysis/reporting-frameworks/reporting-framework-42,All other modules use the completed DPM 2.0 glossary from 03/2026; DORA excluded,4.2_layouts.zip,260106 Annotated templates/PILLAR3/20260106 Annotated Table Layout  PILLAR3 4.2 CODISPILLAR3 4.2.xlsx,K_74.00.a(0040)
CODIS,K_74.00.b,4.1,2025-06-30,2026-03-31,official,https://www.eba.europa.eu/risk-and-data-analysis/reporting-frameworks/reporting-framework-41,Pillar 3 disclosure templates first reference date 06/2025,4.1_layouts.zip,20250519 Annotated Table Layout  CODISPILLAR3 4.1.xlsx,K_74.00.b(0040)
CODIS,K_74.00.b,4.2,2026-03-31,,official_except_explicit_overrides,https://www.eba.europa.eu/risk-and-data-analysis/reporting-frameworks/reporting-framework-42,All other modules use the completed DPM 2.0 glossary from 03/2026; DORA excluded,4.2_layouts.zip,260106 Annotated templates/PILLAR3/20260106 Annotated Table Layout  PILLAR3 4.2 CODISPILLAR3 4.2.xlsx,K_74.00.b(0040)
CODIS,K_74.00.c,4.1,2025-06-30,2026-03-31,official,https://www.eba.europa.eu/risk-and-data-analysis/reporting-frameworks/reporting-framework-41,Pillar 3 disclosure templates first reference date 06/2025,4.1_layouts.zip,20250519 Annotated Table Layout  CODISPILLAR3 4.1.xlsx,K_74.00.c(0040)
CODIS,K_74.00.c,4.2,2026-03-31,,official_except_explicit_overrides,https://www.eba.europa.eu/risk-and-data-analysis/reporting-frameworks/reporting-framework-42,All other modules use the completed DPM 2.0 glossary from 03/2026; DORA excluded,4.2_layouts.zip,260106 Annotated templates/PILLAR3/20260106 Annotated Table Layout  PILLAR3 4.2 CODISPILLAR3 4.2.xlsx,K_74.00.c(0040)
CODIS,K_74.00.d,4.1,2025-06-30,2026-03-31,official,https://www.eba.europa.eu/risk-and-data-analysis/reporting-frameworks/reporting-framework-41,Pillar 3 disclosure templates first reference date 06/2025,4.1_layouts.zip,20250519 Annotated Table Layout  CODISPILLAR3 4.1.xlsx,K_74.00.d(0040)
CODIS,K_74.00.d,4.2,2026-03-31,,official_except_explicit_overrides,https://www.eba.europa.eu/risk-and-data-analysis/reporting-frameworks/reporting-framework-42,All other modules use the completed DPM 2.0 glossary from 03/2026; DORA excluded,4.2_layouts.zip,260106 Annotated templates/PILLAR3/20260106 Annotated Table Layout  PILLAR3 4.2 CODISPILLAR3 4.2.xlsx,K_74.00.d(0040)
CODIS,K_74.00.e,4.1,2025-06-30,2026-03-31,official,https://www.eba.europa.eu/risk-and-data-analysis/reporting-frameworks/reporting-framework-41,Pillar 3 disclosure templates first reference date 06/2025,4.1_layouts.zip,20250519 Annotated Table Layout  CODISPILLAR3 4.1.xlsx,K_74.00.e(0040)
CODIS,K_74.00.e,4.2,2026-03-31,,official_except_explicit_overrides,https://www.eba.europa.eu/risk-and-data-analysis/reporting-frameworks/reporting-framework-42,All other modules use the completed DPM 2.0 glossary from 03/2026; DORA excluded,4.2_layouts.zip,260106 Annotated templates/PILLAR3/20260106 Annotated Table Layout  PILLAR3 4.2 CODISPILLAR3 4.2.xlsx,K_74.00.e(0040)
CODIS,K_74.00.f,4.1,2025-06-30,2026-03-31,official,https://www.eba.europa.eu/risk-and-data-analysis/reporting-frameworks/reporting-framework-41,Pillar 3 disclosure templates first reference date 06/2025,4.1_layouts.zip,20250519 Annotated Table Layout  CODISPILLAR3 4.1.xlsx,K_74.00.f(0040)
CODIS,K_74.00.f,4.2,2026-03-31,,official_except_explicit_overrides,https://www.eba.europa.eu/risk-and-data-analysis/reporting-frameworks/reporting-framework-42,All other modules use the completed DPM 2.0 glossary from 03/2026; DORA excluded,4.2_layouts.zip,260106 Annotated templates/PILLAR3/20260106 Annotated Table Layout  PILLAR3 4.2 CODISPILLAR3 4.2.xlsx,K_74.00.f(0040)
COREP,C_00.01,2.9.1.1,2019-12-31,2021-06-30,baseline,https://www.eba.europa.eu/risk-and-data-analysis/reporting/reporting-frameworks/reporting-framework-29,Pre-period DPM layout baseline,2.9.1.1_layouts.zip,Annotated Table Layout 291-COREP 2.9.1.xlsx,C 00.01
COREP,C_00.01,3.0,2021-06-30,2023-06-30,official,https://www.eba.europa.eu/risk-and-data-analysis/reporting/reporting-frameworks/reporting-framework-30,Reporting framework 3.0 applicable from June 2021; COREP technical package 3.0.1,3.0.1_layouts.zip,Annotated Table Layout 300-P1-COREP 3.0.errata.xlsx,C 00.01
COREP,C_00.01,3.2,2023-06-30,,official,https://www.eba.europa.eu/risk-and-data-analysis/reporting/reporting-frameworks/reporting-framework-32,COREP first reference date 06/2023,3.2_layouts.zip,Annotated Table Layout 320-P1-COREP 3.2.xlsx,C 00.01
COREP,C_00.01,3.5,,,not_applicable_provisional,https://www.eba.europa.eu/risk-and-data-analysis/reporting/reporting-frameworks/reporting-framework-35,The 3.5 COREP/FRTB material is provisional and not applicable until the framework starts applying; use the applicable predecessor until the final release,3.5_layouts.zip,Annotated Table Layout 3.5-COREP 3.5.xlsx,C 00.01
COREP,C_01.00,2.9.1.1,2019-12-31,2021-06-30,baseline,https://www.eba.europa.eu/risk-and-data-analysis/reporting/reporting-frameworks/reporting-framework-29,Pre-period DPM layout baseline,2.9.1.1_layouts.zip,Annotated Table Layout 291-COREP 2.9.1.xlsx,C 01.00
COREP,C_01.00,3.0,2021-06-30,2023-06-30,official,https://www.eba.europa.eu/risk-and-data-analysis/reporting/reporting-frameworks/reporting-framework-30,Reporting framework 3.0 applicable from June 2021; COREP technical package 3.0.1,3.0.1_layouts.zip,Annotated Table Layout 300-P1-COREP 3.0.errata.xlsx,C 01.00
COREP,C_01.00,3.2,2023-06-30,,official,https://www.eba.europa.eu/risk-and-data-analysis/reporting/reporting-frameworks/reporting-framework-32,COREP first reference date 06/2023,3.2_layouts.zip,Annotated Table Layout 320-P1-COREP 3.2.xlsx,C 01.00
COREP,C_02.00,2.9.1.1,2019-12-31,2021-06-30,baseline,https://www.eba.europa.eu/risk-and-data-analysis/reporting/reporting-frameworks/reporting-framework-29,Pre-period DPM layout baseline,2.9.1.1_layouts.zip,Annotated Table Layout 291-COREP 2.9.1.xlsx,C 02.00
COREP,C_02.00,3.0,2021-06-30,2023-06-30,official,https://www.eba.europa.eu/risk-and-data-analysis/reporting/reporting-frameworks/reporting-framework-30,Reporting framework 3.0 applicable from June 2021; COREP technical package 3.0.1,3.0.1_layouts.zip,Annotated Table Layout 300-P1-COREP 3.0.errata.xlsx,C 02.00
COREP,C_02.00,3.2,2023-06-30,,official,https://www.eba.europa.eu/risk-and-data-analysis/reporting/reporting-frameworks/reporting-framework-32,COREP first reference date 06/2023,3.2_layouts.zip,Annotated Table Layout 320-P1-COREP 3.2.xlsx,C 02.00
COREP,C_03.00,2.9.1.1,2019-12-31,2021-06-30,baseline,https://www.eba.europa.eu/risk-and-data-analysis/reporting/reporting-frameworks/reporting-framework-29,Pre-period DPM layout baseline,2.9.1.1_layouts.zip,Annotated Table Layout 291-COREP 2.9.1.xlsx,C 03.00
COREP,C_03.00,3.0,2021-06-30,2023-06-30,official,https://www.eba.europa.eu/risk-and-data-analysis/reporting/reporting-frameworks/reporting-framework-30,Reporting framework 3.0 applicable from June 2021; COREP technical package 3.0.1,3.0.1_layouts.zip,Annotated Table Layout 300-P1-COREP 3.0.errata.xlsx,C 03.00
COREP,C_03.00,3.2,2023-06-30,,official,https://www.eba.europa.eu/risk-and-data-analysis/reporting/reporting-frameworks/reporting-framework-32,COREP first reference date 06/2023,3.2_layouts.zip,Annotated Table Layout 320-P1-COREP 3.2.xlsx,C 03.00
COREP,C_04.00,2.9.1.1,2019-12-31,2021-06-30,baseline,https://www.eba.europa.eu/risk-and-data-analysis/reporting/reporting-frameworks/reporting-framework-29,Pre-period DPM layout baseline,2.9.1.1_layouts.zip,Annotated Table Layout 291-COREP 2.9.1.xlsx,C 04.00
COREP,C_04.00,3.0,2021-06-30,2023-06-30,official,https://www.eba.europa.eu/risk-and-data-analysis/reporting/reporting-frameworks/reporting-framework-30,Reporting framework 3.0 applicable from June 2021; COREP technical package 3.0.1,3.0.1_layouts.zip,Annotated Table Layout 300-P1-COREP 3.0.errata.xlsx,C 04.00
COREP,C_04.00,3.2,2023-06-30,,official,https://www.eba.europa.eu/risk-and-data-analysis/reporting/reporting-frameworks/reporting-framework-32,COREP first reference date 06/2023,3.2_layouts.zip,Annotated Table Layout 320-P1-COREP 3.2.xlsx,C 04.00
COREP,C_05.01,2.9.1.1,2019-12-31,2021-06-30,baseline,https://www.eba.europa.eu/risk-and-data-analysis/reporting/reporting-frameworks/reporting-framework-29,Pre-period DPM layout baseline,2.9.1.1_layouts.zip,Annotated Table Layout 291-COREP 2.9.1.xlsx,C 05.01
COREP,C_05.01,3.0,2021-06-30,2023-06-30,official,https://www.eba.europa.eu/risk-and-data-analysis/reporting/reporting-frameworks/reporting-framework-30,Reporting framework 3.0 applicable from June 2021; COREP technical package 3.0.1,3.0.1_layouts.zip,Annotated Table Layout 300-P1-COREP 3.0.errata.xlsx,C 05.01
COREP,C_05.01,3.2,2023-06-30,,official,https://www.eba.europa.eu/risk-and-data-analysis/reporting/reporting-frameworks/reporting-framework-32,COREP first reference date 06/2023,3.2_layouts.zip,Annotated Table Layout 320-P1-COREP 3.2.xlsx,C 05.01
COREP,C_05.02,2.9.1.1,2019-12-31,2021-06-30,baseline,https://www.eba.europa.eu/risk-and-data-analysis/reporting/reporting-frameworks/reporting-framework-29,Pre-period DPM layout baseline,2.9.1.1_layouts.zip,Annotated Table Layout 291-COREP 2.9.1.xlsx,C 05.02
COREP,C_05.02,3.0,2021-06-30,2023-06-30,official,https://www.eba.europa.eu/risk-and-data-analysis/reporting/reporting-frameworks/reporting-framework-30,Reporting framework 3.0 applicable from June 2021; COREP technical package 3.0.1,3.0.1_layouts.zip,Annotated Table Layout 300-P1-COREP 3.0.errata.xlsx,C 05.02
COREP,C_05.02,3.2,2023-06-30,,official,https://www.eba.europa.eu/risk-and-data-analysis/reporting/reporting-frameworks/reporting-framework-32,COREP first reference date 06/2023,3.2_layouts.zip,Annotated Table Layout 320-P1-COREP 3.2.xlsx,C 05.02
COREP,C_06.01,2.9.1.1,2019-12-31,2021-06-30,baseline,https://www.eba.europa.eu/risk-and-data-analysis/reporting/reporting-frameworks/reporting-framework-29,Pre-period DPM layout baseline,2.9.1.1_layouts.zip,Annotated Table Layout 291-COREP 2.9.1.xlsx,C 06.01
COREP,C_06.01,3.0,2021-06-30,2023-06-30,official,https://www.eba.europa.eu/risk-and-data-analysis/reporting/reporting-frameworks/reporting-framework-30,Reporting framework 3.0 applicable from June 2021; COREP technical package 3.0.1,3.0.1_layouts.zip,Annotated Table Layout 300-P1-COREP 3.0.errata.xlsx,C 06.01
COREP,C_06.01,3.2,2023-06-30,,official,https://www.eba.europa.eu/risk-and-data-analysis/reporting/reporting-frameworks/reporting-framework-32,COREP first reference date 06/2023,3.2_layouts.zip,Annotated Table Layout 320-P1-COREP 3.2.xlsx,C 06.01
COREP,C_06.02,2.9.1.1,2019-12-31,2021-06-30,baseline,https://www.eba.europa.eu/risk-and-data-analysis/reporting/reporting-frameworks/reporting-framework-29,Pre-period DPM layout baseline,2.9.1.1_layouts.zip,Annotated Table Layout 291-COREP 2.9.1.xlsx,C 06.02
COREP,C_06.02,3.0,2021-06-30,2023-06-30,official,https://www.eba.europa.eu/risk-and-data-analysis/reporting/reporting-frameworks/reporting-framework-30,Reporting framework 3.0 applicable from June 2021; COREP technical package 3.0.1,3.0.1_layouts.zip,Annotated Table Layout 300-P1-COREP 3.0.errata.xlsx,C 06.02
COREP,C_06.02,3.2,2023-06-30,,official,https://www.eba.europa.eu/risk-and-data-analysis/reporting/reporting-frameworks/reporting-framework-32,COREP first reference date 06/2023,3.2_layouts.zip,Annotated Table Layout 320-P1-COREP 3.2.xlsx,C 06.02
COREP,C_07.00.a,2.9.1.1,2019-12-31,2021-06-30,baseline,https://www.eba.europa.eu/risk-and-data-analysis/reporting/reporting-frameworks/reporting-framework-29,Pre-period DPM layout baseline,2.9.1.1_layouts.zip,Annotated Table Layout 291-COREP 2.9.1.xlsx,C 07.00.a(017)
COREP,C_07.00.a,3.0,2021-06-30,2023-06-30,official,https://www.eba.europa.eu/risk-and-data-analysis/reporting/reporting-frameworks/reporting-framework-30,Reporting framework 3.0 applicable from June 2021; COREP technical package 3.0.1,3.0.1_layouts.zip,Annotated Table Layout 300-P1-COREP 3.0.errata.xlsx,C 07.00.a(0017)
COREP,C_07.00.a,3.2,2023-06-30,,official,https://www.eba.europa.eu/risk-and-data-analysis/reporting/reporting-frameworks/reporting-framework-32,COREP first reference date 06/2023,3.2_layouts.zip,Annotated Table Layout 320-P1-COREP 3.2.xlsx,C 07.00.a(0017)
COREP,C_07.00.b,2.9.1.1,2019-12-31,2021-06-30,baseline,https://www.eba.europa.eu/risk-and-data-analysis/reporting/reporting-frameworks/reporting-framework-29,Pre-period DPM layout baseline,2.9.1.1_layouts.zip,Annotated Table Layout 291-COREP 2.9.1.xlsx,C 07.00.b(017)
COREP,C_07.00.b,3.0,2021-06-30,2023-06-30,official,https://www.eba.europa.eu/risk-and-data-analysis/reporting/reporting-frameworks/reporting-framework-30,Reporting framework 3.0 applicable from June 2021; COREP technical package 3.0.1,3.0.1_layouts.zip,Annotated Table Layout 300-P1-COREP 3.0.errata.xlsx,C 07.00.b(0017)
COREP,C_07.00.b,3.2,2023-06-30,,official,https://www.eba.europa.eu/risk-and-data-analysis/reporting/reporting-frameworks/reporting-framework-32,COREP first reference date 06/2023,3.2_layouts.zip,Annotated Table Layout 320-P1-COREP 3.2.xlsx,C 07.00.b(0017)
COREP,C_07.00.c,2.9.1.1,2019-12-31,2021-06-30,baseline,https://www.eba.europa.eu/risk-and-data-analysis/reporting/reporting-frameworks/reporting-framework-29,Pre-period DPM layout baseline,2.9.1.1_layouts.zip,Annotated Table Layout 291-COREP 2.9.1.xlsx,C 07.00.c(009)
COREP,C_07.00.c,3.0,2021-06-30,2023-06-30,official,https://www.eba.europa.eu/risk-and-data-analysis/reporting/reporting-frameworks/reporting-framework-30,Reporting framework 3.0 applicable from June 2021; COREP technical package 3.0.1,3.0.1_layouts.zip,Annotated Table Layout 300-P1-COREP 3.0.errata.xlsx,C 07.00.c(0009)
COREP,C_07.00.c,3.2,2023-06-30,,official,https://www.eba.europa.eu/risk-and-data-analysis/reporting/reporting-frameworks/reporting-framework-32,COREP first reference date 06/2023,3.2_layouts.zip,Annotated Table Layout 320-P1-COREP 3.2.xlsx,C 07.00.c(0009)
COREP,C_07.00.d,2.9.1.1,2019-12-31,2021-06-30,baseline,https://www.eba.europa.eu/risk-and-data-analysis/reporting/reporting-frameworks/reporting-framework-29,Pre-period DPM layout baseline,2.9.1.1_layouts.zip,Annotated Table Layout 291-COREP 2.9.1.xlsx,C 07.00.d(009)
COREP,C_07.00.d,3.0,2021-06-30,2023-06-30,official,https://www.eba.europa.eu/risk-and-data-analysis/reporting/reporting-frameworks/reporting-framework-30,Reporting framework 3.0 applicable from June 2021; COREP technical package 3.0.1,3.0.1_layouts.zip,Annotated Table Layout 300-P1-COREP 3.0.errata.xlsx,C 07.00.d(0009)
COREP,C_07.00.d,3.2,2023-06-30,,official,https://www.eba.europa.eu/risk-and-data-analysis/reporting/reporting-frameworks/reporting-framework-32,COREP first reference date 06/2023,3.2_layouts.zip,Annotated Table Layout 320-P1-COREP 3.2.xlsx,C 07.00.d(0009)
COREP,C_08.01.a,2.9.1.1,2019-12-31,2021-06-30,baseline,https://www.eba.europa.eu/risk-and-data-analysis/reporting/reporting-frameworks/reporting-framework-29,Pre-period DPM layout baseline,2.9.1.1_layouts.zip,Annotated Table Layout 291-COREP 2.9.1.xlsx,C 08.01.a(017)
COREP,C_08.01.a,3.0,2021-06-30,2023-06-30,official,https://www.eba.europa.eu/risk-and-data-analysis/reporting/reporting-frameworks/reporting-framework-30,Reporting framework 3.0 applicable from June 2021; COREP technical package 3.0.1,3.0.1_layouts.zip,Annotated Table Layout 300-P1-COREP 3.0.errata.xlsx,C 08.01.a(0017)
COREP,C_08.01.a,3.2,2023-06-30,,official,https://www.eba.europa.eu/risk-and-data-analysis/reporting/reporting-frameworks/reporting-framework-32,COREP first reference date 06/2023,3.2_layouts.zip,Annotated Table Layout 320-P1-COREP 3.2.xlsx,C 08.01.a(0017)
COREP,C_08.01.b,2.9.1.1,2019-12-31,2021-06-30,baseline,https://www.eba.europa.eu/risk-and-data-analysis/reporting/reporting-frameworks/reporting-framework-29,Pre-period DPM layout baseline,2.9.1.1_layouts.zip,Annotated Table Layout 291-COREP 2.9.1.xlsx,C 08.01.b(017)
COREP,C_08.01.b,3.0,2021-06-30,2023-06-30,official,https://www.eba.europa.eu/risk-and-data-analysis/reporting/reporting-frameworks/reporting-framework-30,Reporting framework 3.0 applicable from June 2021; COREP technical package 3.0.1,3.0.1_layouts.zip,Annotated Table Layout 300-P1-COREP 3.0.errata.xlsx,C 08.01.b(0017)
COREP,C_08.01.b,3.2,2023-06-30,,official,https://www.eba.europa.eu/risk-and-data-analysis/reporting/reporting-frameworks/reporting-framework-32,COREP first reference date 06/2023,3.2_layouts.zip,Annotated Table Layout 320-P1-COREP 3.2.xlsx,C 08.01.b(0017)
COREP,C_08.02,2.9.1.1,2019-12-31,2021-06-30,baseline,https://www.eba.europa.eu/risk-and-data-analysis/reporting/reporting-frameworks/reporting-framework-29,Pre-period DPM layout baseline,2.9.1.1_layouts.zip,Annotated Table Layout 291-COREP 2.9.1.xlsx,C 08.02(017)
COREP,C_08.02,3.0,2021-06-30,2023-06-30,official,https://www.eba.europa.eu/risk-and-data-analysis/reporting/reporting-frameworks/reporting-framework-30,Reporting framework 3.0 applicable from June 2021; COREP technical package 3.0.1,3.0.1_layouts.zip,Annotated Table Layout 300-P1-COREP 3.0.errata.xlsx,C 08.02(0017)
COREP,C_08.02,3.2,2023-06-30,,official,https://www.eba.europa.eu/risk-and-data-analysis/reporting/reporting-frameworks/reporting-framework-32,COREP first reference date 06/2023,3.2_layouts.zip,Annotated Table Layout 320-P1-COREP 3.2.xlsx,C 08.02(0017)
COREP,C_08.03,3.0,2021-06-30,2023-06-30,official,https://www.eba.europa.eu/risk-and-data-analysis/reporting/reporting-frameworks/reporting-framework-30,Reporting framework 3.0 applicable from June 2021; COREP technical package 3.0.1,3.0.1_layouts.zip,Annotated Table Layout 300-P1-COREP 3.0.errata.xlsx,C 08.03(0017)
COREP,C_08.03,3.2,2023-06-30,,official,https://www.eba.europa.eu/risk-and-data-analysis/reporting/reporting-frameworks/reporting-framework-32,COREP first reference date 06/2023,3.2_layouts.zip,Annotated Table Layout 320-P1-COREP 3.2.xlsx,C 08.03(0017)
COREP,C_08.04,3.0,2021-06-30,2023-06-30,official,https://www.eba.europa.eu/risk-and-data-analysis/reporting/reporting-frameworks/reporting-framework-30,Reporting framework 3.0 applicable from June 2021; COREP technical package 3.0.1,3.0.1_layouts.zip,Annotated Table Layout 300-P1-COREP 3.0.errata.xlsx,C 08.04
COREP,C_08.04,3.2,2023-06-30,,official,https://www.eba.europa.eu/risk-and-data-analysis/reporting/reporting-frameworks/reporting-framework-32,COREP first reference date 06/2023,3.2_layouts.zip,Annotated Table Layout 320-P1-COREP 3.2.xlsx,C 08.04
COREP,C_08.05,3.0,2021-06-30,2023-06-30,official,https://www.eba.europa.eu/risk-and-data-analysis/reporting/reporting-frameworks/reporting-framework-30,Reporting framework 3.0 applicable from June 2021; COREP technical package 3.0.1,3.0.1_layouts.zip,Annotated Table Layout 300-P1-COREP 3.0.errata.xlsx,C 08.05
COREP,C_08.05,3.2,2023-06-30,,official,https://www.eba.europa.eu/risk-and-data-analysis/reporting/reporting-frameworks/reporting-framework-32,COREP first reference date 06/2023,3.2_layouts.zip,Annotated Table Layout 320-P1-COREP 3.2.xlsx,C 08.05
COREP,C_08.05.1.a,3.0,2021-06-30,2023-06-30,official,https://www.eba.europa.eu/risk-and-data-analysis/reporting/reporting-frameworks/reporting-framework-30,Reporting framework 3.0 applicable from June 2021; COREP technical package 3.0.1,3.0.1_layouts.zip,Annotated Table Layout 300-P1-COREP 3.0.errata.xlsx,C 08.05.1.a
COREP,C_08.05.1.a,3.2,2023-06-30,,official,https://www.eba.europa.eu/risk-and-data-analysis/reporting/reporting-frameworks/reporting-framework-32,COREP first reference date 06/2023,3.2_layouts.zip,Annotated Table Layout 320-P1-COREP 3.2.xlsx,C 08.05.1.a
COREP,C_08.05.1.b,3.0,2021-06-30,2023-06-30,official,https://www.eba.europa.eu/risk-and-data-analysis/reporting/reporting-frameworks/reporting-framework-30,Reporting framework 3.0 applicable from June 2021; COREP technical package 3.0.1,3.0.1_layouts.zip,Annotated Table Layout 300-P1-COREP 3.0.errata.xlsx,C 08.05.1.b
COREP,C_08.05.1.b,3.2,2023-06-30,,official,https://www.eba.europa.eu/risk-and-data-analysis/reporting/reporting-frameworks/reporting-framework-32,COREP first reference date 06/2023,3.2_layouts.zip,Annotated Table Layout 320-P1-COREP 3.2.xlsx,C 08.05.1.b
COREP,C_08.06,3.0,2021-06-30,2023-06-30,official,https://www.eba.europa.eu/risk-and-data-analysis/reporting/reporting-frameworks/reporting-framework-30,Reporting framework 3.0 applicable from June 2021; COREP technical package 3.0.1,3.0.1_layouts.zip,Annotated Table Layout 300-P1-COREP 3.0.errata.xlsx,C 08.06
COREP,C_08.06,3.2,2023-06-30,,official,https://www.eba.europa.eu/risk-and-data-analysis/reporting/reporting-frameworks/reporting-framework-32,COREP first reference date 06/2023,3.2_layouts.zip,Annotated Table Layout 320-P1-COREP 3.2.xlsx,C 08.06
COREP,C_08.07,3.0,2021-06-30,2023-06-30,official,https://www.eba.europa.eu/risk-and-data-analysis/reporting/reporting-frameworks/reporting-framework-30,Reporting framework 3.0 applicable from June 2021; COREP technical package 3.0.1,3.0.1_layouts.zip,Annotated Table Layout 300-P1-COREP 3.0.errata.xlsx,C 08.07
COREP,C_08.07,3.2,2023-06-30,,official,https://www.eba.europa.eu/risk-and-data-analysis/reporting/reporting-frameworks/reporting-framework-32,COREP first reference date 06/2023,3.2_layouts.zip,Annotated Table Layout 320-P1-COREP 3.2.xlsx,C 08.07
COREP,C_09.01.a,2.9.1.1,2019-12-31,2021-06-30,baseline,https://www.eba.europa.eu/risk-and-data-analysis/reporting/reporting-frameworks/reporting-framework-29,Pre-period DPM layout baseline,2.9.1.1_layouts.zip,Annotated Table Layout 291-COREP 2.9.1.xlsx,C 09.01.a
COREP,C_09.01.a,3.0,2021-06-30,2023-06-30,official,https://www.eba.europa.eu/risk-and-data-analysis/reporting/reporting-frameworks/reporting-framework-30,Reporting framework 3.0 applicable from June 2021; COREP technical package 3.0.1,3.0.1_layouts.zip,Annotated Table Layout 300-P1-COREP 3.0.errata.xlsx,C 09.01.a
COREP,C_09.01.a,3.2,2023-06-30,,official,https://www.eba.europa.eu/risk-and-data-analysis/reporting/reporting-frameworks/reporting-framework-32,COREP first reference date 06/2023,3.2_layouts.zip,Annotated Table Layout 320-P1-COREP 3.2.xlsx,C 09.01.a
COREP,C_09.01.b,2.9.1.1,2019-12-31,2021-06-30,baseline,https://www.eba.europa.eu/risk-and-data-analysis/reporting/reporting-frameworks/reporting-framework-29,Pre-period DPM layout baseline,2.9.1.1_layouts.zip,Annotated Table Layout 291-COREP 2.9.1.xlsx,C 09.01.b
COREP,C_09.01.b,3.0,2021-06-30,2023-06-30,official,https://www.eba.europa.eu/risk-and-data-analysis/reporting/reporting-frameworks/reporting-framework-30,Reporting framework 3.0 applicable from June 2021; COREP technical package 3.0.1,3.0.1_layouts.zip,Annotated Table Layout 300-P1-COREP 3.0.errata.xlsx,C 09.01.b
COREP,C_09.01.b,3.2,2023-06-30,,official,https://www.eba.europa.eu/risk-and-data-analysis/reporting/reporting-frameworks/reporting-framework-32,COREP first reference date 06/2023,3.2_layouts.zip,Annotated Table Layout 320-P1-COREP 3.2.xlsx,C 09.01.b
COREP,C_09.02,2.9.1.1,2019-12-31,2021-06-30,baseline,https://www.eba.europa.eu/risk-and-data-analysis/reporting/reporting-frameworks/reporting-framework-29,Pre-period DPM layout baseline,2.9.1.1_layouts.zip,Annotated Table Layout 291-COREP 2.9.1.xlsx,C 09.02
COREP,C_09.02,3.0,2021-06-30,2023-06-30,official,https://www.eba.europa.eu/risk-and-data-analysis/reporting/reporting-frameworks/reporting-framework-30,Reporting framework 3.0 applicable from June 2021; COREP technical package 3.0.1,3.0.1_layouts.zip,Annotated Table Layout 300-P1-COREP 3.0.errata.xlsx,C 09.02
COREP,C_09.02,3.2,2023-06-30,,official,https://www.eba.europa.eu/risk-and-data-analysis/reporting/reporting-frameworks/reporting-framework-32,COREP first reference date 06/2023,3.2_layouts.zip,Annotated Table Layout 320-P1-COREP 3.2.xlsx,C 09.02
COREP,C_09.04,2.9.1.1,2019-12-31,2021-06-30,baseline,https://www.eba.europa.eu/risk-and-data-analysis/reporting/reporting-frameworks/reporting-framework-29,Pre-period DPM layout baseline,2.9.1.1_layouts.zip,Annotated Table Layout 291-COREP 2.9.1.xlsx,C 09.04
COREP,C_09.04,3.0,2021-06-30,2023-06-30,official,https://www.eba.europa.eu/risk-and-data-analysis/reporting/reporting-frameworks/reporting-framework-30,Reporting framework 3.0 applicable from June 2021; COREP technical package 3.0.1,3.0.1_layouts.zip,Annotated Table Layout 300-P1-COREP 3.0.errata.xlsx,C 09.04
COREP,C_09.04,3.2,2023-06-30,,official,https://www.eba.europa.eu/risk-and-data-analysis/reporting/reporting-frameworks/reporting-framework-32,COREP first reference date 06/2023,3.2_layouts.zip,Annotated Table Layout 320-P1-COREP 3.2.xlsx,C 09.04
COREP,C_10.01,2.9.1.1,2019-12-31,2021-06-30,baseline,https://www.eba.europa.eu/risk-and-data-analysis/reporting/reporting-frameworks/reporting-framework-29,Pre-period DPM layout baseline,2.9.1.1_layouts.zip,Annotated Table Layout 291-COREP 2.9.1.xlsx,C 10.01
COREP,C_10.01,3.0,2021-06-30,2023-06-30,official,https://www.eba.europa.eu/risk-and-data-analysis/reporting/reporting-frameworks/reporting-framework-30,Reporting framework 3.0 applicable from June 2021; COREP technical package 3.0.1,3.0.1_layouts.zip,Annotated Table Layout 300-P1-COREP 3.0.errata.xlsx,C 10.01
COREP,C_10.01,3.2,2023-06-30,,official,https://www.eba.europa.eu/risk-and-data-analysis/reporting/reporting-frameworks/reporting-framework-32,COREP first reference date 06/2023,3.2_layouts.zip,Annotated Table Layout 320-P1-COREP 3.2.xlsx,C 10.01
COREP,C_10.02,2.9.1.1,2019-12-31,2021-06-30,baseline,https://www.eba.europa.eu/risk-and-data-analysis/reporting/reporting-frameworks/reporting-framework-29,Pre-period DPM layout baseline,2.9.1.1_layouts.zip,Annotated Table Layout 291-COREP 2.9.1.xlsx,C 10.02
COREP,C_10.02,3.0,2021-06-30,2023-06-30,official,https://www.eba.europa.eu/risk-and-data-analysis/reporting/reporting-frameworks/reporting-framework-30,Reporting framework 3.0 applicable from June 2021; COREP technical package 3.0.1,3.0.1_layouts.zip,Annotated Table Layout 300-P1-COREP 3.0.errata.xlsx,C 10.02
COREP,C_10.02,3.2,2023-06-30,,official,https://www.eba.europa.eu/risk-and-data-analysis/reporting/reporting-frameworks/reporting-framework-32,COREP first reference date 06/2023,3.2_layouts.zip,Annotated Table Layout 320-P1-COREP 3.2.xlsx,C 10.02
COREP,C_11.00,2.9.1.1,2019-12-31,2021-06-30,baseline,https://www.eba.europa.eu/risk-and-data-analysis/reporting/reporting-frameworks/reporting-framework-29,Pre-period DPM layout baseline,2.9.1.1_layouts.zip,Annotated Table Layout 291-COREP 2.9.1.xlsx,C 11.00
COREP,C_11.00,3.0,2021-06-30,2023-06-30,official,https://www.eba.europa.eu/risk-and-data-analysis/reporting/reporting-frameworks/reporting-framework-30,Reporting framework 3.0 applicable from June 2021; COREP technical package 3.0.1,3.0.1_layouts.zip,Annotated Table Layout 300-P1-COREP 3.0.errata.xlsx,C 11.00
COREP,C_11.00,3.2,2023-06-30,,official,https://www.eba.europa.eu/risk-and-data-analysis/reporting/reporting-frameworks/reporting-framework-32,COREP first reference date 06/2023,3.2_layouts.zip,Annotated Table Layout 320-P1-COREP 3.2.xlsx,C 11.00
COREP,C_13.01,2.9.1.1,2019-12-31,2021-06-30,baseline,https://www.eba.europa.eu/risk-and-data-analysis/reporting/reporting-frameworks/reporting-framework-29,Pre-period DPM layout baseline,2.9.1.1_layouts.zip,Annotated Table Layout 291-COREP 2.9.1.xlsx,C 13.01
COREP,C_13.01,3.0,2021-06-30,2023-06-30,official,https://www.eba.europa.eu/risk-and-data-analysis/reporting/reporting-frameworks/reporting-framework-30,Reporting framework 3.0 applicable from June 2021; COREP technical package 3.0.1,3.0.1_layouts.zip,Annotated Table Layout 300-P1-COREP 3.0.errata.xlsx,C 13.01
COREP,C_13.01,3.2,2023-06-30,,official,https://www.eba.europa.eu/risk-and-data-analysis/reporting/reporting-frameworks/reporting-framework-32,COREP first reference date 06/2023,3.2_layouts.zip,Annotated Table Layout 320-P1-COREP 3.2.xlsx,C 13.01
COREP,C_14.00,2.9.1.1,2019-12-31,2021-06-30,baseline,https://www.eba.europa.eu/risk-and-data-analysis/reporting/reporting-frameworks/reporting-framework-29,Pre-period DPM layout baseline,2.9.1.1_layouts.zip,Annotated Table Layout 291-COREP 2.9.1.xlsx,C 14.00
COREP,C_14.00,3.0,2021-06-30,2023-06-30,official,https://www.eba.europa.eu/risk-and-data-analysis/reporting/reporting-frameworks/reporting-framework-30,Reporting framework 3.0 applicable from June 2021; COREP technical package 3.0.1,3.0.1_layouts.zip,Annotated Table Layout 300-P1-COREP 3.0.errata.xlsx,C 14.00
COREP,C_14.00,3.2,2023-06-30,,official,https://www.eba.europa.eu/risk-and-data-analysis/reporting/reporting-frameworks/reporting-framework-32,COREP first reference date 06/2023,3.2_layouts.zip,Annotated Table Layout 320-P1-COREP 3.2.xlsx,C 14.00
COREP,C_14.01,2.9.1.1,2019-12-31,2021-06-30,baseline,https://www.eba.europa.eu/risk-and-data-analysis/reporting/reporting-frameworks/reporting-framework-29,Pre-period DPM layout baseline,2.9.1.1_layouts.zip,Annotated Table Layout 291-COREP 2.9.1.xlsx,C 14.01(0040)
COREP,C_14.01,3.0,2021-06-30,2023-06-30,official,https://www.eba.europa.eu/risk-and-data-analysis/reporting/reporting-frameworks/reporting-framework-30,Reporting framework 3.0 applicable from June 2021; COREP technical package 3.0.1,3.0.1_layouts.zip,Annotated Table Layout 300-P1-COREP 3.0.errata.xlsx,C 14.01(0040)
COREP,C_14.01,3.2,2023-06-30,,official,https://www.eba.europa.eu/risk-and-data-analysis/reporting/reporting-frameworks/reporting-framework-32,COREP first reference date 06/2023,3.2_layouts.zip,Annotated Table Layout 320-P1-COREP 3.2.xlsx,C 14.01(0060)
COREP,C_15.00,2.9.1.1,2019-12-31,2021-06-30,baseline,https://www.eba.europa.eu/risk-and-data-analysis/reporting/reporting-frameworks/reporting-framework-29,Pre-period DPM layout baseline,2.9.1.1_layouts.zip,Annotated Table Layout 291-COREP 2.9.1.xlsx,C 15.00
COREP,C_15.00,3.0,2021-06-30,2023-06-30,official,https://www.eba.europa.eu/risk-and-data-analysis/reporting/reporting-frameworks/reporting-framework-30,Reporting framework 3.0 applicable from June 2021; COREP technical package 3.0.1,3.0.1_layouts.zip,Annotated Table Layout 300-P1-COREP 3.0.errata.xlsx,C 15.00
COREP,C_15.00,3.2,2023-06-30,,official,https://www.eba.europa.eu/risk-and-data-analysis/reporting/reporting-frameworks/reporting-framework-32,COREP first reference date 06/2023,3.2_layouts.zip,Annotated Table Layout 320-P1-COREP 3.2.xlsx,C 15.00
COREP,C_16.00.a,2.9.1.1,2019-12-31,2021-06-30,baseline,https://www.eba.europa.eu/risk-and-data-analysis/reporting/reporting-frameworks/reporting-framework-29,Pre-period DPM layout baseline,2.9.1.1_layouts.zip,Annotated Table Layout 291-COREP 2.9.1.xlsx,C 16.00.a
COREP,C_16.00.a,3.0,2021-06-30,2023-06-30,official,https://www.eba.europa.eu/risk-and-data-analysis/reporting/reporting-frameworks/reporting-framework-30,Reporting framework 3.0 applicable from June 2021; COREP technical package 3.0.1,3.0.1_layouts.zip,Annotated Table Layout 300-P1-COREP 3.0.errata.xlsx,C 16.00.a
COREP,C_16.00.a,3.2,2023-06-30,,official,https://www.eba.europa.eu/risk-and-data-analysis/reporting/reporting-frameworks/reporting-framework-32,COREP first reference date 06/2023,3.2_layouts.zip,Annotated Table Layout 320-P1-COREP 3.2.xlsx,C 16.00.a
COREP,C_16.00.b,2.9.1.1,2019-12-31,2021-06-30,baseline,https://www.eba.europa.eu/risk-and-data-analysis/reporting/reporting-frameworks/reporting-framework-29,Pre-period DPM layout baseline,2.9.1.1_layouts.zip,Annotated Table Layout 291-COREP 2.9.1.xlsx,C 16.00.b
COREP,C_16.00.b,3.0,2021-06-30,2023-06-30,official,https://www.eba.europa.eu/risk-and-data-analysis/reporting/reporting-frameworks/reporting-framework-30,Reporting framework 3.0 applicable from June 2021; COREP technical package 3.0.1,3.0.1_layouts.zip,Annotated Table Layout 300-P1-COREP 3.0.errata.xlsx,C 16.00.b
COREP,C_16.00.b,3.2,2023-06-30,,official,https://www.eba.europa.eu/risk-and-data-analysis/reporting/reporting-frameworks/reporting-framework-32,COREP first reference date 06/2023,3.2_layouts.zip,Annotated Table Layout 320-P1-COREP 3.2.xlsx,C 16.00.b
COREP,C_17.01.a,2.9.1.1,2019-12-31,2021-06-30,baseline,https://www.eba.europa.eu/risk-and-data-analysis/reporting/reporting-frameworks/reporting-framework-29,Pre-period DPM layout baseline,2.9.1.1_layouts.zip,Annotated Table Layout 291-COREP 2.9.1.xlsx,C 17.01.a
COREP,C_17.01.a,3.0,2021-06-30,2023-06-30,official,https://www.eba.europa.eu/risk-and-data-analysis/reporting/reporting-frameworks/reporting-framework-30,Reporting framework 3.0 applicable from June 2021; COREP technical package 3.0.1,3.0.1_layouts.zip,Annotated Table Layout 300-P1-COREP 3.0.errata.xlsx,C 17.01.a
COREP,C_17.01.a,3.2,2023-06-30,,official,https://www.eba.europa.eu/risk-and-data-analysis/reporting/reporting-frameworks/reporting-framework-32,COREP first reference date 06/2023,3.2_layouts.zip,Annotated Table Layout 320-P1-COREP 3.2.xlsx,C 17.01.a
COREP,C_17.01.b,2.9.1.1,2019-12-31,2021-06-30,baseline,https://www.eba.europa.eu/risk-and-data-analysis/reporting/reporting-frameworks/reporting-framework-29,Pre-period DPM layout baseline,2.9.1.1_layouts.zip,Annotated Table Layout 291-COREP 2.9.1.xlsx,C 17.01.b
COREP,C_17.01.b,3.0,2021-06-30,2023-06-30,official,https://www.eba.europa.eu/risk-and-data-analysis/reporting/reporting-frameworks/reporting-framework-30,Reporting framework 3.0 applicable from June 2021; COREP technical package 3.0.1,3.0.1_layouts.zip,Annotated Table Layout 300-P1-COREP 3.0.errata.xlsx,C 17.01.b
COREP,C_17.01.b,3.2,2023-06-30,,official,https://www.eba.europa.eu/risk-and-data-analysis/reporting/reporting-frameworks/reporting-framework-32,COREP first reference date 06/2023,3.2_layouts.zip,Annotated Table Layout 320-P1-COREP 3.2.xlsx,C 17.01.b
COREP,C_17.02,2.9.1.1,2019-12-31,2021-06-30,baseline,https://www.eba.europa.eu/risk-and-data-analysis/reporting/reporting-frameworks/reporting-framework-29,Pre-period DPM layout baseline,2.9.1.1_layouts.zip,Annotated Table Layout 291-COREP 2.9.1.xlsx,C 17.02
COREP,C_17.02,3.0,2021-06-30,2023-06-30,official,https://www.eba.europa.eu/risk-and-data-analysis/reporting/reporting-frameworks/reporting-framework-30,Reporting framework 3.0 applicable from June 2021; COREP technical package 3.0.1,3.0.1_layouts.zip,Annotated Table Layout 300-P1-COREP 3.0.errata.xlsx,C 17.02
COREP,C_17.02,3.2,2023-06-30,,official,https://www.eba.europa.eu/risk-and-data-analysis/reporting/reporting-frameworks/reporting-framework-32,COREP first reference date 06/2023,3.2_layouts.zip,Annotated Table Layout 320-P1-COREP 3.2.xlsx,C 17.02
COREP,C_18.00,2.9.1.1,2019-12-31,2021-06-30,baseline,https://www.eba.europa.eu/risk-and-data-analysis/reporting/reporting-frameworks/reporting-framework-29,Pre-period DPM layout baseline,2.9.1.1_layouts.zip,Annotated Table Layout 291-COREP 2.9.1.xlsx,C 18.00(026)
COREP,C_18.00,3.0,2021-06-30,2023-06-30,official,https://www.eba.europa.eu/risk-and-data-analysis/reporting/reporting-frameworks/reporting-framework-30,Reporting framework 3.0 applicable from June 2021; COREP technical package 3.0.1,3.0.1_layouts.zip,Annotated Table Layout 300-P1-COREP 3.0.errata.xlsx,C 18.00(0026)
COREP,C_18.00,3.2,2023-06-30,,official,https://www.eba.europa.eu/risk-and-data-analysis/reporting/reporting-frameworks/reporting-framework-32,COREP first reference date 06/2023,3.2_layouts.zip,Annotated Table Layout 320-P1-COREP 3.2.xlsx,C 18.00(0026)
COREP,C_19.00,2.9.1.1,2019-12-31,2021-06-30,baseline,https://www.eba.europa.eu/risk-and-data-analysis/reporting/reporting-frameworks/reporting-framework-29,Pre-period DPM layout baseline,2.9.1.1_layouts.zip,Annotated Table Layout 291-COREP 2.9.1.xlsx,C 19.00
COREP,C_19.00,3.0,2021-06-30,2023-06-30,official,https://www.eba.europa.eu/risk-and-data-analysis/reporting/reporting-frameworks/reporting-framework-30,Reporting framework 3.0 applicable from June 2021; COREP technical package 3.0.1,3.0.1_layouts.zip,Annotated Table Layout 300-P1-COREP 3.0.errata.xlsx,C 19.00
COREP,C_19.00,3.2,2023-06-30,,official,https://www.eba.europa.eu/risk-and-data-analysis/reporting/reporting-frameworks/reporting-framework-32,COREP first reference date 06/2023,3.2_layouts.zip,Annotated Table Layout 320-P1-COREP 3.2.xlsx,C 19.00
COREP,C_20.00,2.9.1.1,2019-12-31,2021-06-30,baseline,https://www.eba.europa.eu/risk-and-data-analysis/reporting/reporting-frameworks/reporting-framework-29,Pre-period DPM layout baseline,2.9.1.1_layouts.zip,Annotated Table Layout 291-COREP 2.9.1.xlsx,C 20.00
COREP,C_20.00,3.0,2021-06-30,2023-06-30,official,https://www.eba.europa.eu/risk-and-data-analysis/reporting/reporting-frameworks/reporting-framework-30,Reporting framework 3.0 applicable from June 2021; COREP technical package 3.0.1,3.0.1_layouts.zip,Annotated Table Layout 300-P1-COREP 3.0.errata.xlsx,C 20.00
COREP,C_20.00,3.2,2023-06-30,,official,https://www.eba.europa.eu/risk-and-data-analysis/reporting/reporting-frameworks/reporting-framework-32,COREP first reference date 06/2023,3.2_layouts.zip,Annotated Table Layout 320-P1-COREP 3.2.xlsx,C 20.00
COREP,C_21.00,2.9.1.1,2019-12-31,2021-06-30,baseline,https://www.eba.europa.eu/risk-and-data-analysis/reporting/reporting-frameworks/reporting-framework-29,Pre-period DPM layout baseline,2.9.1.1_layouts.zip,Annotated Table Layout 291-COREP 2.9.1.xlsx,C 21.00(044)
COREP,C_21.00,3.0,2021-06-30,2023-06-30,official,https://www.eba.europa.eu/risk-and-data-analysis/reporting/reporting-frameworks/reporting-framework-30,Reporting framework 3.0 applicable from June 2021; COREP technical package 3.0.1,3.0.1_layouts.zip,Annotated Table Layout 300-P1-COREP 3.0.errata.xlsx,C 21.00(0044)
COREP,C_21.00,3.2,2023-06-30,,official,https://www.eba.europa.eu/risk-and-data-analysis/reporting/reporting-frameworks/reporting-framework-32,COREP first reference date 06/2023,3.2_layouts.zip,Annotated Table Layout 320-P1-COREP 3.2.xlsx,C 21.00(0044)
COREP,C_22.00,2.9.1.1,2019-12-31,2021-06-30,baseline,https://www.eba.europa.eu/risk-and-data-analysis/reporting/reporting-frameworks/reporting-framework-29,Pre-period DPM layout baseline,2.9.1.1_layouts.zip,Annotated Table Layout 291-COREP 2.9.1.xlsx,C 22.00
COREP,C_22.00,3.0,2021-06-30,2023-06-30,official,https://www.eba.europa.eu/risk-and-data-analysis/reporting/reporting-frameworks/reporting-framework-30,Reporting framework 3.0 applicable from June 2021; COREP technical package 3.0.1,3.0.1_layouts.zip,Annotated Table Layout 300-P1-COREP 3.0.errata.xlsx,C 22.00
COREP,C_22.00,3.2,2023-06-30,,official,https://www.eba.europa.eu/risk-and-data-analysis/reporting/reporting-frameworks/reporting-framework-32,COREP first reference date 06/2023,3.2_layouts.zip,Annotated Table Layout 320-P1-COREP 3.2.xlsx,C 22.00
COREP,C_23.00,2.9.1.1,2019-12-31,2021-06-30,baseline,https://www.eba.europa.eu/risk-and-data-analysis/reporting/reporting-frameworks/reporting-framework-29,Pre-period DPM layout baseline,2.9.1.1_layouts.zip,Annotated Table Layout 291-COREP 2.9.1.xlsx,C 23.00
COREP,C_23.00,3.0,2021-06-30,2023-06-30,official,https://www.eba.europa.eu/risk-and-data-analysis/reporting/reporting-frameworks/reporting-framework-30,Reporting framework 3.0 applicable from June 2021; COREP technical package 3.0.1,3.0.1_layouts.zip,Annotated Table Layout 300-P1-COREP 3.0.errata.xlsx,C 23.00
COREP,C_23.00,3.2,2023-06-30,,official,https://www.eba.europa.eu/risk-and-data-analysis/reporting/reporting-frameworks/reporting-framework-32,COREP first reference date 06/2023,3.2_layouts.zip,Annotated Table Layout 320-P1-COREP 3.2.xlsx,C 23.00
COREP,C_24.00,2.9.1.1,2019-12-31,2021-06-30,baseline,https://www.eba.europa.eu/risk-and-data-analysis/reporting/reporting-frameworks/reporting-framework-29,Pre-period DPM layout baseline,2.9.1.1_layouts.zip,Annotated Table Layout 291-COREP 2.9.1.xlsx,C 24.00
COREP,C_24.00,3.0,2021-06-30,2023-06-30,official,https://www.eba.europa.eu/risk-and-data-analysis/reporting/reporting-frameworks/reporting-framework-30,Reporting framework 3.0 applicable from June 2021; COREP technical package 3.0.1,3.0.1_layouts.zip,Annotated Table Layout 300-P1-COREP 3.0.errata.xlsx,C 24.00
COREP,C_24.00,3.2,2023-06-30,,official,https://www.eba.europa.eu/risk-and-data-analysis/reporting/reporting-frameworks/reporting-framework-32,COREP first reference date 06/2023,3.2_layouts.zip,Annotated Table Layout 320-P1-COREP 3.2.xlsx,C 24.00
COREP,C_24.01,3.5,,,not_applicable_provisional,https://www.eba.europa.eu/risk-and-data-analysis/reporting/reporting-frameworks/reporting-framework-35,The 3.5 COREP/FRTB material is provisional and not applicable until the framework starts applying; use the applicable predecessor until the final release,3.5_layouts.zip,Annotated Table Layout 3.5-COREP 3.5.xlsx,C 24.01
COREP,C_25.00,2.9.1.1,2019-12-31,2021-06-30,baseline,https://www.eba.europa.eu/risk-and-data-analysis/reporting/reporting-frameworks/reporting-framework-29,Pre-period DPM layout baseline,2.9.1.1_layouts.zip,Annotated Table Layout 291-COREP 2.9.1.xlsx,C 25.00
COREP,C_25.00,3.0,2021-06-30,2023-06-30,official,https://www.eba.europa.eu/risk-and-data-analysis/reporting/reporting-frameworks/reporting-framework-30,Reporting framework 3.0 applicable from June 2021; COREP technical package 3.0.1,3.0.1_layouts.zip,Annotated Table Layout 300-P1-COREP 3.0.errata.xlsx,C 25.00
COREP,C_25.00,3.2,2023-06-30,,official,https://www.eba.europa.eu/risk-and-data-analysis/reporting/reporting-frameworks/reporting-framework-32,COREP first reference date 06/2023,3.2_layouts.zip,Annotated Table Layout 320-P1-COREP 3.2.xlsx,C 25.00
COREP,C_26.00,2.9.1.1,2019-12-31,2021-06-30,baseline,https://www.eba.europa.eu/risk-and-data-analysis/reporting/reporting-frameworks/reporting-framework-29,Pre-period DPM layout baseline,2.9.1.1_layouts.zip,Annotated Table Layout 291-COREP 2.9.1.xlsx,C 26.00
COREP,C_26.00,3.0,2021-06-30,2023-06-30,official,https://www.eba.europa.eu/risk-and-data-analysis/reporting/reporting-frameworks/reporting-framework-30,Reporting framework 3.0 applicable from June 2021; COREP technical package 3.0.1,3.0.1_layouts.zip,Annotated Table Layout 300-P1-COREP 3.0.errata.xlsx,C 26.00
COREP,C_26.00,3.2,2023-06-30,,official,https://www.eba.europa.eu/risk-and-data-analysis/reporting/reporting-frameworks/reporting-framework-32,COREP first reference date 06/2023,3.2_layouts.zip,Annotated Table Layout 320-P1-COREP 3.2.xlsx,C 26.00
COREP,C_27.00,2.9.1.1,2019-12-31,2021-06-30,baseline,https://www.eba.europa.eu/risk-and-data-analysis/reporting/reporting-frameworks/reporting-framework-29,Pre-period DPM layout baseline,2.9.1.1_layouts.zip,Annotated Table Layout 291-COREP 2.9.1.xlsx,C 27.00
COREP,C_27.00,3.0,2021-06-30,2023-06-30,official,https://www.eba.europa.eu/risk-and-data-analysis/reporting/reporting-frameworks/reporting-framework-30,Reporting framework 3.0 applicable from June 2021; COREP technical package 3.0.1,3.0.1_layouts.zip,Annotated Table Layout 300-P1-COREP 3.0.errata.xlsx,C 27.00
COREP,C_27.00,3.2,2023-06-30,,official,https://www.eba.europa.eu/risk-and-data-analysis/reporting/reporting-frameworks/reporting-framework-32,COREP first reference date 06/2023,3.2_layouts.zip,Annotated Table Layout 320-P1-COREP 3.2.xlsx,C 27.00
COREP,C_28.00,2.9.1.1,2019-12-31,2021-06-30,baseline,https://www.eba.europa.eu/risk-and-data-analysis/reporting/reporting-frameworks/reporting-framework-29,Pre-period DPM layout baseline,2.9.1.1_layouts.zip,Annotated Table Layout 291-COREP 2.9.1.xlsx,C 28.00
COREP,C_28.00,3.0,2021-06-30,2023-06-30,official,https://www.eba.europa.eu/risk-and-data-analysis/reporting/reporting-frameworks/reporting-framework-30,Reporting framework 3.0 applicable from June 2021; COREP technical package 3.0.1,3.0.1_layouts.zip,Annotated Table Layout 300-P1-COREP 3.0.errata.xlsx,C 28.00
COREP,C_28.00,3.2,2023-06-30,,official,https://www.eba.europa.eu/risk-and-data-analysis/reporting/reporting-frameworks/reporting-framework-32,COREP first reference date 06/2023,3.2_layouts.zip,Annotated Table Layout 320-P1-COREP 3.2.xlsx,C 28.00
COREP,C_29.00,2.9.1.1,2019-12-31,2021-06-30,baseline,https://www.eba.europa.eu/risk-and-data-analysis/reporting/reporting-frameworks/reporting-framework-29,Pre-period DPM layout baseline,2.9.1.1_layouts.zip,Annotated Table Layout 291-COREP 2.9.1.xlsx,C 29.00
COREP,C_29.00,3.0,2021-06-30,2023-06-30,official,https://www.eba.europa.eu/risk-and-data-analysis/reporting/reporting-frameworks/reporting-framework-30,Reporting framework 3.0 applicable from June 2021; COREP technical package 3.0.1,3.0.1_layouts.zip,Annotated Table Layout 300-P1-COREP 3.0.errata.xlsx,C 29.00
COREP,C_29.00,3.2,2023-06-30,,official,https://www.eba.europa.eu/risk-and-data-analysis/reporting/reporting-frameworks/reporting-framework-32,COREP first reference date 06/2023,3.2_layouts.zip,Annotated Table Layout 320-P1-COREP 3.2.xlsx,C 29.00
COREP,C_30.00,2.9.1.1,2019-12-31,,baseline,https://www.eba.europa.eu/risk-and-data-analysis/reporting/reporting-frameworks/reporting-framework-29,Pre-period DPM layout baseline,2.9.1.1_layouts.zip,Annotated Table Layout 291-COREP 2.9.1.xlsx,C 30.00
COREP,C_31.00,2.9.1.1,2019-12-31,,baseline,https://www.eba.europa.eu/risk-and-data-analysis/reporting/reporting-frameworks/reporting-framework-29,Pre-period DPM layout baseline,2.9.1.1_layouts.zip,Annotated Table Layout 291-COREP 2.9.1.xlsx,C 31.00
COREP,C_32.01,2.9.1.1,2019-12-31,2021-06-30,baseline,https://www.eba.europa.eu/risk-and-data-analysis/reporting/reporting-frameworks/reporting-framework-29,Pre-period DPM layout baseline,2.9.1.1_layouts.zip,Annotated Table Layout 291-COREP 2.9.1.xlsx,C 32.01
COREP,C_32.01,3.0,2021-06-30,2023-06-30,official,https://www.eba.europa.eu/risk-and-data-analysis/reporting/reporting-frameworks/reporting-framework-30,Reporting framework 3.0 applicable from June 2021; COREP technical package 3.0.1,3.0.1_layouts.zip,Annotated Table Layout 300-P1-COREP 3.0.errata.xlsx,C 32.01
COREP,C_32.01,3.2,2023-06-30,,official,https://www.eba.europa.eu/risk-and-data-analysis/reporting/reporting-frameworks/reporting-framework-32,COREP first reference date 06/2023,3.2_layouts.zip,Annotated Table Layout 320-P1-COREP 3.2.xlsx,C 32.01
COREP,C_32.02.a,2.9.1.1,2019-12-31,2021-06-30,baseline,https://www.eba.europa.eu/risk-and-data-analysis/reporting/reporting-frameworks/reporting-framework-29,Pre-period DPM layout baseline,2.9.1.1_layouts.zip,Annotated Table Layout 291-COREP 2.9.1.xlsx,C 32.02.a
COREP,C_32.02.a,3.0,2021-06-30,2023-06-30,official,https://www.eba.europa.eu/risk-and-data-analysis/reporting/reporting-frameworks/reporting-framework-30,Reporting framework 3.0 applicable from June 2021; COREP technical package 3.0.1,3.0.1_layouts.zip,Annotated Table Layout 300-P1-COREP 3.0.errata.xlsx,C 32.02.a
COREP,C_32.02.a,3.2,2023-06-30,,official,https://www.eba.europa.eu/risk-and-data-analysis/reporting/reporting-frameworks/reporting-framework-32,COREP first reference date 06/2023,3.2_layouts.zip,Annotated Table Layout 320-P1-COREP 3.2.xlsx,C 32.02.a
COREP,C_32.02.b,2.9.1.1,2019-12-31,2021-06-30,baseline,https://www.eba.europa.eu/risk-and-data-analysis/reporting/reporting-frameworks/reporting-framework-29,Pre-period DPM layout baseline,2.9.1.1_layouts.zip,Annotated Table Layout 291-COREP 2.9.1.xlsx,C 32.02.b
COREP,C_32.02.b,3.0,2021-06-30,2023-06-30,official,https://www.eba.europa.eu/risk-and-data-analysis/reporting/reporting-frameworks/reporting-framework-30,Reporting framework 3.0 applicable from June 2021; COREP technical package 3.0.1,3.0.1_layouts.zip,Annotated Table Layout 300-P1-COREP 3.0.errata.xlsx,C 32.02.b
COREP,C_32.02.b,3.2,2023-06-30,,official,https://www.eba.europa.eu/risk-and-data-analysis/reporting/reporting-frameworks/reporting-framework-32,COREP first reference date 06/2023,3.2_layouts.zip,Annotated Table Layout 320-P1-COREP 3.2.xlsx,C 32.02.b
COREP,C_32.02.c,2.9.1.1,2019-12-31,2021-06-30,baseline,https://www.eba.europa.eu/risk-and-data-analysis/reporting/reporting-frameworks/reporting-framework-29,Pre-period DPM layout baseline,2.9.1.1_layouts.zip,Annotated Table Layout 291-COREP 2.9.1.xlsx,C 32.02.c
COREP,C_32.02.c,3.0,2021-06-30,2023-06-30,official,https://www.eba.europa.eu/risk-and-data-analysis/reporting/reporting-frameworks/reporting-framework-30,Reporting framework 3.0 applicable from June 2021; COREP technical package 3.0.1,3.0.1_layouts.zip,Annotated Table Layout 300-P1-COREP 3.0.errata.xlsx,C 32.02.c
COREP,C_32.02.c,3.2,2023-06-30,,official,https://www.eba.europa.eu/risk-and-data-analysis/reporting/reporting-frameworks/reporting-framework-32,COREP first reference date 06/2023,3.2_layouts.zip,Annotated Table Layout 320-P1-COREP 3.2.xlsx,C 32.02.c
COREP,C_32.03,2.9.1.1,2019-12-31,2021-06-30,baseline,https://www.eba.europa.eu/risk-and-data-analysis/reporting/reporting-frameworks/reporting-framework-29,Pre-period DPM layout baseline,2.9.1.1_layouts.zip,Annotated Table Layout 291-COREP 2.9.1.xlsx,C 32.03
COREP,C_32.03,3.0,2021-06-30,2023-06-30,official,https://www.eba.europa.eu/risk-and-data-analysis/reporting/reporting-frameworks/reporting-framework-30,Reporting framework 3.0 applicable from June 2021; COREP technical package 3.0.1,3.0.1_layouts.zip,Annotated Table Layout 300-P1-COREP 3.0.errata.xlsx,C 32.03
COREP,C_32.03,3.2,2023-06-30,,official,https://www.eba.europa.eu/risk-and-data-analysis/reporting/reporting-frameworks/reporting-framework-32,COREP first reference date 06/2023,3.2_layouts.zip,Annotated Table Layout 320-P1-COREP 3.2.xlsx,C 32.03
COREP,C_32.04,2.9.1.1,2019-12-31,2021-06-30,baseline,https://www.eba.europa.eu/risk-and-data-analysis/reporting/reporting-frameworks/reporting-framework-29,Pre-period DPM layout baseline,2.9.1.1_layouts.zip,Annotated Table Layout 291-COREP 2.9.1.xlsx,C 32.04
COREP,C_32.04,3.0,2021-06-30,2023-06-30,official,https://www.eba.europa.eu/risk-and-data-analysis/reporting/reporting-frameworks/reporting-framework-30,Reporting framework 3.0 applicable from June 2021; COREP technical package 3.0.1,3.0.1_layouts.zip,Annotated Table Layout 300-P1-COREP 3.0.errata.xlsx,C 32.04
COREP,C_32.04,3.2,2023-06-30,,official,https://www.eba.europa.eu/risk-and-data-analysis/reporting/reporting-frameworks/reporting-framework-32,COREP first reference date 06/2023,3.2_layouts.zip,Annotated Table Layout 320-P1-COREP 3.2.xlsx,C 32.04
COREP,C_33.00.a,2.9.1.1,2019-12-31,2021-06-30,baseline,https://www.eba.europa.eu/risk-and-data-analysis/reporting/reporting-frameworks/reporting-framework-29,Pre-period DPM layout baseline,2.9.1.1_layouts.zip,Annotated Table Layout 291-COREP 2.9.1.xlsx,C 33.00.a
COREP,C_33.00.a,3.0,2021-06-30,2023-06-30,official,https://www.eba.europa.eu/risk-and-data-analysis/reporting/reporting-frameworks/reporting-framework-30,Reporting framework 3.0 applicable from June 2021; COREP technical package 3.0.1,3.0.1_layouts.zip,Annotated Table Layout 300-P1-COREP 3.0.errata.xlsx,C 33.00.a
COREP,C_33.00.a,3.2,2023-06-30,,official,https://www.eba.europa.eu/risk-and-data-analysis/reporting/reporting-frameworks/reporting-framework-32,COREP first reference date 06/2023,3.2_layouts.zip,Annotated Table Layout 320-P1-COREP 3.2.xlsx,C 33.00.a
COREP,C_33.00.b,2.9.1.1,2019-12-31,2021-06-30,baseline,https://www.eba.europa.eu/risk-and-data-analysis/reporting/reporting-frameworks/reporting-framework-29,Pre-period DPM layout baseline,2.9.1.1_layouts.zip,Annotated Table Layout 291-COREP 2.9.1.xlsx,C 33.00.b
COREP,C_33.00.b,3.0,2021-06-30,2023-06-30,official,https://www.eba.europa.eu/risk-and-data-analysis/reporting/reporting-frameworks/reporting-framework-30,Reporting framework 3.0 applicable from June 2021; COREP technical package 3.0.1,3.0.1_layouts.zip,Annotated Table Layout 300-P1-COREP 3.0.errata.xlsx,C 33.00.b
COREP,C_33.00.b,3.2,2023-06-30,,official,https://www.eba.europa.eu/risk-and-data-analysis/reporting/reporting-frameworks/reporting-framework-32,COREP first reference date 06/2023,3.2_layouts.zip,Annotated Table Layout 320-P1-COREP 3.2.xlsx,C 33.00.b
COREP,C_34.01.a,3.0,2021-06-30,2023-06-30,official,https://www.eba.europa.eu/risk-and-data-analysis/reporting/reporting-frameworks/reporting-framework-30,Reporting framework 3.0 applicable from June 2021; COREP technical package 3.0.1,3.0.1_layouts.zip,Annotated Table Layout 300-P1-COREP 3.0.errata.xlsx,C 34.01.a
COREP,C_34.01.a,3.2,2023-06-30,,official,https://www.eba.europa.eu/risk-and-data-analysis/reporting/reporting-frameworks/reporting-framework-32,COREP first reference date 06/2023,3.2_layouts.zip,Annotated Table Layout 320-P1-COREP 3.2.xlsx,C 34.01.a
COREP,C_34.01.b,3.0,2021-06-30,2023-06-30,official,https://www.eba.europa.eu/risk-and-data-analysis/reporting/reporting-frameworks/reporting-framework-30,Reporting framework 3.0 applicable from June 2021; COREP technical package 3.0.1,3.0.1_layouts.zip,Annotated Table Layout 300-P1-COREP 3.0.errata.xlsx,C 34.01.b
COREP,C_34.01.b,3.2,2023-06-30,,official,https://www.eba.europa.eu/risk-and-data-analysis/reporting/reporting-frameworks/reporting-framework-32,COREP first reference date 06/2023,3.2_layouts.zip,Annotated Table Layout 320-P1-COREP 3.2.xlsx,C 34.01.b
COREP,C_34.02,3.0,2021-06-30,2023-06-30,official,https://www.eba.europa.eu/risk-and-data-analysis/reporting/reporting-frameworks/reporting-framework-30,Reporting framework 3.0 applicable from June 2021; COREP technical package 3.0.1,3.0.1_layouts.zip,Annotated Table Layout 300-P1-COREP 3.0.errata.xlsx,C 34.02(0002)
COREP,C_34.02,3.2,2023-06-30,,official,https://www.eba.europa.eu/risk-and-data-analysis/reporting/reporting-frameworks/reporting-framework-32,COREP first reference date 06/2023,3.2_layouts.zip,Annotated Table Layout 320-P1-COREP 3.2.xlsx,C 34.02(0002)
COREP,C_34.03,3.0,2021-06-30,2023-06-30,official,https://www.eba.europa.eu/risk-and-data-analysis/reporting/reporting-frameworks/reporting-framework-30,Reporting framework 3.0 applicable from June 2021; COREP technical package 3.0.1,3.0.1_layouts.zip,Annotated Table Layout 300-P1-COREP 3.0.errata.xlsx,C 34.03(0002)
COREP,C_34.03,3.2,2023-06-30,,official,https://www.eba.europa.eu/risk-and-data-analysis/reporting/reporting-frameworks/reporting-framework-32,COREP first reference date 06/2023,3.2_layouts.zip,Annotated Table Layout 320-P1-COREP 3.2.xlsx,C 34.03(0002)
COREP,C_34.04,3.0,2021-06-30,2023-06-30,official,https://www.eba.europa.eu/risk-and-data-analysis/reporting/reporting-frameworks/reporting-framework-30,Reporting framework 3.0 applicable from June 2021; COREP technical package 3.0.1,3.0.1_layouts.zip,Annotated Table Layout 300-P1-COREP 3.0.errata.xlsx,C 34.04
COREP,C_34.04,3.2,2023-06-30,,official,https://www.eba.europa.eu/risk-and-data-analysis/reporting/reporting-frameworks/reporting-framework-32,COREP first reference date 06/2023,3.2_layouts.zip,Annotated Table Layout 320-P1-COREP 3.2.xlsx,C 34.04
COREP,C_34.05,3.0,2021-06-30,2023-06-30,official,https://www.eba.europa.eu/risk-and-data-analysis/reporting/reporting-frameworks/reporting-framework-30,Reporting framework 3.0 applicable from June 2021; COREP technical package 3.0.1,3.0.1_layouts.zip,Annotated Table Layout 300-P1-COREP 3.0.errata.xlsx,C 34.05
COREP,C_34.05,3.2,2023-06-30,,official,https://www.eba.europa.eu/risk-and-data-analysis/reporting/reporting-frameworks/reporting-framework-32,COREP first reference date 06/2023,3.2_layouts.zip,Annotated Table Layout 320-P1-COREP 3.2.xlsx,C 34.05
COREP,C_34.06,3.0,2021-06-30,2023-06-30,official,https://www.eba.europa.eu/risk-and-data-analysis/reporting/reporting-frameworks/reporting-framework-30,Reporting framework 3.0 applicable from June 2021; COREP technical package 3.0.1,3.0.1_layouts.zip,Annotated Table Layout 300-P1-COREP 3.0.errata.xlsx,C 34.06
COREP,C_34.06,3.2,2023-06-30,,official,https://www.eba.europa.eu/risk-and-data-analysis/reporting/reporting-frameworks/reporting-framework-32,COREP first reference date 06/2023,3.2_layouts.zip,Annotated Table Layout 320-P1-COREP 3.2.xlsx,C 34.06
COREP,C_34.07,3.0,2021-06-30,2023-06-30,official,https://www.eba.europa.eu/risk-and-data-analysis/reporting/reporting-frameworks/reporting-framework-30,Reporting framework 3.0 applicable from June 2021; COREP technical package 3.0.1,3.0.1_layouts.zip,Annotated Table Layout 300-P1-COREP 3.0.errata.xlsx,C 34.07(0017)
COREP,C_34.07,3.2,2023-06-30,,official,https://www.eba.europa.eu/risk-and-data-analysis/reporting/reporting-frameworks/reporting-framework-32,COREP first reference date 06/2023,3.2_layouts.zip,Annotated Table Layout 320-P1-COREP 3.2.xlsx,C 34.07(0017)
COREP,C_34.08.a,3.0,2021-06-30,2023-06-30,official,https://www.eba.europa.eu/risk-and-data-analysis/reporting/reporting-frameworks/reporting-framework-30,Reporting framework 3.0 applicable from June 2021; COREP technical package 3.0.1,3.0.1_layouts.zip,Annotated Table Layout 300-P1-COREP 3.0.errata.xlsx,C 34.08.a
COREP,C_34.08.a,3.2,2023-06-30,,official,https://www.eba.europa.eu/risk-and-data-analysis/reporting/reporting-frameworks/reporting-framework-32,COREP first reference date 06/2023,3.2_layouts.zip,Annotated Table Layout 320-P1-COREP 3.2.xlsx,C 34.08.a
COREP,C_34.08.b,3.0,2021-06-30,2023-06-30,official,https://www.eba.europa.eu/risk-and-data-analysis/reporting/reporting-frameworks/reporting-framework-30,Reporting framework 3.0 applicable from June 2021; COREP technical package 3.0.1,3.0.1_layouts.zip,Annotated Table Layout 300-P1-COREP 3.0.errata.xlsx,C 34.08.b
COREP,C_34.08.b,3.2,2023-06-30,,official,https://www.eba.europa.eu/risk-and-data-analysis/reporting/reporting-frameworks/reporting-framework-32,COREP first reference date 06/2023,3.2_layouts.zip,Annotated Table Layout 320-P1-COREP 3.2.xlsx,C 34.08.b
COREP,C_34.09,3.0,2021-06-30,2023-06-30,official,https://www.eba.europa.eu/risk-and-data-analysis/reporting/reporting-frameworks/reporting-framework-30,Reporting framework 3.0 applicable from June 2021; COREP technical package 3.0.1,3.0.1_layouts.zip,Annotated Table Layout 300-P1-COREP 3.0.errata.xlsx,C 34.09
COREP,C_34.09,3.2,2023-06-30,,official,https://www.eba.europa.eu/risk-and-data-analysis/reporting/reporting-frameworks/reporting-framework-32,COREP first reference date 06/2023,3.2_layouts.zip,Annotated Table Layout 320-P1-COREP 3.2.xlsx,C 34.09
COREP,C_34.10,3.0,2021-06-30,2023-06-30,official,https://www.eba.europa.eu/risk-and-data-analysis/reporting/reporting-frameworks/reporting-framework-30,Reporting framework 3.0 applicable from June 2021; COREP technical package 3.0.1,3.0.1_layouts.zip,Annotated Table Layout 300-P1-COREP 3.0.errata.xlsx,C 34.10
COREP,C_34.10,3.2,2023-06-30,,official,https://www.eba.europa.eu/risk-and-data-analysis/reporting/reporting-frameworks/reporting-framework-32,COREP first reference date 06/2023,3.2_layouts.zip,Annotated Table Layout 320-P1-COREP 3.2.xlsx,C 34.10
COREP,C_34.11,3.0,2021-06-30,2023-06-30,official,https://www.eba.europa.eu/risk-and-data-analysis/reporting/reporting-frameworks/reporting-framework-30,Reporting framework 3.0 applicable from June 2021; COREP technical package 3.0.1,3.0.1_layouts.zip,Annotated Table Layout 300-P1-COREP 3.0.errata.xlsx,C 34.11
COREP,C_34.11,3.2,2023-06-30,,official,https://www.eba.europa.eu/risk-and-data-analysis/reporting/reporting-frameworks/reporting-framework-32,COREP first reference date 06/2023,3.2_layouts.zip,Annotated Table Layout 320-P1-COREP 3.2.xlsx,C 34.11
COREP,C_35.01,3.0,2021-06-30,2023-06-30,official,https://www.eba.europa.eu/risk-and-data-analysis/reporting/reporting-frameworks/reporting-framework-30,Reporting framework 3.0 applicable from June 2021; COREP technical package 3.0.1,3.0.1_layouts.zip,Annotated Table Layout 300-P1-COREP 3.0.errata.xlsx,C 35.01
COREP,C_35.01,3.2,2023-06-30,,official,https://www.eba.europa.eu/risk-and-data-analysis/reporting/reporting-frameworks/reporting-framework-32,COREP first reference date 06/2023,3.2_layouts.zip,Annotated Table Layout 320-P1-COREP 3.2.xlsx,C 35.01
COREP,C_35.02,3.0,2021-06-30,2023-06-30,official,https://www.eba.europa.eu/risk-and-data-analysis/reporting/reporting-frameworks/reporting-framework-30,Reporting framework 3.0 applicable from June 2021; COREP technical package 3.0.1,3.0.1_layouts.zip,Annotated Table Layout 300-P1-COREP 3.0.errata.xlsx,C 35.02
COREP,C_35.02,3.2,2023-06-30,,official,https://www.eba.europa.eu/risk-and-data-analysis/reporting/reporting-frameworks/reporting-framework-32,COREP first reference date 06/2023,3.2_layouts.zip,Annotated Table Layout 320-P1-COREP 3.2.xlsx,C 35.02
COREP,C_35.03,3.0,2021-06-30,2023-06-30,official,https://www.eba.europa.eu/risk-and-data-analysis/reporting/reporting-frameworks/reporting-framework-30,Reporting framework 3.0 applicable from June 2021; COREP technical package 3.0.1,3.0.1_layouts.zip,Annotated Table Layout 300-P1-COREP 3.0.errata.xlsx,C 35.03
COREP,C_35.03,3.2,2023-06-30,,official,https://www.eba.europa.eu/risk-and-data-analysis/reporting/reporting-frameworks/reporting-framework-32,COREP first reference date 06/2023,3.2_layouts.zip,Annotated Table Layout 320-P1-COREP 3.2.xlsx,C 35.03
COREP,C_40.00,2.9.1.1,2019-12-31,,baseline,https://www.eba.europa.eu/risk-and-data-analysis/reporting/reporting-frameworks/reporting-framework-29,Pre-period DPM layout baseline,2.9.1.1_layouts.zip,Annotated Table Layout 291-COREP 2.9.1.xlsx,C 40.00
COREP,C_40.00.a,3.0,2021-06-30,2023-06-30,official,https://www.eba.europa.eu/risk-and-data-analysis/reporting/reporting-frameworks/reporting-framework-30,Reporting framework 3.0 applicable from June 2021; COREP technical package 3.0.1,3.0.1_layouts.zip,Annotated Table Layout 300-P1-COREP 3.0.errata.xlsx,C 40.00.a
COREP,C_40.00.a,3.2,2023-06-30,,official,https://www.eba.europa.eu/risk-and-data-analysis/reporting/reporting-frameworks/reporting-framework-32,COREP first reference date 06/2023,3.2_layouts.zip,Annotated Table Layout 320-P1-COREP 3.2.xlsx,C 40.00.a
COREP,C_40.00.b,3.0,2021-06-30,2023-06-30,official,https://www.eba.europa.eu/risk-and-data-analysis/reporting/reporting-frameworks/reporting-framework-30,Reporting framework 3.0 applicable from June 2021; COREP technical package 3.0.1,3.0.1_layouts.zip,Annotated Table Layout 300-P1-COREP 3.0.errata.xlsx,C 40.00.b
COREP,C_40.00.b,3.2,2023-06-30,,official,https://www.eba.europa.eu/risk-and-data-analysis/reporting/reporting-frameworks/reporting-framework-32,COREP first reference date 06/2023,3.2_layouts.zip,Annotated Table Layout 320-P1-COREP 3.2.xlsx,C 40.00.b
COREP,C_41.00,2.9.1.1,2019-12-31,,baseline,https://www.eba.europa.eu/risk-and-data-analysis/reporting/reporting-frameworks/reporting-framework-29,Pre-period DPM layout baseline,2.9.1.1_layouts.zip,Annotated Table Layout 291-COREP 2.9.1.xlsx,C 41.00
COREP,C_42.00,2.9.1.1,2019-12-31,,baseline,https://www.eba.europa.eu/risk-and-data-analysis/reporting/reporting-frameworks/reporting-framework-29,Pre-period DPM layout baseline,2.9.1.1_layouts.zip,Annotated Table Layout 291-COREP 2.9.1.xlsx,C 42.00
COREP,C_43.00.a,2.9.1.1,2019-12-31,2021-06-30,baseline,https://www.eba.europa.eu/risk-and-data-analysis/reporting/reporting-frameworks/reporting-framework-29,Pre-period DPM layout baseline,2.9.1.1_layouts.zip,Annotated Table Layout 291-COREP 2.9.1.xlsx,C 43.00.a
COREP,C_43.00.a,3.0,2021-06-30,2023-06-30,official,https://www.eba.europa.eu/risk-and-data-analysis/reporting/reporting-frameworks/reporting-framework-30,Reporting framework 3.0 applicable from June 2021; COREP technical package 3.0.1,3.0.1_layouts.zip,Annotated Table Layout 300-P1-COREP 3.0.errata.xlsx,C 43.00.a
COREP,C_43.00.a,3.2,2023-06-30,,official,https://www.eba.europa.eu/risk-and-data-analysis/reporting/reporting-frameworks/reporting-framework-32,COREP first reference date 06/2023,3.2_layouts.zip,Annotated Table Layout 320-P1-COREP 3.2.xlsx,C 43.00.a
COREP,C_43.00.b,2.9.1.1,2019-12-31,2021-06-30,baseline,https://www.eba.europa.eu/risk-and-data-analysis/reporting/reporting-frameworks/reporting-framework-29,Pre-period DPM layout baseline,2.9.1.1_layouts.zip,Annotated Table Layout 291-COREP 2.9.1.xlsx,C 43.00.b
COREP,C_43.00.b,3.0,2021-06-30,2023-06-30,official,https://www.eba.europa.eu/risk-and-data-analysis/reporting/reporting-frameworks/reporting-framework-30,Reporting framework 3.0 applicable from June 2021; COREP technical package 3.0.1,3.0.1_layouts.zip,Annotated Table Layout 300-P1-COREP 3.0.errata.xlsx,C 43.00.b
COREP,C_43.00.b,3.2,2023-06-30,,official,https://www.eba.europa.eu/risk-and-data-analysis/reporting/reporting-frameworks/reporting-framework-32,COREP first reference date 06/2023,3.2_layouts.zip,Annotated Table Layout 320-P1-COREP 3.2.xlsx,C 43.00.b
COREP,C_43.00.c,2.9.1.1,2019-12-31,2021-06-30,baseline,https://www.eba.europa.eu/risk-and-data-analysis/reporting/reporting-frameworks/reporting-framework-29,Pre-period DPM layout baseline,2.9.1.1_layouts.zip,Annotated Table Layout 291-COREP 2.9.1.xlsx,C 43.00.c
COREP,C_43.00.c,3.0,2021-06-30,2023-06-30,official,https://www.eba.europa.eu/risk-and-data-analysis/reporting/reporting-frameworks/reporting-framework-30,Reporting framework 3.0 applicable from June 2021; COREP technical package 3.0.1,3.0.1_layouts.zip,Annotated Table Layout 300-P1-COREP 3.0.errata.xlsx,C 43.00.c
COREP,C_43.00.c,3.2,2023-06-30,,official,https://www.eba.europa.eu/risk-and-data-analysis/reporting/reporting-frameworks/reporting-framework-32,COREP first reference date 06/2023,3.2_layouts.zip,Annotated Table Layout 320-P1-COREP 3.2.xlsx,C 43.00.c
COREP,C_44.00,2.9.1.1,2019-12-31,2021-06-30,baseline,https://www.eba.europa.eu/risk-and-data-analysis/reporting/reporting-frameworks/reporting-framework-29,Pre-period DPM layout baseline,2.9.1.1_layouts.zip,Annotated Table Layout 291-COREP 2.9.1.xlsx,C 44.00
COREP,C_44.00,3.0,2021-06-30,2023-06-30,official,https://www.eba.europa.eu/risk-and-data-analysis/reporting/reporting-frameworks/reporting-framework-30,Reporting framework 3.0 applicable from June 2021; COREP technical package 3.0.1,3.0.1_layouts.zip,Annotated Table Layout 300-P1-COREP 3.0.errata.xlsx,C 44.00
COREP,C_44.00,3.2,2023-06-30,,official,https://www.eba.europa.eu/risk-and-data-analysis/reporting/reporting-frameworks/reporting-framework-32,COREP first reference date 06/2023,3.2_layouts.zip,Annotated Table Layout 320-P1-COREP 3.2.xlsx,C 44.00
COREP,C_47.00,2.9.1.1,2019-12-31,2021-06-30,baseline,https://www.eba.europa.eu/risk-and-data-analysis/reporting/reporting-frameworks/reporting-framework-29,Pre-period DPM layout baseline,2.9.1.1_layouts.zip,Annotated Table Layout 291-COREP 2.9.1.xlsx,C 47.00
COREP,C_47.00,3.0,2021-06-30,2023-06-30,official,https://www.eba.europa.eu/risk-and-data-analysis/reporting/reporting-frameworks/reporting-framework-30,Reporting framework 3.0 applicable from June 2021; COREP technical package 3.0.1,3.0.1_layouts.zip,Annotated Table Layout 300-P1-COREP 3.0.errata.xlsx,C 47.00
COREP,C_47.00,3.2,2023-06-30,,official,https://www.eba.europa.eu/risk-and-data-analysis/reporting/reporting-frameworks/reporting-framework-32,COREP first reference date 06/2023,3.2_layouts.zip,Annotated Table Layout 320-P1-COREP 3.2.xlsx,C 47.00
COREP,C_48.01,3.0,2021-06-30,2023-06-30,official,https://www.eba.europa.eu/risk-and-data-analysis/reporting/reporting-frameworks/reporting-framework-30,Reporting framework 3.0 applicable from June 2021; COREP technical package 3.0.1,3.0.1_layouts.zip,Annotated Table Layout 300-P1-COREP 3.0.errata.xlsx,C 48.01
COREP,C_48.01,3.2,2023-06-30,,official,https://www.eba.europa.eu/risk-and-data-analysis/reporting/reporting-frameworks/reporting-framework-32,COREP first reference date 06/2023,3.2_layouts.zip,Annotated Table Layout 320-P1-COREP 3.2.xlsx,C 48.01
COREP,C_48.02,3.0,2021-06-30,2023-06-30,official,https://www.eba.europa.eu/risk-and-data-analysis/reporting/reporting-frameworks/reporting-framework-30,Reporting framework 3.0 applicable from June 2021; COREP technical package 3.0.1,3.0.1_layouts.zip,Annotated Table Layout 300-P1-COREP 3.0.errata.xlsx,C 48.02
COREP,C_48.02,3.2,2023-06-30,,official,https://www.eba.europa.eu/risk-and-data-analysis/reporting/reporting-frameworks/reporting-framework-32,COREP first reference date 06/2023,3.2_layouts.zip,Annotated Table Layout 320-P1-COREP 3.2.xlsx,C 48.02
COREP,C_51.00.a,2.9.1.1,2019-12-31,,baseline,https://www.eba.europa.eu/risk-and-data-analysis/reporting/reporting-frameworks/reporting-framework-29,Pre-period DPM layout baseline,2.9.1.1_layouts.zip,Annotated Table Layout 291-COREP 2.9.1.xlsx,C 51.00.a
COREP,C_51.00.b,2.9.1.1,2019-12-31,,baseline,https://www.eba.europa.eu/risk-and-data-analysis/reporting/reporting-frameworks/reporting-framework-29,Pre-period DPM layout baseline,2.9.1.1_layouts.zip,Annotated Table Layout 291-COREP 2.9.1.xlsx,C 51.00.b
COREP,C_51.00.w,2.9.1.1,2019-12-31,,baseline,https://www.eba.europa.eu/risk-and-data-analysis/reporting/reporting-frameworks/reporting-framework-29,Pre-period DPM layout baseline,2.9.1.1_layouts.zip,Annotated Table Layout 291-COREP 2.9.1.xlsx,C 51.00.w
COREP,C_51.00.x,2.9.1.1,2019-12-31,,baseline,https://www.eba.europa.eu/risk-and-data-analysis/reporting/reporting-frameworks/reporting-framework-29,Pre-period DPM layout baseline,2.9.1.1_layouts.zip,Annotated Table Layout 291-COREP 2.9.1.xlsx,C 51.00.x
COREP,C_52.00.a,2.9.1.1,2019-12-31,,baseline,https://www.eba.europa.eu/risk-and-data-analysis/reporting/reporting-frameworks/reporting-framework-29,Pre-period DPM layout baseline,2.9.1.1_layouts.zip,Annotated Table Layout 291-COREP 2.9.1.xlsx,C 52.00.a
COREP,C_52.00.b,2.9.1.1,2019-12-31,,baseline,https://www.eba.europa.eu/risk-and-data-analysis/reporting/reporting-frameworks/reporting-framework-29,Pre-period DPM layout baseline,2.9.1.1_layouts.zip,Annotated Table Layout 291-COREP 2.9.1.xlsx,C 52.00.b
COREP,C_52.00.c,2.9.1.1,2019-12-31,,baseline,https://www.eba.europa.eu/risk-and-data-analysis/reporting/reporting-frameworks/reporting-framework-29,Pre-period DPM layout baseline,2.9.1.1_layouts.zip,Annotated Table Layout 291-COREP 2.9.1.xlsx,C 52.00.c
COREP,C_52.00.d,2.9.1.1,2019-12-31,,baseline,https://www.eba.europa.eu/risk-and-data-analysis/reporting/reporting-frameworks/reporting-framework-29,Pre-period DPM layout baseline,2.9.1.1_layouts.zip,Annotated Table Layout 291-COREP 2.9.1.xlsx,C 52.00.d
COREP,C_52.00.w,2.9.1.1,2019-12-31,,baseline,https://www.eba.europa.eu/risk-and-data-analysis/reporting/reporting-frameworks/reporting-framework-29,Pre-period DPM layout baseline,2.9.1.1_layouts.zip,Annotated Table Layout 291-COREP 2.9.1.xlsx,C 52.00.w
COREP,C_52.00.x,2.9.1.1,2019-12-31,,baseline,https://www.eba.europa.eu/risk-and-data-analysis/reporting/reporting-frameworks/reporting-framework-29,Pre-period DPM layout baseline,2.9.1.1_layouts.zip,Annotated Table Layout 291-COREP 2.9.1.xlsx,C 52.00.x
COREP,C_52.00.y,2.9.1.1,2019-12-31,,baseline,https://www.eba.europa.eu/risk-and-data-analysis/reporting/reporting-frameworks/reporting-framework-29,Pre-period DPM layout baseline,2.9.1.1_layouts.zip,Annotated Table Layout 291-COREP 2.9.1.xlsx,C 52.00.y
COREP,C_52.00.z,2.9.1.1,2019-12-31,,baseline,https://www.eba.europa.eu/risk-and-data-analysis/reporting/reporting-frameworks/reporting-framework-29,Pre-period DPM layout baseline,2.9.1.1_layouts.zip,Annotated Table Layout 291-COREP 2.9.1.xlsx,C 52.00.z
COREP,C_53.00.a,2.9.1.1,2019-12-31,,baseline,https://www.eba.europa.eu/risk-and-data-analysis/reporting/reporting-frameworks/reporting-framework-29,Pre-period DPM layout baseline,2.9.1.1_layouts.zip,Annotated Table Layout 291-COREP 2.9.1.xlsx,C 53.00.a
COREP,C_53.00.b,2.9.1.1,2019-12-31,,baseline,https://www.eba.europa.eu/risk-and-data-analysis/reporting/reporting-frameworks/reporting-framework-29,Pre-period DPM layout baseline,2.9.1.1_layouts.zip,Annotated Table Layout 291-COREP 2.9.1.xlsx,C 53.00.b
COREP,C_53.00.c,2.9.1.1,2019-12-31,,baseline,https://www.eba.europa.eu/risk-and-data-analysis/reporting/reporting-frameworks/reporting-framework-29,Pre-period DPM layout baseline,2.9.1.1_layouts.zip,Annotated Table Layout 291-COREP 2.9.1.xlsx,C 53.00.c
COREP,C_53.00.w,2.9.1.1,2019-12-31,,baseline,https://www.eba.europa.eu/risk-and-data-analysis/reporting/reporting-frameworks/reporting-framework-29,Pre-period DPM layout baseline,2.9.1.1_layouts.zip,Annotated Table Layout 291-COREP 2.9.1.xlsx,C 53.00.w
COREP,C_53.00.x,2.9.1.1,2019-12-31,,baseline,https://www.eba.europa.eu/risk-and-data-analysis/reporting/reporting-frameworks/reporting-framework-29,Pre-period DPM layout baseline,2.9.1.1_layouts.zip,Annotated Table Layout 291-COREP 2.9.1.xlsx,C 53.00.x
COREP,C_53.00.y,2.9.1.1,2019-12-31,,baseline,https://www.eba.europa.eu/risk-and-data-analysis/reporting/reporting-frameworks/reporting-framework-29,Pre-period DPM layout baseline,2.9.1.1_layouts.zip,Annotated Table Layout 291-COREP 2.9.1.xlsx,C 53.00.y
COREP,C_54.00.a,2.9.1.1,2019-12-31,,baseline,https://www.eba.europa.eu/risk-and-data-analysis/reporting/reporting-frameworks/reporting-framework-29,Pre-period DPM layout baseline,2.9.1.1_layouts.zip,Annotated Table Layout 291-COREP 2.9.1.xlsx,C 54.00.a
COREP,C_54.00.w,2.9.1.1,2019-12-31,,baseline,https://www.eba.europa.eu/risk-and-data-analysis/reporting/reporting-frameworks/reporting-framework-29,Pre-period DPM layout baseline,2.9.1.1_layouts.zip,Annotated Table Layout 291-COREP 2.9.1.xlsx,C 54.00.w
COREP,C_60.00.a,2.9.1.1,2019-12-31,,baseline,https://www.eba.europa.eu/risk-and-data-analysis/reporting/reporting-frameworks/reporting-framework-29,Pre-period DPM layout baseline,2.9.1.1_layouts.zip,Annotated Table Layout 291-COREP 2.9.1.xlsx,C 60.00.a
COREP,C_60.00.b,2.9.1.1,2019-12-31,,baseline,https://www.eba.europa.eu/risk-and-data-analysis/reporting/reporting-frameworks/reporting-framework-29,Pre-period DPM layout baseline,2.9.1.1_layouts.zip,Annotated Table Layout 291-COREP 2.9.1.xlsx,C 60.00.b
COREP,C_60.00.w,2.9.1.1,2019-12-31,,baseline,https://www.eba.europa.eu/risk-and-data-analysis/reporting/reporting-frameworks/reporting-framework-29,Pre-period DPM layout baseline,2.9.1.1_layouts.zip,Annotated Table Layout 291-COREP 2.9.1.xlsx,C 60.00.w
COREP,C_60.00.x,2.9.1.1,2019-12-31,,baseline,https://www.eba.europa.eu/risk-and-data-analysis/reporting/reporting-frameworks/reporting-framework-29,Pre-period DPM layout baseline,2.9.1.1_layouts.zip,Annotated Table Layout 291-COREP 2.9.1.xlsx,C 60.00.x
COREP,C_61.00.a,2.9.1.1,2019-12-31,,baseline,https://www.eba.europa.eu/risk-and-data-analysis/reporting/reporting-frameworks/reporting-framework-29,Pre-period DPM layout baseline,2.9.1.1_layouts.zip,Annotated Table Layout 291-COREP 2.9.1.xlsx,C 61.00.a
COREP,C_61.00.b,2.9.1.1,2019-12-31,,baseline,https://www.eba.europa.eu/risk-and-data-analysis/reporting/reporting-frameworks/reporting-framework-29,Pre-period DPM layout baseline,2.9.1.1_layouts.zip,Annotated Table Layout 291-COREP 2.9.1.xlsx,C 61.00.b
COREP,C_61.00.w,2.9.1.1,2019-12-31,,baseline,https://www.eba.europa.eu/risk-and-data-analysis/reporting/reporting-frameworks/reporting-framework-29,Pre-period DPM layout baseline,2.9.1.1_layouts.zip,Annotated Table Layout 291-COREP 2.9.1.xlsx,C 61.00.w
COREP,C_61.00.x,2.9.1.1,2019-12-31,,baseline,https://www.eba.europa.eu/risk-and-data-analysis/reporting/reporting-frameworks/reporting-framework-29,Pre-period DPM layout baseline,2.9.1.1_layouts.zip,Annotated Table Layout 291-COREP 2.9.1.xlsx,C 61.00.x
COREP,C_66.01.a,2.9.1.1,2019-12-31,2021-06-30,baseline,https://www.eba.europa.eu/risk-and-data-analysis/reporting/reporting-frameworks/reporting-framework-29,Pre-period DPM layout baseline,2.9.1.1_layouts.zip,Annotated Table Layout 291-COREP 2.9.1.xlsx,C 66.01.a
COREP,C_66.01.a,3.0,2021-06-30,2023-06-30,official,https://www.eba.europa.eu/risk-and-data-analysis/reporting/reporting-frameworks/reporting-framework-30,Reporting framework 3.0 applicable from June 2021; COREP technical package 3.0.1,3.0.1_layouts.zip,Annotated Table Layout 300-P1-COREP 3.0.errata.xlsx,C 66.01.a
COREP,C_66.01.a,3.2,2023-06-30,,official,https://www.eba.europa.eu/risk-and-data-analysis/reporting/reporting-frameworks/reporting-framework-32,COREP first reference date 06/2023,3.2_layouts.zip,Annotated Table Layout 320-P1-COREP 3.2.xlsx,C 66.01.a
COREP,C_66.01.b,2.9.1.1,2019-12-31,2021-06-30,baseline,https://www.eba.europa.eu/risk-and-data-analysis/reporting/reporting-frameworks/reporting-framework-29,Pre-period DPM layout baseline,2.9.1.1_layouts.zip,Annotated Table Layout 291-COREP 2.9.1.xlsx,C 66.01.b
COREP,C_66.01.b,3.0,2021-06-30,2023-06-30,official,https://www.eba.europa.eu/risk-and-data-analysis/reporting/reporting-frameworks/reporting-framework-30,Reporting framework 3.0 applicable from June 2021; COREP technical package 3.0.1,3.0.1_layouts.zip,Annotated Table Layout 300-P1-COREP 3.0.errata.xlsx,C 66.01.b
COREP,C_66.01.b,3.2,2023-06-30,,official,https://www.eba.europa.eu/risk-and-data-analysis/reporting/reporting-frameworks/reporting-framework-32,COREP first reference date 06/2023,3.2_layouts.zip,Annotated Table Layout 320-P1-COREP 3.2.xlsx,C 66.01.b
COREP,C_66.01.c,2.9.1.1,2019-12-31,2021-06-30,baseline,https://www.eba.europa.eu/risk-and-data-analysis/reporting/reporting-frameworks/reporting-framework-29,Pre-period DPM layout baseline,2.9.1.1_layouts.zip,Annotated Table Layout 291-COREP 2.9.1.xlsx,C 66.01.c
COREP,C_66.01.c,3.0,2021-06-30,2023-06-30,official,https://www.eba.europa.eu/risk-and-data-analysis/reporting/reporting-frameworks/reporting-framework-30,Reporting framework 3.0 applicable from June 2021; COREP technical package 3.0.1,3.0.1_layouts.zip,Annotated Table Layout 300-P1-COREP 3.0.errata.xlsx,C 66.01.c
COREP,C_66.01.c,3.2,2023-06-30,,official,https://www.eba.europa.eu/risk-and-data-analysis/reporting/reporting-frameworks/reporting-framework-32,COREP first reference date 06/2023,3.2_layouts.zip,Annotated Table Layout 320-P1-COREP 3.2.xlsx,C 66.01.c
COREP,C_66.01.w,2.9.1.1,2019-12-31,2021-06-30,baseline,https://www.eba.europa.eu/risk-and-data-analysis/reporting/reporting-frameworks/reporting-framework-29,Pre-period DPM layout baseline,2.9.1.1_layouts.zip,Annotated Table Layout 291-COREP 2.9.1.xlsx,C 66.01.w
COREP,C_66.01.w,3.0,2021-06-30,2023-06-30,official,https://www.eba.europa.eu/risk-and-data-analysis/reporting/reporting-frameworks/reporting-framework-30,Reporting framework 3.0 applicable from June 2021; COREP technical package 3.0.1,3.0.1_layouts.zip,Annotated Table Layout 300-P1-COREP 3.0.errata.xlsx,C 66.01.w
COREP,C_66.01.w,3.2,2023-06-30,,official,https://www.eba.europa.eu/risk-and-data-analysis/reporting/reporting-frameworks/reporting-framework-32,COREP first reference date 06/2023,3.2_layouts.zip,Annotated Table Layout 320-P1-COREP 3.2.xlsx,C 66.01.w
COREP,C_66.01.x,2.9.1.1,2019-12-31,2021-06-30,baseline,https://www.eba.europa.eu/risk-and-data-analysis/reporting/reporting-frameworks/reporting-framework-29,Pre-period DPM layout baseline,2.9.1.1_layouts.zip,Annotated Table Layout 291-COREP 2.9.1.xlsx,C 66.01.x
COREP,C_66.01.x,3.0,2021-06-30,2023-06-30,official,https://www.eba.europa.eu/risk-and-data-analysis/reporting/reporting-frameworks/reporting-framework-30,Reporting framework 3.0 applicable from June 2021; COREP technical package 3.0.1,3.0.1_layouts.zip,Annotated Table Layout 300-P1-COREP 3.0.errata.xlsx,C 66.01.x
COREP,C_66.01.x,3.2,2023-06-30,,official,https://www.eba.europa.eu/risk-and-data-analysis/reporting/reporting-frameworks/reporting-framework-32,COREP first reference date 06/2023,3.2_layouts.zip,Annotated Table Layout 320-P1-COREP 3.2.xlsx,C 66.01.x
COREP,C_66.01.y,2.9.1.1,2019-12-31,2021-06-30,baseline,https://www.eba.europa.eu/risk-and-data-analysis/reporting/reporting-frameworks/reporting-framework-29,Pre-period DPM layout baseline,2.9.1.1_layouts.zip,Annotated Table Layout 291-COREP 2.9.1.xlsx,C 66.01.y
COREP,C_66.01.y,3.0,2021-06-30,2023-06-30,official,https://www.eba.europa.eu/risk-and-data-analysis/reporting/reporting-frameworks/reporting-framework-30,Reporting framework 3.0 applicable from June 2021; COREP technical package 3.0.1,3.0.1_layouts.zip,Annotated Table Layout 300-P1-COREP 3.0.errata.xlsx,C 66.01.y
COREP,C_66.01.y,3.2,2023-06-30,,official,https://www.eba.europa.eu/risk-and-data-analysis/reporting/reporting-frameworks/reporting-framework-32,COREP first reference date 06/2023,3.2_layouts.zip,Annotated Table Layout 320-P1-COREP 3.2.xlsx,C 66.01.y
COREP,C_67.00.a,2.9.1.1,2019-12-31,2021-06-30,baseline,https://www.eba.europa.eu/risk-and-data-analysis/reporting/reporting-frameworks/reporting-framework-29,Pre-period DPM layout baseline,2.9.1.1_layouts.zip,Annotated Table Layout 291-COREP 2.9.1.xlsx,C 67.00.a
COREP,C_67.00.a,3.0,2021-06-30,2023-06-30,official,https://www.eba.europa.eu/risk-and-data-analysis/reporting/reporting-frameworks/reporting-framework-30,Reporting framework 3.0 applicable from June 2021; COREP technical package 3.0.1,3.0.1_layouts.zip,Annotated Table Layout 300-P1-COREP 3.0.errata.xlsx,C 67.00.a
COREP,C_67.00.a,3.2,2023-06-30,,official,https://www.eba.europa.eu/risk-and-data-analysis/reporting/reporting-frameworks/reporting-framework-32,COREP first reference date 06/2023,3.2_layouts.zip,Annotated Table Layout 320-P1-COREP 3.2.xlsx,C 67.00.a
COREP,C_67.00.w,2.9.1.1,2019-12-31,2021-06-30,baseline,https://www.eba.europa.eu/risk-and-data-analysis/reporting/reporting-frameworks/reporting-framework-29,Pre-period DPM layout baseline,2.9.1.1_layouts.zip,Annotated Table Layout 291-COREP 2.9.1.xlsx,C 67.00.w
COREP,C_67.00.w,3.0,2021-06-30,2023-06-30,official,https://www.eba.europa.eu/risk-and-data-analysis/reporting/reporting-frameworks/reporting-framework-30,Reporting framework 3.0 applicable from June 2021; COREP technical package 3.0.1,3.0.1_layouts.zip,Annotated Table Layout 300-P1-COREP 3.0.errata.xlsx,C 67.00.w
COREP,C_67.00.w,3.2,2023-06-30,,official,https://www.eba.europa.eu/risk-and-data-analysis/reporting/reporting-frameworks/reporting-framework-32,COREP first reference date 06/2023,3.2_layouts.zip,Annotated Table Layout 320-P1-COREP 3.2.xlsx,C 67.00.w
COREP,C_68.00.a,2.9.1.1,2019-12-31,2021-06-30,baseline,https://www.eba.europa.eu/risk-and-data-analysis/reporting/reporting-frameworks/reporting-framework-29,Pre-period DPM layout baseline,2.9.1.1_layouts.zip,Annotated Table Layout 291-COREP 2.9.1.xlsx,C 68.00.a
COREP,C_68.00.a,3.0,2021-06-30,2023-06-30,official,https://www.eba.europa.eu/risk-and-data-analysis/reporting/reporting-frameworks/reporting-framework-30,Reporting framework 3.0 applicable from June 2021; COREP technical package 3.0.1,3.0.1_layouts.zip,Annotated Table Layout 300-P1-COREP 3.0.errata.xlsx,C 68.00.a
COREP,C_68.00.a,3.2,2023-06-30,,official,https://www.eba.europa.eu/risk-and-data-analysis/reporting/reporting-frameworks/reporting-framework-32,COREP first reference date 06/2023,3.2_layouts.zip,Annotated Table Layout 320-P1-COREP 3.2.xlsx,C 68.00.a
COREP,C_68.00.w,2.9.1.1,2019-12-31,2021-06-30,baseline,https://www.eba.europa.eu/risk-and-data-analysis/reporting/reporting-frameworks/reporting-framework-29,Pre-period DPM layout baseline,2.9.1.1_layouts.zip,Annotated Table Layout 291-COREP 2.9.1.xlsx,C 68.00.w
COREP,C_68.00.w,3.0,2021-06-30,2023-06-30,official,https://www.eba.europa.eu/risk-and-data-analysis/reporting/reporting-frameworks/reporting-framework-30,Reporting framework 3.0 applicable from June 2021; COREP technical package 3.0.1,3.0.1_layouts.zip,Annotated Table Layout 300-P1-COREP 3.0.errata.xlsx,C 68.00.w
COREP,C_68.00.w,3.2,2023-06-30,,official,https://www.eba.europa.eu/risk-and-data-analysis/reporting/reporting-frameworks/reporting-framework-32,COREP first reference date 06/2023,3.2_layouts.zip,Annotated Table Layout 320-P1-COREP 3.2.xlsx,C 68.00.w
COREP,C_69.00.a,2.9.1.1,2019-12-31,2021-06-30,baseline,https://www.eba.europa.eu/risk-and-data-analysis/reporting/reporting-frameworks/reporting-framework-29,Pre-period DPM layout baseline,2.9.1.1_layouts.zip,Annotated Table Layout 291-COREP 2.9.1.xlsx,C 69.00.a
COREP,C_69.00.a,3.0,2021-06-30,2023-06-30,official,https://www.eba.europa.eu/risk-and-data-analysis/reporting/reporting-frameworks/reporting-framework-30,Reporting framework 3.0 applicable from June 2021; COREP technical package 3.0.1,3.0.1_layouts.zip,Annotated Table Layout 300-P1-COREP 3.0.errata.xlsx,C 69.00.a
COREP,C_69.00.a,3.2,2023-06-30,,official,https://www.eba.europa.eu/risk-and-data-analysis/reporting/reporting-frameworks/reporting-framework-32,COREP first reference date 06/2023,3.2_layouts.zip,Annotated Table Layout 320-P1-COREP 3.2.xlsx,C 69.00.a
COREP,C_69.00.w,2.9.1.1,2019-12-31,2021-06-30,baseline,https://www.eba.europa.eu/risk-and-data-analysis/reporting/reporting-frameworks/reporting-framework-29,Pre-period DPM layout baseline,2.9.1.1_layouts.zip,Annotated Table Layout 291-COREP 2.9.1.xlsx,C 69.00.w
COREP,C_69.00.w,3.0,2021-06-30,2023-06-30,official,https://www.eba.europa.eu/risk-and-data-analysis/reporting/reporting-frameworks/reporting-framework-30,Reporting framework 3.0 applicable from June 2021; COREP technical package 3.0.1,3.0.1_layouts.zip,Annotated Table Layout 300-P1-COREP 3.0.errata.xlsx,C 69.00.w
COREP,C_69.00.w,3.2,2023-06-30,,official,https://www.eba.europa.eu/risk-and-data-analysis/reporting/reporting-frameworks/reporting-framework-32,COREP first reference date 06/2023,3.2_layouts.zip,Annotated Table Layout 320-P1-COREP 3.2.xlsx,C 69.00.w
COREP,C_70.00.a,2.9.1.1,2019-12-31,2021-06-30,baseline,https://www.eba.europa.eu/risk-and-data-analysis/reporting/reporting-frameworks/reporting-framework-29,Pre-period DPM layout baseline,2.9.1.1_layouts.zip,Annotated Table Layout 291-COREP 2.9.1.xlsx,C 70.00.a
COREP,C_70.00.a,3.0,2021-06-30,2023-06-30,official,https://www.eba.europa.eu/risk-and-data-analysis/reporting/reporting-frameworks/reporting-framework-30,Reporting framework 3.0 applicable from June 2021; COREP technical package 3.0.1,3.0.1_layouts.zip,Annotated Table Layout 300-P1-COREP 3.0.errata.xlsx,C 70.00.a
COREP,C_70.00.a,3.2,2023-06-30,,official,https://www.eba.europa.eu/risk-and-data-analysis/reporting/reporting-frameworks/reporting-framework-32,COREP first reference date 06/2023,3.2_layouts.zip,Annotated Table Layout 320-P1-COREP 3.2.xlsx,C 70.00.a
COREP,C_70.00.w,2.9.1.1,2019-12-31,2021-06-30,baseline,https://www.eba.europa.eu/risk-and-data-analysis/reporting/reporting-frameworks/reporting-framework-29,Pre-period DPM layout baseline,2.9.1.1_layouts.zip,Annotated Table Layout 291-COREP 2.9.1.xlsx,C 70.00.w
COREP,C_70.00.w,3.0,2021-06-30,2023-06-30,official,https://www.eba.europa.eu/risk-and-data-analysis/reporting/reporting-frameworks/reporting-framework-30,Reporting framework 3.0 applicable from June 2021; COREP technical package 3.0.1,3.0.1_layouts.zip,Annotated Table Layout 300-P1-COREP 3.0.errata.xlsx,C 70.00.w
COREP,C_70.00.w,3.2,2023-06-30,,official,https://www.eba.europa.eu/risk-and-data-analysis/reporting/reporting-frameworks/reporting-framework-32,COREP first reference date 06/2023,3.2_layouts.zip,Annotated Table Layout 320-P1-COREP 3.2.xlsx,C 70.00.w
COREP,C_71.00.a,2.9.1.1,2019-12-31,2021-06-30,baseline,https://www.eba.europa.eu/risk-and-data-analysis/reporting/reporting-frameworks/reporting-framework-29,Pre-period DPM layout baseline,2.9.1.1_layouts.zip,Annotated Table Layout 291-COREP 2.9.1.xlsx,C 71.00.a
COREP,C_71.00.a,3.0,2021-06-30,2023-06-30,official,https://www.eba.europa.eu/risk-and-data-analysis/reporting/reporting-frameworks/reporting-framework-30,Reporting framework 3.0 applicable from June 2021; COREP technical package 3.0.1,3.0.1_layouts.zip,Annotated Table Layout 300-P1-COREP 3.0.errata.xlsx,C 71.00.a
COREP,C_71.00.a,3.2,2023-06-30,,official,https://www.eba.europa.eu/risk-and-data-analysis/reporting/reporting-frameworks/reporting-framework-32,COREP first reference date 06/2023,3.2_layouts.zip,Annotated Table Layout 320-P1-COREP 3.2.xlsx,C 71.00.a
COREP,C_71.00.w,2.9.1.1,2019-12-31,2021-06-30,baseline,https://www.eba.europa.eu/risk-and-data-analysis/reporting/reporting-frameworks/reporting-framework-29,Pre-period DPM layout baseline,2.9.1.1_layouts.zip,Annotated Table Layout 291-COREP 2.9.1.xlsx,C 71.00.w
COREP,C_71.00.w,3.0,2021-06-30,2023-06-30,official,https://www.eba.europa.eu/risk-and-data-analysis/reporting/reporting-frameworks/reporting-framework-30,Reporting framework 3.0 applicable from June 2021; COREP technical package 3.0.1,3.0.1_layouts.zip,Annotated Table Layout 300-P1-COREP 3.0.errata.xlsx,C 71.00.w
COREP,C_71.00.w,3.2,2023-06-30,,official,https://www.eba.europa.eu/risk-and-data-analysis/reporting/reporting-frameworks/reporting-framework-32,COREP first reference date 06/2023,3.2_layouts.zip,Annotated Table Layout 320-P1-COREP 3.2.xlsx,C 71.00.w
COREP,C_72.00.a,2.9.1.1,2019-12-31,2021-06-30,baseline,https://www.eba.europa.eu/risk-and-data-analysis/reporting/reporting-frameworks/reporting-framework-29,Pre-period DPM layout baseline,2.9.1.1_layouts.zip,Annotated Table Layout 291-COREP 2.9.1.xlsx,C 72.00.a
COREP,C_72.00.a,3.0,2021-06-30,2023-06-30,official,https://www.eba.europa.eu/risk-and-data-analysis/reporting/reporting-frameworks/reporting-framework-30,Reporting framework 3.0 applicable from June 2021; COREP technical package 3.0.1,3.0.1_layouts.zip,Annotated Table Layout 300-P1-COREP 3.0.errata.xlsx,C 72.00.a
COREP,C_72.00.a,3.2,2023-06-30,,official,https://www.eba.europa.eu/risk-and-data-analysis/reporting/reporting-frameworks/reporting-framework-32,COREP first reference date 06/2023,3.2_layouts.zip,Annotated Table Layout 320-P1-COREP 3.2.xlsx,C 72.00.a
COREP,C_72.00.w,2.9.1.1,2019-12-31,2021-06-30,baseline,https://www.eba.europa.eu/risk-and-data-analysis/reporting/reporting-frameworks/reporting-framework-29,Pre-period DPM layout baseline,2.9.1.1_layouts.zip,Annotated Table Layout 291-COREP 2.9.1.xlsx,C 72.00.w
COREP,C_72.00.w,3.0,2021-06-30,2023-06-30,official,https://www.eba.europa.eu/risk-and-data-analysis/reporting/reporting-frameworks/reporting-framework-30,Reporting framework 3.0 applicable from June 2021; COREP technical package 3.0.1,3.0.1_layouts.zip,Annotated Table Layout 300-P1-COREP 3.0.errata.xlsx,C 72.00.w
COREP,C_72.00.w,3.2,2023-06-30,,official,https://www.eba.europa.eu/risk-and-data-analysis/reporting/reporting-frameworks/reporting-framework-32,COREP first reference date 06/2023,3.2_layouts.zip,Annotated Table Layout 320-P1-COREP 3.2.xlsx,C 72.00.w
COREP,C_73.00.a,2.9.1.1,2019-12-31,2021-06-30,baseline,https://www.eba.europa.eu/risk-and-data-analysis/reporting/reporting-frameworks/reporting-framework-29,Pre-period DPM layout baseline,2.9.1.1_layouts.zip,Annotated Table Layout 291-COREP 2.9.1.xlsx,C 73.00.a
COREP,C_73.00.a,3.0,2021-06-30,2023-06-30,official,https://www.eba.europa.eu/risk-and-data-analysis/reporting/reporting-frameworks/reporting-framework-30,Reporting framework 3.0 applicable from June 2021; COREP technical package 3.0.1,3.0.1_layouts.zip,Annotated Table Layout 300-P1-COREP 3.0.errata.xlsx,C 73.00.a
COREP,C_73.00.a,3.2,2023-06-30,,official,https://www.eba.europa.eu/risk-and-data-analysis/reporting/reporting-frameworks/reporting-framework-32,COREP first reference date 06/2023,3.2_layouts.zip,Annotated Table Layout 320-P1-COREP 3.2.xlsx,C 73.00.a
COREP,C_73.00.w,2.9.1.1,2019-12-31,2021-06-30,baseline,https://www.eba.europa.eu/risk-and-data-analysis/reporting/reporting-frameworks/reporting-framework-29,Pre-period DPM layout baseline,2.9.1.1_layouts.zip,Annotated Table Layout 291-COREP 2.9.1.xlsx,C 73.00.w
COREP,C_73.00.w,3.0,2021-06-30,2023-06-30,official,https://www.eba.europa.eu/risk-and-data-analysis/reporting/reporting-frameworks/reporting-framework-30,Reporting framework 3.0 applicable from June 2021; COREP technical package 3.0.1,3.0.1_layouts.zip,Annotated Table Layout 300-P1-COREP 3.0.errata.xlsx,C 73.00.w
COREP,C_73.00.w,3.2,2023-06-30,,official,https://www.eba.europa.eu/risk-and-data-analysis/reporting/reporting-frameworks/reporting-framework-32,COREP first reference date 06/2023,3.2_layouts.zip,Annotated Table Layout 320-P1-COREP 3.2.xlsx,C 73.00.w
COREP,C_74.00.a,2.9.1.1,2019-12-31,2021-06-30,baseline,https://www.eba.europa.eu/risk-and-data-analysis/reporting/reporting-frameworks/reporting-framework-29,Pre-period DPM layout baseline,2.9.1.1_layouts.zip,Annotated Table Layout 291-COREP 2.9.1.xlsx,C 74.00.a
COREP,C_74.00.a,3.0,2021-06-30,2023-06-30,official,https://www.eba.europa.eu/risk-and-data-analysis/reporting/reporting-frameworks/reporting-framework-30,Reporting framework 3.0 applicable from June 2021; COREP technical package 3.0.1,3.0.1_layouts.zip,Annotated Table Layout 300-P1-COREP 3.0.errata.xlsx,C 74.00.a
COREP,C_74.00.a,3.2,2023-06-30,,official,https://www.eba.europa.eu/risk-and-data-analysis/reporting/reporting-frameworks/reporting-framework-32,COREP first reference date 06/2023,3.2_layouts.zip,Annotated Table Layout 320-P1-COREP 3.2.xlsx,C 74.00.a
COREP,C_74.00.w,2.9.1.1,2019-12-31,2021-06-30,baseline,https://www.eba.europa.eu/risk-and-data-analysis/reporting/reporting-frameworks/reporting-framework-29,Pre-period DPM layout baseline,2.9.1.1_layouts.zip,Annotated Table Layout 291-COREP 2.9.1.xlsx,C 74.00.w
COREP,C_74.00.w,3.0,2021-06-30,2023-06-30,official,https://www.eba.europa.eu/risk-and-data-analysis/reporting/reporting-frameworks/reporting-framework-30,Reporting framework 3.0 applicable from June 2021; COREP technical package 3.0.1,3.0.1_layouts.zip,Annotated Table Layout 300-P1-COREP 3.0.errata.xlsx,C 74.00.w
COREP,C_74.00.w,3.2,2023-06-30,,official,https://www.eba.europa.eu/risk-and-data-analysis/reporting/reporting-frameworks/reporting-framework-32,COREP first reference date 06/2023,3.2_layouts.zip,Annotated Table Layout 320-P1-COREP 3.2.xlsx,C 74.00.w
COREP,C_75.01.a,2.9.1.1,2019-12-31,2021-06-30,baseline,https://www.eba.europa.eu/risk-and-data-analysis/reporting/reporting-frameworks/reporting-framework-29,Pre-period DPM layout baseline,2.9.1.1_layouts.zip,Annotated Table Layout 291-COREP 2.9.1.xlsx,C 75.01.a
COREP,C_75.01.a,3.0,2021-06-30,2023-06-30,official,https://www.eba.europa.eu/risk-and-data-analysis/reporting/reporting-frameworks/reporting-framework-30,Reporting framework 3.0 applicable from June 2021; COREP technical package 3.0.1,3.0.1_layouts.zip,Annotated Table Layout 300-P1-COREP 3.0.errata.xlsx,C 75.01.a
COREP,C_75.01.a,3.2,2023-06-30,,official,https://www.eba.europa.eu/risk-and-data-analysis/reporting/reporting-frameworks/reporting-framework-32,COREP first reference date 06/2023,3.2_layouts.zip,Annotated Table Layout 320-P1-COREP 3.2.xlsx,C 75.01.a
COREP,C_75.01.w,2.9.1.1,2019-12-31,2021-06-30,baseline,https://www.eba.europa.eu/risk-and-data-analysis/reporting/reporting-frameworks/reporting-framework-29,Pre-period DPM layout baseline,2.9.1.1_layouts.zip,Annotated Table Layout 291-COREP 2.9.1.xlsx,C 75.01.w
COREP,C_75.01.w,3.0,2021-06-30,2023-06-30,official,https://www.eba.europa.eu/risk-and-data-analysis/reporting/reporting-frameworks/reporting-framework-30,Reporting framework 3.0 applicable from June 2021; COREP technical package 3.0.1,3.0.1_layouts.zip,Annotated Table Layout 300-P1-COREP 3.0.errata.xlsx,C 75.01.w
COREP,C_75.01.w,3.2,2023-06-30,,official,https://www.eba.europa.eu/risk-and-data-analysis/reporting/reporting-frameworks/reporting-framework-32,COREP first reference date 06/2023,3.2_layouts.zip,Annotated Table Layout 320-P1-COREP 3.2.xlsx,C 75.01.w
COREP,C_76.00.a,2.9.1.1,2019-12-31,2021-06-30,baseline,https://www.eba.europa.eu/risk-and-data-analysis/reporting/reporting-frameworks/reporting-framework-29,Pre-period DPM layout baseline,2.9.1.1_layouts.zip,Annotated Table Layout 291-COREP 2.9.1.xlsx,C 76.00.a
COREP,C_76.00.a,3.0,2021-06-30,2023-06-30,official,https://www.eba.europa.eu/risk-and-data-analysis/reporting/reporting-frameworks/reporting-framework-30,Reporting framework 3.0 applicable from June 2021; COREP technical package 3.0.1,3.0.1_layouts.zip,Annotated Table Layout 300-P1-COREP 3.0.errata.xlsx,C 76.00.a
COREP,C_76.00.a,3.2,2023-06-30,,official,https://www.eba.europa.eu/risk-and-data-analysis/reporting/reporting-frameworks/reporting-framework-32,COREP first reference date 06/2023,3.2_layouts.zip,Annotated Table Layout 320-P1-COREP 3.2.xlsx,C 76.00.a
COREP,C_76.00.w,2.9.1.1,2019-12-31,2021-06-30,baseline,https://www.eba.europa.eu/risk-and-data-analysis/reporting/reporting-frameworks/reporting-framework-29,Pre-period DPM layout baseline,2.9.1.1_layouts.zip,Annotated Table Layout 291-COREP 2.9.1.xlsx,C 76.00.w
COREP,C_76.00.w,3.0,2021-06-30,2023-06-30,official,https://www.eba.europa.eu/risk-and-data-analysis/reporting/reporting-frameworks/reporting-framework-30,Reporting framework 3.0 applicable from June 2021; COREP technical package 3.0.1,3.0.1_layouts.zip,Annotated Table Layout 300-P1-COREP 3.0.errata.xlsx,C 76.00.w
COREP,C_76.00.w,3.2,2023-06-30,,official,https://www.eba.europa.eu/risk-and-data-analysis/reporting/reporting-frameworks/reporting-framework-32,COREP first reference date 06/2023,3.2_layouts.zip,Annotated Table Layout 320-P1-COREP 3.2.xlsx,C 76.00.w
COREP,C_77.00,2.9.1.1,2019-12-31,2021-06-30,baseline,https://www.eba.europa.eu/risk-and-data-analysis/reporting/reporting-frameworks/reporting-framework-29,Pre-period DPM layout baseline,2.9.1.1_layouts.zip,Annotated Table Layout 291-COREP 2.9.1.xlsx,C 77.00
COREP,C_77.00,3.0,2021-06-30,2023-06-30,official,https://www.eba.europa.eu/risk-and-data-analysis/reporting/reporting-frameworks/reporting-framework-30,Reporting framework 3.0 applicable from June 2021; COREP technical package 3.0.1,3.0.1_layouts.zip,Annotated Table Layout 300-P1-COREP 3.0.errata.xlsx,C 77.00
COREP,C_77.00,3.2,2023-06-30,,official,https://www.eba.europa.eu/risk-and-data-analysis/reporting/reporting-frameworks/reporting-framework-32,COREP first reference date 06/2023,3.2_layouts.zip,Annotated Table Layout 320-P1-COREP 3.2.xlsx,C 77.00
COREP,C_80.00.a,3.0,2021-06-30,2023-06-30,official,https://www.eba.europa.eu/risk-and-data-analysis/reporting/reporting-frameworks/reporting-framework-30,Reporting framework 3.0 applicable from June 2021; COREP technical package 3.0.1,3.0.1_layouts.zip,Annotated Table Layout 300-P1-COREP 3.0.errata.xlsx,C 80.00.a
COREP,C_80.00.a,3.2,2023-06-30,,official,https://www.eba.europa.eu/risk-and-data-analysis/reporting/reporting-frameworks/reporting-framework-32,COREP first reference date 06/2023,3.2_layouts.zip,Annotated Table Layout 320-P1-COREP 3.2.xlsx,C 80.00.a
COREP,C_80.00.b,3.0,2021-06-30,2023-06-30,official,https://www.eba.europa.eu/risk-and-data-analysis/reporting/reporting-frameworks/reporting-framework-30,Reporting framework 3.0 applicable from June 2021; COREP technical package 3.0.1,3.0.1_layouts.zip,Annotated Table Layout 300-P1-COREP 3.0.errata.xlsx,C 80.00.b
COREP,C_80.00.b,3.2,2023-06-30,,official,https://www.eba.europa.eu/risk-and-data-analysis/reporting/reporting-frameworks/reporting-framework-32,COREP first reference date 06/2023,3.2_layouts.zip,Annotated Table Layout 320-P1-COREP 3.2.xlsx,C 80.00.b
COREP,C_80.00.c,3.2,2023-06-30,,official,https://www.eba.europa.eu/risk-and-data-analysis/reporting/reporting-frameworks/reporting-framework-32,COREP first reference date 06/2023,3.2_layouts.zip,Annotated Table Layout 320-P1-COREP 3.2.xlsx,C 80.00.c
COREP,C_80.00.w,3.0,2021-06-30,2023-06-30,official,https://www.eba.europa.eu/risk-and-data-analysis/reporting/reporting-frameworks/reporting-framework-30,Reporting framework 3.0 applicable from June 2021; COREP technical package 3.0.1,3.0.1_layouts.zip,Annotated Table Layout 300-P1-COREP 3.0.errata.xlsx,C 80.00.w
COREP,C_80.00.w,3.2,2023-06-30,,official,https://www.eba.europa.eu/risk-and-data-analysis/reporting/reporting-frameworks/reporting-framework-32,COREP first reference date 06/2023,3.2_layouts.zip,Annotated Table Layout 320-P1-COREP 3.2.xlsx,C 80.00.w
COREP,C_80.00.x,3.2,2023-06-30,,official,https://www.eba.europa.eu/risk-and-data-analysis/reporting/reporting-frameworks/reporting-framework-32,COREP first reference date 06/2023,3.2_layouts.zip,Annotated Table Layout 320-P1-COREP 3.2.xlsx,C 80.00.x
COREP,C_80.00.y,3.0,2021-06-30,2023-06-30,official,https://www.eba.europa.eu/risk-and-data-analysis/reporting/reporting-frameworks/reporting-framework-30,Reporting framework 3.0 applicable from June 2021; COREP technical package 3.0.1,3.0.1_layouts.zip,Annotated Table Layout 300-P1-COREP 3.0.errata.xlsx,C 80.00.y
COREP,C_80.00.y,3.2,2023-06-30,,official,https://www.eba.europa.eu/risk-and-data-analysis/reporting/reporting-frameworks/reporting-framework-32,COREP first reference date 06/2023,3.2_layouts.zip,Annotated Table Layout 320-P1-COREP 3.2.xlsx,C 80.00.y
COREP,C_81.00.a,3.0,2021-06-30,2023-06-30,official,https://www.eba.europa.eu/risk-and-data-analysis/reporting/reporting-frameworks/reporting-framework-30,Reporting framework 3.0 applicable from June 2021; COREP technical package 3.0.1,3.0.1_layouts.zip,Annotated Table Layout 300-P1-COREP 3.0.errata.xlsx,C 81.00.a
COREP,C_81.00.a,3.2,2023-06-30,,official,https://www.eba.europa.eu/risk-and-data-analysis/reporting/reporting-frameworks/reporting-framework-32,COREP first reference date 06/2023,3.2_layouts.zip,Annotated Table Layout 320-P1-COREP 3.2.xlsx,C 81.00.a
COREP,C_81.00.b,3.0,2021-06-30,2023-06-30,official,https://www.eba.europa.eu/risk-and-data-analysis/reporting/reporting-frameworks/reporting-framework-30,Reporting framework 3.0 applicable from June 2021; COREP technical package 3.0.1,3.0.1_layouts.zip,Annotated Table Layout 300-P1-COREP 3.0.errata.xlsx,C 81.00.b
COREP,C_81.00.b,3.2,2023-06-30,,official,https://www.eba.europa.eu/risk-and-data-analysis/reporting/reporting-frameworks/reporting-framework-32,COREP first reference date 06/2023,3.2_layouts.zip,Annotated Table Layout 320-P1-COREP 3.2.xlsx,C 81.00.b
COREP,C_81.00.c,3.2,2023-06-30,,official,https://www.eba.europa.eu/risk-and-data-analysis/reporting/reporting-frameworks/reporting-framework-32,COREP first reference date 06/2023,3.2_layouts.zip,Annotated Table Layout 320-P1-COREP 3.2.xlsx,C 81.00.c
COREP,C_81.00.w,3.0,2021-06-30,2023-06-30,official,https://www.eba.europa.eu/risk-and-data-analysis/reporting/reporting-frameworks/reporting-framework-30,Reporting framework 3.0 applicable from June 2021; COREP technical package 3.0.1,3.0.1_layouts.zip,Annotated Table Layout 300-P1-COREP 3.0.errata.xlsx,C 81.00.w
COREP,C_81.00.w,3.2,2023-06-30,,official,https://www.eba.europa.eu/risk-and-data-analysis/reporting/reporting-frameworks/reporting-framework-32,COREP first reference date 06/2023,3.2_layouts.zip,Annotated Table Layout 320-P1-COREP 3.2.xlsx,C 81.00.w
COREP,C_81.00.x,3.2,2023-06-30,,official,https://www.eba.europa.eu/risk-and-data-analysis/reporting/reporting-frameworks/reporting-framework-32,COREP first reference date 06/2023,3.2_layouts.zip,Annotated Table Layout 320-P1-COREP 3.2.xlsx,C 81.00.x
COREP,C_81.00.y,3.0,2021-06-30,2023-06-30,official,https://www.eba.europa.eu/risk-and-data-analysis/reporting/reporting-frameworks/reporting-framework-30,Reporting framework 3.0 applicable from June 2021; COREP technical package 3.0.1,3.0.1_layouts.zip,Annotated Table Layout 300-P1-COREP 3.0.errata.xlsx,C 81.00.y
COREP,C_81.00.y,3.2,2023-06-30,,official,https://www.eba.europa.eu/risk-and-data-analysis/reporting/reporting-frameworks/reporting-framework-32,COREP first reference date 06/2023,3.2_layouts.zip,Annotated Table Layout 320-P1-COREP 3.2.xlsx,C 81.00.y
COREP,C_82.00.a,3.0,2021-06-30,2023-06-30,official,https://www.eba.europa.eu/risk-and-data-analysis/reporting/reporting-frameworks/reporting-framework-30,Reporting framework 3.0 applicable from June 2021; COREP technical package 3.0.1,3.0.1_layouts.zip,Annotated Table Layout 300-P1-COREP 3.0.errata.xlsx,C 82.00.a
COREP,C_82.00.a,3.2,2023-06-30,,official,https://www.eba.europa.eu/risk-and-data-analysis/reporting/reporting-frameworks/reporting-framework-32,COREP first reference date 06/2023,3.2_layouts.zip,Annotated Table Layout 320-P1-COREP 3.2.xlsx,C 82.00.a
COREP,C_82.00.b,3.0,2021-06-30,2023-06-30,official,https://www.eba.europa.eu/risk-and-data-analysis/reporting/reporting-frameworks/reporting-framework-30,Reporting framework 3.0 applicable from June 2021; COREP technical package 3.0.1,3.0.1_layouts.zip,Annotated Table Layout 300-P1-COREP 3.0.errata.xlsx,C 82.00.b
COREP,C_82.00.b,3.2,2023-06-30,,official,https://www.eba.europa.eu/risk-and-data-analysis/reporting/reporting-frameworks/reporting-framework-32,COREP first reference date 06/2023,3.2_layouts.zip,Annotated Table Layout 320-P1-COREP 3.2.xlsx,C 82.00.b
COREP,C_82.00.c,3.2,2023-06-30,,official,https://www.eba.europa.eu/risk-and-data-analysis/reporting/reporting-frameworks/reporting-framework-32,COREP first reference date 06/2023,3.2_layouts.zip,Annotated Table Layout 320-P1-COREP 3.2.xlsx,C 82.00.c
COREP,C_82.00.w,3.0,2021-06-30,2023-06-30,official,https://www.eba.europa.eu/risk-and-data-analysis/reporting/reporting-frameworks/reporting-framework-30,Reporting framework 3.0 applicable from June 2021; COREP technical package 3.0.1,3.0.1_layouts.zip,Annotated Table Layout 300-P1-COREP 3.0.errata.xlsx,C 82.00.w
COREP,C_82.00.w,3.2,2023-06-30,,official,https://www.eba.europa.eu/risk-and-data-analysis/reporting/reporting-frameworks/reporting-framework-32,COREP first reference date 06/2023,3.2_layouts.zip,Annotated Table Layout 320-P1-COREP 3.2.xlsx,C 82.00.w
COREP,C_82.00.x,3.2,2023-06-30,,official,https://www.eba.europa.eu/risk-and-data-analysis/reporting/reporting-frameworks/reporting-framework-32,COREP first reference date 06/2023,3.2_layouts.zip,Annotated Table Layout 320-P1-COREP 3.2.xlsx,C 82.00.x
COREP,C_82.00.y,3.0,2021-06-30,2023-06-30,official,https://www.eba.europa.eu/risk-and-data-analysis/reporting/reporting-frameworks/reporting-framework-30,Reporting framework 3.0 applicable from June 2021; COREP technical package 3.0.1,3.0.1_layouts.zip,Annotated Table Layout 300-P1-COREP 3.0.errata.xlsx,C 82.00.y
COREP,C_82.00.y,3.2,2023-06-30,,official,https://www.eba.europa.eu/risk-and-data-analysis/reporting/reporting-frameworks/reporting-framework-32,COREP first reference date 06/2023,3.2_layouts.zip,Annotated Table Layout 320-P1-COREP 3.2.xlsx,C 82.00.y
COREP,C_83.00.a,3.0,2021-06-30,2023-06-30,official,https://www.eba.europa.eu/risk-and-data-analysis/reporting/reporting-frameworks/reporting-framework-30,Reporting framework 3.0 applicable from June 2021; COREP technical package 3.0.1,3.0.1_layouts.zip,Annotated Table Layout 300-P1-COREP 3.0.errata.xlsx,C 83.00.a
COREP,C_83.00.a,3.2,2023-06-30,,official,https://www.eba.europa.eu/risk-and-data-analysis/reporting/reporting-frameworks/reporting-framework-32,COREP first reference date 06/2023,3.2_layouts.zip,Annotated Table Layout 320-P1-COREP 3.2.xlsx,C 83.00.a
COREP,C_83.00.b,3.2,2023-06-30,,official,https://www.eba.europa.eu/risk-and-data-analysis/reporting/reporting-frameworks/reporting-framework-32,COREP first reference date 06/2023,3.2_layouts.zip,Annotated Table Layout 320-P1-COREP 3.2.xlsx,C 83.00.b
COREP,C_83.00.c,3.2,2023-06-30,,official,https://www.eba.europa.eu/risk-and-data-analysis/reporting/reporting-frameworks/reporting-framework-32,COREP first reference date 06/2023,3.2_layouts.zip,Annotated Table Layout 320-P1-COREP 3.2.xlsx,C 83.00.c
COREP,C_83.00.w,3.0,2021-06-30,2023-06-30,official,https://www.eba.europa.eu/risk-and-data-analysis/reporting/reporting-frameworks/reporting-framework-30,Reporting framework 3.0 applicable from June 2021; COREP technical package 3.0.1,3.0.1_layouts.zip,Annotated Table Layout 300-P1-COREP 3.0.errata.xlsx,C 83.00.w
COREP,C_83.00.w,3.2,2023-06-30,,official,https://www.eba.europa.eu/risk-and-data-analysis/reporting/reporting-frameworks/reporting-framework-32,COREP first reference date 06/2023,3.2_layouts.zip,Annotated Table Layout 320-P1-COREP 3.2.xlsx,C 83.00.w
COREP,C_83.00.x,3.2,2023-06-30,,official,https://www.eba.europa.eu/risk-and-data-analysis/reporting/reporting-frameworks/reporting-framework-32,COREP first reference date 06/2023,3.2_layouts.zip,Annotated Table Layout 320-P1-COREP 3.2.xlsx,C 83.00.x
COREP,C_83.00.y,3.2,2023-06-30,,official,https://www.eba.europa.eu/risk-and-data-analysis/reporting/reporting-frameworks/reporting-framework-32,COREP first reference date 06/2023,3.2_layouts.zip,Annotated Table Layout 320-P1-COREP 3.2.xlsx,C 83.00.y
COREP,C_84.00.a,3.0,2021-06-30,2023-06-30,official,https://www.eba.europa.eu/risk-and-data-analysis/reporting/reporting-frameworks/reporting-framework-30,Reporting framework 3.0 applicable from June 2021; COREP technical package 3.0.1,3.0.1_layouts.zip,Annotated Table Layout 300-P1-COREP 3.0.errata.xlsx,C 84.00.a
COREP,C_84.00.a,3.2,2023-06-30,,official,https://www.eba.europa.eu/risk-and-data-analysis/reporting/reporting-frameworks/reporting-framework-32,COREP first reference date 06/2023,3.2_layouts.zip,Annotated Table Layout 320-P1-COREP 3.2.xlsx,C 84.00.a
COREP,C_84.00.b,3.0,2021-06-30,2023-06-30,official,https://www.eba.europa.eu/risk-and-data-analysis/reporting/reporting-frameworks/reporting-framework-30,Reporting framework 3.0 applicable from June 2021; COREP technical package 3.0.1,3.0.1_layouts.zip,Annotated Table Layout 300-P1-COREP 3.0.errata.xlsx,C 84.00.b
COREP,C_84.00.b,3.2,2023-06-30,,official,https://www.eba.europa.eu/risk-and-data-analysis/reporting/reporting-frameworks/reporting-framework-32,COREP first reference date 06/2023,3.2_layouts.zip,Annotated Table Layout 320-P1-COREP 3.2.xlsx,C 84.00.b
COREP,C_84.00.c,3.2,2023-06-30,,official,https://www.eba.europa.eu/risk-and-data-analysis/reporting/reporting-frameworks/reporting-framework-32,COREP first reference date 06/2023,3.2_layouts.zip,Annotated Table Layout 320-P1-COREP 3.2.xlsx,C 84.00.c
COREP,C_84.00.d,3.2,2023-06-30,,official,https://www.eba.europa.eu/risk-and-data-analysis/reporting/reporting-frameworks/reporting-framework-32,COREP first reference date 06/2023,3.2_layouts.zip,Annotated Table Layout 320-P1-COREP 3.2.xlsx,C 84.00.d
COREP,C_84.00.e,3.2,2023-06-30,,official,https://www.eba.europa.eu/risk-and-data-analysis/reporting/reporting-frameworks/reporting-framework-32,COREP first reference date 06/2023,3.2_layouts.zip,Annotated Table Layout 320-P1-COREP 3.2.xlsx,C 84.00.e
COREP,C_84.00.v,3.2,2023-06-30,,official,https://www.eba.europa.eu/risk-and-data-analysis/reporting/reporting-frameworks/reporting-framework-32,COREP first reference date 06/2023,3.2_layouts.zip,Annotated Table Layout 320-P1-COREP 3.2.xlsx,C 84.00.v
COREP,C_84.00.w,3.0,2021-06-30,2023-06-30,official,https://www.eba.europa.eu/risk-and-data-analysis/reporting/reporting-frameworks/reporting-framework-30,Reporting framework 3.0 applicable from June 2021; COREP technical package 3.0.1,3.0.1_layouts.zip,Annotated Table Layout 300-P1-COREP 3.0.errata.xlsx,C 84.00.w
COREP,C_84.00.w,3.2,2023-06-30,,official,https://www.eba.europa.eu/risk-and-data-analysis/reporting/reporting-frameworks/reporting-framework-32,COREP first reference date 06/2023,3.2_layouts.zip,Annotated Table Layout 320-P1-COREP 3.2.xlsx,C 84.00.w
COREP,C_84.00.x,3.2,2023-06-30,,official,https://www.eba.europa.eu/risk-and-data-analysis/reporting/reporting-frameworks/reporting-framework-32,COREP first reference date 06/2023,3.2_layouts.zip,Annotated Table Layout 320-P1-COREP 3.2.xlsx,C 84.00.x
COREP,C_84.00.y,3.0,2021-06-30,2023-06-30,official,https://www.eba.europa.eu/risk-and-data-analysis/reporting/reporting-frameworks/reporting-framework-30,Reporting framework 3.0 applicable from June 2021; COREP technical package 3.0.1,3.0.1_layouts.zip,Annotated Table Layout 300-P1-COREP 3.0.errata.xlsx,C 84.00.y
COREP,C_84.00.y,3.2,2023-06-30,,official,https://www.eba.europa.eu/risk-and-data-analysis/reporting/reporting-frameworks/reporting-framework-32,COREP first reference date 06/2023,3.2_layouts.zip,Annotated Table Layout 320-P1-COREP 3.2.xlsx,C 84.00.y
COREP,C_84.00.z,3.2,2023-06-30,,official,https://www.eba.europa.eu/risk-and-data-analysis/reporting/reporting-frameworks/reporting-framework-32,COREP first reference date 06/2023,3.2_layouts.zip,Annotated Table Layout 320-P1-COREP 3.2.xlsx,C 84.00.z
COREP,C_90.00,3.0,2021-06-30,2023-06-30,official,https://www.eba.europa.eu/risk-and-data-analysis/reporting/reporting-frameworks/reporting-framework-30,Reporting framework 3.0 applicable from June 2021; COREP technical package 3.0.1,3.0.1_layouts.zip,Annotated Table Layout 300-P1-COREP 3.0.errata.xlsx,C 90.00
COREP,C_90.00,3.2,2023-06-30,,official,https://www.eba.europa.eu/risk-and-data-analysis/reporting/reporting-frameworks/reporting-framework-32,COREP first reference date 06/2023,3.2_layouts.zip,Annotated Table Layout 320-P1-COREP 3.2.xlsx,C 90.00
COREP,C_90.00,3.5,,,not_applicable_provisional,https://www.eba.europa.eu/risk-and-data-analysis/reporting/reporting-frameworks/reporting-framework-35,The 3.5 COREP/FRTB material is provisional and not applicable until the framework starts applying; use the applicable predecessor until the final release,3.5_layouts.zip,Annotated Table Layout 3.5-COREP 3.5.xlsx,C 90.00
COREP,C_91.00,3.0,2021-06-30,2023-06-30,official,https://www.eba.europa.eu/risk-and-data-analysis/reporting/reporting-frameworks/reporting-framework-30,Reporting framework 3.0 applicable from June 2021; COREP technical package 3.0.1,3.0.1_layouts.zip,Annotated Table Layout 300-P1-COREP 3.0.errata.xlsx,C 91.00
COREP,C_91.00,3.2,2023-06-30,,official,https://www.eba.europa.eu/risk-and-data-analysis/reporting/reporting-frameworks/reporting-framework-32,COREP first reference date 06/2023,3.2_layouts.zip,Annotated Table Layout 320-P1-COREP 3.2.xlsx,C 91.00
COREP,C_91.01,3.5,,,not_applicable_provisional,https://www.eba.europa.eu/risk-and-data-analysis/reporting/reporting-frameworks/reporting-framework-35,The 3.5 COREP/FRTB material is provisional and not applicable until the framework starts applying; use the applicable predecessor until the final release,3.5_layouts.zip,Annotated Table Layout 3.5-COREP 3.5.xlsx,C 91.01
COREP,C_92.01,3.5,,,not_applicable_provisional,https://www.eba.europa.eu/risk-and-data-analysis/reporting/reporting-frameworks/reporting-framework-35,The 3.5 COREP/FRTB material is provisional and not applicable until the framework starts applying; use the applicable predecessor until the final release,3.5_layouts.zip,Annotated Table Layout 3.5-COREP 3.5.xlsx,C 92.01
COREP,C_92.02,3.5,,,not_applicable_provisional,https://www.eba.europa.eu/risk-and-data-analysis/reporting/reporting-frameworks/reporting-framework-35,The 3.5 COREP/FRTB material is provisional and not applicable until the framework starts applying; use the applicable predecessor until the final release,3.5_layouts.zip,Annotated Table Layout 3.5-COREP 3.5.xlsx,C 92.02
COREP,C_92.03,3.5,,,not_applicable_provisional,https://www.eba.europa.eu/risk-and-data-analysis/reporting/reporting-frameworks/reporting-framework-35,The 3.5 COREP/FRTB material is provisional and not applicable until the framework starts applying; use the applicable predecessor until the final release,3.5_layouts.zip,Annotated Table Layout 3.5-COREP 3.5.xlsx,C 92.03
COREP,C_92.04,3.5,,,not_applicable_provisional,https://www.eba.europa.eu/risk-and-data-analysis/reporting/reporting-frameworks/reporting-framework-35,The 3.5 COREP/FRTB material is provisional and not applicable until the framework starts applying; use the applicable predecessor until the final release,3.5_layouts.zip,Annotated Table Layout 3.5-COREP 3.5.xlsx,C 92.04
COREP,C_92.05,3.5,,,not_applicable_provisional,https://www.eba.europa.eu/risk-and-data-analysis/reporting/reporting-frameworks/reporting-framework-35,The 3.5 COREP/FRTB material is provisional and not applicable until the framework starts applying; use the applicable predecessor until the final release,3.5_layouts.zip,Annotated Table Layout 3.5-COREP 3.5.xlsx,C 92.05
COREP,C_92.06,3.5,,,not_applicable_provisional,https://www.eba.europa.eu/risk-and-data-analysis/reporting/reporting-frameworks/reporting-framework-35,The 3.5 COREP/FRTB material is provisional and not applicable until the framework starts applying; use the applicable predecessor until the final release,3.5_layouts.zip,Annotated Table Layout 3.5-COREP 3.5.xlsx,C 92.06
COREP,C_92.07.1,3.5,,,not_applicable_provisional,https://www.eba.europa.eu/risk-and-data-analysis/reporting/reporting-frameworks/reporting-framework-35,The 3.5 COREP/FRTB material is provisional and not applicable until the framework starts applying; use the applicable predecessor until the final release,3.5_layouts.zip,Annotated Table Layout 3.5-COREP 3.5.xlsx,C 92.07.1
COREP,C_92.07.2,3.5,,,not_applicable_provisional,https://www.eba.europa.eu/risk-and-data-analysis/reporting/reporting-frameworks/reporting-framework-35,The 3.5 COREP/FRTB material is provisional and not applicable until the framework starts applying; use the applicable predecessor until the final release,3.5_layouts.zip,Annotated Table Layout 3.5-COREP 3.5.xlsx,C 92.07.2
COREP,C_93.00.a,3.5,,,not_applicable_provisional,https://www.eba.europa.eu/risk-and-data-analysis/reporting/reporting-frameworks/reporting-framework-35,The 3.5 COREP/FRTB material is provisional and not applicable until the framework starts applying; use the applicable predecessor until the final release,3.5_layouts.zip,Annotated Table Layout 3.5-COREP 3.5.xlsx,C 93.00.a
COREP,C_93.00.b,3.5,,,not_applicable_provisional,https://www.eba.europa.eu/risk-and-data-analysis/reporting/reporting-frameworks/reporting-framework-35,The 3.5 COREP/FRTB material is provisional and not applicable until the framework starts applying; use the applicable predecessor until the final release,3.5_layouts.zip,Annotated Table Layout 3.5-COREP 3.5.xlsx,C 93.00.b
COREP,C_94.01,3.5,,,not_applicable_provisional,https://www.eba.europa.eu/risk-and-data-analysis/reporting/reporting-frameworks/reporting-framework-35,The 3.5 COREP/FRTB material is provisional and not applicable until the framework starts applying; use the applicable predecessor until the final release,3.5_layouts.zip,Annotated Table Layout 3.5-COREP 3.5.xlsx,C 94.01
COREP,C_94.02,3.5,,,not_applicable_provisional,https://www.eba.europa.eu/risk-and-data-analysis/reporting/reporting-frameworks/reporting-framework-35,The 3.5 COREP/FRTB material is provisional and not applicable until the framework starts applying; use the applicable predecessor until the final release,3.5_layouts.zip,Annotated Table Layout 3.5-COREP 3.5.xlsx,C 94.02
COREP,C_94.03,3.5,,,not_applicable_provisional,https://www.eba.europa.eu/risk-and-data-analysis/reporting/reporting-frameworks/reporting-framework-35,The 3.5 COREP/FRTB material is provisional and not applicable until the framework starts applying; use the applicable predecessor until the final release,3.5_layouts.zip,Annotated Table Layout 3.5-COREP 3.5.xlsx,C 94.03
COREP,C_95.00.a,3.5,,,not_applicable_provisional,https://www.eba.europa.eu/risk-and-data-analysis/reporting/reporting-frameworks/reporting-framework-35,The 3.5 COREP/FRTB material is provisional and not applicable until the framework starts applying; use the applicable predecessor until the final release,3.5_layouts.zip,Annotated Table Layout 3.5-COREP 3.5.xlsx,C 95.00.a
COREP,C_95.00.b,3.5,,,not_applicable_provisional,https://www.eba.europa.eu/risk-and-data-analysis/reporting/reporting-frameworks/reporting-framework-35,The 3.5 COREP/FRTB material is provisional and not applicable until the framework starts applying; use the applicable predecessor until the final release,3.5_layouts.zip,Annotated Table Layout 3.5-COREP 3.5.xlsx,C 95.00.b
COREP,C_96.01.1,3.5,,,not_applicable_provisional,https://www.eba.europa.eu/risk-and-data-analysis/reporting/reporting-frameworks/reporting-framework-35,The 3.5 COREP/FRTB material is provisional and not applicable until the framework starts applying; use the applicable predecessor until the final release,3.5_layouts.zip,Annotated Table Layout 3.5-COREP 3.5.xlsx,C 96.01.1
COREP,C_96.01.2,3.5,,,not_applicable_provisional,https://www.eba.europa.eu/risk-and-data-analysis/reporting/reporting-frameworks/reporting-framework-35,The 3.5 COREP/FRTB material is provisional and not applicable until the framework starts applying; use the applicable predecessor until the final release,3.5_layouts.zip,Annotated Table Layout 3.5-COREP 3.5.xlsx,C 96.01.2
COREP,C_96.02,3.5,,,not_applicable_provisional,https://www.eba.europa.eu/risk-and-data-analysis/reporting/reporting-frameworks/reporting-framework-35,The 3.5 COREP/FRTB material is provisional and not applicable until the framework starts applying; use the applicable predecessor until the final release,3.5_layouts.zip,Annotated Table Layout 3.5-COREP 3.5.xlsx,C 96.02
COREP,C_96.03,3.5,,,not_applicable_provisional,https://www.eba.europa.eu/risk-and-data-analysis/reporting/reporting-frameworks/reporting-framework-35,The 3.5 COREP/FRTB material is provisional and not applicable until the framework starts applying; use the applicable predecessor until the final release,3.5_layouts.zip,Annotated Table Layout 3.5-COREP 3.5.xlsx,C 96.03
COREP,C_96.04.1,3.5,,,not_applicable_provisional,https://www.eba.europa.eu/risk-and-data-analysis/reporting/reporting-frameworks/reporting-framework-35,The 3.5 COREP/FRTB material is provisional and not applicable until the framework starts applying; use the applicable predecessor until the final release,3.5_layouts.zip,Annotated Table Layout 3.5-COREP 3.5.xlsx,C 96.04.1
COREP,C_96.04.2,3.5,,,not_applicable_provisional,https://www.eba.europa.eu/risk-and-data-analysis/reporting/reporting-frameworks/reporting-framework-35,The 3.5 COREP/FRTB material is provisional and not applicable until the framework starts applying; use the applicable predecessor until the final release,3.5_layouts.zip,Annotated Table Layout 3.5-COREP 3.5.xlsx,C 96.04.2
COREP,C_96.05.1,3.5,,,not_applicable_provisional,https://www.eba.europa.eu/risk-and-data-analysis/reporting/reporting-frameworks/reporting-framework-35,The 3.5 COREP/FRTB material is provisional and not applicable until the framework starts applying; use the applicable predecessor until the final release,3.5_layouts.zip,Annotated Table Layout 3.5-COREP 3.5.xlsx,C 96.05.1
COREP,C_96.05.2,3.5,,,not_applicable_provisional,https://www.eba.europa.eu/risk-and-data-analysis/reporting/reporting-frameworks/reporting-framework-35,The 3.5 COREP/FRTB material is provisional and not applicable until the framework starts applying; use the applicable predecessor until the final release,3.5_layouts.zip,Annotated Table Layout 3.5-COREP 3.5.xlsx,C 96.05.2
COREP,C_97.00,3.5,,,not_applicable_provisional,https://www.eba.europa.eu/risk-and-data-analysis/reporting/reporting-frameworks/reporting-framework-35,The 3.5 COREP/FRTB material is provisional and not applicable until the framework starts applying; use the applicable predecessor until the final release,3.5_layouts.zip,Annotated Table Layout 3.5-COREP 3.5.xlsx,C 97.00
COREP,C_98.01.1,3.5,,,not_applicable_provisional,https://www.eba.europa.eu/risk-and-data-analysis/reporting/reporting-frameworks/reporting-framework-35,The 3.5 COREP/FRTB material is provisional and not applicable until the framework starts applying; use the applicable predecessor until the final release,3.5_layouts.zip,Annotated Table Layout 3.5-COREP 3.5.xlsx,C 98.01.1
COREP,C_98.01.2,3.5,,,not_applicable_provisional,https://www.eba.europa.eu/risk-and-data-analysis/reporting/reporting-frameworks/reporting-framework-35,The 3.5 COREP/FRTB material is provisional and not applicable until the framework starts applying; use the applicable predecessor until the final release,3.5_layouts.zip,Annotated Table Layout 3.5-COREP 3.5.xlsx,C 98.01.2
COREP,C_98.02.1,3.5,,,not_applicable_provisional,https://www.eba.europa.eu/risk-and-data-analysis/reporting/reporting-frameworks/reporting-framework-35,The 3.5 COREP/FRTB material is provisional and not applicable until the framework starts applying; use the applicable predecessor until the final release,3.5_layouts.zip,Annotated Table Layout 3.5-COREP 3.5.xlsx,C 98.02.1
COREP,C_98.02.2,3.5,,,not_applicable_provisional,https://www.eba.europa.eu/risk-and-data-analysis/reporting/reporting-frameworks/reporting-framework-35,The 3.5 COREP/FRTB material is provisional and not applicable until the framework starts applying; use the applicable predecessor until the final release,3.5_layouts.zip,Annotated Table Layout 3.5-COREP 3.5.xlsx,C 98.02.2
COREP,C_99.00,3.5,,,not_applicable_provisional,https://www.eba.europa.eu/risk-and-data-analysis/reporting/reporting-frameworks/reporting-framework-35,The 3.5 COREP/FRTB material is provisional and not applicable until the framework starts applying; use the applicable predecessor until the final release,3.5_layouts.zip,Annotated Table Layout 3.5-COREP 3.5.xlsx,C 99.00
COREP_ALM,C_00.01,4.2,2026-03-31,,official_except_explicit_overrides,https://www.eba.europa.eu/risk-and-data-analysis/reporting-frameworks/reporting-framework-42,All other modules use the completed DPM 2.0 glossary from 03/2026; DORA excluded,4.2_layouts.zip,260106 Annotated templates/COREP/20260106 Annotated Table Layout  COREP 4.2 COREP_ALMCOREP 4.2.xlsx,C_00.01
COREP_ALM,C_66.01.a,4.2,2026-03-31,,official_except_explicit_overrides,https://www.eba.europa.eu/risk-and-data-analysis/reporting-frameworks/reporting-framework-42,All other modules use the completed DPM 2.0 glossary from 03/2026; DORA excluded,4.2_layouts.zip,260106 Annotated templates/COREP/20260106 Annotated Table Layout  COREP 4.2 COREP_ALMCOREP 4.2.xlsx,C_66.01.a
COREP_ALM,C_66.01.b,4.2,2026-03-31,,official_except_explicit_overrides,https://www.eba.europa.eu/risk-and-data-analysis/reporting-frameworks/reporting-framework-42,All other modules use the completed DPM 2.0 glossary from 03/2026; DORA excluded,4.2_layouts.zip,260106 Annotated templates/COREP/20260106 Annotated Table Layout  COREP 4.2 COREP_ALMCOREP 4.2.xlsx,C_66.01.b
COREP_ALM,C_66.01.c,4.2,2026-03-31,,official_except_explicit_overrides,https://www.eba.europa.eu/risk-and-data-analysis/reporting-frameworks/reporting-framework-42,All other modules use the completed DPM 2.0 glossary from 03/2026; DORA excluded,4.2_layouts.zip,260106 Annotated templates/COREP/20260106 Annotated Table Layout  COREP 4.2 COREP_ALMCOREP 4.2.xlsx,C_66.01.c
COREP_ALM,C_66.01.w,4.2,2026-03-31,,official_except_explicit_overrides,https://www.eba.europa.eu/risk-and-data-analysis/reporting-frameworks/reporting-framework-42,All other modules use the completed DPM 2.0 glossary from 03/2026; DORA excluded,4.2_layouts.zip,260106 Annotated templates/COREP/20260106 Annotated Table Layout  COREP 4.2 COREP_ALMCOREP 4.2.xlsx,C_66.01.w
COREP_ALM,C_66.01.x,4.2,2026-03-31,,official_except_explicit_overrides,https://www.eba.europa.eu/risk-and-data-analysis/reporting-frameworks/reporting-framework-42,All other modules use the completed DPM 2.0 glossary from 03/2026; DORA excluded,4.2_layouts.zip,260106 Annotated templates/COREP/20260106 Annotated Table Layout  COREP 4.2 COREP_ALMCOREP 4.2.xlsx,C_66.01.x
COREP_ALM,C_66.01.y,4.2,2026-03-31,,official_except_explicit_overrides,https://www.eba.europa.eu/risk-and-data-analysis/reporting-frameworks/reporting-framework-42,All other modules use the completed DPM 2.0 glossary from 03/2026; DORA excluded,4.2_layouts.zip,260106 Annotated templates/COREP/20260106 Annotated Table Layout  COREP 4.2 COREP_ALMCOREP 4.2.xlsx,C_66.01.y
COREP_ALM,C_67.00.a,4.2,2026-03-31,,official_except_explicit_overrides,https://www.eba.europa.eu/risk-and-data-analysis/reporting-frameworks/reporting-framework-42,All other modules use the completed DPM 2.0 glossary from 03/2026; DORA excluded,4.2_layouts.zip,260106 Annotated templates/COREP/20260106 Annotated Table Layout  COREP 4.2 COREP_ALMCOREP 4.2.xlsx,C_67.00.a
COREP_ALM,C_67.00.w,4.2,2026-03-31,,official_except_explicit_overrides,https://www.eba.europa.eu/risk-and-data-analysis/reporting-frameworks/reporting-framework-42,All other modules use the completed DPM 2.0 glossary from 03/2026; DORA excluded,4.2_layouts.zip,260106 Annotated templates/COREP/20260106 Annotated Table Layout  COREP 4.2 COREP_ALMCOREP 4.2.xlsx,C_67.00.w
COREP_ALM,C_68.00.a,4.2,2026-03-31,,official_except_explicit_overrides,https://www.eba.europa.eu/risk-and-data-analysis/reporting-frameworks/reporting-framework-42,All other modules use the completed DPM 2.0 glossary from 03/2026; DORA excluded,4.2_layouts.zip,260106 Annotated templates/COREP/20260106 Annotated Table Layout  COREP 4.2 COREP_ALMCOREP 4.2.xlsx,C_68.00.a
COREP_ALM,C_68.00.w,4.2,2026-03-31,,official_except_explicit_overrides,https://www.eba.europa.eu/risk-and-data-analysis/reporting-frameworks/reporting-framework-42,All other modules use the completed DPM 2.0 glossary from 03/2026; DORA excluded,4.2_layouts.zip,260106 Annotated templates/COREP/20260106 Annotated Table Layout  COREP 4.2 COREP_ALMCOREP 4.2.xlsx,C_68.00.w
COREP_ALM,C_69.00.a,4.2,2026-03-31,,official_except_explicit_overrides,https://www.eba.europa.eu/risk-and-data-analysis/reporting-frameworks/reporting-framework-42,All other modules use the completed DPM 2.0 glossary from 03/2026; DORA excluded,4.2_layouts.zip,260106 Annotated templates/COREP/20260106 Annotated Table Layout  COREP 4.2 COREP_ALMCOREP 4.2.xlsx,C_69.00.a
COREP_ALM,C_69.00.w,4.2,2026-03-31,,official_except_explicit_overrides,https://www.eba.europa.eu/risk-and-data-analysis/reporting-frameworks/reporting-framework-42,All other modules use the completed DPM 2.0 glossary from 03/2026; DORA excluded,4.2_layouts.zip,260106 Annotated templates/COREP/20260106 Annotated Table Layout  COREP 4.2 COREP_ALMCOREP 4.2.xlsx,C_69.00.w
COREP_ALM,C_70.00.a,4.2,2026-03-31,,official_except_explicit_overrides,https://www.eba.europa.eu/risk-and-data-analysis/reporting-frameworks/reporting-framework-42,All other modules use the completed DPM 2.0 glossary from 03/2026; DORA excluded,4.2_layouts.zip,260106 Annotated templates/COREP/20260106 Annotated Table Layout  COREP 4.2 COREP_ALMCOREP 4.2.xlsx,C_70.00.a
COREP_ALM,C_70.00.w,4.2,2026-03-31,,official_except_explicit_overrides,https://www.eba.europa.eu/risk-and-data-analysis/reporting-frameworks/reporting-framework-42,All other modules use the completed DPM 2.0 glossary from 03/2026; DORA excluded,4.2_layouts.zip,260106 Annotated templates/COREP/20260106 Annotated Table Layout  COREP 4.2 COREP_ALMCOREP 4.2.xlsx,C_70.00.w
COREP_ALM,C_71.00.a,4.2,2026-03-31,,official_except_explicit_overrides,https://www.eba.europa.eu/risk-and-data-analysis/reporting-frameworks/reporting-framework-42,All other modules use the completed DPM 2.0 glossary from 03/2026; DORA excluded,4.2_layouts.zip,260106 Annotated templates/COREP/20260106 Annotated Table Layout  COREP 4.2 COREP_ALMCOREP 4.2.xlsx,C_71.00.a
COREP_ALM,C_71.00.w,4.2,2026-03-31,,official_except_explicit_overrides,https://www.eba.europa.eu/risk-and-data-analysis/reporting-frameworks/reporting-framework-42,All other modules use the completed DPM 2.0 glossary from 03/2026; DORA excluded,4.2_layouts.zip,260106 Annotated templates/COREP/20260106 Annotated Table Layout  COREP 4.2 COREP_ALMCOREP 4.2.xlsx,C_71.00.w
COREP_FRTB,C_00.01,4.2,2026-03-31,,official_except_explicit_overrides,https://www.eba.europa.eu/risk-and-data-analysis/reporting-frameworks/reporting-framework-42,All other modules use the completed DPM 2.0 glossary from 03/2026; DORA excluded,4.2_layouts.zip,260106 Annotated templates/COREP/20260106 Annotated Table Layout  COREP 4.2 COREP_FRTBCOREP 4.2.xlsx,C_00.01
COREP_FRTB,C_90.00,4.2,2026-03-31,,official_except_explicit_overrides,https://www.eba.europa.eu/risk-and-data-analysis/reporting-frameworks/reporting-framework-42,All other modules use the completed DPM 2.0 glossary from 03/2026; DORA excluded,4.2_layouts.zip,260106 Annotated templates/COREP/20260106 Annotated Table Layout  COREP 4.2 COREP_FRTBCOREP 4.2.xlsx,C_90.00
COREP_FRTB,C_91.00,4.2,2026-03-31,,official_except_explicit_overrides,https://www.eba.europa.eu/risk-and-data-analysis/reporting-frameworks/reporting-framework-42,All other modules use the completed DPM 2.0 glossary from 03/2026; DORA excluded,4.2_layouts.zip,260106 Annotated templates/COREP/20260106 Annotated Table Layout  COREP 4.2 COREP_FRTBCOREP 4.2.xlsx,C_91.00
COREP_LCR_DA,C_00.01,4.2,2026-03-31,,official_except_explicit_overrides,https://www.eba.europa.eu/risk-and-data-analysis/reporting-frameworks/reporting-framework-42,All other modules use the completed DPM 2.0 glossary from 03/2026; DORA excluded,4.2_layouts.zip,260106 Annotated templates/COREP/20260106 Annotated Table Layout  COREP 4.2 COREP_LCR_DACOREP 4.2.xlsx,C_00.01
COREP_LCR_DA,C_72.00.a,4.2,2026-03-31,,official_except_explicit_overrides,https://www.eba.europa.eu/risk-and-data-analysis/reporting-frameworks/reporting-framework-42,All other modules use the completed DPM 2.0 glossary from 03/2026; DORA excluded,4.2_layouts.zip,260106 Annotated templates/COREP/20260106 Annotated Table Layout  COREP 4.2 COREP_LCR_DACOREP 4.2.xlsx,C_72.00.a
COREP_LCR_DA,C_72.00.w,4.2,2026-03-31,,official_except_explicit_overrides,https://www.eba.europa.eu/risk-and-data-analysis/reporting-frameworks/reporting-framework-42,All other modules use the completed DPM 2.0 glossary from 03/2026; DORA excluded,4.2_layouts.zip,260106 Annotated templates/COREP/20260106 Annotated Table Layout  COREP 4.2 COREP_LCR_DACOREP 4.2.xlsx,C_72.00.w
COREP_LCR_DA,C_73.00.a,4.2,2026-03-31,,official_except_explicit_overrides,https://www.eba.europa.eu/risk-and-data-analysis/reporting-frameworks/reporting-framework-42,All other modules use the completed DPM 2.0 glossary from 03/2026; DORA excluded,4.2_layouts.zip,260106 Annotated templates/COREP/20260106 Annotated Table Layout  COREP 4.2 COREP_LCR_DACOREP 4.2.xlsx,C_73.00.a
COREP_LCR_DA,C_73.00.w,4.2,2026-03-31,,official_except_explicit_overrides,https://www.eba.europa.eu/risk-and-data-analysis/reporting-frameworks/reporting-framework-42,All other modules use the completed DPM 2.0 glossary from 03/2026; DORA excluded,4.2_layouts.zip,260106 Annotated templates/COREP/20260106 Annotated Table Layout  COREP 4.2 COREP_LCR_DACOREP 4.2.xlsx,C_73.00.w
COREP_LCR_DA,C_74.00.a,4.2,2026-03-31,,official_except_explicit_overrides,https://www.eba.europa.eu/risk-and-data-analysis/reporting-frameworks/reporting-framework-42,All other modules use the completed DPM 2.0 glossary from 03/2026; DORA excluded,4.2_layouts.zip,260106 Annotated templates/COREP/20260106 Annotated Table Layout  COREP 4.2 COREP_LCR_DACOREP 4.2.xlsx,C_74.00.a
COREP_LCR_DA,C_74.00.w,4.2,2026-03-31,,official_except_explicit_overrides,https://www.eba.europa.eu/risk-and-data-analysis/reporting-frameworks/reporting-framework-42,All other modules use the completed DPM 2.0 glossary from 03/2026; DORA excluded,4.2_layouts.zip,260106 Annotated templates/COREP/20260106 Annotated Table Layout  COREP 4.2 COREP_LCR_DACOREP 4.2.xlsx,C_74.00.w
COREP_LCR_DA,C_75.01.a,4.2,2026-03-31,,official_except_explicit_overrides,https://www.eba.europa.eu/risk-and-data-analysis/reporting-frameworks/reporting-framework-42,All other modules use the completed DPM 2.0 glossary from 03/2026; DORA excluded,4.2_layouts.zip,260106 Annotated templates/COREP/20260106 Annotated Table Layout  COREP 4.2 COREP_LCR_DACOREP 4.2.xlsx,C_75.01.a
COREP_LCR_DA,C_75.01.w,4.2,2026-03-31,,official_except_explicit_overrides,https://www.eba.europa.eu/risk-and-data-analysis/reporting-frameworks/reporting-framework-42,All other modules use the completed DPM 2.0 glossary from 03/2026; DORA excluded,4.2_layouts.zip,260106 Annotated templates/COREP/20260106 Annotated Table Layout  COREP 4.2 COREP_LCR_DACOREP 4.2.xlsx,C_75.01.w
COREP_LCR_DA,C_76.00.a,4.2,2026-03-31,,official_except_explicit_overrides,https://www.eba.europa.eu/risk-and-data-analysis/reporting-frameworks/reporting-framework-42,All other modules use the completed DPM 2.0 glossary from 03/2026; DORA excluded,4.2_layouts.zip,260106 Annotated templates/COREP/20260106 Annotated Table Layout  COREP 4.2 COREP_LCR_DACOREP 4.2.xlsx,C_76.00.a
COREP_LCR_DA,C_76.00.b,4.2,2026-03-31,,official_except_explicit_overrides,https://www.eba.europa.eu/risk-and-data-analysis/reporting-frameworks/reporting-framework-42,All other modules use the completed DPM 2.0 glossary from 03/2026; DORA excluded,4.2_layouts.zip,260106 Annotated templates/COREP/20260106 Annotated Table Layout  COREP 4.2 COREP_LCR_DACOREP 4.2.xlsx,C_76.00.b
COREP_LCR_DA,C_76.00.w,4.2,2026-03-31,,official_except_explicit_overrides,https://www.eba.europa.eu/risk-and-data-analysis/reporting-frameworks/reporting-framework-42,All other modules use the completed DPM 2.0 glossary from 03/2026; DORA excluded,4.2_layouts.zip,260106 Annotated templates/COREP/20260106 Annotated Table Layout  COREP 4.2 COREP_LCR_DACOREP 4.2.xlsx,C_76.00.w
COREP_LCR_DA,C_76.00.y,4.2,2026-03-31,,official_except_explicit_overrides,https://www.eba.europa.eu/risk-and-data-analysis/reporting-frameworks/reporting-framework-42,All other modules use the completed DPM 2.0 glossary from 03/2026; DORA excluded,4.2_layouts.zip,260106 Annotated templates/COREP/20260106 Annotated Table Layout  COREP 4.2 COREP_LCR_DACOREP 4.2.xlsx,C_76.00.y
COREP_LCR_DA,C_77.00,4.2,2026-03-31,,official_except_explicit_overrides,https://www.eba.europa.eu/risk-and-data-analysis/reporting-frameworks/reporting-framework-42,All other modules use the completed DPM 2.0 glossary from 03/2026; DORA excluded,4.2_layouts.zip,260106 Annotated templates/COREP/20260106 Annotated Table Layout  COREP 4.2 COREP_LCR_DACOREP 4.2.xlsx,C_77.00
COREP_LE,C_00.01,4.2,2026-03-31,,official_except_explicit_overrides,https://www.eba.europa.eu/risk-and-data-analysis/reporting-frameworks/reporting-framework-42,All other modules use the completed DPM 2.0 glossary from 03/2026; DORA excluded,4.2_layouts.zip,260106 Annotated templates/COREP/20260106 Annotated Table Layout  COREP 4.2 COREP_LECOREP 4.2.xlsx,C_00.01
COREP_LE,C_26.00,4.2,2026-03-31,,official_except_explicit_overrides,https://www.eba.europa.eu/risk-and-data-analysis/reporting-frameworks/reporting-framework-42,All other modules use the completed DPM 2.0 glossary from 03/2026; DORA excluded,4.2_layouts.zip,260106 Annotated templates/COREP/20260106 Annotated Table Layout  COREP 4.2 COREP_LECOREP 4.2.xlsx,C_26.00
COREP_LE,C_27.00,4.2,2026-03-31,,official_except_explicit_overrides,https://www.eba.europa.eu/risk-and-data-analysis/reporting-frameworks/reporting-framework-42,All other modules use the completed DPM 2.0 glossary from 03/2026; DORA excluded,4.2_layouts.zip,260106 Annotated templates/COREP/20260106 Annotated Table Layout  COREP 4.2 COREP_LECOREP 4.2.xlsx,C_27.00
COREP_LE,C_28.00,4.2,2026-03-31,,official_except_explicit_overrides,https://www.eba.europa.eu/risk-and-data-analysis/reporting-frameworks/reporting-framework-42,All other modules use the completed DPM 2.0 glossary from 03/2026; DORA excluded,4.2_layouts.zip,260106 Annotated templates/COREP/20260106 Annotated Table Layout  COREP 4.2 COREP_LECOREP 4.2.xlsx,C_28.00
COREP_LE,C_29.00,4.2,2026-03-31,,official_except_explicit_overrides,https://www.eba.europa.eu/risk-and-data-analysis/reporting-frameworks/reporting-framework-42,All other modules use the completed DPM 2.0 glossary from 03/2026; DORA excluded,4.2_layouts.zip,260106 Annotated templates/COREP/20260106 Annotated Table Layout  COREP 4.2 COREP_LECOREP 4.2.xlsx,C_29.00
COREP_LR,C_00.01,4.0,2025-03-31,2026-03-31,official,https://www.eba.europa.eu/risk-and-data-analysis/reporting/reporting-frameworks/reporting-framework-40,"CRR3/CRD6 COREP changes, first reference date 03/2025",4.0_layouts.zip,20241217 Annotated Table Layout  COREP_LRCOREP 4.0.xlsx,C_00.01
COREP_LR,C_00.01,4.2,2026-03-31,,official_except_explicit_overrides,https://www.eba.europa.eu/risk-and-data-analysis/reporting-frameworks/reporting-framework-42,All other modules use the completed DPM 2.0 glossary from 03/2026; DORA excluded,4.2_layouts.zip,260106 Annotated templates/COREP/20260106 Annotated Table Layout  COREP 4.2 COREP_LRCOREP 4.2.xlsx,C_00.01
COREP_LR,C_40.00.a,4.0,2025-03-31,2026-03-31,official,https://www.eba.europa.eu/risk-and-data-analysis/reporting/reporting-frameworks/reporting-framework-40,"CRR3/CRD6 COREP changes, first reference date 03/2025",4.0_layouts.zip,20241217 Annotated Table Layout  COREP_LRCOREP 4.0.xlsx,C_40.00.a
COREP_LR,C_40.00.a,4.2,2026-03-31,,official_except_explicit_overrides,https://www.eba.europa.eu/risk-and-data-analysis/reporting-frameworks/reporting-framework-42,All other modules use the completed DPM 2.0 glossary from 03/2026; DORA excluded,4.2_layouts.zip,260106 Annotated templates/COREP/20260106 Annotated Table Layout  COREP 4.2 COREP_LRCOREP 4.2.xlsx,C_40.00.a
COREP_LR,C_40.00.b,4.0,2025-03-31,2026-03-31,official,https://www.eba.europa.eu/risk-and-data-analysis/reporting/reporting-frameworks/reporting-framework-40,"CRR3/CRD6 COREP changes, first reference date 03/2025",4.0_layouts.zip,20241217 Annotated Table Layout  COREP_LRCOREP 4.0.xlsx,C_40.00.b
COREP_LR,C_40.00.b,4.2,2026-03-31,,official_except_explicit_overrides,https://www.eba.europa.eu/risk-and-data-analysis/reporting-frameworks/reporting-framework-42,All other modules use the completed DPM 2.0 glossary from 03/2026; DORA excluded,4.2_layouts.zip,260106 Annotated templates/COREP/20260106 Annotated Table Layout  COREP 4.2 COREP_LRCOREP 4.2.xlsx,C_40.00.b
COREP_LR,C_43.00.a,4.0,2025-03-31,2026-03-31,official,https://www.eba.europa.eu/risk-and-data-analysis/reporting/reporting-frameworks/reporting-framework-40,"CRR3/CRD6 COREP changes, first reference date 03/2025",4.0_layouts.zip,20241217 Annotated Table Layout  COREP_LRCOREP 4.0.xlsx,C_43.00.a
COREP_LR,C_43.00.a,4.2,2026-03-31,,official_except_explicit_overrides,https://www.eba.europa.eu/risk-and-data-analysis/reporting-frameworks/reporting-framework-42,All other modules use the completed DPM 2.0 glossary from 03/2026; DORA excluded,4.2_layouts.zip,260106 Annotated templates/COREP/20260106 Annotated Table Layout  COREP 4.2 COREP_LRCOREP 4.2.xlsx,C_43.00.a
COREP_LR,C_43.00.b,4.0,2025-03-31,2026-03-31,official,https://www.eba.europa.eu/risk-and-data-analysis/reporting/reporting-frameworks/reporting-framework-40,"CRR3/CRD6 COREP changes, first reference date 03/2025",4.0_layouts.zip,20241217 Annotated Table Layout  COREP_LRCOREP 4.0.xlsx,C_43.00.b
COREP_LR,C_43.00.b,4.2,2026-03-31,,official_except_explicit_overrides,https://www.eba.europa.eu/risk-and-data-analysis/reporting-frameworks/reporting-framework-42,All other modules use the completed DPM 2.0 glossary from 03/2026; DORA excluded,4.2_layouts.zip,260106 Annotated templates/COREP/20260106 Annotated Table Layout  COREP 4.2 COREP_LRCOREP 4.2.xlsx,C_43.00.b
COREP_LR,C_43.00.c,4.0,2025-03-31,2026-03-31,official,https://www.eba.europa.eu/risk-and-data-analysis/reporting/reporting-frameworks/reporting-framework-40,"CRR3/CRD6 COREP changes, first reference date 03/2025",4.0_layouts.zip,20241217 Annotated Table Layout  COREP_LRCOREP 4.0.xlsx,C_43.00.c
COREP_LR,C_43.00.c,4.2,2026-03-31,,official_except_explicit_overrides,https://www.eba.europa.eu/risk-and-data-analysis/reporting-frameworks/reporting-framework-42,All other modules use the completed DPM 2.0 glossary from 03/2026; DORA excluded,4.2_layouts.zip,260106 Annotated templates/COREP/20260106 Annotated Table Layout  COREP 4.2 COREP_LRCOREP 4.2.xlsx,C_43.00.c
COREP_LR,C_44.00,4.0,2025-03-31,2026-03-31,official,https://www.eba.europa.eu/risk-and-data-analysis/reporting/reporting-frameworks/reporting-framework-40,"CRR3/CRD6 COREP changes, first reference date 03/2025",4.0_layouts.zip,20241217 Annotated Table Layout  COREP_LRCOREP 4.0.xlsx,C_44.00
COREP_LR,C_44.00,4.2,2026-03-31,,official_except_explicit_overrides,https://www.eba.europa.eu/risk-and-data-analysis/reporting-frameworks/reporting-framework-42,All other modules use the completed DPM 2.0 glossary from 03/2026; DORA excluded,4.2_layouts.zip,260106 Annotated templates/COREP/20260106 Annotated Table Layout  COREP 4.2 COREP_LRCOREP 4.2.xlsx,C_44.00
COREP_LR,C_47.00,4.0,2025-03-31,2026-03-31,official,https://www.eba.europa.eu/risk-and-data-analysis/reporting/reporting-frameworks/reporting-framework-40,"CRR3/CRD6 COREP changes, first reference date 03/2025",4.0_layouts.zip,20241217 Annotated Table Layout  COREP_LRCOREP 4.0.xlsx,C_47.00
COREP_LR,C_47.00,4.2,2026-03-31,,official_except_explicit_overrides,https://www.eba.europa.eu/risk-and-data-analysis/reporting-frameworks/reporting-framework-42,All other modules use the completed DPM 2.0 glossary from 03/2026; DORA excluded,4.2_layouts.zip,260106 Annotated templates/COREP/20260106 Annotated Table Layout  COREP 4.2 COREP_LRCOREP 4.2.xlsx,C_47.00
COREP_LR,C_48.01,4.0,2025-03-31,2026-03-31,official,https://www.eba.europa.eu/risk-and-data-analysis/reporting/reporting-frameworks/reporting-framework-40,"CRR3/CRD6 COREP changes, first reference date 03/2025",4.0_layouts.zip,20241217 Annotated Table Layout  COREP_LRCOREP 4.0.xlsx,C_48.01
COREP_LR,C_48.01,4.2,2026-03-31,,official_except_explicit_overrides,https://www.eba.europa.eu/risk-and-data-analysis/reporting-frameworks/reporting-framework-42,All other modules use the completed DPM 2.0 glossary from 03/2026; DORA excluded,4.2_layouts.zip,260106 Annotated templates/COREP/20260106 Annotated Table Layout  COREP 4.2 COREP_LRCOREP 4.2.xlsx,C_48.01
COREP_LR,C_48.02,4.0,2025-03-31,2026-03-31,official,https://www.eba.europa.eu/risk-and-data-analysis/reporting/reporting-frameworks/reporting-framework-40,"CRR3/CRD6 COREP changes, first reference date 03/2025",4.0_layouts.zip,20241217 Annotated Table Layout  COREP_LRCOREP 4.0.xlsx,C_48.02
COREP_LR,C_48.02,4.2,2026-03-31,,official_except_explicit_overrides,https://www.eba.europa.eu/risk-and-data-analysis/reporting-frameworks/reporting-framework-42,All other modules use the completed DPM 2.0 glossary from 03/2026; DORA excluded,4.2_layouts.zip,260106 Annotated templates/COREP/20260106 Annotated Table Layout  COREP 4.2 COREP_LRCOREP 4.2.xlsx,C_48.02
COREP_NSFR,C_00.01,4.2,2026-03-31,,official_except_explicit_overrides,https://www.eba.europa.eu/risk-and-data-analysis/reporting-frameworks/reporting-framework-42,All other modules use the completed DPM 2.0 glossary from 03/2026; DORA excluded,4.2_layouts.zip,260106 Annotated templates/COREP/20260106 Annotated Table Layout  COREP 4.2 COREP_NSFRCOREP 4.2.xlsx,C_00.01
COREP_NSFR,C_80.00.a,4.2,2026-03-31,,official_except_explicit_overrides,https://www.eba.europa.eu/risk-and-data-analysis/reporting-frameworks/reporting-framework-42,All other modules use the completed DPM 2.0 glossary from 03/2026; DORA excluded,4.2_layouts.zip,260106 Annotated templates/COREP/20260106 Annotated Table Layout  COREP 4.2 COREP_NSFRCOREP 4.2.xlsx,C_80.00.a
COREP_NSFR,C_80.00.b,4.2,2026-03-31,,official_except_explicit_overrides,https://www.eba.europa.eu/risk-and-data-analysis/reporting-frameworks/reporting-framework-42,All other modules use the completed DPM 2.0 glossary from 03/2026; DORA excluded,4.2_layouts.zip,260106 Annotated templates/COREP/20260106 Annotated Table Layout  COREP 4.2 COREP_NSFRCOREP 4.2.xlsx,C_80.00.b
COREP_NSFR,C_80.00.c,4.2,2026-03-31,,official_except_explicit_overrides,https://www.eba.europa.eu/risk-and-data-analysis/reporting-frameworks/reporting-framework-42,All other modules use the completed DPM 2.0 glossary from 03/2026; DORA excluded,4.2_layouts.zip,260106 Annotated templates/COREP/20260106 Annotated Table Layout  COREP 4.2 COREP_NSFRCOREP 4.2.xlsx,C_80.00.c
COREP_NSFR,C_80.00.w,4.2,2026-03-31,,official_except_explicit_overrides,https://www.eba.europa.eu/risk-and-data-analysis/reporting-frameworks/reporting-framework-42,All other modules use the completed DPM 2.0 glossary from 03/2026; DORA excluded,4.2_layouts.zip,260106 Annotated templates/COREP/20260106 Annotated Table Layout  COREP 4.2 COREP_NSFRCOREP 4.2.xlsx,C_80.00.w
COREP_NSFR,C_80.00.x,4.2,2026-03-31,,official_except_explicit_overrides,https://www.eba.europa.eu/risk-and-data-analysis/reporting-frameworks/reporting-framework-42,All other modules use the completed DPM 2.0 glossary from 03/2026; DORA excluded,4.2_layouts.zip,260106 Annotated templates/COREP/20260106 Annotated Table Layout  COREP 4.2 COREP_NSFRCOREP 4.2.xlsx,C_80.00.x
COREP_NSFR,C_80.00.y,4.2,2026-03-31,,official_except_explicit_overrides,https://www.eba.europa.eu/risk-and-data-analysis/reporting-frameworks/reporting-framework-42,All other modules use the completed DPM 2.0 glossary from 03/2026; DORA excluded,4.2_layouts.zip,260106 Annotated templates/COREP/20260106 Annotated Table Layout  COREP 4.2 COREP_NSFRCOREP 4.2.xlsx,C_80.00.y
COREP_NSFR,C_81.00.a,4.2,2026-03-31,,official_except_explicit_overrides,https://www.eba.europa.eu/risk-and-data-analysis/reporting-frameworks/reporting-framework-42,All other modules use the completed DPM 2.0 glossary from 03/2026; DORA excluded,4.2_layouts.zip,260106 Annotated templates/COREP/20260106 Annotated Table Layout  COREP 4.2 COREP_NSFRCOREP 4.2.xlsx,C_81.00.a
COREP_NSFR,C_81.00.b,4.2,2026-03-31,,official_except_explicit_overrides,https://www.eba.europa.eu/risk-and-data-analysis/reporting-frameworks/reporting-framework-42,All other modules use the completed DPM 2.0 glossary from 03/2026; DORA excluded,4.2_layouts.zip,260106 Annotated templates/COREP/20260106 Annotated Table Layout  COREP 4.2 COREP_NSFRCOREP 4.2.xlsx,C_81.00.b
COREP_NSFR,C_81.00.c,4.2,2026-03-31,,official_except_explicit_overrides,https://www.eba.europa.eu/risk-and-data-analysis/reporting-frameworks/reporting-framework-42,All other modules use the completed DPM 2.0 glossary from 03/2026; DORA excluded,4.2_layouts.zip,260106 Annotated templates/COREP/20260106 Annotated Table Layout  COREP 4.2 COREP_NSFRCOREP 4.2.xlsx,C_81.00.c
COREP_NSFR,C_81.00.w,4.2,2026-03-31,,official_except_explicit_overrides,https://www.eba.europa.eu/risk-and-data-analysis/reporting-frameworks/reporting-framework-42,All other modules use the completed DPM 2.0 glossary from 03/2026; DORA excluded,4.2_layouts.zip,260106 Annotated templates/COREP/20260106 Annotated Table Layout  COREP 4.2 COREP_NSFRCOREP 4.2.xlsx,C_81.00.w
COREP_NSFR,C_81.00.x,4.2,2026-03-31,,official_except_explicit_overrides,https://www.eba.europa.eu/risk-and-data-analysis/reporting-frameworks/reporting-framework-42,All other modules use the completed DPM 2.0 glossary from 03/2026; DORA excluded,4.2_layouts.zip,260106 Annotated templates/COREP/20260106 Annotated Table Layout  COREP 4.2 COREP_NSFRCOREP 4.2.xlsx,C_81.00.x
COREP_NSFR,C_81.00.y,4.2,2026-03-31,,official_except_explicit_overrides,https://www.eba.europa.eu/risk-and-data-analysis/reporting-frameworks/reporting-framework-42,All other modules use the completed DPM 2.0 glossary from 03/2026; DORA excluded,4.2_layouts.zip,260106 Annotated templates/COREP/20260106 Annotated Table Layout  COREP 4.2 COREP_NSFRCOREP 4.2.xlsx,C_81.00.y
COREP_NSFR,C_82.00.a,4.2,2026-03-31,,official_except_explicit_overrides,https://www.eba.europa.eu/risk-and-data-analysis/reporting-frameworks/reporting-framework-42,All other modules use the completed DPM 2.0 glossary from 03/2026; DORA excluded,4.2_layouts.zip,260106 Annotated templates/COREP/20260106 Annotated Table Layout  COREP 4.2 COREP_NSFRCOREP 4.2.xlsx,C_82.00.a
COREP_NSFR,C_82.00.b,4.2,2026-03-31,,official_except_explicit_overrides,https://www.eba.europa.eu/risk-and-data-analysis/reporting-frameworks/reporting-framework-42,All other modules use the completed DPM 2.0 glossary from 03/2026; DORA excluded,4.2_layouts.zip,260106 Annotated templates/COREP/20260106 Annotated Table Layout  COREP 4.2 COREP_NSFRCOREP 4.2.xlsx,C_82.00.b
COREP_NSFR,C_82.00.c,4.2,2026-03-31,,official_except_explicit_overrides,https://www.eba.europa.eu/risk-and-data-analysis/reporting-frameworks/reporting-framework-42,All other modules use the completed DPM 2.0 glossary from 03/2026; DORA excluded,4.2_layouts.zip,260106 Annotated templates/COREP/20260106 Annotated Table Layout  COREP 4.2 COREP_NSFRCOREP 4.2.xlsx,C_82.00.c
COREP_NSFR,C_82.00.w,4.2,2026-03-31,,official_except_explicit_overrides,https://www.eba.europa.eu/risk-and-data-analysis/reporting-frameworks/reporting-framework-42,All other modules use the completed DPM 2.0 glossary from 03/2026; DORA excluded,4.2_layouts.zip,260106 Annotated templates/COREP/20260106 Annotated Table Layout  COREP 4.2 COREP_NSFRCOREP 4.2.xlsx,C_82.00.w
COREP_NSFR,C_82.00.x,4.2,2026-03-31,,official_except_explicit_overrides,https://www.eba.europa.eu/risk-and-data-analysis/reporting-frameworks/reporting-framework-42,All other modules use the completed DPM 2.0 glossary from 03/2026; DORA excluded,4.2_layouts.zip,260106 Annotated templates/COREP/20260106 Annotated Table Layout  COREP 4.2 COREP_NSFRCOREP 4.2.xlsx,C_82.00.x
COREP_NSFR,C_82.00.y,4.2,2026-03-31,,official_except_explicit_overrides,https://www.eba.europa.eu/risk-and-data-analysis/reporting-frameworks/reporting-framework-42,All other modules use the completed DPM 2.0 glossary from 03/2026; DORA excluded,4.2_layouts.zip,260106 Annotated templates/COREP/20260106 Annotated Table Layout  COREP 4.2 COREP_NSFRCOREP 4.2.xlsx,C_82.00.y
COREP_NSFR,C_83.00.a,4.2,2026-03-31,,official_except_explicit_overrides,https://www.eba.europa.eu/risk-and-data-analysis/reporting-frameworks/reporting-framework-42,All other modules use the completed DPM 2.0 glossary from 03/2026; DORA excluded,4.2_layouts.zip,260106 Annotated templates/COREP/20260106 Annotated Table Layout  COREP 4.2 COREP_NSFRCOREP 4.2.xlsx,C_83.00.a
COREP_NSFR,C_83.00.b,4.2,2026-03-31,,official_except_explicit_overrides,https://www.eba.europa.eu/risk-and-data-analysis/reporting-frameworks/reporting-framework-42,All other modules use the completed DPM 2.0 glossary from 03/2026; DORA excluded,4.2_layouts.zip,260106 Annotated templates/COREP/20260106 Annotated Table Layout  COREP 4.2 COREP_NSFRCOREP 4.2.xlsx,C_83.00.b
COREP_NSFR,C_83.00.c,4.2,2026-03-31,,official_except_explicit_overrides,https://www.eba.europa.eu/risk-and-data-analysis/reporting-frameworks/reporting-framework-42,All other modules use the completed DPM 2.0 glossary from 03/2026; DORA excluded,4.2_layouts.zip,260106 Annotated templates/COREP/20260106 Annotated Table Layout  COREP 4.2 COREP_NSFRCOREP 4.2.xlsx,C_83.00.c
COREP_NSFR,C_83.00.w,4.2,2026-03-31,,official_except_explicit_overrides,https://www.eba.europa.eu/risk-and-data-analysis/reporting-frameworks/reporting-framework-42,All other modules use the completed DPM 2.0 glossary from 03/2026; DORA excluded,4.2_layouts.zip,260106 Annotated templates/COREP/20260106 Annotated Table Layout  COREP 4.2 COREP_NSFRCOREP 4.2.xlsx,C_83.00.w
COREP_NSFR,C_83.00.x,4.2,2026-03-31,,official_except_explicit_overrides,https://www.eba.europa.eu/risk-and-data-analysis/reporting-frameworks/reporting-framework-42,All other modules use the completed DPM 2.0 glossary from 03/2026; DORA excluded,4.2_layouts.zip,260106 Annotated templates/COREP/20260106 Annotated Table Layout  COREP 4.2 COREP_NSFRCOREP 4.2.xlsx,C_83.00.x
COREP_NSFR,C_83.00.y,4.2,2026-03-31,,official_except_explicit_overrides,https://www.eba.europa.eu/risk-and-data-analysis/reporting-frameworks/reporting-framework-42,All other modules use the completed DPM 2.0 glossary from 03/2026; DORA excluded,4.2_layouts.zip,260106 Annotated templates/COREP/20260106 Annotated Table Layout  COREP 4.2 COREP_NSFRCOREP 4.2.xlsx,C_83.00.y
COREP_NSFR,C_84.00.a,4.2,2026-03-31,,official_except_explicit_overrides,https://www.eba.europa.eu/risk-and-data-analysis/reporting-frameworks/reporting-framework-42,All other modules use the completed DPM 2.0 glossary from 03/2026; DORA excluded,4.2_layouts.zip,260106 Annotated templates/COREP/20260106 Annotated Table Layout  COREP 4.2 COREP_NSFRCOREP 4.2.xlsx,C_84.00.a
COREP_NSFR,C_84.00.b,4.2,2026-03-31,,official_except_explicit_overrides,https://www.eba.europa.eu/risk-and-data-analysis/reporting-frameworks/reporting-framework-42,All other modules use the completed DPM 2.0 glossary from 03/2026; DORA excluded,4.2_layouts.zip,260106 Annotated templates/COREP/20260106 Annotated Table Layout  COREP 4.2 COREP_NSFRCOREP 4.2.xlsx,C_84.00.b
COREP_NSFR,C_84.00.c,4.2,2026-03-31,,official_except_explicit_overrides,https://www.eba.europa.eu/risk-and-data-analysis/reporting-frameworks/reporting-framework-42,All other modules use the completed DPM 2.0 glossary from 03/2026; DORA excluded,4.2_layouts.zip,260106 Annotated templates/COREP/20260106 Annotated Table Layout  COREP 4.2 COREP_NSFRCOREP 4.2.xlsx,C_84.00.c
COREP_NSFR,C_84.00.d,4.2,2026-03-31,,official_except_explicit_overrides,https://www.eba.europa.eu/risk-and-data-analysis/reporting-frameworks/reporting-framework-42,All other modules use the completed DPM 2.0 glossary from 03/2026; DORA excluded,4.2_layouts.zip,260106 Annotated templates/COREP/20260106 Annotated Table Layout  COREP 4.2 COREP_NSFRCOREP 4.2.xlsx,C_84.00.d
COREP_NSFR,C_84.00.e,4.2,2026-03-31,,official_except_explicit_overrides,https://www.eba.europa.eu/risk-and-data-analysis/reporting-frameworks/reporting-framework-42,All other modules use the completed DPM 2.0 glossary from 03/2026; DORA excluded,4.2_layouts.zip,260106 Annotated templates/COREP/20260106 Annotated Table Layout  COREP 4.2 COREP_NSFRCOREP 4.2.xlsx,C_84.00.e
COREP_NSFR,C_84.00.v,4.2,2026-03-31,,official_except_explicit_overrides,https://www.eba.europa.eu/risk-and-data-analysis/reporting-frameworks/reporting-framework-42,All other modules use the completed DPM 2.0 glossary from 03/2026; DORA excluded,4.2_layouts.zip,260106 Annotated templates/COREP/20260106 Annotated Table Layout  COREP 4.2 COREP_NSFRCOREP 4.2.xlsx,C_84.00.v
COREP_NSFR,C_84.00.w,4.2,2026-03-31,,official_except_explicit_overrides,https://www.eba.europa.eu/risk-and-data-analysis/reporting-frameworks/reporting-framework-42,All other modules use the completed DPM 2.0 glossary from 03/2026; DORA excluded,4.2_layouts.zip,260106 Annotated templates/COREP/20260106 Annotated Table Layout  COREP 4.2 COREP_NSFRCOREP 4.2.xlsx,C_84.00.w
COREP_NSFR,C_84.00.x,4.2,2026-03-31,,official_except_explicit_overrides,https://www.eba.europa.eu/risk-and-data-analysis/reporting-frameworks/reporting-framework-42,All other modules use the completed DPM 2.0 glossary from 03/2026; DORA excluded,4.2_layouts.zip,260106 Annotated templates/COREP/20260106 Annotated Table Layout  COREP 4.2 COREP_NSFRCOREP 4.2.xlsx,C_84.00.x
COREP_NSFR,C_84.00.y,4.2,2026-03-31,,official_except_explicit_overrides,https://www.eba.europa.eu/risk-and-data-analysis/reporting-frameworks/reporting-framework-42,All other modules use the completed DPM 2.0 glossary from 03/2026; DORA excluded,4.2_layouts.zip,260106 Annotated templates/COREP/20260106 Annotated Table Layout  COREP 4.2 COREP_NSFRCOREP 4.2.xlsx,C_84.00.y
COREP_NSFR,C_84.00.z,4.2,2026-03-31,,official_except_explicit_overrides,https://www.eba.europa.eu/risk-and-data-analysis/reporting-frameworks/reporting-framework-42,All other modules use the completed DPM 2.0 glossary from 03/2026; DORA excluded,4.2_layouts.zip,260106 Annotated templates/COREP/20260106 Annotated Table Layout  COREP 4.2 COREP_NSFRCOREP 4.2.xlsx,C_84.00.z
COREP_OF,C_00.01,4.0,2025-03-31,2026-06-30,official,https://www.eba.europa.eu/risk-and-data-analysis/reporting/reporting-frameworks/reporting-framework-40,"CRR3/CRD6 COREP changes, first reference date 03/2025",4.0_layouts.zip,20241217 Annotated Table Layout  COREP_OFCOREP 4.0.xlsx,C_00.01
COREP_OF,C_00.01,4.2,2026-06-30,,official_postponed,https://www.eba.europa.eu/risk-and-data-analysis/reporting-frameworks/reporting-framework-42,"First reference date was postponed to 06/2026; current EBA framework page says 06/2026, despite the earlier technical-package 03/2026 footnote",4.2_layouts.zip,260106 Annotated templates/COREP/20260106 Annotated Table Layout  COREP 4.2 COREP_OFCOREP 4.2.xlsx,C_00.01
COREP_OF,C_01.00,4.0,2025-03-31,2026-06-30,official,https://www.eba.europa.eu/risk-and-data-analysis/reporting/reporting-frameworks/reporting-framework-40,"CRR3/CRD6 COREP changes, first reference date 03/2025",4.0_layouts.zip,20241217 Annotated Table Layout  COREP_OFCOREP 4.0.xlsx,C_01.00
COREP_OF,C_01.00,4.2,2026-06-30,,official_postponed,https://www.eba.europa.eu/risk-and-data-analysis/reporting-frameworks/reporting-framework-42,"First reference date was postponed to 06/2026; current EBA framework page says 06/2026, despite the earlier technical-package 03/2026 footnote",4.2_layouts.zip,260106 Annotated templates/COREP/20260106 Annotated Table Layout  COREP 4.2 COREP_OFCOREP 4.2.xlsx,C_01.00
COREP_OF,C_02.00.a,4.0,2025-03-31,2026-06-30,official,https://www.eba.europa.eu/risk-and-data-analysis/reporting/reporting-frameworks/reporting-framework-40,"CRR3/CRD6 COREP changes, first reference date 03/2025",4.0_layouts.zip,20241217 Annotated Table Layout  COREP_OFCOREP 4.0.xlsx,C_02.00.a
COREP_OF,C_02.00.a,4.2,2026-06-30,,official_postponed,https://www.eba.europa.eu/risk-and-data-analysis/reporting-frameworks/reporting-framework-42,"First reference date was postponed to 06/2026; current EBA framework page says 06/2026, despite the earlier technical-package 03/2026 footnote",4.2_layouts.zip,260106 Annotated templates/COREP/20260106 Annotated Table Layout  COREP 4.2 COREP_OFCOREP 4.2.xlsx,C_02.00.a
COREP_OF,C_02.00.b,4.0,2025-03-31,2026-06-30,official,https://www.eba.europa.eu/risk-and-data-analysis/reporting/reporting-frameworks/reporting-framework-40,"CRR3/CRD6 COREP changes, first reference date 03/2025",4.0_layouts.zip,20241217 Annotated Table Layout  COREP_OFCOREP 4.0.xlsx,C_02.00.b
COREP_OF,C_02.00.b,4.2,2026-06-30,,official_postponed,https://www.eba.europa.eu/risk-and-data-analysis/reporting-frameworks/reporting-framework-42,"First reference date was postponed to 06/2026; current EBA framework page says 06/2026, despite the earlier technical-package 03/2026 footnote",4.2_layouts.zip,260106 Annotated templates/COREP/20260106 Annotated Table Layout  COREP 4.2 COREP_OFCOREP 4.2.xlsx,C_02.00.b
COREP_OF,C_03.00,4.0,2025-03-31,2026-06-30,official,https://www.eba.europa.eu/risk-and-data-analysis/reporting/reporting-frameworks/reporting-framework-40,"CRR3/CRD6 COREP changes, first reference date 03/2025",4.0_layouts.zip,20241217 Annotated Table Layout  COREP_OFCOREP 4.0.xlsx,C_03.00
COREP_OF,C_03.00,4.2,2026-06-30,,official_postponed,https://www.eba.europa.eu/risk-and-data-analysis/reporting-frameworks/reporting-framework-42,"First reference date was postponed to 06/2026; current EBA framework page says 06/2026, despite the earlier technical-package 03/2026 footnote",4.2_layouts.zip,260106 Annotated templates/COREP/20260106 Annotated Table Layout  COREP 4.2 COREP_OFCOREP 4.2.xlsx,C_03.00
COREP_OF,C_04.00,4.0,2025-03-31,2026-06-30,official,https://www.eba.europa.eu/risk-and-data-analysis/reporting/reporting-frameworks/reporting-framework-40,"CRR3/CRD6 COREP changes, first reference date 03/2025",4.0_layouts.zip,20241217 Annotated Table Layout  COREP_OFCOREP 4.0.xlsx,C_04.00
COREP_OF,C_04.00,4.2,2026-06-30,,official_postponed,https://www.eba.europa.eu/risk-and-data-analysis/reporting-frameworks/reporting-framework-42,"First reference date was postponed to 06/2026; current EBA framework page says 06/2026, despite the earlier technical-package 03/2026 footnote",4.2_layouts.zip,260106 Annotated templates/COREP/20260106 Annotated Table Layout  COREP 4.2 COREP_OFCOREP 4.2.xlsx,C_04.00
COREP_OF,C_05.01,4.0,2025-03-31,2026-06-30,official,https://www.eba.europa.eu/risk-and-data-analysis/reporting/reporting-frameworks/reporting-framework-40,"CRR3/CRD6 COREP changes, first reference date 03/2025",4.0_layouts.zip,20241217 Annotated Table Layout  COREP_OFCOREP 4.0.xlsx,C_05.01
COREP_OF,C_05.01,4.2,2026-06-30,,official_postponed,https://www.eba.europa.eu/risk-and-data-analysis/reporting-frameworks/reporting-framework-42,"First reference date was postponed to 06/2026; current EBA framework page says 06/2026, despite the earlier technical-package 03/2026 footnote",4.2_layouts.zip,260106 Annotated templates/COREP/20260106 Annotated Table Layout  COREP 4.2 COREP_OFCOREP 4.2.xlsx,C_05.01
COREP_OF,C_05.02,4.0,2025-03-31,2026-06-30,official,https://www.eba.europa.eu/risk-and-data-analysis/reporting/reporting-frameworks/reporting-framework-40,"CRR3/CRD6 COREP changes, first reference date 03/2025",4.0_layouts.zip,20241217 Annotated Table Layout  COREP_OFCOREP 4.0.xlsx,C_05.02
COREP_OF,C_05.02,4.2,2026-06-30,,official_postponed,https://www.eba.europa.eu/risk-and-data-analysis/reporting-frameworks/reporting-framework-42,"First reference date was postponed to 06/2026; current EBA framework page says 06/2026, despite the earlier technical-package 03/2026 footnote",4.2_layouts.zip,260106 Annotated templates/COREP/20260106 Annotated Table Layout  COREP 4.2 COREP_OFCOREP 4.2.xlsx,C_05.02
COREP_OF,C_06.01,4.0,2025-03-31,2026-06-30,official,https://www.eba.europa.eu/risk-and-data-analysis/reporting/reporting-frameworks/reporting-framework-40,"CRR3/CRD6 COREP changes, first reference date 03/2025",4.0_layouts.zip,20241217 Annotated Table Layout  COREP_OFCOREP 4.0.xlsx,C_06.01
COREP_OF,C_06.01,4.2,2026-06-30,,official_postponed,https://www.eba.europa.eu/risk-and-data-analysis/reporting-frameworks/reporting-framework-42,"First reference date was postponed to 06/2026; current EBA framework page says 06/2026, despite the earlier technical-package 03/2026 footnote",4.2_layouts.zip,260106 Annotated templates/COREP/20260106 Annotated Table Layout  COREP 4.2 COREP_OFCOREP 4.2.xlsx,C_06.01
COREP_OF,C_06.02,4.0,2025-03-31,2026-06-30,official,https://www.eba.europa.eu/risk-and-data-analysis/reporting/reporting-frameworks/reporting-framework-40,"CRR3/CRD6 COREP changes, first reference date 03/2025",4.0_layouts.zip,20241217 Annotated Table Layout  COREP_OFCOREP 4.0.xlsx,C_06.02
COREP_OF,C_06.02,4.2,2026-06-30,,official_postponed,https://www.eba.europa.eu/risk-and-data-analysis/reporting-frameworks/reporting-framework-42,"First reference date was postponed to 06/2026; current EBA framework page says 06/2026, despite the earlier technical-package 03/2026 footnote",4.2_layouts.zip,260106 Annotated templates/COREP/20260106 Annotated Table Layout  COREP 4.2 COREP_OFCOREP 4.2.xlsx,C_06.02
COREP_OF,C_07.00.a,4.0,2025-03-31,2026-06-30,official,https://www.eba.europa.eu/risk-and-data-analysis/reporting/reporting-frameworks/reporting-framework-40,"CRR3/CRD6 COREP changes, first reference date 03/2025",4.0_layouts.zip,20241217 Annotated Table Layout  COREP_OFCOREP 4.0.xlsx,C_07.00.a
COREP_OF,C_07.00.a,4.2,2026-06-30,,official_postponed,https://www.eba.europa.eu/risk-and-data-analysis/reporting-frameworks/reporting-framework-42,"First reference date was postponed to 06/2026; current EBA framework page says 06/2026, despite the earlier technical-package 03/2026 footnote",4.2_layouts.zip,260106 Annotated templates/COREP/20260106 Annotated Table Layout  COREP 4.2 COREP_OFCOREP 4.2.xlsx,C_07.00.a
COREP_OF,C_07.00.b,4.0,2025-03-31,2026-06-30,official,https://www.eba.europa.eu/risk-and-data-analysis/reporting/reporting-frameworks/reporting-framework-40,"CRR3/CRD6 COREP changes, first reference date 03/2025",4.0_layouts.zip,20241217 Annotated Table Layout  COREP_OFCOREP 4.0.xlsx,C_07.00.b
COREP_OF,C_07.00.b,4.2,2026-06-30,,official_postponed,https://www.eba.europa.eu/risk-and-data-analysis/reporting-frameworks/reporting-framework-42,"First reference date was postponed to 06/2026; current EBA framework page says 06/2026, despite the earlier technical-package 03/2026 footnote",4.2_layouts.zip,260106 Annotated templates/COREP/20260106 Annotated Table Layout  COREP 4.2 COREP_OFCOREP 4.2.xlsx,C_07.00.b
COREP_OF,C_07.00.c,4.0,2025-03-31,2026-06-30,official,https://www.eba.europa.eu/risk-and-data-analysis/reporting/reporting-frameworks/reporting-framework-40,"CRR3/CRD6 COREP changes, first reference date 03/2025",4.0_layouts.zip,20241217 Annotated Table Layout  COREP_OFCOREP 4.0.xlsx,C_07.00.c
COREP_OF,C_07.00.c,4.2,2026-06-30,,official_postponed,https://www.eba.europa.eu/risk-and-data-analysis/reporting-frameworks/reporting-framework-42,"First reference date was postponed to 06/2026; current EBA framework page says 06/2026, despite the earlier technical-package 03/2026 footnote",4.2_layouts.zip,260106 Annotated templates/COREP/20260106 Annotated Table Layout  COREP 4.2 COREP_OFCOREP 4.2.xlsx,C_07.00.c
COREP_OF,C_07.00.d,4.0,2025-03-31,2026-06-30,official,https://www.eba.europa.eu/risk-and-data-analysis/reporting/reporting-frameworks/reporting-framework-40,"CRR3/CRD6 COREP changes, first reference date 03/2025",4.0_layouts.zip,20241217 Annotated Table Layout  COREP_OFCOREP 4.0.xlsx,C_07.00.d
COREP_OF,C_07.00.d,4.2,2026-06-30,,official_postponed,https://www.eba.europa.eu/risk-and-data-analysis/reporting-frameworks/reporting-framework-42,"First reference date was postponed to 06/2026; current EBA framework page says 06/2026, despite the earlier technical-package 03/2026 footnote",4.2_layouts.zip,260106 Annotated templates/COREP/20260106 Annotated Table Layout  COREP 4.2 COREP_OFCOREP 4.2.xlsx,C_07.00.d
COREP_OF,C_08.01.a,4.0,2025-03-31,2026-06-30,official,https://www.eba.europa.eu/risk-and-data-analysis/reporting/reporting-frameworks/reporting-framework-40,"CRR3/CRD6 COREP changes, first reference date 03/2025",4.0_layouts.zip,20241217 Annotated Table Layout  COREP_OFCOREP 4.0.xlsx,C_08.01.a
COREP_OF,C_08.01.a,4.2,2026-06-30,,official_postponed,https://www.eba.europa.eu/risk-and-data-analysis/reporting-frameworks/reporting-framework-42,"First reference date was postponed to 06/2026; current EBA framework page says 06/2026, despite the earlier technical-package 03/2026 footnote",4.2_layouts.zip,260106 Annotated templates/COREP/20260106 Annotated Table Layout  COREP 4.2 COREP_OFCOREP 4.2.xlsx,C_08.01.a
COREP_OF,C_08.01.b,4.0,2025-03-31,2026-06-30,official,https://www.eba.europa.eu/risk-and-data-analysis/reporting/reporting-frameworks/reporting-framework-40,"CRR3/CRD6 COREP changes, first reference date 03/2025",4.0_layouts.zip,20241217 Annotated Table Layout  COREP_OFCOREP 4.0.xlsx,C_08.01.b
COREP_OF,C_08.01.b,4.2,2026-06-30,,official_postponed,https://www.eba.europa.eu/risk-and-data-analysis/reporting-frameworks/reporting-framework-42,"First reference date was postponed to 06/2026; current EBA framework page says 06/2026, despite the earlier technical-package 03/2026 footnote",4.2_layouts.zip,260106 Annotated templates/COREP/20260106 Annotated Table Layout  COREP 4.2 COREP_OFCOREP 4.2.xlsx,C_08.01.b
COREP_OF,C_08.01.c,4.0,2025-03-31,2026-06-30,official,https://www.eba.europa.eu/risk-and-data-analysis/reporting/reporting-frameworks/reporting-framework-40,"CRR3/CRD6 COREP changes, first reference date 03/2025",4.0_layouts.zip,20241217 Annotated Table Layout  COREP_OFCOREP 4.0.xlsx,C_08.01.c
COREP_OF,C_08.01.c,4.2,2026-06-30,,official_postponed,https://www.eba.europa.eu/risk-and-data-analysis/reporting-frameworks/reporting-framework-42,"First reference date was postponed to 06/2026; current EBA framework page says 06/2026, despite the earlier technical-package 03/2026 footnote",4.2_layouts.zip,260106 Annotated templates/COREP/20260106 Annotated Table Layout  COREP 4.2 COREP_OFCOREP 4.2.xlsx,C_08.01.c
COREP_OF,C_08.02,4.0,2025-03-31,2026-06-30,official,https://www.eba.europa.eu/risk-and-data-analysis/reporting/reporting-frameworks/reporting-framework-40,"CRR3/CRD6 COREP changes, first reference date 03/2025",4.0_layouts.zip,20241217 Annotated Table Layout  COREP_OFCOREP 4.0.xlsx,C_08.02
COREP_OF,C_08.02,4.2,2026-06-30,,official_postponed,https://www.eba.europa.eu/risk-and-data-analysis/reporting-frameworks/reporting-framework-42,"First reference date was postponed to 06/2026; current EBA framework page says 06/2026, despite the earlier technical-package 03/2026 footnote",4.2_layouts.zip,260106 Annotated templates/COREP/20260106 Annotated Table Layout  COREP 4.2 COREP_OFCOREP 4.2.xlsx,C_08.02
COREP_OF,C_08.03,4.0,2025-03-31,2026-06-30,official,https://www.eba.europa.eu/risk-and-data-analysis/reporting/reporting-frameworks/reporting-framework-40,"CRR3/CRD6 COREP changes, first reference date 03/2025",4.0_layouts.zip,20241217 Annotated Table Layout  COREP_OFCOREP 4.0.xlsx,C_08.03
COREP_OF,C_08.03,4.2,2026-06-30,,official_postponed,https://www.eba.europa.eu/risk-and-data-analysis/reporting-frameworks/reporting-framework-42,"First reference date was postponed to 06/2026; current EBA framework page says 06/2026, despite the earlier technical-package 03/2026 footnote",4.2_layouts.zip,260106 Annotated templates/COREP/20260106 Annotated Table Layout  COREP 4.2 COREP_OFCOREP 4.2.xlsx,C_08.03
COREP_OF,C_08.04,4.0,2025-03-31,2026-06-30,official,https://www.eba.europa.eu/risk-and-data-analysis/reporting/reporting-frameworks/reporting-framework-40,"CRR3/CRD6 COREP changes, first reference date 03/2025",4.0_layouts.zip,20241217 Annotated Table Layout  COREP_OFCOREP 4.0.xlsx,C_08.04
COREP_OF,C_08.04,4.2,2026-06-30,,official_postponed,https://www.eba.europa.eu/risk-and-data-analysis/reporting-frameworks/reporting-framework-42,"First reference date was postponed to 06/2026; current EBA framework page says 06/2026, despite the earlier technical-package 03/2026 footnote",4.2_layouts.zip,260106 Annotated templates/COREP/20260106 Annotated Table Layout  COREP 4.2 COREP_OFCOREP 4.2.xlsx,C_08.04
COREP_OF,C_08.05,4.0,2025-03-31,2026-06-30,official,https://www.eba.europa.eu/risk-and-data-analysis/reporting/reporting-frameworks/reporting-framework-40,"CRR3/CRD6 COREP changes, first reference date 03/2025",4.0_layouts.zip,20241217 Annotated Table Layout  COREP_OFCOREP 4.0.xlsx,C_08.05
COREP_OF,C_08.05,4.2,2026-06-30,,official_postponed,https://www.eba.europa.eu/risk-and-data-analysis/reporting-frameworks/reporting-framework-42,"First reference date was postponed to 06/2026; current EBA framework page says 06/2026, despite the earlier technical-package 03/2026 footnote",4.2_layouts.zip,260106 Annotated templates/COREP/20260106 Annotated Table Layout  COREP 4.2 COREP_OFCOREP 4.2.xlsx,C_08.05
COREP_OF,C_08.05.1.a,4.0,2025-03-31,2026-06-30,official,https://www.eba.europa.eu/risk-and-data-analysis/reporting/reporting-frameworks/reporting-framework-40,"CRR3/CRD6 COREP changes, first reference date 03/2025",4.0_layouts.zip,20241217 Annotated Table Layout  COREP_OFCOREP 4.0.xlsx,C_08.05.1.a
COREP_OF,C_08.05.1.a,4.2,2026-06-30,,official_postponed,https://www.eba.europa.eu/risk-and-data-analysis/reporting-frameworks/reporting-framework-42,"First reference date was postponed to 06/2026; current EBA framework page says 06/2026, despite the earlier technical-package 03/2026 footnote",4.2_layouts.zip,260106 Annotated templates/COREP/20260106 Annotated Table Layout  COREP 4.2 COREP_OFCOREP 4.2.xlsx,C_08.05.1.a
COREP_OF,C_08.05.1.b,4.0,2025-03-31,2026-06-30,official,https://www.eba.europa.eu/risk-and-data-analysis/reporting/reporting-frameworks/reporting-framework-40,"CRR3/CRD6 COREP changes, first reference date 03/2025",4.0_layouts.zip,20241217 Annotated Table Layout  COREP_OFCOREP 4.0.xlsx,C_08.05.1.b
COREP_OF,C_08.05.1.b,4.2,2026-06-30,,official_postponed,https://www.eba.europa.eu/risk-and-data-analysis/reporting-frameworks/reporting-framework-42,"First reference date was postponed to 06/2026; current EBA framework page says 06/2026, despite the earlier technical-package 03/2026 footnote",4.2_layouts.zip,260106 Annotated templates/COREP/20260106 Annotated Table Layout  COREP 4.2 COREP_OFCOREP 4.2.xlsx,C_08.05.1.b
COREP_OF,C_08.06,4.0,2025-03-31,2026-06-30,official,https://www.eba.europa.eu/risk-and-data-analysis/reporting/reporting-frameworks/reporting-framework-40,"CRR3/CRD6 COREP changes, first reference date 03/2025",4.0_layouts.zip,20241217 Annotated Table Layout  COREP_OFCOREP 4.0.xlsx,C_08.06
COREP_OF,C_08.06,4.2,2026-06-30,,official_postponed,https://www.eba.europa.eu/risk-and-data-analysis/reporting-frameworks/reporting-framework-42,"First reference date was postponed to 06/2026; current EBA framework page says 06/2026, despite the earlier technical-package 03/2026 footnote",4.2_layouts.zip,260106 Annotated templates/COREP/20260106 Annotated Table Layout  COREP 4.2 COREP_OFCOREP 4.2.xlsx,C_08.06
COREP_OF,C_08.07,4.0,2025-03-31,2026-06-30,official,https://www.eba.europa.eu/risk-and-data-analysis/reporting/reporting-frameworks/reporting-framework-40,"CRR3/CRD6 COREP changes, first reference date 03/2025",4.0_layouts.zip,20241217 Annotated Table Layout  COREP_OFCOREP 4.0.xlsx,C_08.07
COREP_OF,C_08.07,4.2,2026-06-30,,official_postponed,https://www.eba.europa.eu/risk-and-data-analysis/reporting-frameworks/reporting-framework-42,"First reference date was postponed to 06/2026; current EBA framework page says 06/2026, despite the earlier technical-package 03/2026 footnote",4.2_layouts.zip,260106 Annotated templates/COREP/20260106 Annotated Table Layout  COREP 4.2 COREP_OFCOREP 4.2.xlsx,C_08.07
COREP_OF,C_09.01.a,4.0,2025-03-31,2026-06-30,official,https://www.eba.europa.eu/risk-and-data-analysis/reporting/reporting-frameworks/reporting-framework-40,"CRR3/CRD6 COREP changes, first reference date 03/2025",4.0_layouts.zip,20241217 Annotated Table Layout  COREP_OFCOREP 4.0.xlsx,C_09.01.a
COREP_OF,C_09.01.a,4.2,2026-06-30,,official_postponed,https://www.eba.europa.eu/risk-and-data-analysis/reporting-frameworks/reporting-framework-42,"First reference date was postponed to 06/2026; current EBA framework page says 06/2026, despite the earlier technical-package 03/2026 footnote",4.2_layouts.zip,260106 Annotated templates/COREP/20260106 Annotated Table Layout  COREP 4.2 COREP_OFCOREP 4.2.xlsx,C_09.01.a
COREP_OF,C_09.01.b,4.0,2025-03-31,2026-06-30,official,https://www.eba.europa.eu/risk-and-data-analysis/reporting/reporting-frameworks/reporting-framework-40,"CRR3/CRD6 COREP changes, first reference date 03/2025",4.0_layouts.zip,20241217 Annotated Table Layout  COREP_OFCOREP 4.0.xlsx,C_09.01.b
COREP_OF,C_09.01.b,4.2,2026-06-30,,official_postponed,https://www.eba.europa.eu/risk-and-data-analysis/reporting-frameworks/reporting-framework-42,"First reference date was postponed to 06/2026; current EBA framework page says 06/2026, despite the earlier technical-package 03/2026 footnote",4.2_layouts.zip,260106 Annotated templates/COREP/20260106 Annotated Table Layout  COREP 4.2 COREP_OFCOREP 4.2.xlsx,C_09.01.b
COREP_OF,C_09.02,4.0,2025-03-31,2026-06-30,official,https://www.eba.europa.eu/risk-and-data-analysis/reporting/reporting-frameworks/reporting-framework-40,"CRR3/CRD6 COREP changes, first reference date 03/2025",4.0_layouts.zip,20241217 Annotated Table Layout  COREP_OFCOREP 4.0.xlsx,C_09.02
COREP_OF,C_09.02,4.2,2026-06-30,,official_postponed,https://www.eba.europa.eu/risk-and-data-analysis/reporting-frameworks/reporting-framework-42,"First reference date was postponed to 06/2026; current EBA framework page says 06/2026, despite the earlier technical-package 03/2026 footnote",4.2_layouts.zip,260106 Annotated templates/COREP/20260106 Annotated Table Layout  COREP 4.2 COREP_OFCOREP 4.2.xlsx,C_09.02
COREP_OF,C_09.04,4.0,2025-03-31,2026-06-30,official,https://www.eba.europa.eu/risk-and-data-analysis/reporting/reporting-frameworks/reporting-framework-40,"CRR3/CRD6 COREP changes, first reference date 03/2025",4.0_layouts.zip,20241217 Annotated Table Layout  COREP_OFCOREP 4.0.xlsx,C_09.04
COREP_OF,C_09.04,4.2,2026-06-30,,official_postponed,https://www.eba.europa.eu/risk-and-data-analysis/reporting-frameworks/reporting-framework-42,"First reference date was postponed to 06/2026; current EBA framework page says 06/2026, despite the earlier technical-package 03/2026 footnote",4.2_layouts.zip,260106 Annotated templates/COREP/20260106 Annotated Table Layout  COREP 4.2 COREP_OFCOREP 4.2.xlsx,C_09.04
COREP_OF,C_10.00,4.0,2025-03-31,2026-06-30,official,https://www.eba.europa.eu/risk-and-data-analysis/reporting/reporting-frameworks/reporting-framework-40,"CRR3/CRD6 COREP changes, first reference date 03/2025",4.0_layouts.zip,20241217 Annotated Table Layout  COREP_OFCOREP 4.0.xlsx,C_10.00
COREP_OF,C_10.00,4.2,2026-06-30,,official_postponed,https://www.eba.europa.eu/risk-and-data-analysis/reporting-frameworks/reporting-framework-42,"First reference date was postponed to 06/2026; current EBA framework page says 06/2026, despite the earlier technical-package 03/2026 footnote",4.2_layouts.zip,260106 Annotated templates/COREP/20260106 Annotated Table Layout  COREP 4.2 COREP_OFCOREP 4.2.xlsx,C_10.00
COREP_OF,C_10.01,4.0,2025-03-31,2026-06-30,official,https://www.eba.europa.eu/risk-and-data-analysis/reporting/reporting-frameworks/reporting-framework-40,"CRR3/CRD6 COREP changes, first reference date 03/2025",4.0_layouts.zip,20241217 Annotated Table Layout  COREP_OFCOREP 4.0.xlsx,C_10.01
COREP_OF,C_10.01,4.2,2026-06-30,,official_postponed,https://www.eba.europa.eu/risk-and-data-analysis/reporting-frameworks/reporting-framework-42,"First reference date was postponed to 06/2026; current EBA framework page says 06/2026, despite the earlier technical-package 03/2026 footnote",4.2_layouts.zip,260106 Annotated templates/COREP/20260106 Annotated Table Layout  COREP 4.2 COREP_OFCOREP 4.2.xlsx,C_10.01
COREP_OF,C_10.02,4.0,2025-03-31,2026-06-30,official,https://www.eba.europa.eu/risk-and-data-analysis/reporting/reporting-frameworks/reporting-framework-40,"CRR3/CRD6 COREP changes, first reference date 03/2025",4.0_layouts.zip,20241217 Annotated Table Layout  COREP_OFCOREP 4.0.xlsx,C_10.02
COREP_OF,C_10.02,4.2,2026-06-30,,official_postponed,https://www.eba.europa.eu/risk-and-data-analysis/reporting-frameworks/reporting-framework-42,"First reference date was postponed to 06/2026; current EBA framework page says 06/2026, despite the earlier technical-package 03/2026 footnote",4.2_layouts.zip,260106 Annotated templates/COREP/20260106 Annotated Table Layout  COREP 4.2 COREP_OFCOREP 4.2.xlsx,C_10.02
COREP_OF,C_11.00,4.0,2025-03-31,2026-06-30,official,https://www.eba.europa.eu/risk-and-data-analysis/reporting/reporting-frameworks/reporting-framework-40,"CRR3/CRD6 COREP changes, first reference date 03/2025",4.0_layouts.zip,20241217 Annotated Table Layout  COREP_OFCOREP 4.0.xlsx,C_11.00
COREP_OF,C_11.00,4.2,2026-06-30,,official_postponed,https://www.eba.europa.eu/risk-and-data-analysis/reporting-frameworks/reporting-framework-42,"First reference date was postponed to 06/2026; current EBA framework page says 06/2026, despite the earlier technical-package 03/2026 footnote",4.2_layouts.zip,260106 Annotated templates/COREP/20260106 Annotated Table Layout  COREP 4.2 COREP_OFCOREP 4.2.xlsx,C_11.00
COREP_OF,C_13.01,4.0,2025-03-31,2026-06-30,official,https://www.eba.europa.eu/risk-and-data-analysis/reporting/reporting-frameworks/reporting-framework-40,"CRR3/CRD6 COREP changes, first reference date 03/2025",4.0_layouts.zip,20241217 Annotated Table Layout  COREP_OFCOREP 4.0.xlsx,C_13.01
COREP_OF,C_13.01,4.2,2026-06-30,,official_postponed,https://www.eba.europa.eu/risk-and-data-analysis/reporting-frameworks/reporting-framework-42,"First reference date was postponed to 06/2026; current EBA framework page says 06/2026, despite the earlier technical-package 03/2026 footnote",4.2_layouts.zip,260106 Annotated templates/COREP/20260106 Annotated Table Layout  COREP 4.2 COREP_OFCOREP 4.2.xlsx,C_13.01
COREP_OF,C_14.00,4.0,2025-03-31,2026-06-30,official,https://www.eba.europa.eu/risk-and-data-analysis/reporting/reporting-frameworks/reporting-framework-40,"CRR3/CRD6 COREP changes, first reference date 03/2025",4.0_layouts.zip,20241217 Annotated Table Layout  COREP_OFCOREP 4.0.xlsx,C_14.00
COREP_OF,C_14.00,4.2,2026-06-30,,official_postponed,https://www.eba.europa.eu/risk-and-data-analysis/reporting-frameworks/reporting-framework-42,"First reference date was postponed to 06/2026; current EBA framework page says 06/2026, despite the earlier technical-package 03/2026 footnote",4.2_layouts.zip,260106 Annotated templates/COREP/20260106 Annotated Table Layout  COREP 4.2 COREP_OFCOREP 4.2.xlsx,C_14.00
COREP_OF,C_14.01,4.0,2025-03-31,2026-06-30,official,https://www.eba.europa.eu/risk-and-data-analysis/reporting/reporting-frameworks/reporting-framework-40,"CRR3/CRD6 COREP changes, first reference date 03/2025",4.0_layouts.zip,20241217 Annotated Table Layout  COREP_OFCOREP 4.0.xlsx,C_14.01(0060)
COREP_OF,C_14.01,4.2,2026-06-30,,official_postponed,https://www.eba.europa.eu/risk-and-data-analysis/reporting-frameworks/reporting-framework-42,"First reference date was postponed to 06/2026; current EBA framework page says 06/2026, despite the earlier technical-package 03/2026 footnote",4.2_layouts.zip,260106 Annotated templates/COREP/20260106 Annotated Table Layout  COREP 4.2 COREP_OFCOREP 4.2.xlsx,C_14.01(0060)
COREP_OF,C_15.00,4.0,2025-03-31,2026-06-30,official,https://www.eba.europa.eu/risk-and-data-analysis/reporting/reporting-frameworks/reporting-framework-40,"CRR3/CRD6 COREP changes, first reference date 03/2025",4.0_layouts.zip,20241217 Annotated Table Layout  COREP_OFCOREP 4.0.xlsx,C_15.00
COREP_OF,C_15.00,4.2,2026-06-30,,official_postponed,https://www.eba.europa.eu/risk-and-data-analysis/reporting-frameworks/reporting-framework-42,"First reference date was postponed to 06/2026; current EBA framework page says 06/2026, despite the earlier technical-package 03/2026 footnote",4.2_layouts.zip,260106 Annotated templates/COREP/20260106 Annotated Table Layout  COREP 4.2 COREP_OFCOREP 4.2.xlsx,C_15.00
COREP_OF,C_16.01.a,4.0,2025-03-31,2026-06-30,official,https://www.eba.europa.eu/risk-and-data-analysis/reporting/reporting-frameworks/reporting-framework-40,"CRR3/CRD6 COREP changes, first reference date 03/2025",4.0_layouts.zip,20241217 Annotated Table Layout  COREP_OFCOREP 4.0.xlsx,C_16.01.a
COREP_OF,C_16.01.a,4.2,2026-06-30,,official_postponed,https://www.eba.europa.eu/risk-and-data-analysis/reporting-frameworks/reporting-framework-42,"First reference date was postponed to 06/2026; current EBA framework page says 06/2026, despite the earlier technical-package 03/2026 footnote",4.2_layouts.zip,260106 Annotated templates/COREP/20260106 Annotated Table Layout  COREP 4.2 COREP_OFCOREP 4.2.xlsx,C_16.01.a
COREP_OF,C_16.01.b,4.0,2025-03-31,2026-06-30,official,https://www.eba.europa.eu/risk-and-data-analysis/reporting/reporting-frameworks/reporting-framework-40,"CRR3/CRD6 COREP changes, first reference date 03/2025",4.0_layouts.zip,20241217 Annotated Table Layout  COREP_OFCOREP 4.0.xlsx,C_16.01.b
COREP_OF,C_16.01.b,4.2,2026-06-30,,official_postponed,https://www.eba.europa.eu/risk-and-data-analysis/reporting-frameworks/reporting-framework-42,"First reference date was postponed to 06/2026; current EBA framework page says 06/2026, despite the earlier technical-package 03/2026 footnote",4.2_layouts.zip,260106 Annotated templates/COREP/20260106 Annotated Table Layout  COREP 4.2 COREP_OFCOREP 4.2.xlsx,C_16.01.b
COREP_OF,C_16.02,4.2,2026-06-30,,official_postponed,https://www.eba.europa.eu/risk-and-data-analysis/reporting-frameworks/reporting-framework-42,"First reference date was postponed to 06/2026; current EBA framework page says 06/2026, despite the earlier technical-package 03/2026 footnote",4.2_layouts.zip,260106 Annotated templates/COREP/20260106 Annotated Table Layout  COREP 4.2 COREP_OFCOREP 4.2.xlsx,C_16.02
COREP_OF,C_16.03,4.2,2026-06-30,,official_postponed,https://www.eba.europa.eu/risk-and-data-analysis/reporting-frameworks/reporting-framework-42,"First reference date was postponed to 06/2026; current EBA framework page says 06/2026, despite the earlier technical-package 03/2026 footnote",4.2_layouts.zip,260106 Annotated templates/COREP/20260106 Annotated Table Layout  COREP 4.2 COREP_OFCOREP 4.2.xlsx,C_16.03
COREP_OF,C_16.04,4.2,2026-06-30,,official_postponed,https://www.eba.europa.eu/risk-and-data-analysis/reporting-frameworks/reporting-framework-42,"First reference date was postponed to 06/2026; current EBA framework page says 06/2026, despite the earlier technical-package 03/2026 footnote",4.2_layouts.zip,260106 Annotated templates/COREP/20260106 Annotated Table Layout  COREP 4.2 COREP_OFCOREP 4.2.xlsx,C_16.04
COREP_OF,C_17.01.a,4.0,2025-03-31,2026-06-30,official,https://www.eba.europa.eu/risk-and-data-analysis/reporting/reporting-frameworks/reporting-framework-40,"CRR3/CRD6 COREP changes, first reference date 03/2025",4.0_layouts.zip,20241217 Annotated Table Layout  COREP_OFCOREP 4.0.xlsx,C_17.01.a
COREP_OF,C_17.01.a,4.2,2026-06-30,,official_postponed,https://www.eba.europa.eu/risk-and-data-analysis/reporting-frameworks/reporting-framework-42,"First reference date was postponed to 06/2026; current EBA framework page says 06/2026, despite the earlier technical-package 03/2026 footnote",4.2_layouts.zip,260106 Annotated templates/COREP/20260106 Annotated Table Layout  COREP 4.2 COREP_OFCOREP 4.2.xlsx,C_17.01.a
COREP_OF,C_17.01.b,4.0,2025-03-31,2026-06-30,official,https://www.eba.europa.eu/risk-and-data-analysis/reporting/reporting-frameworks/reporting-framework-40,"CRR3/CRD6 COREP changes, first reference date 03/2025",4.0_layouts.zip,20241217 Annotated Table Layout  COREP_OFCOREP 4.0.xlsx,C_17.01.b
COREP_OF,C_17.01.b,4.2,2026-06-30,,official_postponed,https://www.eba.europa.eu/risk-and-data-analysis/reporting-frameworks/reporting-framework-42,"First reference date was postponed to 06/2026; current EBA framework page says 06/2026, despite the earlier technical-package 03/2026 footnote",4.2_layouts.zip,260106 Annotated templates/COREP/20260106 Annotated Table Layout  COREP 4.2 COREP_OFCOREP 4.2.xlsx,C_17.01.b
COREP_OF,C_17.02,4.0,2025-03-31,2026-06-30,official,https://www.eba.europa.eu/risk-and-data-analysis/reporting/reporting-frameworks/reporting-framework-40,"CRR3/CRD6 COREP changes, first reference date 03/2025",4.0_layouts.zip,20241217 Annotated Table Layout  COREP_OFCOREP 4.0.xlsx,C_17.02
COREP_OF,C_17.02,4.2,2026-06-30,,official_postponed,https://www.eba.europa.eu/risk-and-data-analysis/reporting-frameworks/reporting-framework-42,"First reference date was postponed to 06/2026; current EBA framework page says 06/2026, despite the earlier technical-package 03/2026 footnote",4.2_layouts.zip,260106 Annotated templates/COREP/20260106 Annotated Table Layout  COREP 4.2 COREP_OFCOREP 4.2.xlsx,C_17.02
COREP_OF,C_18.00,4.0,2025-03-31,2026-06-30,official,https://www.eba.europa.eu/risk-and-data-analysis/reporting/reporting-frameworks/reporting-framework-40,"CRR3/CRD6 COREP changes, first reference date 03/2025",4.0_layouts.zip,20241217 Annotated Table Layout  COREP_OFCOREP 4.0.xlsx,C_18.00(0026)
COREP_OF,C_18.00,4.2,2026-06-30,,official_postponed,https://www.eba.europa.eu/risk-and-data-analysis/reporting-frameworks/reporting-framework-42,"First reference date was postponed to 06/2026; current EBA framework page says 06/2026, despite the earlier technical-package 03/2026 footnote",4.2_layouts.zip,260106 Annotated templates/COREP/20260106 Annotated Table Layout  COREP 4.2 COREP_OFCOREP 4.2.xlsx,C_18.00(0025)
COREP_OF,C_19.00,4.0,2025-03-31,2026-06-30,official,https://www.eba.europa.eu/risk-and-data-analysis/reporting/reporting-frameworks/reporting-framework-40,"CRR3/CRD6 COREP changes, first reference date 03/2025",4.0_layouts.zip,20241217 Annotated Table Layout  COREP_OFCOREP 4.0.xlsx,C_19.00
COREP_OF,C_19.00,4.2,2026-06-30,,official_postponed,https://www.eba.europa.eu/risk-and-data-analysis/reporting-frameworks/reporting-framework-42,"First reference date was postponed to 06/2026; current EBA framework page says 06/2026, despite the earlier technical-package 03/2026 footnote",4.2_layouts.zip,260106 Annotated templates/COREP/20260106 Annotated Table Layout  COREP 4.2 COREP_OFCOREP 4.2.xlsx,C_19.00
COREP_OF,C_20.00,4.0,2025-03-31,2026-06-30,official,https://www.eba.europa.eu/risk-and-data-analysis/reporting/reporting-frameworks/reporting-framework-40,"CRR3/CRD6 COREP changes, first reference date 03/2025",4.0_layouts.zip,20241217 Annotated Table Layout  COREP_OFCOREP 4.0.xlsx,C_20.00
COREP_OF,C_20.00,4.2,2026-06-30,,official_postponed,https://www.eba.europa.eu/risk-and-data-analysis/reporting-frameworks/reporting-framework-42,"First reference date was postponed to 06/2026; current EBA framework page says 06/2026, despite the earlier technical-package 03/2026 footnote",4.2_layouts.zip,260106 Annotated templates/COREP/20260106 Annotated Table Layout  COREP 4.2 COREP_OFCOREP 4.2.xlsx,C_20.00
COREP_OF,C_21.00,4.0,2025-03-31,2026-06-30,official,https://www.eba.europa.eu/risk-and-data-analysis/reporting/reporting-frameworks/reporting-framework-40,"CRR3/CRD6 COREP changes, first reference date 03/2025",4.0_layouts.zip,20241217 Annotated Table Layout  COREP_OFCOREP 4.0.xlsx,C_21.00(0044)
COREP_OF,C_21.00,4.2,2026-06-30,,official_postponed,https://www.eba.europa.eu/risk-and-data-analysis/reporting-frameworks/reporting-framework-42,"First reference date was postponed to 06/2026; current EBA framework page says 06/2026, despite the earlier technical-package 03/2026 footnote",4.2_layouts.zip,260106 Annotated templates/COREP/20260106 Annotated Table Layout  COREP 4.2 COREP_OFCOREP 4.2.xlsx,C_21.00(0044)
COREP_OF,C_22.00,4.0,2025-03-31,2026-06-30,official,https://www.eba.europa.eu/risk-and-data-analysis/reporting/reporting-frameworks/reporting-framework-40,"CRR3/CRD6 COREP changes, first reference date 03/2025",4.0_layouts.zip,20241217 Annotated Table Layout  COREP_OFCOREP 4.0.xlsx,C_22.00
COREP_OF,C_22.00,4.2,2026-06-30,,official_postponed,https://www.eba.europa.eu/risk-and-data-analysis/reporting-frameworks/reporting-framework-42,"First reference date was postponed to 06/2026; current EBA framework page says 06/2026, despite the earlier technical-package 03/2026 footnote",4.2_layouts.zip,260106 Annotated templates/COREP/20260106 Annotated Table Layout  COREP 4.2 COREP_OFCOREP 4.2.xlsx,C_22.00
COREP_OF,C_23.00,4.0,2025-03-31,2026-06-30,official,https://www.eba.europa.eu/risk-and-data-analysis/reporting/reporting-frameworks/reporting-framework-40,"CRR3/CRD6 COREP changes, first reference date 03/2025",4.0_layouts.zip,20241217 Annotated Table Layout  COREP_OFCOREP 4.0.xlsx,C_23.00
COREP_OF,C_23.00,4.2,2026-06-30,,official_postponed,https://www.eba.europa.eu/risk-and-data-analysis/reporting-frameworks/reporting-framework-42,"First reference date was postponed to 06/2026; current EBA framework page says 06/2026, despite the earlier technical-package 03/2026 footnote",4.2_layouts.zip,260106 Annotated templates/COREP/20260106 Annotated Table Layout  COREP 4.2 COREP_OFCOREP 4.2.xlsx,C_23.00
COREP_OF,C_24.00,4.0,2025-03-31,2026-06-30,official,https://www.eba.europa.eu/risk-and-data-analysis/reporting/reporting-frameworks/reporting-framework-40,"CRR3/CRD6 COREP changes, first reference date 03/2025",4.0_layouts.zip,20241217 Annotated Table Layout  COREP_OFCOREP 4.0.xlsx,C_24.00
COREP_OF,C_24.00,4.2,2026-06-30,,official_postponed,https://www.eba.europa.eu/risk-and-data-analysis/reporting-frameworks/reporting-framework-42,"First reference date was postponed to 06/2026; current EBA framework page says 06/2026, despite the earlier technical-package 03/2026 footnote",4.2_layouts.zip,260106 Annotated templates/COREP/20260106 Annotated Table Layout  COREP 4.2 COREP_OFCOREP 4.2.xlsx,C_24.00
COREP_OF,C_25.01.a,4.0,2025-03-31,2026-06-30,official,https://www.eba.europa.eu/risk-and-data-analysis/reporting/reporting-frameworks/reporting-framework-40,"CRR3/CRD6 COREP changes, first reference date 03/2025",4.0_layouts.zip,20241217 Annotated Table Layout  COREP_OFCOREP 4.0.xlsx,C_25.01.a
COREP_OF,C_25.01.a,4.2,2026-06-30,,official_postponed,https://www.eba.europa.eu/risk-and-data-analysis/reporting-frameworks/reporting-framework-42,"First reference date was postponed to 06/2026; current EBA framework page says 06/2026, despite the earlier technical-package 03/2026 footnote",4.2_layouts.zip,260106 Annotated templates/COREP/20260106 Annotated Table Layout  COREP 4.2 COREP_OFCOREP 4.2.xlsx,C_25.01.a
COREP_OF,C_25.01.b,4.0,2025-03-31,2026-06-30,official,https://www.eba.europa.eu/risk-and-data-analysis/reporting/reporting-frameworks/reporting-framework-40,"CRR3/CRD6 COREP changes, first reference date 03/2025",4.0_layouts.zip,20241217 Annotated Table Layout  COREP_OFCOREP 4.0.xlsx,C_25.01.b
COREP_OF,C_25.01.b,4.2,2026-06-30,,official_postponed,https://www.eba.europa.eu/risk-and-data-analysis/reporting-frameworks/reporting-framework-42,"First reference date was postponed to 06/2026; current EBA framework page says 06/2026, despite the earlier technical-package 03/2026 footnote",4.2_layouts.zip,260106 Annotated templates/COREP/20260106 Annotated Table Layout  COREP 4.2 COREP_OFCOREP 4.2.xlsx,C_25.01.b
COREP_OF,C_32.01,4.0,2025-03-31,2026-06-30,official,https://www.eba.europa.eu/risk-and-data-analysis/reporting/reporting-frameworks/reporting-framework-40,"CRR3/CRD6 COREP changes, first reference date 03/2025",4.0_layouts.zip,20241217 Annotated Table Layout  COREP_OFCOREP 4.0.xlsx,C_32.01
COREP_OF,C_32.01,4.2,2026-06-30,,official_postponed,https://www.eba.europa.eu/risk-and-data-analysis/reporting-frameworks/reporting-framework-42,"First reference date was postponed to 06/2026; current EBA framework page says 06/2026, despite the earlier technical-package 03/2026 footnote",4.2_layouts.zip,260106 Annotated templates/COREP/20260106 Annotated Table Layout  COREP 4.2 COREP_OFCOREP 4.2.xlsx,C_32.01
COREP_OF,C_32.02.a,4.0,2025-03-31,2026-06-30,official,https://www.eba.europa.eu/risk-and-data-analysis/reporting/reporting-frameworks/reporting-framework-40,"CRR3/CRD6 COREP changes, first reference date 03/2025",4.0_layouts.zip,20241217 Annotated Table Layout  COREP_OFCOREP 4.0.xlsx,C_32.02.a
COREP_OF,C_32.02.a,4.2,2026-06-30,,official_postponed,https://www.eba.europa.eu/risk-and-data-analysis/reporting-frameworks/reporting-framework-42,"First reference date was postponed to 06/2026; current EBA framework page says 06/2026, despite the earlier technical-package 03/2026 footnote",4.2_layouts.zip,260106 Annotated templates/COREP/20260106 Annotated Table Layout  COREP 4.2 COREP_OFCOREP 4.2.xlsx,C_32.02.a
COREP_OF,C_32.02.b,4.0,2025-03-31,2026-06-30,official,https://www.eba.europa.eu/risk-and-data-analysis/reporting/reporting-frameworks/reporting-framework-40,"CRR3/CRD6 COREP changes, first reference date 03/2025",4.0_layouts.zip,20241217 Annotated Table Layout  COREP_OFCOREP 4.0.xlsx,C_32.02.b
COREP_OF,C_32.02.b,4.2,2026-06-30,,official_postponed,https://www.eba.europa.eu/risk-and-data-analysis/reporting-frameworks/reporting-framework-42,"First reference date was postponed to 06/2026; current EBA framework page says 06/2026, despite the earlier technical-package 03/2026 footnote",4.2_layouts.zip,260106 Annotated templates/COREP/20260106 Annotated Table Layout  COREP 4.2 COREP_OFCOREP 4.2.xlsx,C_32.02.b
COREP_OF,C_32.02.c,4.0,2025-03-31,2026-06-30,official,https://www.eba.europa.eu/risk-and-data-analysis/reporting/reporting-frameworks/reporting-framework-40,"CRR3/CRD6 COREP changes, first reference date 03/2025",4.0_layouts.zip,20241217 Annotated Table Layout  COREP_OFCOREP 4.0.xlsx,C_32.02.c
COREP_OF,C_32.02.c,4.2,2026-06-30,,official_postponed,https://www.eba.europa.eu/risk-and-data-analysis/reporting-frameworks/reporting-framework-42,"First reference date was postponed to 06/2026; current EBA framework page says 06/2026, despite the earlier technical-package 03/2026 footnote",4.2_layouts.zip,260106 Annotated templates/COREP/20260106 Annotated Table Layout  COREP 4.2 COREP_OFCOREP 4.2.xlsx,C_32.02.c
COREP_OF,C_32.03,4.0,2025-03-31,2026-06-30,official,https://www.eba.europa.eu/risk-and-data-analysis/reporting/reporting-frameworks/reporting-framework-40,"CRR3/CRD6 COREP changes, first reference date 03/2025",4.0_layouts.zip,20241217 Annotated Table Layout  COREP_OFCOREP 4.0.xlsx,C_32.03
COREP_OF,C_32.03,4.2,2026-06-30,,official_postponed,https://www.eba.europa.eu/risk-and-data-analysis/reporting-frameworks/reporting-framework-42,"First reference date was postponed to 06/2026; current EBA framework page says 06/2026, despite the earlier technical-package 03/2026 footnote",4.2_layouts.zip,260106 Annotated templates/COREP/20260106 Annotated Table Layout  COREP 4.2 COREP_OFCOREP 4.2.xlsx,C_32.03
COREP_OF,C_32.04,4.0,2025-03-31,2026-06-30,official,https://www.eba.europa.eu/risk-and-data-analysis/reporting/reporting-frameworks/reporting-framework-40,"CRR3/CRD6 COREP changes, first reference date 03/2025",4.0_layouts.zip,20241217 Annotated Table Layout  COREP_OFCOREP 4.0.xlsx,C_32.04
COREP_OF,C_32.04,4.2,2026-06-30,,official_postponed,https://www.eba.europa.eu/risk-and-data-analysis/reporting-frameworks/reporting-framework-42,"First reference date was postponed to 06/2026; current EBA framework page says 06/2026, despite the earlier technical-package 03/2026 footnote",4.2_layouts.zip,260106 Annotated templates/COREP/20260106 Annotated Table Layout  COREP 4.2 COREP_OFCOREP 4.2.xlsx,C_32.04
COREP_OF,C_33.00.a,4.0,2025-03-31,2026-06-30,official,https://www.eba.europa.eu/risk-and-data-analysis/reporting/reporting-frameworks/reporting-framework-40,"CRR3/CRD6 COREP changes, first reference date 03/2025",4.0_layouts.zip,20241217 Annotated Table Layout  COREP_OFCOREP 4.0.xlsx,C_33.00.a
COREP_OF,C_33.00.a,4.2,2026-06-30,,official_postponed,https://www.eba.europa.eu/risk-and-data-analysis/reporting-frameworks/reporting-framework-42,"First reference date was postponed to 06/2026; current EBA framework page says 06/2026, despite the earlier technical-package 03/2026 footnote",4.2_layouts.zip,260106 Annotated templates/COREP/20260106 Annotated Table Layout  COREP 4.2 COREP_OFCOREP 4.2.xlsx,C_33.00.a
COREP_OF,C_33.00.b,4.0,2025-03-31,2026-06-30,official,https://www.eba.europa.eu/risk-and-data-analysis/reporting/reporting-frameworks/reporting-framework-40,"CRR3/CRD6 COREP changes, first reference date 03/2025",4.0_layouts.zip,20241217 Annotated Table Layout  COREP_OFCOREP 4.0.xlsx,C_33.00.b
COREP_OF,C_33.00.b,4.2,2026-06-30,,official_postponed,https://www.eba.europa.eu/risk-and-data-analysis/reporting-frameworks/reporting-framework-42,"First reference date was postponed to 06/2026; current EBA framework page says 06/2026, despite the earlier technical-package 03/2026 footnote",4.2_layouts.zip,260106 Annotated templates/COREP/20260106 Annotated Table Layout  COREP 4.2 COREP_OFCOREP 4.2.xlsx,C_33.00.b
COREP_OF,C_34.01.a,4.0,2025-03-31,2026-06-30,official,https://www.eba.europa.eu/risk-and-data-analysis/reporting/reporting-frameworks/reporting-framework-40,"CRR3/CRD6 COREP changes, first reference date 03/2025",4.0_layouts.zip,20241217 Annotated Table Layout  COREP_OFCOREP 4.0.xlsx,C_34.01.a
COREP_OF,C_34.01.a,4.2,2026-06-30,,official_postponed,https://www.eba.europa.eu/risk-and-data-analysis/reporting-frameworks/reporting-framework-42,"First reference date was postponed to 06/2026; current EBA framework page says 06/2026, despite the earlier technical-package 03/2026 footnote",4.2_layouts.zip,260106 Annotated templates/COREP/20260106 Annotated Table Layout  COREP 4.2 COREP_OFCOREP 4.2.xlsx,C_34.01.a
COREP_OF,C_34.01.b,4.0,2025-03-31,2026-06-30,official,https://www.eba.europa.eu/risk-and-data-analysis/reporting/reporting-frameworks/reporting-framework-40,"CRR3/CRD6 COREP changes, first reference date 03/2025",4.0_layouts.zip,20241217 Annotated Table Layout  COREP_OFCOREP 4.0.xlsx,C_34.01.b
COREP_OF,C_34.01.b,4.2,2026-06-30,,official_postponed,https://www.eba.europa.eu/risk-and-data-analysis/reporting-frameworks/reporting-framework-42,"First reference date was postponed to 06/2026; current EBA framework page says 06/2026, despite the earlier technical-package 03/2026 footnote",4.2_layouts.zip,260106 Annotated templates/COREP/20260106 Annotated Table Layout  COREP 4.2 COREP_OFCOREP 4.2.xlsx,C_34.01.b
COREP_OF,C_34.02,4.0,2025-03-31,,official,https://www.eba.europa.eu/risk-and-data-analysis/reporting/reporting-frameworks/reporting-framework-40,"CRR3/CRD6 COREP changes, first reference date 03/2025",4.0_layouts.zip,20241217 Annotated Table Layout  COREP_OFCOREP 4.0.xlsx,C_34.02(0002)
COREP_OF,C_34.02.a,4.2,2026-06-30,,official_postponed,https://www.eba.europa.eu/risk-and-data-analysis/reporting-frameworks/reporting-framework-42,"First reference date was postponed to 06/2026; current EBA framework page says 06/2026, despite the earlier technical-package 03/2026 footnote",4.2_layouts.zip,260106 Annotated templates/COREP/20260106 Annotated Table Layout  COREP 4.2 COREP_OFCOREP 4.2.xlsx,C_34.02.a(0002)
COREP_OF,C_34.02.b,4.2,2026-06-30,,official_postponed,https://www.eba.europa.eu/risk-and-data-analysis/reporting-frameworks/reporting-framework-42,"First reference date was postponed to 06/2026; current EBA framework page says 06/2026, despite the earlier technical-package 03/2026 footnote",4.2_layouts.zip,260106 Annotated templates/COREP/20260106 Annotated Table Layout  COREP 4.2 COREP_OFCOREP 4.2.xlsx,C_34.02.b(0002)
COREP_OF,C_34.03,4.0,2025-03-31,2026-06-30,official,https://www.eba.europa.eu/risk-and-data-analysis/reporting/reporting-frameworks/reporting-framework-40,"CRR3/CRD6 COREP changes, first reference date 03/2025",4.0_layouts.zip,20241217 Annotated Table Layout  COREP_OFCOREP 4.0.xlsx,C_34.03(0002)
COREP_OF,C_34.03,4.2,2026-06-30,,official_postponed,https://www.eba.europa.eu/risk-and-data-analysis/reporting-frameworks/reporting-framework-42,"First reference date was postponed to 06/2026; current EBA framework page says 06/2026, despite the earlier technical-package 03/2026 footnote",4.2_layouts.zip,260106 Annotated templates/COREP/20260106 Annotated Table Layout  COREP 4.2 COREP_OFCOREP 4.2.xlsx,C_34.03(0002)
COREP_OF,C_34.04,4.0,2025-03-31,2026-06-30,official,https://www.eba.europa.eu/risk-and-data-analysis/reporting/reporting-frameworks/reporting-framework-40,"CRR3/CRD6 COREP changes, first reference date 03/2025",4.0_layouts.zip,20241217 Annotated Table Layout  COREP_OFCOREP 4.0.xlsx,C_34.04
COREP_OF,C_34.04,4.2,2026-06-30,,official_postponed,https://www.eba.europa.eu/risk-and-data-analysis/reporting-frameworks/reporting-framework-42,"First reference date was postponed to 06/2026; current EBA framework page says 06/2026, despite the earlier technical-package 03/2026 footnote",4.2_layouts.zip,260106 Annotated templates/COREP/20260106 Annotated Table Layout  COREP 4.2 COREP_OFCOREP 4.2.xlsx,C_34.04
COREP_OF,C_34.05,4.0,2025-03-31,2026-06-30,official,https://www.eba.europa.eu/risk-and-data-analysis/reporting/reporting-frameworks/reporting-framework-40,"CRR3/CRD6 COREP changes, first reference date 03/2025",4.0_layouts.zip,20241217 Annotated Table Layout  COREP_OFCOREP 4.0.xlsx,C_34.05
COREP_OF,C_34.05,4.2,2026-06-30,,official_postponed,https://www.eba.europa.eu/risk-and-data-analysis/reporting-frameworks/reporting-framework-42,"First reference date was postponed to 06/2026; current EBA framework page says 06/2026, despite the earlier technical-package 03/2026 footnote",4.2_layouts.zip,260106 Annotated templates/COREP/20260106 Annotated Table Layout  COREP 4.2 COREP_OFCOREP 4.2.xlsx,C_34.05
COREP_OF,C_34.06,4.0,2025-03-31,2026-06-30,official,https://www.eba.europa.eu/risk-and-data-analysis/reporting/reporting-frameworks/reporting-framework-40,"CRR3/CRD6 COREP changes, first reference date 03/2025",4.0_layouts.zip,20241217 Annotated Table Layout  COREP_OFCOREP 4.0.xlsx,C_34.06
COREP_OF,C_34.06,4.2,2026-06-30,,official_postponed,https://www.eba.europa.eu/risk-and-data-analysis/reporting-frameworks/reporting-framework-42,"First reference date was postponed to 06/2026; current EBA framework page says 06/2026, despite the earlier technical-package 03/2026 footnote",4.2_layouts.zip,260106 Annotated templates/COREP/20260106 Annotated Table Layout  COREP 4.2 COREP_OFCOREP 4.2.xlsx,C_34.06
COREP_OF,C_34.07,4.0,2025-03-31,2026-06-30,official,https://www.eba.europa.eu/risk-and-data-analysis/reporting/reporting-frameworks/reporting-framework-40,"CRR3/CRD6 COREP changes, first reference date 03/2025",4.0_layouts.zip,20241217 Annotated Table Layout  COREP_OFCOREP 4.0.xlsx,C_34.07
COREP_OF,C_34.07,4.2,2026-06-30,,official_postponed,https://www.eba.europa.eu/risk-and-data-analysis/reporting-frameworks/reporting-framework-42,"First reference date was postponed to 06/2026; current EBA framework page says 06/2026, despite the earlier technical-package 03/2026 footnote",4.2_layouts.zip,260106 Annotated templates/COREP/20260106 Annotated Table Layout  COREP 4.2 COREP_OFCOREP 4.2.xlsx,C_34.07
COREP_OF,C_34.08.a,4.0,2025-03-31,2026-06-30,official,https://www.eba.europa.eu/risk-and-data-analysis/reporting/reporting-frameworks/reporting-framework-40,"CRR3/CRD6 COREP changes, first reference date 03/2025",4.0_layouts.zip,20241217 Annotated Table Layout  COREP_OFCOREP 4.0.xlsx,C_34.08.a
COREP_OF,C_34.08.a,4.2,2026-06-30,,official_postponed,https://www.eba.europa.eu/risk-and-data-analysis/reporting-frameworks/reporting-framework-42,"First reference date was postponed to 06/2026; current EBA framework page says 06/2026, despite the earlier technical-package 03/2026 footnote",4.2_layouts.zip,260106 Annotated templates/COREP/20260106 Annotated Table Layout  COREP 4.2 COREP_OFCOREP 4.2.xlsx,C_34.08.a
COREP_OF,C_34.08.b,4.0,2025-03-31,2026-06-30,official,https://www.eba.europa.eu/risk-and-data-analysis/reporting/reporting-frameworks/reporting-framework-40,"CRR3/CRD6 COREP changes, first reference date 03/2025",4.0_layouts.zip,20241217 Annotated Table Layout  COREP_OFCOREP 4.0.xlsx,C_34.08.b
COREP_OF,C_34.08.b,4.2,2026-06-30,,official_postponed,https://www.eba.europa.eu/risk-and-data-analysis/reporting-frameworks/reporting-framework-42,"First reference date was postponed to 06/2026; current EBA framework page says 06/2026, despite the earlier technical-package 03/2026 footnote",4.2_layouts.zip,260106 Annotated templates/COREP/20260106 Annotated Table Layout  COREP 4.2 COREP_OFCOREP 4.2.xlsx,C_34.08.b
COREP_OF,C_34.09,4.0,2025-03-31,2026-06-30,official,https://www.eba.europa.eu/risk-and-data-analysis/reporting/reporting-frameworks/reporting-framework-40,"CRR3/CRD6 COREP changes, first reference date 03/2025",4.0_layouts.zip,20241217 Annotated Table Layout  COREP_OFCOREP 4.0.xlsx,C_34.09
COREP_OF,C_34.09,4.2,2026-06-30,,official_postponed,https://www.eba.europa.eu/risk-and-data-analysis/reporting-frameworks/reporting-framework-42,"First reference date was postponed to 06/2026; current EBA framework page says 06/2026, despite the earlier technical-package 03/2026 footnote",4.2_layouts.zip,260106 Annotated templates/COREP/20260106 Annotated Table Layout  COREP 4.2 COREP_OFCOREP 4.2.xlsx,C_34.09
COREP_OF,C_34.10,4.0,2025-03-31,2026-06-30,official,https://www.eba.europa.eu/risk-and-data-analysis/reporting/reporting-frameworks/reporting-framework-40,"CRR3/CRD6 COREP changes, first reference date 03/2025",4.0_layouts.zip,20241217 Annotated Table Layout  COREP_OFCOREP 4.0.xlsx,C_34.10
COREP_OF,C_34.10,4.2,2026-06-30,,official_postponed,https://www.eba.europa.eu/risk-and-data-analysis/reporting-frameworks/reporting-framework-42,"First reference date was postponed to 06/2026; current EBA framework page says 06/2026, despite the earlier technical-package 03/2026 footnote",4.2_layouts.zip,260106 Annotated templates/COREP/20260106 Annotated Table Layout  COREP 4.2 COREP_OFCOREP 4.2.xlsx,C_34.10
COREP_OF,C_34.11,4.0,2025-03-31,2026-06-30,official,https://www.eba.europa.eu/risk-and-data-analysis/reporting/reporting-frameworks/reporting-framework-40,"CRR3/CRD6 COREP changes, first reference date 03/2025",4.0_layouts.zip,20241217 Annotated Table Layout  COREP_OFCOREP 4.0.xlsx,C_34.11
COREP_OF,C_34.11,4.2,2026-06-30,,official_postponed,https://www.eba.europa.eu/risk-and-data-analysis/reporting-frameworks/reporting-framework-42,"First reference date was postponed to 06/2026; current EBA framework page says 06/2026, despite the earlier technical-package 03/2026 footnote",4.2_layouts.zip,260106 Annotated templates/COREP/20260106 Annotated Table Layout  COREP 4.2 COREP_OFCOREP 4.2.xlsx,C_34.11
COREP_OF,C_35.01,4.0,2025-03-31,2026-06-30,official,https://www.eba.europa.eu/risk-and-data-analysis/reporting/reporting-frameworks/reporting-framework-40,"CRR3/CRD6 COREP changes, first reference date 03/2025",4.0_layouts.zip,20241217 Annotated Table Layout  COREP_OFCOREP 4.0.xlsx,C_35.01
COREP_OF,C_35.01,4.2,2026-06-30,,official_postponed,https://www.eba.europa.eu/risk-and-data-analysis/reporting-frameworks/reporting-framework-42,"First reference date was postponed to 06/2026; current EBA framework page says 06/2026, despite the earlier technical-package 03/2026 footnote",4.2_layouts.zip,260106 Annotated templates/COREP/20260106 Annotated Table Layout  COREP 4.2 COREP_OFCOREP 4.2.xlsx,C_35.01
COREP_OF,C_35.02,4.0,2025-03-31,2026-06-30,official,https://www.eba.europa.eu/risk-and-data-analysis/reporting/reporting-frameworks/reporting-framework-40,"CRR3/CRD6 COREP changes, first reference date 03/2025",4.0_layouts.zip,20241217 Annotated Table Layout  COREP_OFCOREP 4.0.xlsx,C_35.02
COREP_OF,C_35.02,4.2,2026-06-30,,official_postponed,https://www.eba.europa.eu/risk-and-data-analysis/reporting-frameworks/reporting-framework-42,"First reference date was postponed to 06/2026; current EBA framework page says 06/2026, despite the earlier technical-package 03/2026 footnote",4.2_layouts.zip,260106 Annotated templates/COREP/20260106 Annotated Table Layout  COREP 4.2 COREP_OFCOREP 4.2.xlsx,C_35.02
COREP_OF,C_35.03,4.0,2025-03-31,2026-06-30,official,https://www.eba.europa.eu/risk-and-data-analysis/reporting/reporting-frameworks/reporting-framework-40,"CRR3/CRD6 COREP changes, first reference date 03/2025",4.0_layouts.zip,20241217 Annotated Table Layout  COREP_OFCOREP 4.0.xlsx,C_35.03
COREP_OF,C_35.03,4.2,2026-06-30,,official_postponed,https://www.eba.europa.eu/risk-and-data-analysis/reporting-frameworks/reporting-framework-42,"First reference date was postponed to 06/2026; current EBA framework page says 06/2026, despite the earlier technical-package 03/2026 footnote",4.2_layouts.zip,260106 Annotated templates/COREP/20260106 Annotated Table Layout  COREP 4.2 COREP_OFCOREP 4.2.xlsx,C_35.03
COREP_OF,C_36.00.a,4.0,2025-03-31,2026-06-30,official,https://www.eba.europa.eu/risk-and-data-analysis/reporting/reporting-frameworks/reporting-framework-40,"CRR3/CRD6 COREP changes, first reference date 03/2025",4.0_layouts.zip,20241217 Annotated Table Layout  COREP_OFCOREP 4.0.xlsx,C_36.00.a
COREP_OF,C_36.00.a,4.2,2026-06-30,,official_postponed,https://www.eba.europa.eu/risk-and-data-analysis/reporting-frameworks/reporting-framework-42,"First reference date was postponed to 06/2026; current EBA framework page says 06/2026, despite the earlier technical-package 03/2026 footnote",4.2_layouts.zip,260106 Annotated templates/COREP/20260106 Annotated Table Layout  COREP 4.2 COREP_OFCOREP 4.2.xlsx,C_36.00.a
COREP_OF,C_36.00.b,4.0,2025-03-31,2026-06-30,official,https://www.eba.europa.eu/risk-and-data-analysis/reporting/reporting-frameworks/reporting-framework-40,"CRR3/CRD6 COREP changes, first reference date 03/2025",4.0_layouts.zip,20241217 Annotated Table Layout  COREP_OFCOREP 4.0.xlsx,C_36.00.b
COREP_OF,C_36.00.b,4.2,2026-06-30,,official_postponed,https://www.eba.europa.eu/risk-and-data-analysis/reporting-frameworks/reporting-framework-42,"First reference date was postponed to 06/2026; current EBA framework page says 06/2026, despite the earlier technical-package 03/2026 footnote",4.2_layouts.zip,260106 Annotated templates/COREP/20260106 Annotated Table Layout  COREP 4.2 COREP_OFCOREP 4.2.xlsx,C_36.00.b
COVID19,E_00.01,2.10,2020-06-30,2022-12-31,official,https://www.eba.europa.eu/risk-and-data-analysis/reporting/reporting-frameworks/reporting-framework-210,COVID-19 Guidelines first quarterly reference date 30/06/2020; supervisors may request monthly data,2.10_layouts.zip,Annotated Table Layout 2100-P2-COVID19 2.10.xlsx,E 00.01
COVID19,E_00.01,3.2,2022-12-31,,official_other_modules,https://www.eba.europa.eu/risk-and-data-analysis/reporting/reporting-frameworks/reporting-framework-32,EBA states all other framework modules without CON/IND/IFRS/GAAP are used from reference date 12/2022; module-specific rules override this default,3.2_layouts.zip,Annotated Table Layout 321-P2-COVID19 3.2.1.xlsx,E 00.01
COVID19,F_90.01,2.10,2020-06-30,2022-12-31,official,https://www.eba.europa.eu/risk-and-data-analysis/reporting/reporting-frameworks/reporting-framework-210,COVID-19 Guidelines first quarterly reference date 30/06/2020; supervisors may request monthly data,2.10_layouts.zip,Annotated Table Layout 2100-P2-COVID19 2.10.xlsx,F 90.01
COVID19,F_90.01,3.2,2022-12-31,,official_other_modules,https://www.eba.europa.eu/risk-and-data-analysis/reporting/reporting-frameworks/reporting-framework-32,EBA states all other framework modules without CON/IND/IFRS/GAAP are used from reference date 12/2022; module-specific rules override this default,3.2_layouts.zip,Annotated Table Layout 321-P2-COVID19 3.2.1.xlsx,F 90.01
COVID19,F_90.02,2.10,2020-06-30,2022-12-31,official,https://www.eba.europa.eu/risk-and-data-analysis/reporting/reporting-frameworks/reporting-framework-210,COVID-19 Guidelines first quarterly reference date 30/06/2020; supervisors may request monthly data,2.10_layouts.zip,Annotated Table Layout 2100-P2-COVID19 2.10.xlsx,F 90.02
COVID19,F_90.02,3.2,2022-12-31,,official_other_modules,https://www.eba.europa.eu/risk-and-data-analysis/reporting/reporting-frameworks/reporting-framework-32,EBA states all other framework modules without CON/IND/IFRS/GAAP are used from reference date 12/2022; module-specific rules override this default,3.2_layouts.zip,Annotated Table Layout 321-P2-COVID19 3.2.1.xlsx,F 90.02
COVID19,F_90.03,2.10,2020-06-30,2022-12-31,official,https://www.eba.europa.eu/risk-and-data-analysis/reporting/reporting-frameworks/reporting-framework-210,COVID-19 Guidelines first quarterly reference date 30/06/2020; supervisors may request monthly data,2.10_layouts.zip,Annotated Table Layout 2100-P2-COVID19 2.10.xlsx,F 90.03
COVID19,F_90.03,3.2,2022-12-31,,official_other_modules,https://www.eba.europa.eu/risk-and-data-analysis/reporting/reporting-frameworks/reporting-framework-32,EBA states all other framework modules without CON/IND/IFRS/GAAP are used from reference date 12/2022; module-specific rules override this default,3.2_layouts.zip,Annotated Table Layout 321-P2-COVID19 3.2.1.xlsx,F 90.03
COVID19,F_91.01.a,2.10,2020-06-30,2022-12-31,official,https://www.eba.europa.eu/risk-and-data-analysis/reporting/reporting-frameworks/reporting-framework-210,COVID-19 Guidelines first quarterly reference date 30/06/2020; supervisors may request monthly data,2.10_layouts.zip,Annotated Table Layout 2100-P2-COVID19 2.10.xlsx,F 91.01.a
COVID19,F_91.01.a,3.2,2022-12-31,,official_other_modules,https://www.eba.europa.eu/risk-and-data-analysis/reporting/reporting-frameworks/reporting-framework-32,EBA states all other framework modules without CON/IND/IFRS/GAAP are used from reference date 12/2022; module-specific rules override this default,3.2_layouts.zip,Annotated Table Layout 321-P2-COVID19 3.2.1.xlsx,F 91.01.a
COVID19,F_91.01.b,2.10,2020-06-30,2022-12-31,official,https://www.eba.europa.eu/risk-and-data-analysis/reporting/reporting-frameworks/reporting-framework-210,COVID-19 Guidelines first quarterly reference date 30/06/2020; supervisors may request monthly data,2.10_layouts.zip,Annotated Table Layout 2100-P2-COVID19 2.10.xlsx,F 91.01.b
COVID19,F_91.01.b,3.2,2022-12-31,,official_other_modules,https://www.eba.europa.eu/risk-and-data-analysis/reporting/reporting-frameworks/reporting-framework-32,EBA states all other framework modules without CON/IND/IFRS/GAAP are used from reference date 12/2022; module-specific rules override this default,3.2_layouts.zip,Annotated Table Layout 321-P2-COVID19 3.2.1.xlsx,F 91.01.b
COVID19,F_91.02,2.10,2020-06-30,2022-12-31,official,https://www.eba.europa.eu/risk-and-data-analysis/reporting/reporting-frameworks/reporting-framework-210,COVID-19 Guidelines first quarterly reference date 30/06/2020; supervisors may request monthly data,2.10_layouts.zip,Annotated Table Layout 2100-P2-COVID19 2.10.xlsx,F 91.02
COVID19,F_91.02,3.2,2022-12-31,,official_other_modules,https://www.eba.europa.eu/risk-and-data-analysis/reporting/reporting-frameworks/reporting-framework-32,EBA states all other framework modules without CON/IND/IFRS/GAAP are used from reference date 12/2022; module-specific rules override this default,3.2_layouts.zip,Annotated Table Layout 321-P2-COVID19 3.2.1.xlsx,F 91.02
COVID19,F_91.03.a,2.10,2020-06-30,2022-12-31,official,https://www.eba.europa.eu/risk-and-data-analysis/reporting/reporting-frameworks/reporting-framework-210,COVID-19 Guidelines first quarterly reference date 30/06/2020; supervisors may request monthly data,2.10_layouts.zip,Annotated Table Layout 2100-P2-COVID19 2.10.xlsx,F 91.03.a
COVID19,F_91.03.a,3.2,2022-12-31,,official_other_modules,https://www.eba.europa.eu/risk-and-data-analysis/reporting/reporting-frameworks/reporting-framework-32,EBA states all other framework modules without CON/IND/IFRS/GAAP are used from reference date 12/2022; module-specific rules override this default,3.2_layouts.zip,Annotated Table Layout 321-P2-COVID19 3.2.1.xlsx,F 91.03.a
COVID19,F_91.03.b,2.10,2020-06-30,2022-12-31,official,https://www.eba.europa.eu/risk-and-data-analysis/reporting/reporting-frameworks/reporting-framework-210,COVID-19 Guidelines first quarterly reference date 30/06/2020; supervisors may request monthly data,2.10_layouts.zip,Annotated Table Layout 2100-P2-COVID19 2.10.xlsx,F 91.03.b
COVID19,F_91.03.b,3.2,2022-12-31,,official_other_modules,https://www.eba.europa.eu/risk-and-data-analysis/reporting/reporting-frameworks/reporting-framework-32,EBA states all other framework modules without CON/IND/IFRS/GAAP are used from reference date 12/2022; module-specific rules override this default,3.2_layouts.zip,Annotated Table Layout 321-P2-COVID19 3.2.1.xlsx,F 91.03.b
COVID19,F_91.04,2.10,2020-06-30,2022-12-31,official,https://www.eba.europa.eu/risk-and-data-analysis/reporting/reporting-frameworks/reporting-framework-210,COVID-19 Guidelines first quarterly reference date 30/06/2020; supervisors may request monthly data,2.10_layouts.zip,Annotated Table Layout 2100-P2-COVID19 2.10.xlsx,F 91.04
COVID19,F_91.04,3.2,2022-12-31,,official_other_modules,https://www.eba.europa.eu/risk-and-data-analysis/reporting/reporting-frameworks/reporting-framework-32,EBA states all other framework modules without CON/IND/IFRS/GAAP are used from reference date 12/2022; module-specific rules override this default,3.2_layouts.zip,Annotated Table Layout 321-P2-COVID19 3.2.1.xlsx,F 91.04
COVID19,F_91.05.a,2.10,2020-06-30,2022-12-31,official,https://www.eba.europa.eu/risk-and-data-analysis/reporting/reporting-frameworks/reporting-framework-210,COVID-19 Guidelines first quarterly reference date 30/06/2020; supervisors may request monthly data,2.10_layouts.zip,Annotated Table Layout 2100-P2-COVID19 2.10.xlsx,F 91.05.a
COVID19,F_91.05.a,3.2,2022-12-31,,official_other_modules,https://www.eba.europa.eu/risk-and-data-analysis/reporting/reporting-frameworks/reporting-framework-32,EBA states all other framework modules without CON/IND/IFRS/GAAP are used from reference date 12/2022; module-specific rules override this default,3.2_layouts.zip,Annotated Table Layout 321-P2-COVID19 3.2.1.xlsx,F 91.05.a
COVID19,F_91.05.b,2.10,2020-06-30,2022-12-31,official,https://www.eba.europa.eu/risk-and-data-analysis/reporting/reporting-frameworks/reporting-framework-210,COVID-19 Guidelines first quarterly reference date 30/06/2020; supervisors may request monthly data,2.10_layouts.zip,Annotated Table Layout 2100-P2-COVID19 2.10.xlsx,F 91.05.b
COVID19,F_91.05.b,3.2,2022-12-31,,official_other_modules,https://www.eba.europa.eu/risk-and-data-analysis/reporting/reporting-frameworks/reporting-framework-32,EBA states all other framework modules without CON/IND/IFRS/GAAP are used from reference date 12/2022; module-specific rules override this default,3.2_layouts.zip,Annotated Table Layout 321-P2-COVID19 3.2.1.xlsx,F 91.05.b
COVID19,F_92.01,2.10,2020-06-30,2022-12-31,official,https://www.eba.europa.eu/risk-and-data-analysis/reporting/reporting-frameworks/reporting-framework-210,COVID-19 Guidelines first quarterly reference date 30/06/2020; supervisors may request monthly data,2.10_layouts.zip,Annotated Table Layout 2100-P2-COVID19 2.10.xlsx,F 92.01
COVID19,F_92.01,3.2,2022-12-31,,official_other_modules,https://www.eba.europa.eu/risk-and-data-analysis/reporting/reporting-frameworks/reporting-framework-32,EBA states all other framework modules without CON/IND/IFRS/GAAP are used from reference date 12/2022; module-specific rules override this default,3.2_layouts.zip,Annotated Table Layout 321-P2-COVID19 3.2.1.xlsx,F 92.01
COVID19,F_93.01,2.10,2020-06-30,2022-12-31,official,https://www.eba.europa.eu/risk-and-data-analysis/reporting/reporting-frameworks/reporting-framework-210,COVID-19 Guidelines first quarterly reference date 30/06/2020; supervisors may request monthly data,2.10_layouts.zip,Annotated Table Layout 2100-P2-COVID19 2.10.xlsx,F 93.01
COVID19,F_93.01,3.2,2022-12-31,,official_other_modules,https://www.eba.europa.eu/risk-and-data-analysis/reporting/reporting-frameworks/reporting-framework-32,EBA states all other framework modules without CON/IND/IFRS/GAAP are used from reference date 12/2022; module-specific rules override this default,3.2_layouts.zip,Annotated Table Layout 321-P2-COVID19 3.2.1.xlsx,F 93.01
COVID19,F_93.02.a,2.10,2020-06-30,2022-12-31,official,https://www.eba.europa.eu/risk-and-data-analysis/reporting/reporting-frameworks/reporting-framework-210,COVID-19 Guidelines first quarterly reference date 30/06/2020; supervisors may request monthly data,2.10_layouts.zip,Annotated Table Layout 2100-P2-COVID19 2.10.xlsx,F 93.02.a
COVID19,F_93.02.a,3.2,2022-12-31,,official_other_modules,https://www.eba.europa.eu/risk-and-data-analysis/reporting/reporting-frameworks/reporting-framework-32,EBA states all other framework modules without CON/IND/IFRS/GAAP are used from reference date 12/2022; module-specific rules override this default,3.2_layouts.zip,Annotated Table Layout 321-P2-COVID19 3.2.1.xlsx,F 93.02.a
COVID19,F_93.02.b,2.10,2020-06-30,2022-12-31,official,https://www.eba.europa.eu/risk-and-data-analysis/reporting/reporting-frameworks/reporting-framework-210,COVID-19 Guidelines first quarterly reference date 30/06/2020; supervisors may request monthly data,2.10_layouts.zip,Annotated Table Layout 2100-P2-COVID19 2.10.xlsx,F 93.02.b
COVID19,F_93.02.b,3.2,2022-12-31,,official_other_modules,https://www.eba.europa.eu/risk-and-data-analysis/reporting/reporting-frameworks/reporting-framework-32,EBA states all other framework modules without CON/IND/IFRS/GAAP are used from reference date 12/2022; module-specific rules override this default,3.2_layouts.zip,Annotated Table Layout 321-P2-COVID19 3.2.1.xlsx,F 93.02.b
DORA,B_01.01,4.0,2025-03-31,,official,https://www.eba.europa.eu/risk-and-data-analysis/reporting/reporting-frameworks/reporting-framework-40,Final DORA ITS first reference date 03/2025,4.0_layouts.zip,20241217 Annotated Table Layout  DORADORA 4.0.xlsx,B_01.01
DORA,B_01.01,3.5,,,not_applicable_provisional,https://www.eba.europa.eu/risk-and-data-analysis/reporting/reporting-frameworks/reporting-framework-35,EBA marks 3.5 DORA provisional pending adoption; final DORA ITS appears in 4.0,3.5_layouts.zip,Annotated Table Layout 3.5-DORA 3.5.xlsx,B 01.01
DORA,B_01.01,4.2,,,not_applicable_replaced,https://www.eba.europa.eu/risk-and-data-analysis/reporting-frameworks/reporting-framework-42,EBA says this DORA version will not apply and will be replaced by 4.3,4.2_layouts.zip,260106 Annotated templates/DORA/20260106 Annotated Table Layout  DORA 4.2 DORADORA 4.2.xlsx,B_01.01
DORA,B_01.02,4.0,2025-03-31,,official,https://www.eba.europa.eu/risk-and-data-analysis/reporting/reporting-frameworks/reporting-framework-40,Final DORA ITS first reference date 03/2025,4.0_layouts.zip,20241217 Annotated Table Layout  DORADORA 4.0.xlsx,B_01.02
DORA,B_01.02,3.5,,,not_applicable_provisional,https://www.eba.europa.eu/risk-and-data-analysis/reporting/reporting-frameworks/reporting-framework-35,EBA marks 3.5 DORA provisional pending adoption; final DORA ITS appears in 4.0,3.5_layouts.zip,Annotated Table Layout 3.5-DORA 3.5.xlsx,B 01.02
DORA,B_01.02,4.2,,,not_applicable_replaced,https://www.eba.europa.eu/risk-and-data-analysis/reporting-frameworks/reporting-framework-42,EBA says this DORA version will not apply and will be replaced by 4.3,4.2_layouts.zip,260106 Annotated templates/DORA/20260106 Annotated Table Layout  DORA 4.2 DORADORA 4.2.xlsx,B_01.02
DORA,B_01.03,4.0,2025-03-31,,official,https://www.eba.europa.eu/risk-and-data-analysis/reporting/reporting-frameworks/reporting-framework-40,Final DORA ITS first reference date 03/2025,4.0_layouts.zip,20241217 Annotated Table Layout  DORADORA 4.0.xlsx,B_01.03
DORA,B_01.03,3.5,,,not_applicable_provisional,https://www.eba.europa.eu/risk-and-data-analysis/reporting/reporting-frameworks/reporting-framework-35,EBA marks 3.5 DORA provisional pending adoption; final DORA ITS appears in 4.0,3.5_layouts.zip,Annotated Table Layout 3.5-DORA 3.5.xlsx,B 01.03
DORA,B_01.03,4.2,,,not_applicable_replaced,https://www.eba.europa.eu/risk-and-data-analysis/reporting-frameworks/reporting-framework-42,EBA says this DORA version will not apply and will be replaced by 4.3,4.2_layouts.zip,260106 Annotated templates/DORA/20260106 Annotated Table Layout  DORA 4.2 DORADORA 4.2.xlsx,B_01.03
DORA,B_02.01,4.0,2025-03-31,,official,https://www.eba.europa.eu/risk-and-data-analysis/reporting/reporting-frameworks/reporting-framework-40,Final DORA ITS first reference date 03/2025,4.0_layouts.zip,20241217 Annotated Table Layout  DORADORA 4.0.xlsx,B_02.01
DORA,B_02.01,3.5,,,not_applicable_provisional,https://www.eba.europa.eu/risk-and-data-analysis/reporting/reporting-frameworks/reporting-framework-35,EBA marks 3.5 DORA provisional pending adoption; final DORA ITS appears in 4.0,3.5_layouts.zip,Annotated Table Layout 3.5-DORA 3.5.xlsx,B 02.01
DORA,B_02.01,4.2,,,not_applicable_replaced,https://www.eba.europa.eu/risk-and-data-analysis/reporting-frameworks/reporting-framework-42,EBA says this DORA version will not apply and will be replaced by 4.3,4.2_layouts.zip,260106 Annotated templates/DORA/20260106 Annotated Table Layout  DORA 4.2 DORADORA 4.2.xlsx,B_02.01
DORA,B_02.02,4.0,2025-03-31,,official,https://www.eba.europa.eu/risk-and-data-analysis/reporting/reporting-frameworks/reporting-framework-40,Final DORA ITS first reference date 03/2025,4.0_layouts.zip,20241217 Annotated Table Layout  DORADORA 4.0.xlsx,B_02.02
DORA,B_02.02,3.5,,,not_applicable_provisional,https://www.eba.europa.eu/risk-and-data-analysis/reporting/reporting-frameworks/reporting-framework-35,EBA marks 3.5 DORA provisional pending adoption; final DORA ITS appears in 4.0,3.5_layouts.zip,Annotated Table Layout 3.5-DORA 3.5.xlsx,B 02.02
DORA,B_02.02,4.2,,,not_applicable_replaced,https://www.eba.europa.eu/risk-and-data-analysis/reporting-frameworks/reporting-framework-42,EBA says this DORA version will not apply and will be replaced by 4.3,4.2_layouts.zip,260106 Annotated templates/DORA/20260106 Annotated Table Layout  DORA 4.2 DORADORA 4.2.xlsx,B_02.02
DORA,B_02.03,4.0,2025-03-31,,official,https://www.eba.europa.eu/risk-and-data-analysis/reporting/reporting-frameworks/reporting-framework-40,Final DORA ITS first reference date 03/2025,4.0_layouts.zip,20241217 Annotated Table Layout  DORADORA 4.0.xlsx,B_02.03
DORA,B_02.03,3.5,,,not_applicable_provisional,https://www.eba.europa.eu/risk-and-data-analysis/reporting/reporting-frameworks/reporting-framework-35,EBA marks 3.5 DORA provisional pending adoption; final DORA ITS appears in 4.0,3.5_layouts.zip,Annotated Table Layout 3.5-DORA 3.5.xlsx,B 02.03
DORA,B_02.03,4.2,,,not_applicable_replaced,https://www.eba.europa.eu/risk-and-data-analysis/reporting-frameworks/reporting-framework-42,EBA says this DORA version will not apply and will be replaced by 4.3,4.2_layouts.zip,260106 Annotated templates/DORA/20260106 Annotated Table Layout  DORA 4.2 DORADORA 4.2.xlsx,B_02.03
DORA,B_03.01,4.0,2025-03-31,,official,https://www.eba.europa.eu/risk-and-data-analysis/reporting/reporting-frameworks/reporting-framework-40,Final DORA ITS first reference date 03/2025,4.0_layouts.zip,20241217 Annotated Table Layout  DORADORA 4.0.xlsx,B_03.01
DORA,B_03.01,3.5,,,not_applicable_provisional,https://www.eba.europa.eu/risk-and-data-analysis/reporting/reporting-frameworks/reporting-framework-35,EBA marks 3.5 DORA provisional pending adoption; final DORA ITS appears in 4.0,3.5_layouts.zip,Annotated Table Layout 3.5-DORA 3.5.xlsx,B 03.01
DORA,B_03.01,4.2,,,not_applicable_replaced,https://www.eba.europa.eu/risk-and-data-analysis/reporting-frameworks/reporting-framework-42,EBA says this DORA version will not apply and will be replaced by 4.3,4.2_layouts.zip,260106 Annotated templates/DORA/20260106 Annotated Table Layout  DORA 4.2 DORADORA 4.2.xlsx,B_03.01
DORA,B_03.02,4.0,2025-03-31,,official,https://www.eba.europa.eu/risk-and-data-analysis/reporting/reporting-frameworks/reporting-framework-40,Final DORA ITS first reference date 03/2025,4.0_layouts.zip,20241217 Annotated Table Layout  DORADORA 4.0.xlsx,B_03.02
DORA,B_03.02,3.5,,,not_applicable_provisional,https://www.eba.europa.eu/risk-and-data-analysis/reporting/reporting-frameworks/reporting-framework-35,EBA marks 3.5 DORA provisional pending adoption; final DORA ITS appears in 4.0,3.5_layouts.zip,Annotated Table Layout 3.5-DORA 3.5.xlsx,B 03.02
DORA,B_03.02,4.2,,,not_applicable_replaced,https://www.eba.europa.eu/risk-and-data-analysis/reporting-frameworks/reporting-framework-42,EBA says this DORA version will not apply and will be replaced by 4.3,4.2_layouts.zip,260106 Annotated templates/DORA/20260106 Annotated Table Layout  DORA 4.2 DORADORA 4.2.xlsx,B_03.02
DORA,B_03.03,4.0,2025-03-31,,official,https://www.eba.europa.eu/risk-and-data-analysis/reporting/reporting-frameworks/reporting-framework-40,Final DORA ITS first reference date 03/2025,4.0_layouts.zip,20241217 Annotated Table Layout  DORADORA 4.0.xlsx,B_03.03
DORA,B_03.03,3.5,,,not_applicable_provisional,https://www.eba.europa.eu/risk-and-data-analysis/reporting/reporting-frameworks/reporting-framework-35,EBA marks 3.5 DORA provisional pending adoption; final DORA ITS appears in 4.0,3.5_layouts.zip,Annotated Table Layout 3.5-DORA 3.5.xlsx,B 03.03
DORA,B_03.03,4.2,,,not_applicable_replaced,https://www.eba.europa.eu/risk-and-data-analysis/reporting-frameworks/reporting-framework-42,EBA says this DORA version will not apply and will be replaced by 4.3,4.2_layouts.zip,260106 Annotated templates/DORA/20260106 Annotated Table Layout  DORA 4.2 DORADORA 4.2.xlsx,B_03.03
DORA,B_04.01,4.0,2025-03-31,,official,https://www.eba.europa.eu/risk-and-data-analysis/reporting/reporting-frameworks/reporting-framework-40,Final DORA ITS first reference date 03/2025,4.0_layouts.zip,20241217 Annotated Table Layout  DORADORA 4.0.xlsx,B_04.01
DORA,B_04.01,3.5,,,not_applicable_provisional,https://www.eba.europa.eu/risk-and-data-analysis/reporting/reporting-frameworks/reporting-framework-35,EBA marks 3.5 DORA provisional pending adoption; final DORA ITS appears in 4.0,3.5_layouts.zip,Annotated Table Layout 3.5-DORA 3.5.xlsx,B 04.01
DORA,B_04.01,4.2,,,not_applicable_replaced,https://www.eba.europa.eu/risk-and-data-analysis/reporting-frameworks/reporting-framework-42,EBA says this DORA version will not apply and will be replaced by 4.3,4.2_layouts.zip,260106 Annotated templates/DORA/20260106 Annotated Table Layout  DORA 4.2 DORADORA 4.2.xlsx,B_04.01
DORA,B_05.01,4.0,2025-03-31,,official,https://www.eba.europa.eu/risk-and-data-analysis/reporting/reporting-frameworks/reporting-framework-40,Final DORA ITS first reference date 03/2025,4.0_layouts.zip,20241217 Annotated Table Layout  DORADORA 4.0.xlsx,B_05.01
DORA,B_05.01,3.5,,,not_applicable_provisional,https://www.eba.europa.eu/risk-and-data-analysis/reporting/reporting-frameworks/reporting-framework-35,EBA marks 3.5 DORA provisional pending adoption; final DORA ITS appears in 4.0,3.5_layouts.zip,Annotated Table Layout 3.5-DORA 3.5.xlsx,B 05.01
DORA,B_05.01,4.2,,,not_applicable_replaced,https://www.eba.europa.eu/risk-and-data-analysis/reporting-frameworks/reporting-framework-42,EBA says this DORA version will not apply and will be replaced by 4.3,4.2_layouts.zip,260106 Annotated templates/DORA/20260106 Annotated Table Layout  DORA 4.2 DORADORA 4.2.xlsx,B_05.01
DORA,B_05.02,4.0,2025-03-31,,official,https://www.eba.europa.eu/risk-and-data-analysis/reporting/reporting-frameworks/reporting-framework-40,Final DORA ITS first reference date 03/2025,4.0_layouts.zip,20241217 Annotated Table Layout  DORADORA 4.0.xlsx,B_05.02
DORA,B_05.02,3.5,,,not_applicable_provisional,https://www.eba.europa.eu/risk-and-data-analysis/reporting/reporting-frameworks/reporting-framework-35,EBA marks 3.5 DORA provisional pending adoption; final DORA ITS appears in 4.0,3.5_layouts.zip,Annotated Table Layout 3.5-DORA 3.5.xlsx,B 05.02
DORA,B_05.02,4.2,,,not_applicable_replaced,https://www.eba.europa.eu/risk-and-data-analysis/reporting-frameworks/reporting-framework-42,EBA says this DORA version will not apply and will be replaced by 4.3,4.2_layouts.zip,260106 Annotated templates/DORA/20260106 Annotated Table Layout  DORA 4.2 DORADORA 4.2.xlsx,B_05.02
DORA,B_06.01,4.0,2025-03-31,,official,https://www.eba.europa.eu/risk-and-data-analysis/reporting/reporting-frameworks/reporting-framework-40,Final DORA ITS first reference date 03/2025,4.0_layouts.zip,20241217 Annotated Table Layout  DORADORA 4.0.xlsx,B_06.01
DORA,B_06.01,3.5,,,not_applicable_provisional,https://www.eba.europa.eu/risk-and-data-analysis/reporting/reporting-frameworks/reporting-framework-35,EBA marks 3.5 DORA provisional pending adoption; final DORA ITS appears in 4.0,3.5_layouts.zip,Annotated Table Layout 3.5-DORA 3.5.xlsx,B 06.01
DORA,B_06.01,4.2,,,not_applicable_replaced,https://www.eba.europa.eu/risk-and-data-analysis/reporting-frameworks/reporting-framework-42,EBA says this DORA version will not apply and will be replaced by 4.3,4.2_layouts.zip,260106 Annotated templates/DORA/20260106 Annotated Table Layout  DORA 4.2 DORADORA 4.2.xlsx,B_06.01
DORA,B_07.01,4.0,2025-03-31,,official,https://www.eba.europa.eu/risk-and-data-analysis/reporting/reporting-frameworks/reporting-framework-40,Final DORA ITS first reference date 03/2025,4.0_layouts.zip,20241217 Annotated Table Layout  DORADORA 4.0.xlsx,B_07.01
DORA,B_07.01,3.5,,,not_applicable_provisional,https://www.eba.europa.eu/risk-and-data-analysis/reporting/reporting-frameworks/reporting-framework-35,EBA marks 3.5 DORA provisional pending adoption; final DORA ITS appears in 4.0,3.5_layouts.zip,Annotated Table Layout 3.5-DORA 3.5.xlsx,B 07.01
DORA,B_07.01,4.2,,,not_applicable_replaced,https://www.eba.europa.eu/risk-and-data-analysis/reporting-frameworks/reporting-framework-42,EBA says this DORA version will not apply and will be replaced by 4.3,4.2_layouts.zip,260106 Annotated templates/DORA/20260106 Annotated Table Layout  DORA 4.2 DORADORA 4.2.xlsx,B_07.01
DORA,B_99.01,4.0,2025-03-31,,official,https://www.eba.europa.eu/risk-and-data-analysis/reporting/reporting-frameworks/reporting-framework-40,Final DORA ITS first reference date 03/2025,4.0_layouts.zip,20241217 Annotated Table Layout  DORADORA 4.0.xlsx,B_99.01
DORA,B_99.01,3.5,,,not_applicable_provisional,https://www.eba.europa.eu/risk-and-data-analysis/reporting/reporting-frameworks/reporting-framework-35,EBA marks 3.5 DORA provisional pending adoption; final DORA ITS appears in 4.0,3.5_layouts.zip,Annotated Table Layout 3.5-DORA 3.5.xlsx,B 99.01
DORA,B_99.01,4.2,,,not_applicable_replaced,https://www.eba.europa.eu/risk-and-data-analysis/reporting-frameworks/reporting-framework-42,EBA says this DORA version will not apply and will be replaced by 4.3,4.2_layouts.zip,260106 Annotated templates/DORA/20260106 Annotated Table Layout  DORA 4.2 DORADORA 4.2.xlsx,B_99.01
ESG,D_01.00,3.3,2023-12-31,2025-06-30,official,https://www.eba.europa.eu/risk-and-data-analysis/reporting/reporting-frameworks/reporting-framework-33,ESG first reference date 12/2023,3.3_layouts.zip,Annotated Table Layout 330-P1-ESG 3.3.xlsx,D 01.00
ESG,D_01.00,4.1,2025-06-30,2026-03-31,official,https://www.eba.europa.eu/risk-and-data-analysis/reporting-frameworks/reporting-framework-41,ESG minor amendments first reference date 06/2025,4.1_layouts.zip,20250519 Annotated Table Layout  ESGESG 4.1.xlsx,D_01.00
ESG,D_01.00,4.2,2026-03-31,,official_except_explicit_overrides,https://www.eba.europa.eu/risk-and-data-analysis/reporting-frameworks/reporting-framework-42,All other modules use the completed DPM 2.0 glossary from 03/2026; DORA excluded,4.2_layouts.zip,260106 Annotated templates/ESG/20260106 Annotated Table Layout  ESG 4.2 ESGESG 4.2.xlsx,D_01.00
ESG,D_02.00.a,3.3,2023-12-31,2025-06-30,official,https://www.eba.europa.eu/risk-and-data-analysis/reporting/reporting-frameworks/reporting-framework-33,ESG first reference date 12/2023,3.3_layouts.zip,Annotated Table Layout 330-P1-ESG 3.3.xlsx,D 02.00.a
ESG,D_02.00.a,4.1,2025-06-30,2026-03-31,official,https://www.eba.europa.eu/risk-and-data-analysis/reporting-frameworks/reporting-framework-41,ESG minor amendments first reference date 06/2025,4.1_layouts.zip,20250519 Annotated Table Layout  ESGESG 4.1.xlsx,D_02.00.a
ESG,D_02.00.a,4.2,2026-03-31,,official_except_explicit_overrides,https://www.eba.europa.eu/risk-and-data-analysis/reporting-frameworks/reporting-framework-42,All other modules use the completed DPM 2.0 glossary from 03/2026; DORA excluded,4.2_layouts.zip,260106 Annotated templates/ESG/20260106 Annotated Table Layout  ESG 4.2 ESGESG 4.2.xlsx,D_02.00.a
ESG,D_02.00.b,3.3,2023-12-31,2025-06-30,official,https://www.eba.europa.eu/risk-and-data-analysis/reporting/reporting-frameworks/reporting-framework-33,ESG first reference date 12/2023,3.3_layouts.zip,Annotated Table Layout 330-P1-ESG 3.3.xlsx,D 02.00.b
ESG,D_02.00.b,4.1,2025-06-30,2026-03-31,official,https://www.eba.europa.eu/risk-and-data-analysis/reporting-frameworks/reporting-framework-41,ESG minor amendments first reference date 06/2025,4.1_layouts.zip,20250519 Annotated Table Layout  ESGESG 4.1.xlsx,D_02.00.b
ESG,D_02.00.b,4.2,2026-03-31,,official_except_explicit_overrides,https://www.eba.europa.eu/risk-and-data-analysis/reporting-frameworks/reporting-framework-42,All other modules use the completed DPM 2.0 glossary from 03/2026; DORA excluded,4.2_layouts.zip,260106 Annotated templates/ESG/20260106 Annotated Table Layout  ESG 4.2 ESGESG 4.2.xlsx,D_02.00.b
ESG,D_03.01,3.3,2023-12-31,2025-06-30,official,https://www.eba.europa.eu/risk-and-data-analysis/reporting/reporting-frameworks/reporting-framework-33,ESG first reference date 12/2023,3.3_layouts.zip,Annotated Table Layout 330-P1-ESG 3.3.xlsx,D 03.01
ESG,D_03.01,4.1,2025-06-30,2026-03-31,official,https://www.eba.europa.eu/risk-and-data-analysis/reporting-frameworks/reporting-framework-41,ESG minor amendments first reference date 06/2025,4.1_layouts.zip,20250519 Annotated Table Layout  ESGESG 4.1.xlsx,D_03.01
ESG,D_03.01,4.2,2026-03-31,,official_except_explicit_overrides,https://www.eba.europa.eu/risk-and-data-analysis/reporting-frameworks/reporting-framework-42,All other modules use the completed DPM 2.0 glossary from 03/2026; DORA excluded,4.2_layouts.zip,260106 Annotated templates/ESG/20260106 Annotated Table Layout  ESG 4.2 ESGESG 4.2.xlsx,D_03.01
ESG,D_03.02,3.3,2023-12-31,2025-06-30,official,https://www.eba.europa.eu/risk-and-data-analysis/reporting/reporting-frameworks/reporting-framework-33,ESG first reference date 12/2023,3.3_layouts.zip,Annotated Table Layout 330-P1-ESG 3.3.xlsx,D 03.02
ESG,D_03.02,4.1,2025-06-30,2026-03-31,official,https://www.eba.europa.eu/risk-and-data-analysis/reporting-frameworks/reporting-framework-41,ESG minor amendments first reference date 06/2025,4.1_layouts.zip,20250519 Annotated Table Layout  ESGESG 4.1.xlsx,D_03.02
ESG,D_03.02,4.2,2026-03-31,,official_except_explicit_overrides,https://www.eba.europa.eu/risk-and-data-analysis/reporting-frameworks/reporting-framework-42,All other modules use the completed DPM 2.0 glossary from 03/2026; DORA excluded,4.2_layouts.zip,260106 Annotated templates/ESG/20260106 Annotated Table Layout  ESG 4.2 ESGESG 4.2.xlsx,D_03.02
ESG,D_04.00,3.3,2023-12-31,2025-06-30,official,https://www.eba.europa.eu/risk-and-data-analysis/reporting/reporting-frameworks/reporting-framework-33,ESG first reference date 12/2023,3.3_layouts.zip,Annotated Table Layout 330-P1-ESG 3.3.xlsx,D 04.00
ESG,D_04.00,4.1,2025-06-30,2026-03-31,official,https://www.eba.europa.eu/risk-and-data-analysis/reporting-frameworks/reporting-framework-41,ESG minor amendments first reference date 06/2025,4.1_layouts.zip,20250519 Annotated Table Layout  ESGESG 4.1.xlsx,D_04.00
ESG,D_04.00,4.2,2026-03-31,,official_except_explicit_overrides,https://www.eba.europa.eu/risk-and-data-analysis/reporting-frameworks/reporting-framework-42,All other modules use the completed DPM 2.0 glossary from 03/2026; DORA excluded,4.2_layouts.zip,260106 Annotated templates/ESG/20260106 Annotated Table Layout  ESG 4.2 ESGESG 4.2.xlsx,D_04.00
ESG,D_05.00.a,3.3,2023-12-31,2025-06-30,official,https://www.eba.europa.eu/risk-and-data-analysis/reporting/reporting-frameworks/reporting-framework-33,ESG first reference date 12/2023,3.3_layouts.zip,Annotated Table Layout 330-P1-ESG 3.3.xlsx,D 05.00.a
ESG,D_05.00.a,4.1,2025-06-30,2026-03-31,official,https://www.eba.europa.eu/risk-and-data-analysis/reporting-frameworks/reporting-framework-41,ESG minor amendments first reference date 06/2025,4.1_layouts.zip,20250519 Annotated Table Layout  ESGESG 4.1.xlsx,D_05.00.a
ESG,D_05.00.a,4.2,2026-03-31,,official_except_explicit_overrides,https://www.eba.europa.eu/risk-and-data-analysis/reporting-frameworks/reporting-framework-42,All other modules use the completed DPM 2.0 glossary from 03/2026; DORA excluded,4.2_layouts.zip,260106 Annotated templates/ESG/20260106 Annotated Table Layout  ESG 4.2 ESGESG 4.2.xlsx,D_05.00.a
ESG,D_05.00.b,3.3,2023-12-31,2025-06-30,official,https://www.eba.europa.eu/risk-and-data-analysis/reporting/reporting-frameworks/reporting-framework-33,ESG first reference date 12/2023,3.3_layouts.zip,Annotated Table Layout 330-P1-ESG 3.3.xlsx,D 05.00.b
ESG,D_05.00.b,4.1,2025-06-30,2026-03-31,official,https://www.eba.europa.eu/risk-and-data-analysis/reporting-frameworks/reporting-framework-41,ESG minor amendments first reference date 06/2025,4.1_layouts.zip,20250519 Annotated Table Layout  ESGESG 4.1.xlsx,D_05.00.b
ESG,D_05.00.b,4.2,2026-03-31,,official_except_explicit_overrides,https://www.eba.europa.eu/risk-and-data-analysis/reporting-frameworks/reporting-framework-42,All other modules use the completed DPM 2.0 glossary from 03/2026; DORA excluded,4.2_layouts.zip,260106 Annotated templates/ESG/20260106 Annotated Table Layout  ESG 4.2 ESGESG 4.2.xlsx,D_05.00.b
ESG,D_06.00.a,3.3,2023-12-31,2025-06-30,official,https://www.eba.europa.eu/risk-and-data-analysis/reporting/reporting-frameworks/reporting-framework-33,ESG first reference date 12/2023,3.3_layouts.zip,Annotated Table Layout 330-P1-ESG 3.3.xlsx,D 06.00.a
ESG,D_06.00.a,4.1,2025-06-30,2026-03-31,official,https://www.eba.europa.eu/risk-and-data-analysis/reporting-frameworks/reporting-framework-41,ESG minor amendments first reference date 06/2025,4.1_layouts.zip,20250519 Annotated Table Layout  ESGESG 4.1.xlsx,D_06.00.a
ESG,D_06.00.a,4.2,2026-03-31,,official_except_explicit_overrides,https://www.eba.europa.eu/risk-and-data-analysis/reporting-frameworks/reporting-framework-42,All other modules use the completed DPM 2.0 glossary from 03/2026; DORA excluded,4.2_layouts.zip,260106 Annotated templates/ESG/20260106 Annotated Table Layout  ESG 4.2 ESGESG 4.2.xlsx,D_06.00.a
ESG,D_06.00.b,3.3,2023-12-31,2025-06-30,official,https://www.eba.europa.eu/risk-and-data-analysis/reporting/reporting-frameworks/reporting-framework-33,ESG first reference date 12/2023,3.3_layouts.zip,Annotated Table Layout 330-P1-ESG 3.3.xlsx,D 06.00.b
ESG,D_06.00.b,4.1,2025-06-30,2026-03-31,official,https://www.eba.europa.eu/risk-and-data-analysis/reporting-frameworks/reporting-framework-41,ESG minor amendments first reference date 06/2025,4.1_layouts.zip,20250519 Annotated Table Layout  ESGESG 4.1.xlsx,D_06.00.b
ESG,D_06.00.b,4.2,2026-03-31,,official_except_explicit_overrides,https://www.eba.europa.eu/risk-and-data-analysis/reporting-frameworks/reporting-framework-42,All other modules use the completed DPM 2.0 glossary from 03/2026; DORA excluded,4.2_layouts.zip,260106 Annotated templates/ESG/20260106 Annotated Table Layout  ESG 4.2 ESGESG 4.2.xlsx,D_06.00.b
ESG,D_07.00.a,3.3,2023-12-31,2025-06-30,official,https://www.eba.europa.eu/risk-and-data-analysis/reporting/reporting-frameworks/reporting-framework-33,ESG first reference date 12/2023,3.3_layouts.zip,Annotated Table Layout 330-P1-ESG 3.3.xlsx,D 07.00.a
ESG,D_07.00.a,4.1,2025-06-30,2026-03-31,official,https://www.eba.europa.eu/risk-and-data-analysis/reporting-frameworks/reporting-framework-41,ESG minor amendments first reference date 06/2025,4.1_layouts.zip,20250519 Annotated Table Layout  ESGESG 4.1.xlsx,D_07.00.a
ESG,D_07.00.a,4.2,2026-03-31,,official_except_explicit_overrides,https://www.eba.europa.eu/risk-and-data-analysis/reporting-frameworks/reporting-framework-42,All other modules use the completed DPM 2.0 glossary from 03/2026; DORA excluded,4.2_layouts.zip,260106 Annotated templates/ESG/20260106 Annotated Table Layout  ESG 4.2 ESGESG 4.2.xlsx,D_07.00.a
ESG,D_07.00.b,3.3,2023-12-31,2025-06-30,official,https://www.eba.europa.eu/risk-and-data-analysis/reporting/reporting-frameworks/reporting-framework-33,ESG first reference date 12/2023,3.3_layouts.zip,Annotated Table Layout 330-P1-ESG 3.3.xlsx,D 07.00.b
ESG,D_07.00.b,4.1,2025-06-30,2026-03-31,official,https://www.eba.europa.eu/risk-and-data-analysis/reporting-frameworks/reporting-framework-41,ESG minor amendments first reference date 06/2025,4.1_layouts.zip,20250519 Annotated Table Layout  ESGESG 4.1.xlsx,D_07.00.b
ESG,D_07.00.b,4.2,2026-03-31,,official_except_explicit_overrides,https://www.eba.europa.eu/risk-and-data-analysis/reporting-frameworks/reporting-framework-42,All other modules use the completed DPM 2.0 glossary from 03/2026; DORA excluded,4.2_layouts.zip,260106 Annotated templates/ESG/20260106 Annotated Table Layout  ESG 4.2 ESGESG 4.2.xlsx,D_07.00.b
ESG,D_08.00.a,3.3,2023-12-31,2025-06-30,official,https://www.eba.europa.eu/risk-and-data-analysis/reporting/reporting-frameworks/reporting-framework-33,ESG first reference date 12/2023,3.3_layouts.zip,Annotated Table Layout 330-P1-ESG 3.3.xlsx,D 08.00.a
ESG,D_08.00.a,4.1,2025-06-30,2026-03-31,official,https://www.eba.europa.eu/risk-and-data-analysis/reporting-frameworks/reporting-framework-41,ESG minor amendments first reference date 06/2025,4.1_layouts.zip,20250519 Annotated Table Layout  ESGESG 4.1.xlsx,D_08.00.a
ESG,D_08.00.a,4.2,2026-03-31,,official_except_explicit_overrides,https://www.eba.europa.eu/risk-and-data-analysis/reporting-frameworks/reporting-framework-42,All other modules use the completed DPM 2.0 glossary from 03/2026; DORA excluded,4.2_layouts.zip,260106 Annotated templates/ESG/20260106 Annotated Table Layout  ESG 4.2 ESGESG 4.2.xlsx,D_08.00.a
ESG,D_08.00.b,3.3,2023-12-31,2025-06-30,official,https://www.eba.europa.eu/risk-and-data-analysis/reporting/reporting-frameworks/reporting-framework-33,ESG first reference date 12/2023,3.3_layouts.zip,Annotated Table Layout 330-P1-ESG 3.3.xlsx,D 08.00.b
ESG,D_08.00.b,4.1,2025-06-30,2026-03-31,official,https://www.eba.europa.eu/risk-and-data-analysis/reporting-frameworks/reporting-framework-41,ESG minor amendments first reference date 06/2025,4.1_layouts.zip,20250519 Annotated Table Layout  ESGESG 4.1.xlsx,D_08.00.b
ESG,D_08.00.b,4.2,2026-03-31,,official_except_explicit_overrides,https://www.eba.europa.eu/risk-and-data-analysis/reporting-frameworks/reporting-framework-42,All other modules use the completed DPM 2.0 glossary from 03/2026; DORA excluded,4.2_layouts.zip,260106 Annotated templates/ESG/20260106 Annotated Table Layout  ESG 4.2 ESGESG 4.2.xlsx,D_08.00.b
ESG,D_08.00.c,3.3,2023-12-31,2025-06-30,official,https://www.eba.europa.eu/risk-and-data-analysis/reporting/reporting-frameworks/reporting-framework-33,ESG first reference date 12/2023,3.3_layouts.zip,Annotated Table Layout 330-P1-ESG 3.3.xlsx,D 08.00.c
ESG,D_08.00.c,4.1,2025-06-30,2026-03-31,official,https://www.eba.europa.eu/risk-and-data-analysis/reporting-frameworks/reporting-framework-41,ESG minor amendments first reference date 06/2025,4.1_layouts.zip,20250519 Annotated Table Layout  ESGESG 4.1.xlsx,D_08.00.c
ESG,D_08.00.c,4.2,2026-03-31,,official_except_explicit_overrides,https://www.eba.europa.eu/risk-and-data-analysis/reporting-frameworks/reporting-framework-42,All other modules use the completed DPM 2.0 glossary from 03/2026; DORA excluded,4.2_layouts.zip,260106 Annotated templates/ESG/20260106 Annotated Table Layout  ESG 4.2 ESGESG 4.2.xlsx,D_08.00.c
ESG,D_08.00.d,3.3,2023-12-31,2025-06-30,official,https://www.eba.europa.eu/risk-and-data-analysis/reporting/reporting-frameworks/reporting-framework-33,ESG first reference date 12/2023,3.3_layouts.zip,Annotated Table Layout 330-P1-ESG 3.3.xlsx,D 08.00.d
ESG,D_08.00.d,4.1,2025-06-30,2026-03-31,official,https://www.eba.europa.eu/risk-and-data-analysis/reporting-frameworks/reporting-framework-41,ESG minor amendments first reference date 06/2025,4.1_layouts.zip,20250519 Annotated Table Layout  ESGESG 4.1.xlsx,D_08.00.d
ESG,D_08.00.d,4.2,2026-03-31,,official_except_explicit_overrides,https://www.eba.europa.eu/risk-and-data-analysis/reporting-frameworks/reporting-framework-42,All other modules use the completed DPM 2.0 glossary from 03/2026; DORA excluded,4.2_layouts.zip,260106 Annotated templates/ESG/20260106 Annotated Table Layout  ESG 4.2 ESGESG 4.2.xlsx,D_08.00.d
ESG,D_08.00.e,3.3,2023-12-31,2025-06-30,official,https://www.eba.europa.eu/risk-and-data-analysis/reporting/reporting-frameworks/reporting-framework-33,ESG first reference date 12/2023,3.3_layouts.zip,Annotated Table Layout 330-P1-ESG 3.3.xlsx,D 08.00.e
ESG,D_08.00.e,4.1,2025-06-30,2026-03-31,official,https://www.eba.europa.eu/risk-and-data-analysis/reporting-frameworks/reporting-framework-41,ESG minor amendments first reference date 06/2025,4.1_layouts.zip,20250519 Annotated Table Layout  ESGESG 4.1.xlsx,D_08.00.e
ESG,D_08.00.e,4.2,2026-03-31,,official_except_explicit_overrides,https://www.eba.europa.eu/risk-and-data-analysis/reporting-frameworks/reporting-framework-42,All other modules use the completed DPM 2.0 glossary from 03/2026; DORA excluded,4.2_layouts.zip,260106 Annotated templates/ESG/20260106 Annotated Table Layout  ESG 4.2 ESGESG 4.2.xlsx,D_08.00.e
ESG,D_09.01,3.3,2023-12-31,2025-06-30,official,https://www.eba.europa.eu/risk-and-data-analysis/reporting/reporting-frameworks/reporting-framework-33,ESG first reference date 12/2023,3.3_layouts.zip,Annotated Table Layout 330-P1-ESG 3.3.xlsx,D 09.01
ESG,D_09.01,4.1,2025-06-30,2026-03-31,official,https://www.eba.europa.eu/risk-and-data-analysis/reporting-frameworks/reporting-framework-41,ESG minor amendments first reference date 06/2025,4.1_layouts.zip,20250519 Annotated Table Layout  ESGESG 4.1.xlsx,D_09.01
ESG,D_09.01,4.2,2026-03-31,,official_except_explicit_overrides,https://www.eba.europa.eu/risk-and-data-analysis/reporting-frameworks/reporting-framework-42,All other modules use the completed DPM 2.0 glossary from 03/2026; DORA excluded,4.2_layouts.zip,260106 Annotated templates/ESG/20260106 Annotated Table Layout  ESG 4.2 ESGESG 4.2.xlsx,D_09.01
ESG,D_09.02.a,3.3,2023-12-31,2025-06-30,official,https://www.eba.europa.eu/risk-and-data-analysis/reporting/reporting-frameworks/reporting-framework-33,ESG first reference date 12/2023,3.3_layouts.zip,Annotated Table Layout 330-P1-ESG 3.3.xlsx,D 09.02.a
ESG,D_09.02.a,4.1,2025-06-30,2026-03-31,official,https://www.eba.europa.eu/risk-and-data-analysis/reporting-frameworks/reporting-framework-41,ESG minor amendments first reference date 06/2025,4.1_layouts.zip,20250519 Annotated Table Layout  ESGESG 4.1.xlsx,D_09.02.a
ESG,D_09.02.a,4.2,2026-03-31,,official_except_explicit_overrides,https://www.eba.europa.eu/risk-and-data-analysis/reporting-frameworks/reporting-framework-42,All other modules use the completed DPM 2.0 glossary from 03/2026; DORA excluded,4.2_layouts.zip,260106 Annotated templates/ESG/20260106 Annotated Table Layout  ESG 4.2 ESGESG 4.2.xlsx,D_09.02.a
ESG,D_09.02.b,3.3,2023-12-31,2025-06-30,official,https://www.eba.europa.eu/risk-and-data-analysis/reporting/reporting-frameworks/reporting-framework-33,ESG first reference date 12/2023,3.3_layouts.zip,Annotated Table Layout 330-P1-ESG 3.3.xlsx,D 09.02.b
ESG,D_09.02.b,4.1,2025-06-30,2026-03-31,official,https://www.eba.europa.eu/risk-and-data-analysis/reporting-frameworks/reporting-framework-41,ESG minor amendments first reference date 06/2025,4.1_layouts.zip,20250519 Annotated Table Layout  ESGESG 4.1.xlsx,D_09.02.b
ESG,D_09.02.b,4.2,2026-03-31,,official_except_explicit_overrides,https://www.eba.europa.eu/risk-and-data-analysis/reporting-frameworks/reporting-framework-42,All other modules use the completed DPM 2.0 glossary from 03/2026; DORA excluded,4.2_layouts.zip,260106 Annotated templates/ESG/20260106 Annotated Table Layout  ESG 4.2 ESGESG 4.2.xlsx,D_09.02.b
ESG,D_09.02.c,3.3,2023-12-31,2025-06-30,official,https://www.eba.europa.eu/risk-and-data-analysis/reporting/reporting-frameworks/reporting-framework-33,ESG first reference date 12/2023,3.3_layouts.zip,Annotated Table Layout 330-P1-ESG 3.3.xlsx,D 09.02.c
ESG,D_09.02.c,4.1,2025-06-30,2026-03-31,official,https://www.eba.europa.eu/risk-and-data-analysis/reporting-frameworks/reporting-framework-41,ESG minor amendments first reference date 06/2025,4.1_layouts.zip,20250519 Annotated Table Layout  ESGESG 4.1.xlsx,D_09.02.c
ESG,D_09.02.c,4.2,2026-03-31,,official_except_explicit_overrides,https://www.eba.europa.eu/risk-and-data-analysis/reporting-frameworks/reporting-framework-42,All other modules use the completed DPM 2.0 glossary from 03/2026; DORA excluded,4.2_layouts.zip,260106 Annotated templates/ESG/20260106 Annotated Table Layout  ESG 4.2 ESGESG 4.2.xlsx,D_09.02.c
ESG,D_09.02.d,3.3,2023-12-31,2025-06-30,official,https://www.eba.europa.eu/risk-and-data-analysis/reporting/reporting-frameworks/reporting-framework-33,ESG first reference date 12/2023,3.3_layouts.zip,Annotated Table Layout 330-P1-ESG 3.3.xlsx,D 09.02.d
ESG,D_09.02.d,4.1,2025-06-30,2026-03-31,official,https://www.eba.europa.eu/risk-and-data-analysis/reporting-frameworks/reporting-framework-41,ESG minor amendments first reference date 06/2025,4.1_layouts.zip,20250519 Annotated Table Layout  ESGESG 4.1.xlsx,D_09.02.d
ESG,D_09.02.d,4.2,2026-03-31,,official_except_explicit_overrides,https://www.eba.europa.eu/risk-and-data-analysis/reporting-frameworks/reporting-framework-42,All other modules use the completed DPM 2.0 glossary from 03/2026; DORA excluded,4.2_layouts.zip,260106 Annotated templates/ESG/20260106 Annotated Table Layout  ESG 4.2 ESGESG 4.2.xlsx,D_09.02.d
ESG,D_09.03.a,3.3,2023-12-31,2025-06-30,official,https://www.eba.europa.eu/risk-and-data-analysis/reporting/reporting-frameworks/reporting-framework-33,ESG first reference date 12/2023,3.3_layouts.zip,Annotated Table Layout 330-P1-ESG 3.3.xlsx,D 09.03.a
ESG,D_09.03.a,4.1,2025-06-30,2026-03-31,official,https://www.eba.europa.eu/risk-and-data-analysis/reporting-frameworks/reporting-framework-41,ESG minor amendments first reference date 06/2025,4.1_layouts.zip,20250519 Annotated Table Layout  ESGESG 4.1.xlsx,D_09.03.a
ESG,D_09.03.a,4.2,2026-03-31,,official_except_explicit_overrides,https://www.eba.europa.eu/risk-and-data-analysis/reporting-frameworks/reporting-framework-42,All other modules use the completed DPM 2.0 glossary from 03/2026; DORA excluded,4.2_layouts.zip,260106 Annotated templates/ESG/20260106 Annotated Table Layout  ESG 4.2 ESGESG 4.2.xlsx,D_09.03.a
ESG,D_09.03.b,3.3,2023-12-31,2025-06-30,official,https://www.eba.europa.eu/risk-and-data-analysis/reporting/reporting-frameworks/reporting-framework-33,ESG first reference date 12/2023,3.3_layouts.zip,Annotated Table Layout 330-P1-ESG 3.3.xlsx,D 09.03.b
ESG,D_09.03.b,4.1,2025-06-30,2026-03-31,official,https://www.eba.europa.eu/risk-and-data-analysis/reporting-frameworks/reporting-framework-41,ESG minor amendments first reference date 06/2025,4.1_layouts.zip,20250519 Annotated Table Layout  ESGESG 4.1.xlsx,D_09.03.b
ESG,D_09.03.b,4.2,2026-03-31,,official_except_explicit_overrides,https://www.eba.europa.eu/risk-and-data-analysis/reporting-frameworks/reporting-framework-42,All other modules use the completed DPM 2.0 glossary from 03/2026; DORA excluded,4.2_layouts.zip,260106 Annotated templates/ESG/20260106 Annotated Table Layout  ESG 4.2 ESGESG 4.2.xlsx,D_09.03.b
ESG,D_10.00,3.3,2023-12-31,2025-06-30,official,https://www.eba.europa.eu/risk-and-data-analysis/reporting/reporting-frameworks/reporting-framework-33,ESG first reference date 12/2023,3.3_layouts.zip,Annotated Table Layout 330-P1-ESG 3.3.xlsx,D 10.00
ESG,D_10.00,4.1,2025-06-30,2026-03-31,official,https://www.eba.europa.eu/risk-and-data-analysis/reporting-frameworks/reporting-framework-41,ESG minor amendments first reference date 06/2025,4.1_layouts.zip,20250519 Annotated Table Layout  ESGESG 4.1.xlsx,D_10.00
ESG,D_10.00,4.2,2026-03-31,,official_except_explicit_overrides,https://www.eba.europa.eu/risk-and-data-analysis/reporting-frameworks/reporting-framework-42,All other modules use the completed DPM 2.0 glossary from 03/2026; DORA excluded,4.2_layouts.zip,260106 Annotated templates/ESG/20260106 Annotated Table Layout  ESG 4.2 ESGESG 4.2.xlsx,D_10.00
ESGDIS,K_00.03,4.1,2025-06-30,2026-03-31,official,https://www.eba.europa.eu/risk-and-data-analysis/reporting-frameworks/reporting-framework-41,Pillar 3 ESG disclosure templates in the 4.1 package,4.1_layouts.zip,20250519 Annotated Table Layout  ESGDISPILLAR3 4.1.xlsx,K_00.03
ESGDIS,K_00.03,4.2,2026-03-31,,official_except_explicit_overrides,https://www.eba.europa.eu/risk-and-data-analysis/reporting-frameworks/reporting-framework-42,All other modules use the completed DPM 2.0 glossary from 03/2026; DORA excluded,4.2_layouts.zip,260106 Annotated templates/PILLAR3/20260106 Annotated Table Layout  PILLAR3 4.2 ESGDISPILLAR3 4.2.xlsx,K_00.03
ESGDIS,K_41.00,4.1,2025-06-30,2026-03-31,official,https://www.eba.europa.eu/risk-and-data-analysis/reporting-frameworks/reporting-framework-41,Pillar 3 ESG disclosure templates in the 4.1 package,4.1_layouts.zip,20250519 Annotated Table Layout  ESGDISPILLAR3 4.1.xlsx,K_41.00
ESGDIS,K_41.00,4.2,2026-03-31,,official_except_explicit_overrides,https://www.eba.europa.eu/risk-and-data-analysis/reporting-frameworks/reporting-framework-42,All other modules use the completed DPM 2.0 glossary from 03/2026; DORA excluded,4.2_layouts.zip,260106 Annotated templates/PILLAR3/20260106 Annotated Table Layout  PILLAR3 4.2 ESGDISPILLAR3 4.2.xlsx,K_41.00
ESGDIS,K_42.00.a,4.1,2025-06-30,2026-03-31,official,https://www.eba.europa.eu/risk-and-data-analysis/reporting-frameworks/reporting-framework-41,Pillar 3 ESG disclosure templates in the 4.1 package,4.1_layouts.zip,20250519 Annotated Table Layout  ESGDISPILLAR3 4.1.xlsx,K_42.00.a
ESGDIS,K_42.00.a,4.2,2026-03-31,,official_except_explicit_overrides,https://www.eba.europa.eu/risk-and-data-analysis/reporting-frameworks/reporting-framework-42,All other modules use the completed DPM 2.0 glossary from 03/2026; DORA excluded,4.2_layouts.zip,260106 Annotated templates/PILLAR3/20260106 Annotated Table Layout  PILLAR3 4.2 ESGDISPILLAR3 4.2.xlsx,K_42.00.a
ESGDIS,K_42.00.b,4.1,2025-06-30,2026-03-31,official,https://www.eba.europa.eu/risk-and-data-analysis/reporting-frameworks/reporting-framework-41,Pillar 3 ESG disclosure templates in the 4.1 package,4.1_layouts.zip,20250519 Annotated Table Layout  ESGDISPILLAR3 4.1.xlsx,K_42.00.b
ESGDIS,K_42.00.b,4.2,2026-03-31,,official_except_explicit_overrides,https://www.eba.europa.eu/risk-and-data-analysis/reporting-frameworks/reporting-framework-42,All other modules use the completed DPM 2.0 glossary from 03/2026; DORA excluded,4.2_layouts.zip,260106 Annotated templates/PILLAR3/20260106 Annotated Table Layout  PILLAR3 4.2 ESGDISPILLAR3 4.2.xlsx,K_42.00.b
ESGDIS,K_43.00.a,4.1,2025-06-30,2026-03-31,official,https://www.eba.europa.eu/risk-and-data-analysis/reporting-frameworks/reporting-framework-41,Pillar 3 ESG disclosure templates in the 4.1 package,4.1_layouts.zip,20250519 Annotated Table Layout  ESGDISPILLAR3 4.1.xlsx,K_43.00.a
ESGDIS,K_43.00.a,4.2,2026-03-31,,official_except_explicit_overrides,https://www.eba.europa.eu/risk-and-data-analysis/reporting-frameworks/reporting-framework-42,All other modules use the completed DPM 2.0 glossary from 03/2026; DORA excluded,4.2_layouts.zip,260106 Annotated templates/PILLAR3/20260106 Annotated Table Layout  PILLAR3 4.2 ESGDISPILLAR3 4.2.xlsx,K_43.00.a
ESGDIS,K_43.00.b,4.1,2025-06-30,2026-03-31,official,https://www.eba.europa.eu/risk-and-data-analysis/reporting-frameworks/reporting-framework-41,Pillar 3 ESG disclosure templates in the 4.1 package,4.1_layouts.zip,20250519 Annotated Table Layout  ESGDISPILLAR3 4.1.xlsx,K_43.00.b
ESGDIS,K_43.00.b,4.2,2026-03-31,,official_except_explicit_overrides,https://www.eba.europa.eu/risk-and-data-analysis/reporting-frameworks/reporting-framework-42,All other modules use the completed DPM 2.0 glossary from 03/2026; DORA excluded,4.2_layouts.zip,260106 Annotated templates/PILLAR3/20260106 Annotated Table Layout  PILLAR3 4.2 ESGDISPILLAR3 4.2.xlsx,K_43.00.b
ESGDIS,K_44.00,4.1,2025-06-30,2026-03-31,official,https://www.eba.europa.eu/risk-and-data-analysis/reporting-frameworks/reporting-framework-41,Pillar 3 ESG disclosure templates in the 4.1 package,4.1_layouts.zip,20250519 Annotated Table Layout  ESGDISPILLAR3 4.1.xlsx,K_44.00
ESGDIS,K_44.00,4.2,2026-03-31,,official_except_explicit_overrides,https://www.eba.europa.eu/risk-and-data-analysis/reporting-frameworks/reporting-framework-42,All other modules use the completed DPM 2.0 glossary from 03/2026; DORA excluded,4.2_layouts.zip,260106 Annotated templates/PILLAR3/20260106 Annotated Table Layout  PILLAR3 4.2 ESGDISPILLAR3 4.2.xlsx,K_44.00
ESGDIS,K_45.00.a,4.1,2025-06-30,2026-03-31,official,https://www.eba.europa.eu/risk-and-data-analysis/reporting-frameworks/reporting-framework-41,Pillar 3 ESG disclosure templates in the 4.1 package,4.1_layouts.zip,20250519 Annotated Table Layout  ESGDISPILLAR3 4.1.xlsx,K_45.00.a
ESGDIS,K_45.00.a,4.2,2026-03-31,,official_except_explicit_overrides,https://www.eba.europa.eu/risk-and-data-analysis/reporting-frameworks/reporting-framework-42,All other modules use the completed DPM 2.0 glossary from 03/2026; DORA excluded,4.2_layouts.zip,260106 Annotated templates/PILLAR3/20260106 Annotated Table Layout  PILLAR3 4.2 ESGDISPILLAR3 4.2.xlsx,K_45.00.a
ESGDIS,K_45.00.b,4.1,2025-06-30,2026-03-31,official,https://www.eba.europa.eu/risk-and-data-analysis/reporting-frameworks/reporting-framework-41,Pillar 3 ESG disclosure templates in the 4.1 package,4.1_layouts.zip,20250519 Annotated Table Layout  ESGDISPILLAR3 4.1.xlsx,K_45.00.b
ESGDIS,K_45.00.b,4.2,2026-03-31,,official_except_explicit_overrides,https://www.eba.europa.eu/risk-and-data-analysis/reporting-frameworks/reporting-framework-42,All other modules use the completed DPM 2.0 glossary from 03/2026; DORA excluded,4.2_layouts.zip,260106 Annotated templates/PILLAR3/20260106 Annotated Table Layout  PILLAR3 4.2 ESGDISPILLAR3 4.2.xlsx,K_45.00.b
ESGDIS,K_46.00.a,4.1,2025-06-30,2026-03-31,official,https://www.eba.europa.eu/risk-and-data-analysis/reporting-frameworks/reporting-framework-41,Pillar 3 ESG disclosure templates in the 4.1 package,4.1_layouts.zip,20250519 Annotated Table Layout  ESGDISPILLAR3 4.1.xlsx,K_46.00.a
ESGDIS,K_46.00.a,4.2,2026-03-31,,official_except_explicit_overrides,https://www.eba.europa.eu/risk-and-data-analysis/reporting-frameworks/reporting-framework-42,All other modules use the completed DPM 2.0 glossary from 03/2026; DORA excluded,4.2_layouts.zip,260106 Annotated templates/PILLAR3/20260106 Annotated Table Layout  PILLAR3 4.2 ESGDISPILLAR3 4.2.xlsx,K_46.00.a
ESGDIS,K_46.00.b,4.1,2025-06-30,2026-03-31,official,https://www.eba.europa.eu/risk-and-data-analysis/reporting-frameworks/reporting-framework-41,Pillar 3 ESG disclosure templates in the 4.1 package,4.1_layouts.zip,20250519 Annotated Table Layout  ESGDISPILLAR3 4.1.xlsx,K_46.00.b
ESGDIS,K_46.00.b,4.2,2026-03-31,,official_except_explicit_overrides,https://www.eba.europa.eu/risk-and-data-analysis/reporting-frameworks/reporting-framework-42,All other modules use the completed DPM 2.0 glossary from 03/2026; DORA excluded,4.2_layouts.zip,260106 Annotated templates/PILLAR3/20260106 Annotated Table Layout  PILLAR3 4.2 ESGDISPILLAR3 4.2.xlsx,K_46.00.b
ESGDIS,K_47.00.a,4.1,2025-06-30,2026-03-31,official,https://www.eba.europa.eu/risk-and-data-analysis/reporting-frameworks/reporting-framework-41,Pillar 3 ESG disclosure templates in the 4.1 package,4.1_layouts.zip,20250519 Annotated Table Layout  ESGDISPILLAR3 4.1.xlsx,K_47.00.a
ESGDIS,K_47.00.a,4.2,2026-03-31,,official_except_explicit_overrides,https://www.eba.europa.eu/risk-and-data-analysis/reporting-frameworks/reporting-framework-42,All other modules use the completed DPM 2.0 glossary from 03/2026; DORA excluded,4.2_layouts.zip,260106 Annotated templates/PILLAR3/20260106 Annotated Table Layout  PILLAR3 4.2 ESGDISPILLAR3 4.2.xlsx,K_47.00.a
ESGDIS,K_47.00.b,4.1,2025-06-30,2026-03-31,official,https://www.eba.europa.eu/risk-and-data-analysis/reporting-frameworks/reporting-framework-41,Pillar 3 ESG disclosure templates in the 4.1 package,4.1_layouts.zip,20250519 Annotated Table Layout  ESGDISPILLAR3 4.1.xlsx,K_47.00.b
ESGDIS,K_47.00.b,4.2,2026-03-31,,official_except_explicit_overrides,https://www.eba.europa.eu/risk-and-data-analysis/reporting-frameworks/reporting-framework-42,All other modules use the completed DPM 2.0 glossary from 03/2026; DORA excluded,4.2_layouts.zip,260106 Annotated templates/PILLAR3/20260106 Annotated Table Layout  PILLAR3 4.2 ESGDISPILLAR3 4.2.xlsx,K_47.00.b
ESGDIS,K_48.00.a,4.1,2025-06-30,2026-03-31,official,https://www.eba.europa.eu/risk-and-data-analysis/reporting-frameworks/reporting-framework-41,Pillar 3 ESG disclosure templates in the 4.1 package,4.1_layouts.zip,20250519 Annotated Table Layout  ESGDISPILLAR3 4.1.xlsx,K_48.00.a
ESGDIS,K_48.00.a,4.2,2026-03-31,,official_except_explicit_overrides,https://www.eba.europa.eu/risk-and-data-analysis/reporting-frameworks/reporting-framework-42,All other modules use the completed DPM 2.0 glossary from 03/2026; DORA excluded,4.2_layouts.zip,260106 Annotated templates/PILLAR3/20260106 Annotated Table Layout  PILLAR3 4.2 ESGDISPILLAR3 4.2.xlsx,K_48.00.a
ESGDIS,K_48.00.b,4.1,2025-06-30,2026-03-31,official,https://www.eba.europa.eu/risk-and-data-analysis/reporting-frameworks/reporting-framework-41,Pillar 3 ESG disclosure templates in the 4.1 package,4.1_layouts.zip,20250519 Annotated Table Layout  ESGDISPILLAR3 4.1.xlsx,K_48.00.b
ESGDIS,K_48.00.b,4.2,2026-03-31,,official_except_explicit_overrides,https://www.eba.europa.eu/risk-and-data-analysis/reporting-frameworks/reporting-framework-42,All other modules use the completed DPM 2.0 glossary from 03/2026; DORA excluded,4.2_layouts.zip,260106 Annotated templates/PILLAR3/20260106 Annotated Table Layout  PILLAR3 4.2 ESGDISPILLAR3 4.2.xlsx,K_48.00.b
ESGDIS,K_48.00.c,4.1,2025-06-30,2026-03-31,official,https://www.eba.europa.eu/risk-and-data-analysis/reporting-frameworks/reporting-framework-41,Pillar 3 ESG disclosure templates in the 4.1 package,4.1_layouts.zip,20250519 Annotated Table Layout  ESGDISPILLAR3 4.1.xlsx,K_48.00.c
ESGDIS,K_48.00.c,4.2,2026-03-31,,official_except_explicit_overrides,https://www.eba.europa.eu/risk-and-data-analysis/reporting-frameworks/reporting-framework-42,All other modules use the completed DPM 2.0 glossary from 03/2026; DORA excluded,4.2_layouts.zip,260106 Annotated templates/PILLAR3/20260106 Annotated Table Layout  PILLAR3 4.2 ESGDISPILLAR3 4.2.xlsx,K_48.00.c
ESGDIS,K_48.00.d,4.1,2025-06-30,2026-03-31,official,https://www.eba.europa.eu/risk-and-data-analysis/reporting-frameworks/reporting-framework-41,Pillar 3 ESG disclosure templates in the 4.1 package,4.1_layouts.zip,20250519 Annotated Table Layout  ESGDISPILLAR3 4.1.xlsx,K_48.00.d
ESGDIS,K_48.00.d,4.2,2026-03-31,,official_except_explicit_overrides,https://www.eba.europa.eu/risk-and-data-analysis/reporting-frameworks/reporting-framework-42,All other modules use the completed DPM 2.0 glossary from 03/2026; DORA excluded,4.2_layouts.zip,260106 Annotated templates/PILLAR3/20260106 Annotated Table Layout  PILLAR3 4.2 ESGDISPILLAR3 4.2.xlsx,K_48.00.d
ESGDIS,K_48.00.e,4.1,2025-06-30,2026-03-31,official,https://www.eba.europa.eu/risk-and-data-analysis/reporting-frameworks/reporting-framework-41,Pillar 3 ESG disclosure templates in the 4.1 package,4.1_layouts.zip,20250519 Annotated Table Layout  ESGDISPILLAR3 4.1.xlsx,K_48.00.e
ESGDIS,K_48.00.e,4.2,2026-03-31,,official_except_explicit_overrides,https://www.eba.europa.eu/risk-and-data-analysis/reporting-frameworks/reporting-framework-42,All other modules use the completed DPM 2.0 glossary from 03/2026; DORA excluded,4.2_layouts.zip,260106 Annotated templates/PILLAR3/20260106 Annotated Table Layout  PILLAR3 4.2 ESGDISPILLAR3 4.2.xlsx,K_48.00.e
ESGDIS,K_49.01,4.1,2025-06-30,2026-03-31,official,https://www.eba.europa.eu/risk-and-data-analysis/reporting-frameworks/reporting-framework-41,Pillar 3 ESG disclosure templates in the 4.1 package,4.1_layouts.zip,20250519 Annotated Table Layout  ESGDISPILLAR3 4.1.xlsx,K_49.01
ESGDIS,K_49.01,4.2,2026-03-31,,official_except_explicit_overrides,https://www.eba.europa.eu/risk-and-data-analysis/reporting-frameworks/reporting-framework-42,All other modules use the completed DPM 2.0 glossary from 03/2026; DORA excluded,4.2_layouts.zip,260106 Annotated templates/PILLAR3/20260106 Annotated Table Layout  PILLAR3 4.2 ESGDISPILLAR3 4.2.xlsx,K_49.01
ESGDIS,K_49.02.a,4.1,2025-06-30,2026-03-31,official,https://www.eba.europa.eu/risk-and-data-analysis/reporting-frameworks/reporting-framework-41,Pillar 3 ESG disclosure templates in the 4.1 package,4.1_layouts.zip,20250519 Annotated Table Layout  ESGDISPILLAR3 4.1.xlsx,K_49.02.a
ESGDIS,K_49.02.a,4.2,2026-03-31,,official_except_explicit_overrides,https://www.eba.europa.eu/risk-and-data-analysis/reporting-frameworks/reporting-framework-42,All other modules use the completed DPM 2.0 glossary from 03/2026; DORA excluded,4.2_layouts.zip,260106 Annotated templates/PILLAR3/20260106 Annotated Table Layout  PILLAR3 4.2 ESGDISPILLAR3 4.2.xlsx,K_49.02.a
ESGDIS,K_49.02.b,4.1,2025-06-30,2026-03-31,official,https://www.eba.europa.eu/risk-and-data-analysis/reporting-frameworks/reporting-framework-41,Pillar 3 ESG disclosure templates in the 4.1 package,4.1_layouts.zip,20250519 Annotated Table Layout  ESGDISPILLAR3 4.1.xlsx,K_49.02.b
ESGDIS,K_49.02.b,4.2,2026-03-31,,official_except_explicit_overrides,https://www.eba.europa.eu/risk-and-data-analysis/reporting-frameworks/reporting-framework-42,All other modules use the completed DPM 2.0 glossary from 03/2026; DORA excluded,4.2_layouts.zip,260106 Annotated templates/PILLAR3/20260106 Annotated Table Layout  PILLAR3 4.2 ESGDISPILLAR3 4.2.xlsx,K_49.02.b
ESGDIS,K_49.02.c,4.1,2025-06-30,2026-03-31,official,https://www.eba.europa.eu/risk-and-data-analysis/reporting-frameworks/reporting-framework-41,Pillar 3 ESG disclosure templates in the 4.1 package,4.1_layouts.zip,20250519 Annotated Table Layout  ESGDISPILLAR3 4.1.xlsx,K_49.02.c
ESGDIS,K_49.02.c,4.2,2026-03-31,,official_except_explicit_overrides,https://www.eba.europa.eu/risk-and-data-analysis/reporting-frameworks/reporting-framework-42,All other modules use the completed DPM 2.0 glossary from 03/2026; DORA excluded,4.2_layouts.zip,260106 Annotated templates/PILLAR3/20260106 Annotated Table Layout  PILLAR3 4.2 ESGDISPILLAR3 4.2.xlsx,K_49.02.c
ESGDIS,K_49.02.d,4.1,2025-06-30,2026-03-31,official,https://www.eba.europa.eu/risk-and-data-analysis/reporting-frameworks/reporting-framework-41,Pillar 3 ESG disclosure templates in the 4.1 package,4.1_layouts.zip,20250519 Annotated Table Layout  ESGDISPILLAR3 4.1.xlsx,K_49.02.d
ESGDIS,K_49.02.d,4.2,2026-03-31,,official_except_explicit_overrides,https://www.eba.europa.eu/risk-and-data-analysis/reporting-frameworks/reporting-framework-42,All other modules use the completed DPM 2.0 glossary from 03/2026; DORA excluded,4.2_layouts.zip,260106 Annotated templates/PILLAR3/20260106 Annotated Table Layout  PILLAR3 4.2 ESGDISPILLAR3 4.2.xlsx,K_49.02.d
ESGDIS,K_49.03.a,4.1,2025-06-30,2026-03-31,official,https://www.eba.europa.eu/risk-and-data-analysis/reporting-frameworks/reporting-framework-41,Pillar 3 ESG disclosure templates in the 4.1 package,4.1_layouts.zip,20250519 Annotated Table Layout  ESGDISPILLAR3 4.1.xlsx,K_49.03.a
ESGDIS,K_49.03.a,4.2,2026-03-31,,official_except_explicit_overrides,https://www.eba.europa.eu/risk-and-data-analysis/reporting-frameworks/reporting-framework-42,All other modules use the completed DPM 2.0 glossary from 03/2026; DORA excluded,4.2_layouts.zip,260106 Annotated templates/PILLAR3/20260106 Annotated Table Layout  PILLAR3 4.2 ESGDISPILLAR3 4.2.xlsx,K_49.03.a
ESGDIS,K_49.03.b,4.1,2025-06-30,2026-03-31,official,https://www.eba.europa.eu/risk-and-data-analysis/reporting-frameworks/reporting-framework-41,Pillar 3 ESG disclosure templates in the 4.1 package,4.1_layouts.zip,20250519 Annotated Table Layout  ESGDISPILLAR3 4.1.xlsx,K_49.03.b
ESGDIS,K_49.03.b,4.2,2026-03-31,,official_except_explicit_overrides,https://www.eba.europa.eu/risk-and-data-analysis/reporting-frameworks/reporting-framework-42,All other modules use the completed DPM 2.0 glossary from 03/2026; DORA excluded,4.2_layouts.zip,260106 Annotated templates/PILLAR3/20260106 Annotated Table Layout  PILLAR3 4.2 ESGDISPILLAR3 4.2.xlsx,K_49.03.b
ESGDIS,K_50.00,4.1,2025-06-30,2026-03-31,official,https://www.eba.europa.eu/risk-and-data-analysis/reporting-frameworks/reporting-framework-41,Pillar 3 ESG disclosure templates in the 4.1 package,4.1_layouts.zip,20250519 Annotated Table Layout  ESGDISPILLAR3 4.1.xlsx,K_50.00
ESGDIS,K_50.00,4.2,2026-03-31,,official_except_explicit_overrides,https://www.eba.europa.eu/risk-and-data-analysis/reporting-frameworks/reporting-framework-42,All other modules use the completed DPM 2.0 glossary from 03/2026; DORA excluded,4.2_layouts.zip,260106 Annotated templates/PILLAR3/20260106 Annotated Table Layout  PILLAR3 4.2 ESGDISPILLAR3 4.2.xlsx,K_50.00
FC,L_00.02,3.5,2024-12-31,2026-03-31,official,https://www.eba.europa.eu/risk-and-data-analysis/reporting/reporting-frameworks/reporting-framework-35,FICOD technical package first reference date 12/2024,3.5_layouts.zip,Annotated Table Layout 3.5-FC 3.5.xlsx,L 00.02
FC,L_00.02,4.2,2026-03-31,,official_except_explicit_overrides,https://www.eba.europa.eu/risk-and-data-analysis/reporting-frameworks/reporting-framework-42,All other modules use the completed DPM 2.0 glossary from 03/2026; DORA excluded,4.2_layouts.zip,260106 Annotated templates/FC/20260106 Annotated Table Layout  FC 4.2 FCFC 4.2.xlsx,L_00.02
FC,L_00.03,3.5,2024-12-31,2026-03-31,official,https://www.eba.europa.eu/risk-and-data-analysis/reporting/reporting-frameworks/reporting-framework-35,FICOD technical package first reference date 12/2024,3.5_layouts.zip,Annotated Table Layout 3.5-FC 3.5.xlsx,L 00.03
FC,L_00.03,4.2,2026-03-31,,official_except_explicit_overrides,https://www.eba.europa.eu/risk-and-data-analysis/reporting-frameworks/reporting-framework-42,All other modules use the completed DPM 2.0 glossary from 03/2026; DORA excluded,4.2_layouts.zip,260106 Annotated templates/FC/20260106 Annotated Table Layout  FC 4.2 FCFC 4.2.xlsx,L_00.03
FC,L_01.00,3.5,2024-12-31,2026-03-31,official,https://www.eba.europa.eu/risk-and-data-analysis/reporting/reporting-frameworks/reporting-framework-35,FICOD technical package first reference date 12/2024,3.5_layouts.zip,Annotated Table Layout 3.5-FC 3.5.xlsx,L 01.00
FC,L_01.00,4.2,2026-03-31,,official_except_explicit_overrides,https://www.eba.europa.eu/risk-and-data-analysis/reporting-frameworks/reporting-framework-42,All other modules use the completed DPM 2.0 glossary from 03/2026; DORA excluded,4.2_layouts.zip,260106 Annotated templates/FC/20260106 Annotated Table Layout  FC 4.2 FCFC 4.2.xlsx,L_01.00
FC,L_02.00,3.5,2024-12-31,2026-03-31,official,https://www.eba.europa.eu/risk-and-data-analysis/reporting/reporting-frameworks/reporting-framework-35,FICOD technical package first reference date 12/2024,3.5_layouts.zip,Annotated Table Layout 3.5-FC 3.5.xlsx,L 02.00
FC,L_02.00,4.2,2026-03-31,,official_except_explicit_overrides,https://www.eba.europa.eu/risk-and-data-analysis/reporting-frameworks/reporting-framework-42,All other modules use the completed DPM 2.0 glossary from 03/2026; DORA excluded,4.2_layouts.zip,260106 Annotated templates/FC/20260106 Annotated Table Layout  FC 4.2 FCFC 4.2.xlsx,L_02.00
FC,L_03.00,3.5,2024-12-31,2026-03-31,official,https://www.eba.europa.eu/risk-and-data-analysis/reporting/reporting-frameworks/reporting-framework-35,FICOD technical package first reference date 12/2024,3.5_layouts.zip,Annotated Table Layout 3.5-FC 3.5.xlsx,L 03.00
FC,L_03.00,4.2,2026-03-31,,official_except_explicit_overrides,https://www.eba.europa.eu/risk-and-data-analysis/reporting-frameworks/reporting-framework-42,All other modules use the completed DPM 2.0 glossary from 03/2026; DORA excluded,4.2_layouts.zip,260106 Annotated templates/FC/20260106 Annotated Table Layout  FC 4.2 FCFC 4.2.xlsx,L_03.00
FC,L_04.00,3.5,2024-12-31,2026-03-31,official,https://www.eba.europa.eu/risk-and-data-analysis/reporting/reporting-frameworks/reporting-framework-35,FICOD technical package first reference date 12/2024,3.5_layouts.zip,Annotated Table Layout 3.5-FC 3.5.xlsx,L 04.00
FC,L_04.00,4.2,2026-03-31,,official_except_explicit_overrides,https://www.eba.europa.eu/risk-and-data-analysis/reporting-frameworks/reporting-framework-42,All other modules use the completed DPM 2.0 glossary from 03/2026; DORA excluded,4.2_layouts.zip,260106 Annotated templates/FC/20260106 Annotated Table Layout  FC 4.2 FCFC 4.2.xlsx,L_04.00
FC,L_05.00,3.5,2024-12-31,2026-03-31,official,https://www.eba.europa.eu/risk-and-data-analysis/reporting/reporting-frameworks/reporting-framework-35,FICOD technical package first reference date 12/2024,3.5_layouts.zip,Annotated Table Layout 3.5-FC 3.5.xlsx,L 05.00
FC,L_05.00,4.2,2026-03-31,,official_except_explicit_overrides,https://www.eba.europa.eu/risk-and-data-analysis/reporting-frameworks/reporting-framework-42,All other modules use the completed DPM 2.0 glossary from 03/2026; DORA excluded,4.2_layouts.zip,260106 Annotated templates/FC/20260106 Annotated Table Layout  FC 4.2 FCFC 4.2.xlsx,L_05.00
FC,L_06.00,3.5,2024-12-31,2026-03-31,official,https://www.eba.europa.eu/risk-and-data-analysis/reporting/reporting-frameworks/reporting-framework-35,FICOD technical package first reference date 12/2024,3.5_layouts.zip,Annotated Table Layout 3.5-FC 3.5.xlsx,L 06.00
FC,L_06.00,4.2,2026-03-31,,official_except_explicit_overrides,https://www.eba.europa.eu/risk-and-data-analysis/reporting-frameworks/reporting-framework-42,All other modules use the completed DPM 2.0 glossary from 03/2026; DORA excluded,4.2_layouts.zip,260106 Annotated templates/FC/20260106 Annotated Table Layout  FC 4.2 FCFC 4.2.xlsx,L_06.00
FC,L_07.01,3.5,2024-12-31,2026-03-31,official,https://www.eba.europa.eu/risk-and-data-analysis/reporting/reporting-frameworks/reporting-framework-35,FICOD technical package first reference date 12/2024,3.5_layouts.zip,Annotated Table Layout 3.5-FC 3.5.xlsx,L 07.01
FC,L_07.01,4.2,2026-03-31,,official_except_explicit_overrides,https://www.eba.europa.eu/risk-and-data-analysis/reporting-frameworks/reporting-framework-42,All other modules use the completed DPM 2.0 glossary from 03/2026; DORA excluded,4.2_layouts.zip,260106 Annotated templates/FC/20260106 Annotated Table Layout  FC 4.2 FCFC 4.2.xlsx,L_07.01
FC,L_07.02,3.5,2024-12-31,2026-03-31,official,https://www.eba.europa.eu/risk-and-data-analysis/reporting/reporting-frameworks/reporting-framework-35,FICOD technical package first reference date 12/2024,3.5_layouts.zip,Annotated Table Layout 3.5-FC 3.5.xlsx,L 07.02
FC,L_07.02,4.2,2026-03-31,,official_except_explicit_overrides,https://www.eba.europa.eu/risk-and-data-analysis/reporting-frameworks/reporting-framework-42,All other modules use the completed DPM 2.0 glossary from 03/2026; DORA excluded,4.2_layouts.zip,260106 Annotated templates/FC/20260106 Annotated Table Layout  FC 4.2 FCFC 4.2.xlsx,L_07.02
FC,L_07.03,3.5,2024-12-31,2026-03-31,official,https://www.eba.europa.eu/risk-and-data-analysis/reporting/reporting-frameworks/reporting-framework-35,FICOD technical package first reference date 12/2024,3.5_layouts.zip,Annotated Table Layout 3.5-FC 3.5.xlsx,L 07.03
FC,L_07.03,4.2,2026-03-31,,official_except_explicit_overrides,https://www.eba.europa.eu/risk-and-data-analysis/reporting-frameworks/reporting-framework-42,All other modules use the completed DPM 2.0 glossary from 03/2026; DORA excluded,4.2_layouts.zip,260106 Annotated templates/FC/20260106 Annotated Table Layout  FC 4.2 FCFC 4.2.xlsx,L_07.03
FC,L_08.01,3.5,2024-12-31,2026-03-31,official,https://www.eba.europa.eu/risk-and-data-analysis/reporting/reporting-frameworks/reporting-framework-35,FICOD technical package first reference date 12/2024,3.5_layouts.zip,Annotated Table Layout 3.5-FC 3.5.xlsx,L 08.01
FC,L_08.01,4.2,2026-03-31,,official_except_explicit_overrides,https://www.eba.europa.eu/risk-and-data-analysis/reporting-frameworks/reporting-framework-42,All other modules use the completed DPM 2.0 glossary from 03/2026; DORA excluded,4.2_layouts.zip,260106 Annotated templates/FC/20260106 Annotated Table Layout  FC 4.2 FCFC 4.2.xlsx,L_08.01
FC,L_08.02,3.5,2024-12-31,2026-03-31,official,https://www.eba.europa.eu/risk-and-data-analysis/reporting/reporting-frameworks/reporting-framework-35,FICOD technical package first reference date 12/2024,3.5_layouts.zip,Annotated Table Layout 3.5-FC 3.5.xlsx,L 08.02(0003)
FC,L_08.02,4.2,2026-03-31,,official_except_explicit_overrides,https://www.eba.europa.eu/risk-and-data-analysis/reporting-frameworks/reporting-framework-42,All other modules use the completed DPM 2.0 glossary from 03/2026; DORA excluded,4.2_layouts.zip,260106 Annotated templates/FC/20260106 Annotated Table Layout  FC 4.2 FCFC 4.2.xlsx,L_08.02(0003)
FINDIS,K_00.01,4.1,2025-06-30,2026-03-31,official,https://www.eba.europa.eu/risk-and-data-analysis/reporting-frameworks/reporting-framework-41,Pillar 3 financial disclosure templates in the 4.1 package,4.1_layouts.zip,20250519 Annotated Table Layout  FINDISPILLAR3 4.1.xlsx,K_00.01
FINDIS,K_00.01,4.2,2026-03-31,,official_except_explicit_overrides,https://www.eba.europa.eu/risk-and-data-analysis/reporting-frameworks/reporting-framework-42,All other modules use the completed DPM 2.0 glossary from 03/2026; DORA excluded,4.2_layouts.zip,260106 Annotated templates/PILLAR3/20260106 Annotated Table Layout  PILLAR3 4.2 FINDISPILLAR3 4.2.xlsx,K_00.01
FINDIS,K_20.01,4.1,2025-06-30,2026-03-31,official,https://www.eba.europa.eu/risk-and-data-analysis/reporting-frameworks/reporting-framework-41,Pillar 3 financial disclosure templates in the 4.1 package,4.1_layouts.zip,20250519 Annotated Table Layout  FINDISPILLAR3 4.1.xlsx,K_20.01
FINDIS,K_20.01,4.2,2026-03-31,,official_except_explicit_overrides,https://www.eba.europa.eu/risk-and-data-analysis/reporting-frameworks/reporting-framework-42,All other modules use the completed DPM 2.0 glossary from 03/2026; DORA excluded,4.2_layouts.zip,260106 Annotated templates/PILLAR3/20260106 Annotated Table Layout  PILLAR3 4.2 FINDISPILLAR3 4.2.xlsx,K_20.01
FINDIS,K_20.02,4.1,2025-06-30,2026-03-31,official,https://www.eba.europa.eu/risk-and-data-analysis/reporting-frameworks/reporting-framework-41,Pillar 3 financial disclosure templates in the 4.1 package,4.1_layouts.zip,20250519 Annotated Table Layout  FINDISPILLAR3 4.1.xlsx,K_20.02
FINDIS,K_20.02,4.2,2026-03-31,,official_except_explicit_overrides,https://www.eba.europa.eu/risk-and-data-analysis/reporting-frameworks/reporting-framework-42,All other modules use the completed DPM 2.0 glossary from 03/2026; DORA excluded,4.2_layouts.zip,260106 Annotated templates/PILLAR3/20260106 Annotated Table Layout  PILLAR3 4.2 FINDISPILLAR3 4.2.xlsx,K_20.02
FINDIS,K_20.03,4.1,2025-06-30,2026-03-31,official,https://www.eba.europa.eu/risk-and-data-analysis/reporting-frameworks/reporting-framework-41,Pillar 3 financial disclosure templates in the 4.1 package,4.1_layouts.zip,20250519 Annotated Table Layout  FINDISPILLAR3 4.1.xlsx,K_20.03
FINDIS,K_20.03,4.2,2026-03-31,,official_except_explicit_overrides,https://www.eba.europa.eu/risk-and-data-analysis/reporting-frameworks/reporting-framework-42,All other modules use the completed DPM 2.0 glossary from 03/2026; DORA excluded,4.2_layouts.zip,260106 Annotated templates/PILLAR3/20260106 Annotated Table Layout  PILLAR3 4.2 FINDISPILLAR3 4.2.xlsx,K_20.03
FINDIS,K_21.01.a,4.1,2025-06-30,2026-03-31,official,https://www.eba.europa.eu/risk-and-data-analysis/reporting-frameworks/reporting-framework-41,Pillar 3 financial disclosure templates in the 4.1 package,4.1_layouts.zip,20250519 Annotated Table Layout  FINDISPILLAR3 4.1.xlsx,K_21.01.a
FINDIS,K_21.01.a,4.2,2026-03-31,,official_except_explicit_overrides,https://www.eba.europa.eu/risk-and-data-analysis/reporting-frameworks/reporting-framework-42,All other modules use the completed DPM 2.0 glossary from 03/2026; DORA excluded,4.2_layouts.zip,260106 Annotated templates/PILLAR3/20260106 Annotated Table Layout  PILLAR3 4.2 FINDISPILLAR3 4.2.xlsx,K_21.01.a
FINDIS,K_21.01.b,4.1,2025-06-30,2026-03-31,official,https://www.eba.europa.eu/risk-and-data-analysis/reporting-frameworks/reporting-framework-41,Pillar 3 financial disclosure templates in the 4.1 package,4.1_layouts.zip,20250519 Annotated Table Layout  FINDISPILLAR3 4.1.xlsx,K_21.01.b
FINDIS,K_21.01.b,4.2,2026-03-31,,official_except_explicit_overrides,https://www.eba.europa.eu/risk-and-data-analysis/reporting-frameworks/reporting-framework-42,All other modules use the completed DPM 2.0 glossary from 03/2026; DORA excluded,4.2_layouts.zip,260106 Annotated templates/PILLAR3/20260106 Annotated Table Layout  PILLAR3 4.2 FINDISPILLAR3 4.2.xlsx,K_21.01.b
FINDIS,K_21.01.c,4.1,2025-06-30,2026-03-31,official,https://www.eba.europa.eu/risk-and-data-analysis/reporting-frameworks/reporting-framework-41,Pillar 3 financial disclosure templates in the 4.1 package,4.1_layouts.zip,20250519 Annotated Table Layout  FINDISPILLAR3 4.1.xlsx,K_21.01.c
FINDIS,K_21.01.c,4.2,2026-03-31,,official_except_explicit_overrides,https://www.eba.europa.eu/risk-and-data-analysis/reporting-frameworks/reporting-framework-42,All other modules use the completed DPM 2.0 glossary from 03/2026; DORA excluded,4.2_layouts.zip,260106 Annotated templates/PILLAR3/20260106 Annotated Table Layout  PILLAR3 4.2 FINDISPILLAR3 4.2.xlsx,K_21.01.c
FINDIS,K_21.01.d,4.1,2025-06-30,2026-03-31,official,https://www.eba.europa.eu/risk-and-data-analysis/reporting-frameworks/reporting-framework-41,Pillar 3 financial disclosure templates in the 4.1 package,4.1_layouts.zip,20250519 Annotated Table Layout  FINDISPILLAR3 4.1.xlsx,K_21.01.d
FINDIS,K_21.01.d,4.2,2026-03-31,,official_except_explicit_overrides,https://www.eba.europa.eu/risk-and-data-analysis/reporting-frameworks/reporting-framework-42,All other modules use the completed DPM 2.0 glossary from 03/2026; DORA excluded,4.2_layouts.zip,260106 Annotated templates/PILLAR3/20260106 Annotated Table Layout  PILLAR3 4.2 FINDISPILLAR3 4.2.xlsx,K_21.01.d
FINDIS,K_21.01.e,4.1,2025-06-30,2026-03-31,official,https://www.eba.europa.eu/risk-and-data-analysis/reporting-frameworks/reporting-framework-41,Pillar 3 financial disclosure templates in the 4.1 package,4.1_layouts.zip,20250519 Annotated Table Layout  FINDISPILLAR3 4.1.xlsx,K_21.01.e
FINDIS,K_21.01.e,4.2,2026-03-31,,official_except_explicit_overrides,https://www.eba.europa.eu/risk-and-data-analysis/reporting-frameworks/reporting-framework-42,All other modules use the completed DPM 2.0 glossary from 03/2026; DORA excluded,4.2_layouts.zip,260106 Annotated templates/PILLAR3/20260106 Annotated Table Layout  PILLAR3 4.2 FINDISPILLAR3 4.2.xlsx,K_21.01.e
FINDIS,K_21.01.f,4.1,2025-06-30,2026-03-31,official,https://www.eba.europa.eu/risk-and-data-analysis/reporting-frameworks/reporting-framework-41,Pillar 3 financial disclosure templates in the 4.1 package,4.1_layouts.zip,20250519 Annotated Table Layout  FINDISPILLAR3 4.1.xlsx,K_21.01.f
FINDIS,K_21.01.f,4.2,2026-03-31,,official_except_explicit_overrides,https://www.eba.europa.eu/risk-and-data-analysis/reporting-frameworks/reporting-framework-42,All other modules use the completed DPM 2.0 glossary from 03/2026; DORA excluded,4.2_layouts.zip,260106 Annotated templates/PILLAR3/20260106 Annotated Table Layout  PILLAR3 4.2 FINDISPILLAR3 4.2.xlsx,K_21.01.f
FINDIS,K_21.02,4.1,2025-06-30,2026-03-31,official,https://www.eba.europa.eu/risk-and-data-analysis/reporting-frameworks/reporting-framework-41,Pillar 3 financial disclosure templates in the 4.1 package,4.1_layouts.zip,20250519 Annotated Table Layout  FINDISPILLAR3 4.1.xlsx,K_21.02
FINDIS,K_21.02,4.2,2026-03-31,,official_except_explicit_overrides,https://www.eba.europa.eu/risk-and-data-analysis/reporting-frameworks/reporting-framework-42,All other modules use the completed DPM 2.0 glossary from 03/2026; DORA excluded,4.2_layouts.zip,260106 Annotated templates/PILLAR3/20260106 Annotated Table Layout  PILLAR3 4.2 FINDISPILLAR3 4.2.xlsx,K_21.02
FINDIS,K_22.01,4.1,2025-06-30,2026-03-31,official,https://www.eba.europa.eu/risk-and-data-analysis/reporting-frameworks/reporting-framework-41,Pillar 3 financial disclosure templates in the 4.1 package,4.1_layouts.zip,20250519 Annotated Table Layout  FINDISPILLAR3 4.1.xlsx,K_22.01
FINDIS,K_22.01,4.2,2026-03-31,,official_except_explicit_overrides,https://www.eba.europa.eu/risk-and-data-analysis/reporting-frameworks/reporting-framework-42,All other modules use the completed DPM 2.0 glossary from 03/2026; DORA excluded,4.2_layouts.zip,260106 Annotated templates/PILLAR3/20260106 Annotated Table Layout  PILLAR3 4.2 FINDISPILLAR3 4.2.xlsx,K_22.01
FINDIS,K_22.02.a,4.1,2025-06-30,2026-03-31,official,https://www.eba.europa.eu/risk-and-data-analysis/reporting-frameworks/reporting-framework-41,Pillar 3 financial disclosure templates in the 4.1 package,4.1_layouts.zip,20250519 Annotated Table Layout  FINDISPILLAR3 4.1.xlsx,K_22.02.a
FINDIS,K_22.02.a,4.2,2026-03-31,,official_except_explicit_overrides,https://www.eba.europa.eu/risk-and-data-analysis/reporting-frameworks/reporting-framework-42,All other modules use the completed DPM 2.0 glossary from 03/2026; DORA excluded,4.2_layouts.zip,260106 Annotated templates/PILLAR3/20260106 Annotated Table Layout  PILLAR3 4.2 FINDISPILLAR3 4.2.xlsx,K_22.02.a
FINDIS,K_22.02.b,4.1,2025-06-30,2026-03-31,official,https://www.eba.europa.eu/risk-and-data-analysis/reporting-frameworks/reporting-framework-41,Pillar 3 financial disclosure templates in the 4.1 package,4.1_layouts.zip,20250519 Annotated Table Layout  FINDISPILLAR3 4.1.xlsx,K_22.02.b
FINDIS,K_22.02.b,4.2,2026-03-31,,official_except_explicit_overrides,https://www.eba.europa.eu/risk-and-data-analysis/reporting-frameworks/reporting-framework-42,All other modules use the completed DPM 2.0 glossary from 03/2026; DORA excluded,4.2_layouts.zip,260106 Annotated templates/PILLAR3/20260106 Annotated Table Layout  PILLAR3 4.2 FINDISPILLAR3 4.2.xlsx,K_22.02.b
FINDIS,K_23.00,4.2,2026-03-31,,official_except_explicit_overrides,https://www.eba.europa.eu/risk-and-data-analysis/reporting-frameworks/reporting-framework-42,All other modules use the completed DPM 2.0 glossary from 03/2026; DORA excluded,4.2_layouts.zip,260106 Annotated templates/PILLAR3/20260106 Annotated Table Layout  PILLAR3 4.2 FINDISPILLAR3 4.2.xlsx,K_23.00
FINDIS,K_80.00.a,4.1,2025-06-30,2026-03-31,official,https://www.eba.europa.eu/risk-and-data-analysis/reporting-frameworks/reporting-framework-41,Pillar 3 financial disclosure templates in the 4.1 package,4.1_layouts.zip,20250519 Annotated Table Layout  FINDISPILLAR3 4.1.xlsx,K_80.00.a
FINDIS,K_80.00.a,4.2,2026-03-31,,official_except_explicit_overrides,https://www.eba.europa.eu/risk-and-data-analysis/reporting-frameworks/reporting-framework-42,All other modules use the completed DPM 2.0 glossary from 03/2026; DORA excluded,4.2_layouts.zip,260106 Annotated templates/PILLAR3/20260106 Annotated Table Layout  PILLAR3 4.2 FINDISPILLAR3 4.2.xlsx,K_80.00.a
FINDIS,K_80.00.b,4.1,2025-06-30,2026-03-31,official,https://www.eba.europa.eu/risk-and-data-analysis/reporting-frameworks/reporting-framework-41,Pillar 3 financial disclosure templates in the 4.1 package,4.1_layouts.zip,20250519 Annotated Table Layout  FINDISPILLAR3 4.1.xlsx,K_80.00.b
FINDIS,K_80.00.b,4.2,2026-03-31,,official_except_explicit_overrides,https://www.eba.europa.eu/risk-and-data-analysis/reporting-frameworks/reporting-framework-42,All other modules use the completed DPM 2.0 glossary from 03/2026; DORA excluded,4.2_layouts.zip,260106 Annotated templates/PILLAR3/20260106 Annotated Table Layout  PILLAR3 4.2 FINDISPILLAR3 4.2.xlsx,K_80.00.b
FINDIS,K_80.00.c,4.1,2025-06-30,2026-03-31,official,https://www.eba.europa.eu/risk-and-data-analysis/reporting-frameworks/reporting-framework-41,Pillar 3 financial disclosure templates in the 4.1 package,4.1_layouts.zip,20250519 Annotated Table Layout  FINDISPILLAR3 4.1.xlsx,K_80.00.c
FINDIS,K_80.00.c,4.2,2026-03-31,,official_except_explicit_overrides,https://www.eba.europa.eu/risk-and-data-analysis/reporting-frameworks/reporting-framework-42,All other modules use the completed DPM 2.0 glossary from 03/2026; DORA excluded,4.2_layouts.zip,260106 Annotated templates/PILLAR3/20260106 Annotated Table Layout  PILLAR3 4.2 FINDISPILLAR3 4.2.xlsx,K_80.00.c
FINDIS,K_80.00.d,4.1,2025-06-30,2026-03-31,official,https://www.eba.europa.eu/risk-and-data-analysis/reporting-frameworks/reporting-framework-41,Pillar 3 financial disclosure templates in the 4.1 package,4.1_layouts.zip,20250519 Annotated Table Layout  FINDISPILLAR3 4.1.xlsx,K_80.00.d
FINDIS,K_80.00.d,4.2,2026-03-31,,official_except_explicit_overrides,https://www.eba.europa.eu/risk-and-data-analysis/reporting-frameworks/reporting-framework-42,All other modules use the completed DPM 2.0 glossary from 03/2026; DORA excluded,4.2_layouts.zip,260106 Annotated templates/PILLAR3/20260106 Annotated Table Layout  PILLAR3 4.2 FINDISPILLAR3 4.2.xlsx,K_80.00.d
FINDIS,K_80.00.e,4.1,2025-06-30,2026-03-31,official,https://www.eba.europa.eu/risk-and-data-analysis/reporting-frameworks/reporting-framework-41,Pillar 3 financial disclosure templates in the 4.1 package,4.1_layouts.zip,20250519 Annotated Table Layout  FINDISPILLAR3 4.1.xlsx,K_80.00.e
FINDIS,K_80.00.e,4.2,2026-03-31,,official_except_explicit_overrides,https://www.eba.europa.eu/risk-and-data-analysis/reporting-frameworks/reporting-framework-42,All other modules use the completed DPM 2.0 glossary from 03/2026; DORA excluded,4.2_layouts.zip,260106 Annotated templates/PILLAR3/20260106 Annotated Table Layout  PILLAR3 4.2 FINDISPILLAR3 4.2.xlsx,K_80.00.e
FINDIS,K_81.00,4.1,2025-06-30,2026-03-31,official,https://www.eba.europa.eu/risk-and-data-analysis/reporting-frameworks/reporting-framework-41,Pillar 3 financial disclosure templates in the 4.1 package,4.1_layouts.zip,20250519 Annotated Table Layout  FINDISPILLAR3 4.1.xlsx,K_81.00
FINDIS,K_81.00,4.2,2026-03-31,,official_except_explicit_overrides,https://www.eba.europa.eu/risk-and-data-analysis/reporting-frameworks/reporting-framework-42,All other modules use the completed DPM 2.0 glossary from 03/2026; DORA excluded,4.2_layouts.zip,260106 Annotated templates/PILLAR3/20260106 Annotated Table Layout  PILLAR3 4.2 FINDISPILLAR3 4.2.xlsx,K_81.00
FINDIS,K_82.00.a,4.1,2025-06-30,2026-03-31,official,https://www.eba.europa.eu/risk-and-data-analysis/reporting-frameworks/reporting-framework-41,Pillar 3 financial disclosure templates in the 4.1 package,4.1_layouts.zip,20250519 Annotated Table Layout  FINDISPILLAR3 4.1.xlsx,K_82.00.a
FINDIS,K_82.00.a,4.2,2026-03-31,,official_except_explicit_overrides,https://www.eba.europa.eu/risk-and-data-analysis/reporting-frameworks/reporting-framework-42,All other modules use the completed DPM 2.0 glossary from 03/2026; DORA excluded,4.2_layouts.zip,260106 Annotated templates/PILLAR3/20260106 Annotated Table Layout  PILLAR3 4.2 FINDISPILLAR3 4.2.xlsx,K_82.00.a
FINDIS,K_82.00.b,4.1,2025-06-30,2026-03-31,official,https://www.eba.europa.eu/risk-and-data-analysis/reporting-frameworks/reporting-framework-41,Pillar 3 financial disclosure templates in the 4.1 package,4.1_layouts.zip,20250519 Annotated Table Layout  FINDISPILLAR3 4.1.xlsx,K_82.00.b
FINDIS,K_82.00.b,4.2,2026-03-31,,official_except_explicit_overrides,https://www.eba.europa.eu/risk-and-data-analysis/reporting-frameworks/reporting-framework-42,All other modules use the completed DPM 2.0 glossary from 03/2026; DORA excluded,4.2_layouts.zip,260106 Annotated templates/PILLAR3/20260106 Annotated Table Layout  PILLAR3 4.2 FINDISPILLAR3 4.2.xlsx,K_82.00.b
FINDIS,K_82.00.c,4.1,2025-06-30,2026-03-31,official,https://www.eba.europa.eu/risk-and-data-analysis/reporting-frameworks/reporting-framework-41,Pillar 3 financial disclosure templates in the 4.1 package,4.1_layouts.zip,20250519 Annotated Table Layout  FINDISPILLAR3 4.1.xlsx,K_82.00.c
FINDIS,K_82.00.c,4.2,2026-03-31,,official_except_explicit_overrides,https://www.eba.europa.eu/risk-and-data-analysis/reporting-frameworks/reporting-framework-42,All other modules use the completed DPM 2.0 glossary from 03/2026; DORA excluded,4.2_layouts.zip,260106 Annotated templates/PILLAR3/20260106 Annotated Table Layout  PILLAR3 4.2 FINDISPILLAR3 4.2.xlsx,K_82.00.c
FINDIS,K_83.01.a,4.1,2025-06-30,2026-03-31,official,https://www.eba.europa.eu/risk-and-data-analysis/reporting-frameworks/reporting-framework-41,Pillar 3 financial disclosure templates in the 4.1 package,4.1_layouts.zip,20250519 Annotated Table Layout  FINDISPILLAR3 4.1.xlsx,K_83.01.a
FINDIS,K_83.01.a,4.2,2026-03-31,,official_except_explicit_overrides,https://www.eba.europa.eu/risk-and-data-analysis/reporting-frameworks/reporting-framework-42,All other modules use the completed DPM 2.0 glossary from 03/2026; DORA excluded,4.2_layouts.zip,260106 Annotated templates/PILLAR3/20260106 Annotated Table Layout  PILLAR3 4.2 FINDISPILLAR3 4.2.xlsx,K_83.01.a
FINDIS,K_83.01.b,4.1,2025-06-30,2026-03-31,official,https://www.eba.europa.eu/risk-and-data-analysis/reporting-frameworks/reporting-framework-41,Pillar 3 financial disclosure templates in the 4.1 package,4.1_layouts.zip,20250519 Annotated Table Layout  FINDISPILLAR3 4.1.xlsx,K_83.01.b
FINDIS,K_83.01.b,4.2,2026-03-31,,official_except_explicit_overrides,https://www.eba.europa.eu/risk-and-data-analysis/reporting-frameworks/reporting-framework-42,All other modules use the completed DPM 2.0 glossary from 03/2026; DORA excluded,4.2_layouts.zip,260106 Annotated templates/PILLAR3/20260106 Annotated Table Layout  PILLAR3 4.2 FINDISPILLAR3 4.2.xlsx,K_83.01.b
FINDIS,K_83.01.c,4.1,2025-06-30,2026-03-31,official,https://www.eba.europa.eu/risk-and-data-analysis/reporting-frameworks/reporting-framework-41,Pillar 3 financial disclosure templates in the 4.1 package,4.1_layouts.zip,20250519 Annotated Table Layout  FINDISPILLAR3 4.1.xlsx,K_83.01.c
FINDIS,K_83.01.c,4.2,2026-03-31,,official_except_explicit_overrides,https://www.eba.europa.eu/risk-and-data-analysis/reporting-frameworks/reporting-framework-42,All other modules use the completed DPM 2.0 glossary from 03/2026; DORA excluded,4.2_layouts.zip,260106 Annotated templates/PILLAR3/20260106 Annotated Table Layout  PILLAR3 4.2 FINDISPILLAR3 4.2.xlsx,K_83.01.c
FINDIS,K_83.01.d,4.1,2025-06-30,2026-03-31,official,https://www.eba.europa.eu/risk-and-data-analysis/reporting-frameworks/reporting-framework-41,Pillar 3 financial disclosure templates in the 4.1 package,4.1_layouts.zip,20250519 Annotated Table Layout  FINDISPILLAR3 4.1.xlsx,K_83.01.d
FINDIS,K_83.01.d,4.2,2026-03-31,,official_except_explicit_overrides,https://www.eba.europa.eu/risk-and-data-analysis/reporting-frameworks/reporting-framework-42,All other modules use the completed DPM 2.0 glossary from 03/2026; DORA excluded,4.2_layouts.zip,260106 Annotated templates/PILLAR3/20260106 Annotated Table Layout  PILLAR3 4.2 FINDISPILLAR3 4.2.xlsx,K_83.01.d
FINDIS,K_83.01.e,4.1,2025-06-30,2026-03-31,official,https://www.eba.europa.eu/risk-and-data-analysis/reporting-frameworks/reporting-framework-41,Pillar 3 financial disclosure templates in the 4.1 package,4.1_layouts.zip,20250519 Annotated Table Layout  FINDISPILLAR3 4.1.xlsx,K_83.01.e
FINDIS,K_83.01.e,4.2,2026-03-31,,official_except_explicit_overrides,https://www.eba.europa.eu/risk-and-data-analysis/reporting-frameworks/reporting-framework-42,All other modules use the completed DPM 2.0 glossary from 03/2026; DORA excluded,4.2_layouts.zip,260106 Annotated templates/PILLAR3/20260106 Annotated Table Layout  PILLAR3 4.2 FINDISPILLAR3 4.2.xlsx,K_83.01.e
FINDIS,K_84.01,4.1,2025-06-30,2026-03-31,official,https://www.eba.europa.eu/risk-and-data-analysis/reporting-frameworks/reporting-framework-41,Pillar 3 financial disclosure templates in the 4.1 package,4.1_layouts.zip,20250519 Annotated Table Layout  FINDISPILLAR3 4.1.xlsx,K_84.01
FINDIS,K_84.01,4.2,2026-03-31,,official_except_explicit_overrides,https://www.eba.europa.eu/risk-and-data-analysis/reporting-frameworks/reporting-framework-42,All other modules use the completed DPM 2.0 glossary from 03/2026; DORA excluded,4.2_layouts.zip,260106 Annotated templates/PILLAR3/20260106 Annotated Table Layout  PILLAR3 4.2 FINDISPILLAR3 4.2.xlsx,K_84.01
FINDIS,K_85.00,4.1,2025-06-30,2026-03-31,official,https://www.eba.europa.eu/risk-and-data-analysis/reporting-frameworks/reporting-framework-41,Pillar 3 financial disclosure templates in the 4.1 package,4.1_layouts.zip,20250519 Annotated Table Layout  FINDISPILLAR3 4.1.xlsx,K_85.00
FINDIS,K_85.00,4.2,2026-03-31,,official_except_explicit_overrides,https://www.eba.europa.eu/risk-and-data-analysis/reporting-frameworks/reporting-framework-42,All other modules use the completed DPM 2.0 glossary from 03/2026; DORA excluded,4.2_layouts.zip,260106 Annotated templates/PILLAR3/20260106 Annotated Table Layout  PILLAR3 4.2 FINDISPILLAR3 4.2.xlsx,K_85.00
FINDIS,K_86.00,4.1,2025-06-30,2026-03-31,official,https://www.eba.europa.eu/risk-and-data-analysis/reporting-frameworks/reporting-framework-41,Pillar 3 financial disclosure templates in the 4.1 package,4.1_layouts.zip,20250519 Annotated Table Layout  FINDISPILLAR3 4.1.xlsx,K_86.00
FINDIS,K_86.00,4.2,2026-03-31,,official_except_explicit_overrides,https://www.eba.europa.eu/risk-and-data-analysis/reporting-frameworks/reporting-framework-42,All other modules use the completed DPM 2.0 glossary from 03/2026; DORA excluded,4.2_layouts.zip,260106 Annotated templates/PILLAR3/20260106 Annotated Table Layout  PILLAR3 4.2 FINDISPILLAR3 4.2.xlsx,K_86.00
FINDIS,K_87.00.a,4.1,2025-06-30,2026-03-31,official,https://www.eba.europa.eu/risk-and-data-analysis/reporting-frameworks/reporting-framework-41,Pillar 3 financial disclosure templates in the 4.1 package,4.1_layouts.zip,20250519 Annotated Table Layout  FINDISPILLAR3 4.1.xlsx,K_87.00.a
FINDIS,K_87.00.a,4.2,2026-03-31,,official_except_explicit_overrides,https://www.eba.europa.eu/risk-and-data-analysis/reporting-frameworks/reporting-framework-42,All other modules use the completed DPM 2.0 glossary from 03/2026; DORA excluded,4.2_layouts.zip,260106 Annotated templates/PILLAR3/20260106 Annotated Table Layout  PILLAR3 4.2 FINDISPILLAR3 4.2.xlsx,K_87.00.a
FINDIS,K_87.00.b,4.1,2025-06-30,2026-03-31,official,https://www.eba.europa.eu/risk-and-data-analysis/reporting-frameworks/reporting-framework-41,Pillar 3 financial disclosure templates in the 4.1 package,4.1_layouts.zip,20250519 Annotated Table Layout  FINDISPILLAR3 4.1.xlsx,K_87.00.b
FINDIS,K_87.00.b,4.2,2026-03-31,,official_except_explicit_overrides,https://www.eba.europa.eu/risk-and-data-analysis/reporting-frameworks/reporting-framework-42,All other modules use the completed DPM 2.0 glossary from 03/2026; DORA excluded,4.2_layouts.zip,260106 Annotated templates/PILLAR3/20260106 Annotated Table Layout  PILLAR3 4.2 FINDISPILLAR3 4.2.xlsx,K_87.00.b
FINREP,F_00.01,2.9.1.1,2019-12-31,2021-06-30,baseline,https://www.eba.europa.eu/risk-and-data-analysis/reporting/reporting-frameworks/reporting-framework-29,Pre-period DPM layout baseline,2.9.1.1_layouts.zip,Annotated Table Layout 291-FINREP 2.9.1.xlsx,F 00.01
FINREP,F_00.01,3.0,2021-06-30,2022-12-31,official,https://www.eba.europa.eu/risk-and-data-analysis/reporting/reporting-frameworks/reporting-framework-30,Reporting framework 3.0 applicable from June 2021; FINREP technical package 3.0,3.0.1_layouts.zip,Annotated Table Layout 300-P1-FINREP 3.0.xlsx,F 00.01
FINREP,F_00.01,3.2,2022-12-31,,official_other_modules,https://www.eba.europa.eu/risk-and-data-analysis/reporting/reporting-frameworks/reporting-framework-32,EBA states all other framework modules without CON/IND/IFRS/GAAP are used from reference date 12/2022; module-specific rules override this default,3.2_layouts.zip,Annotated Table Layout 321-P2-FINREP 3.2.1.xlsx,F 00.01
FINREP,F_01.01,2.9.1.1,2019-12-31,2021-06-30,baseline,https://www.eba.europa.eu/risk-and-data-analysis/reporting/reporting-frameworks/reporting-framework-29,Pre-period DPM layout baseline,2.9.1.1_layouts.zip,Annotated Table Layout 291-FINREP 2.9.1.xlsx,F 01.01
FINREP,F_01.01,3.0,2021-06-30,2022-12-31,official,https://www.eba.europa.eu/risk-and-data-analysis/reporting/reporting-frameworks/reporting-framework-30,Reporting framework 3.0 applicable from June 2021; FINREP technical package 3.0,3.0.1_layouts.zip,Annotated Table Layout 300-P1-FINREP 3.0.xlsx,F 01.01
FINREP,F_01.01,3.2,2022-12-31,,official_other_modules,https://www.eba.europa.eu/risk-and-data-analysis/reporting/reporting-frameworks/reporting-framework-32,EBA states all other framework modules without CON/IND/IFRS/GAAP are used from reference date 12/2022; module-specific rules override this default,3.2_layouts.zip,Annotated Table Layout 321-P2-FINREP 3.2.1.xlsx,F 01.01
FINREP,F_01.02,2.9.1.1,2019-12-31,2021-06-30,baseline,https://www.eba.europa.eu/risk-and-data-analysis/reporting/reporting-frameworks/reporting-framework-29,Pre-period DPM layout baseline,2.9.1.1_layouts.zip,Annotated Table Layout 291-FINREP 2.9.1.xlsx,F 01.02
FINREP,F_01.02,3.0,2021-06-30,2022-12-31,official,https://www.eba.europa.eu/risk-and-data-analysis/reporting/reporting-frameworks/reporting-framework-30,Reporting framework 3.0 applicable from June 2021; FINREP technical package 3.0,3.0.1_layouts.zip,Annotated Table Layout 300-P1-FINREP 3.0.xlsx,F 01.02
FINREP,F_01.02,3.2,2022-12-31,,official_other_modules,https://www.eba.europa.eu/risk-and-data-analysis/reporting/reporting-frameworks/reporting-framework-32,EBA states all other framework modules without CON/IND/IFRS/GAAP are used from reference date 12/2022; module-specific rules override this default,3.2_layouts.zip,Annotated Table Layout 321-P2-FINREP 3.2.1.xlsx,F 01.02
FINREP,F_01.03,2.9.1.1,2019-12-31,2021-06-30,baseline,https://www.eba.europa.eu/risk-and-data-analysis/reporting/reporting-frameworks/reporting-framework-29,Pre-period DPM layout baseline,2.9.1.1_layouts.zip,Annotated Table Layout 291-FINREP 2.9.1.xlsx,F 01.03
FINREP,F_01.03,3.0,2021-06-30,2022-12-31,official,https://www.eba.europa.eu/risk-and-data-analysis/reporting/reporting-frameworks/reporting-framework-30,Reporting framework 3.0 applicable from June 2021; FINREP technical package 3.0,3.0.1_layouts.zip,Annotated Table Layout 300-P1-FINREP 3.0.xlsx,F 01.03
FINREP,F_01.03,3.2,2022-12-31,,official_other_modules,https://www.eba.europa.eu/risk-and-data-analysis/reporting/reporting-frameworks/reporting-framework-32,EBA states all other framework modules without CON/IND/IFRS/GAAP are used from reference date 12/2022; module-specific rules override this default,3.2_layouts.zip,Annotated Table Layout 321-P2-FINREP 3.2.1.xlsx,F 01.03
FINREP,F_02.00,2.9.1.1,2019-12-31,2021-06-30,baseline,https://www.eba.europa.eu/risk-and-data-analysis/reporting/reporting-frameworks/reporting-framework-29,Pre-period DPM layout baseline,2.9.1.1_layouts.zip,Annotated Table Layout 291-FINREP 2.9.1.xlsx,F 02.00
FINREP,F_02.00,3.0,2021-06-30,2022-12-31,official,https://www.eba.europa.eu/risk-and-data-analysis/reporting/reporting-frameworks/reporting-framework-30,Reporting framework 3.0 applicable from June 2021; FINREP technical package 3.0,3.0.1_layouts.zip,Annotated Table Layout 300-P1-FINREP 3.0.xlsx,F 02.00
FINREP,F_02.00,3.2,2022-12-31,,official_other_modules,https://www.eba.europa.eu/risk-and-data-analysis/reporting/reporting-frameworks/reporting-framework-32,EBA states all other framework modules without CON/IND/IFRS/GAAP are used from reference date 12/2022; module-specific rules override this default,3.2_layouts.zip,Annotated Table Layout 321-P2-FINREP 3.2.1.xlsx,F 02.00
FINREP,F_03.00,2.9.1.1,2019-12-31,2021-06-30,baseline,https://www.eba.europa.eu/risk-and-data-analysis/reporting/reporting-frameworks/reporting-framework-29,Pre-period DPM layout baseline,2.9.1.1_layouts.zip,Annotated Table Layout 291-FINREP 2.9.1.xlsx,F 03.00
FINREP,F_03.00,3.0,2021-06-30,2022-12-31,official,https://www.eba.europa.eu/risk-and-data-analysis/reporting/reporting-frameworks/reporting-framework-30,Reporting framework 3.0 applicable from June 2021; FINREP technical package 3.0,3.0.1_layouts.zip,Annotated Table Layout 300-P1-FINREP 3.0.xlsx,F 03.00
FINREP,F_03.00,3.2,2022-12-31,,official_other_modules,https://www.eba.europa.eu/risk-and-data-analysis/reporting/reporting-frameworks/reporting-framework-32,EBA states all other framework modules without CON/IND/IFRS/GAAP are used from reference date 12/2022; module-specific rules override this default,3.2_layouts.zip,Annotated Table Layout 321-P2-FINREP 3.2.1.xlsx,F 03.00
FINREP,F_04.01,2.9.1.1,2019-12-31,2021-06-30,baseline,https://www.eba.europa.eu/risk-and-data-analysis/reporting/reporting-frameworks/reporting-framework-29,Pre-period DPM layout baseline,2.9.1.1_layouts.zip,Annotated Table Layout 291-FINREP 2.9.1.xlsx,F 04.01
FINREP,F_04.01,3.0,2021-06-30,2022-12-31,official,https://www.eba.europa.eu/risk-and-data-analysis/reporting/reporting-frameworks/reporting-framework-30,Reporting framework 3.0 applicable from June 2021; FINREP technical package 3.0,3.0.1_layouts.zip,Annotated Table Layout 300-P1-FINREP 3.0.xlsx,F 04.01
FINREP,F_04.01,3.2,2022-12-31,,official_other_modules,https://www.eba.europa.eu/risk-and-data-analysis/reporting/reporting-frameworks/reporting-framework-32,EBA states all other framework modules without CON/IND/IFRS/GAAP are used from reference date 12/2022; module-specific rules override this default,3.2_layouts.zip,Annotated Table Layout 321-P2-FINREP 3.2.1.xlsx,F 04.01
FINREP,F_04.02.1,2.9.1.1,2019-12-31,2021-06-30,baseline,https://www.eba.europa.eu/risk-and-data-analysis/reporting/reporting-frameworks/reporting-framework-29,Pre-period DPM layout baseline,2.9.1.1_layouts.zip,Annotated Table Layout 291-FINREP 2.9.1.xlsx,F 04.02.1
FINREP,F_04.02.1,3.0,2021-06-30,2022-12-31,official,https://www.eba.europa.eu/risk-and-data-analysis/reporting/reporting-frameworks/reporting-framework-30,Reporting framework 3.0 applicable from June 2021; FINREP technical package 3.0,3.0.1_layouts.zip,Annotated Table Layout 300-P1-FINREP 3.0.xlsx,F 04.02.1
FINREP,F_04.02.1,3.2,2022-12-31,,official_other_modules,https://www.eba.europa.eu/risk-and-data-analysis/reporting/reporting-frameworks/reporting-framework-32,EBA states all other framework modules without CON/IND/IFRS/GAAP are used from reference date 12/2022; module-specific rules override this default,3.2_layouts.zip,Annotated Table Layout 321-P2-FINREP 3.2.1.xlsx,F 04.02.1
FINREP,F_04.02.2,2.9.1.1,2019-12-31,2021-06-30,baseline,https://www.eba.europa.eu/risk-and-data-analysis/reporting/reporting-frameworks/reporting-framework-29,Pre-period DPM layout baseline,2.9.1.1_layouts.zip,Annotated Table Layout 291-FINREP 2.9.1.xlsx,F 04.02.2
FINREP,F_04.02.2,3.0,2021-06-30,2022-12-31,official,https://www.eba.europa.eu/risk-and-data-analysis/reporting/reporting-frameworks/reporting-framework-30,Reporting framework 3.0 applicable from June 2021; FINREP technical package 3.0,3.0.1_layouts.zip,Annotated Table Layout 300-P1-FINREP 3.0.xlsx,F 04.02.2
FINREP,F_04.02.2,3.2,2022-12-31,,official_other_modules,https://www.eba.europa.eu/risk-and-data-analysis/reporting/reporting-frameworks/reporting-framework-32,EBA states all other framework modules without CON/IND/IFRS/GAAP are used from reference date 12/2022; module-specific rules override this default,3.2_layouts.zip,Annotated Table Layout 321-P2-FINREP 3.2.1.xlsx,F 04.02.2
FINREP,F_04.03.1,2.9.1.1,2019-12-31,2021-06-30,baseline,https://www.eba.europa.eu/risk-and-data-analysis/reporting/reporting-frameworks/reporting-framework-29,Pre-period DPM layout baseline,2.9.1.1_layouts.zip,Annotated Table Layout 291-FINREP 2.9.1.xlsx,F 04.03.1
FINREP,F_04.03.1,3.0,2021-06-30,2022-12-31,official,https://www.eba.europa.eu/risk-and-data-analysis/reporting/reporting-frameworks/reporting-framework-30,Reporting framework 3.0 applicable from June 2021; FINREP technical package 3.0,3.0.1_layouts.zip,Annotated Table Layout 300-P1-FINREP 3.0.xlsx,F 04.03.1
FINREP,F_04.03.1,3.2,2022-12-31,,official_other_modules,https://www.eba.europa.eu/risk-and-data-analysis/reporting/reporting-frameworks/reporting-framework-32,EBA states all other framework modules without CON/IND/IFRS/GAAP are used from reference date 12/2022; module-specific rules override this default,3.2_layouts.zip,Annotated Table Layout 321-P2-FINREP 3.2.1.xlsx,F 04.03.1
FINREP,F_04.04.1,2.9.1.1,2019-12-31,2021-06-30,baseline,https://www.eba.europa.eu/risk-and-data-analysis/reporting/reporting-frameworks/reporting-framework-29,Pre-period DPM layout baseline,2.9.1.1_layouts.zip,Annotated Table Layout 291-FINREP 2.9.1.xlsx,F 04.04.1
FINREP,F_04.04.1,3.0,2021-06-30,2022-12-31,official,https://www.eba.europa.eu/risk-and-data-analysis/reporting/reporting-frameworks/reporting-framework-30,Reporting framework 3.0 applicable from June 2021; FINREP technical package 3.0,3.0.1_layouts.zip,Annotated Table Layout 300-P1-FINREP 3.0.xlsx,F 04.04.1
FINREP,F_04.04.1,3.2,2022-12-31,,official_other_modules,https://www.eba.europa.eu/risk-and-data-analysis/reporting/reporting-frameworks/reporting-framework-32,EBA states all other framework modules without CON/IND/IFRS/GAAP are used from reference date 12/2022; module-specific rules override this default,3.2_layouts.zip,Annotated Table Layout 321-P2-FINREP 3.2.1.xlsx,F 04.04.1
FINREP,F_04.05,2.9.1.1,2019-12-31,2021-06-30,baseline,https://www.eba.europa.eu/risk-and-data-analysis/reporting/reporting-frameworks/reporting-framework-29,Pre-period DPM layout baseline,2.9.1.1_layouts.zip,Annotated Table Layout 291-FINREP 2.9.1.xlsx,F 04.05
FINREP,F_04.05,3.0,2021-06-30,2022-12-31,official,https://www.eba.europa.eu/risk-and-data-analysis/reporting/reporting-frameworks/reporting-framework-30,Reporting framework 3.0 applicable from June 2021; FINREP technical package 3.0,3.0.1_layouts.zip,Annotated Table Layout 300-P1-FINREP 3.0.xlsx,F 04.05
FINREP,F_04.05,3.2,2022-12-31,,official_other_modules,https://www.eba.europa.eu/risk-and-data-analysis/reporting/reporting-frameworks/reporting-framework-32,EBA states all other framework modules without CON/IND/IFRS/GAAP are used from reference date 12/2022; module-specific rules override this default,3.2_layouts.zip,Annotated Table Layout 321-P2-FINREP 3.2.1.xlsx,F 04.05
FINREP,F_04.06,2.9.1.1,2019-12-31,2021-06-30,baseline,https://www.eba.europa.eu/risk-and-data-analysis/reporting/reporting-frameworks/reporting-framework-29,Pre-period DPM layout baseline,2.9.1.1_layouts.zip,Annotated Table Layout 291-FINREP 2.9.1.xlsx,F 04.06
FINREP,F_04.06,3.0,2021-06-30,2022-12-31,official,https://www.eba.europa.eu/risk-and-data-analysis/reporting/reporting-frameworks/reporting-framework-30,Reporting framework 3.0 applicable from June 2021; FINREP technical package 3.0,3.0.1_layouts.zip,Annotated Table Layout 300-P1-FINREP 3.0.xlsx,F 04.06
FINREP,F_04.06,3.2,2022-12-31,,official_other_modules,https://www.eba.europa.eu/risk-and-data-analysis/reporting/reporting-frameworks/reporting-framework-32,EBA states all other framework modules without CON/IND/IFRS/GAAP are used from reference date 12/2022; module-specific rules override this default,3.2_layouts.zip,Annotated Table Layout 321-P2-FINREP 3.2.1.xlsx,F 04.06
FINREP,F_04.07,2.9.1.1,2019-12-31,2021-06-30,baseline,https://www.eba.europa.eu/risk-and-data-analysis/reporting/reporting-frameworks/reporting-framework-29,Pre-period DPM layout baseline,2.9.1.1_layouts.zip,Annotated Table Layout 291-FINREP 2.9.1.xlsx,F 04.07
FINREP,F_04.07,3.0,2021-06-30,2022-12-31,official,https://www.eba.europa.eu/risk-and-data-analysis/reporting/reporting-frameworks/reporting-framework-30,Reporting framework 3.0 applicable from June 2021; FINREP technical package 3.0,3.0.1_layouts.zip,Annotated Table Layout 300-P1-FINREP 3.0.xlsx,F 04.07
FINREP,F_04.07,3.2,2022-12-31,,official_other_modules,https://www.eba.europa.eu/risk-and-data-analysis/reporting/reporting-frameworks/reporting-framework-32,EBA states all other framework modules without CON/IND/IFRS/GAAP are used from reference date 12/2022; module-specific rules override this default,3.2_layouts.zip,Annotated Table Layout 321-P2-FINREP 3.2.1.xlsx,F 04.07
FINREP,F_04.08,2.9.1.1,2019-12-31,2021-06-30,baseline,https://www.eba.europa.eu/risk-and-data-analysis/reporting/reporting-frameworks/reporting-framework-29,Pre-period DPM layout baseline,2.9.1.1_layouts.zip,Annotated Table Layout 291-FINREP 2.9.1.xlsx,F 04.08
FINREP,F_04.08,3.0,2021-06-30,2022-12-31,official,https://www.eba.europa.eu/risk-and-data-analysis/reporting/reporting-frameworks/reporting-framework-30,Reporting framework 3.0 applicable from June 2021; FINREP technical package 3.0,3.0.1_layouts.zip,Annotated Table Layout 300-P1-FINREP 3.0.xlsx,F 04.08
FINREP,F_04.08,3.2,2022-12-31,,official_other_modules,https://www.eba.europa.eu/risk-and-data-analysis/reporting/reporting-frameworks/reporting-framework-32,EBA states all other framework modules without CON/IND/IFRS/GAAP are used from reference date 12/2022; module-specific rules override this default,3.2_layouts.zip,Annotated Table Layout 321-P2-FINREP 3.2.1.xlsx,F 04.08
FINREP,F_04.09,2.9.1.1,2019-12-31,2021-06-30,baseline,https://www.eba.europa.eu/risk-and-data-analysis/reporting/reporting-frameworks/reporting-framework-29,Pre-period DPM layout baseline,2.9.1.1_layouts.zip,Annotated Table Layout 291-FINREP 2.9.1.xlsx,F 04.09
FINREP,F_04.09,3.0,2021-06-30,2022-12-31,official,https://www.eba.europa.eu/risk-and-data-analysis/reporting/reporting-frameworks/reporting-framework-30,Reporting framework 3.0 applicable from June 2021; FINREP technical package 3.0,3.0.1_layouts.zip,Annotated Table Layout 300-P1-FINREP 3.0.xlsx,F 04.09
FINREP,F_04.09,3.2,2022-12-31,,official_other_modules,https://www.eba.europa.eu/risk-and-data-analysis/reporting/reporting-frameworks/reporting-framework-32,EBA states all other framework modules without CON/IND/IFRS/GAAP are used from reference date 12/2022; module-specific rules override this default,3.2_layouts.zip,Annotated Table Layout 321-P2-FINREP 3.2.1.xlsx,F 04.09
FINREP,F_04.10,2.9.1.1,2019-12-31,2021-06-30,baseline,https://www.eba.europa.eu/risk-and-data-analysis/reporting/reporting-frameworks/reporting-framework-29,Pre-period DPM layout baseline,2.9.1.1_layouts.zip,Annotated Table Layout 291-FINREP 2.9.1.xlsx,F 04.10
FINREP,F_04.10,3.0,2021-06-30,2022-12-31,official,https://www.eba.europa.eu/risk-and-data-analysis/reporting/reporting-frameworks/reporting-framework-30,Reporting framework 3.0 applicable from June 2021; FINREP technical package 3.0,3.0.1_layouts.zip,Annotated Table Layout 300-P1-FINREP 3.0.xlsx,F 04.10
FINREP,F_04.10,3.2,2022-12-31,,official_other_modules,https://www.eba.europa.eu/risk-and-data-analysis/reporting/reporting-frameworks/reporting-framework-32,EBA states all other framework modules without CON/IND/IFRS/GAAP are used from reference date 12/2022; module-specific rules override this default,3.2_layouts.zip,Annotated Table Layout 321-P2-FINREP 3.2.1.xlsx,F 04.10
FINREP,F_05.01,2.9.1.1,2019-12-31,2021-06-30,baseline,https://www.eba.europa.eu/risk-and-data-analysis/reporting/reporting-frameworks/reporting-framework-29,Pre-period DPM layout baseline,2.9.1.1_layouts.zip,Annotated Table Layout 291-FINREP 2.9.1.xlsx,F 05.01
FINREP,F_05.01,3.0,2021-06-30,2022-12-31,official,https://www.eba.europa.eu/risk-and-data-analysis/reporting/reporting-frameworks/reporting-framework-30,Reporting framework 3.0 applicable from June 2021; FINREP technical package 3.0,3.0.1_layouts.zip,Annotated Table Layout 300-P1-FINREP 3.0.xlsx,F 05.01
FINREP,F_05.01,3.2,2022-12-31,,official_other_modules,https://www.eba.europa.eu/risk-and-data-analysis/reporting/reporting-frameworks/reporting-framework-32,EBA states all other framework modules without CON/IND/IFRS/GAAP are used from reference date 12/2022; module-specific rules override this default,3.2_layouts.zip,Annotated Table Layout 321-P2-FINREP 3.2.1.xlsx,F 05.01
FINREP,F_06.01,2.9.1.1,2019-12-31,2021-06-30,baseline,https://www.eba.europa.eu/risk-and-data-analysis/reporting/reporting-frameworks/reporting-framework-29,Pre-period DPM layout baseline,2.9.1.1_layouts.zip,Annotated Table Layout 291-FINREP 2.9.1.xlsx,F 06.01
FINREP,F_06.01,3.0,2021-06-30,2022-12-31,official,https://www.eba.europa.eu/risk-and-data-analysis/reporting/reporting-frameworks/reporting-framework-30,Reporting framework 3.0 applicable from June 2021; FINREP technical package 3.0,3.0.1_layouts.zip,Annotated Table Layout 300-P1-FINREP 3.0.xlsx,F 06.01
FINREP,F_06.01,3.2,2022-12-31,,official_other_modules,https://www.eba.europa.eu/risk-and-data-analysis/reporting/reporting-frameworks/reporting-framework-32,EBA states all other framework modules without CON/IND/IFRS/GAAP are used from reference date 12/2022; module-specific rules override this default,3.2_layouts.zip,Annotated Table Layout 321-P2-FINREP 3.2.1.xlsx,F 06.01
FINREP,F_07.01,2.9.1.1,2019-12-31,2021-06-30,baseline,https://www.eba.europa.eu/risk-and-data-analysis/reporting/reporting-frameworks/reporting-framework-29,Pre-period DPM layout baseline,2.9.1.1_layouts.zip,Annotated Table Layout 291-FINREP 2.9.1.xlsx,F 07.01
FINREP,F_07.01,3.0,2021-06-30,2022-12-31,official,https://www.eba.europa.eu/risk-and-data-analysis/reporting/reporting-frameworks/reporting-framework-30,Reporting framework 3.0 applicable from June 2021; FINREP technical package 3.0,3.0.1_layouts.zip,Annotated Table Layout 300-P1-FINREP 3.0.xlsx,F 07.01
FINREP,F_07.01,3.2,2022-12-31,,official_other_modules,https://www.eba.europa.eu/risk-and-data-analysis/reporting/reporting-frameworks/reporting-framework-32,EBA states all other framework modules without CON/IND/IFRS/GAAP are used from reference date 12/2022; module-specific rules override this default,3.2_layouts.zip,Annotated Table Layout 321-P2-FINREP 3.2.1.xlsx,F 07.01
FINREP,F_07.02,2.9.1.1,2019-12-31,2021-06-30,baseline,https://www.eba.europa.eu/risk-and-data-analysis/reporting/reporting-frameworks/reporting-framework-29,Pre-period DPM layout baseline,2.9.1.1_layouts.zip,Annotated Table Layout 291-FINREP 2.9.1.xlsx,F 07.02
FINREP,F_07.02,3.0,2021-06-30,2022-12-31,official,https://www.eba.europa.eu/risk-and-data-analysis/reporting/reporting-frameworks/reporting-framework-30,Reporting framework 3.0 applicable from June 2021; FINREP technical package 3.0,3.0.1_layouts.zip,Annotated Table Layout 300-P1-FINREP 3.0.xlsx,F 07.02
FINREP,F_07.02,3.2,2022-12-31,,official_other_modules,https://www.eba.europa.eu/risk-and-data-analysis/reporting/reporting-frameworks/reporting-framework-32,EBA states all other framework modules without CON/IND/IFRS/GAAP are used from reference date 12/2022; module-specific rules override this default,3.2_layouts.zip,Annotated Table Layout 321-P2-FINREP 3.2.1.xlsx,F 07.02
FINREP,F_08.01.a,2.9.1.1,2019-12-31,2021-06-30,baseline,https://www.eba.europa.eu/risk-and-data-analysis/reporting/reporting-frameworks/reporting-framework-29,Pre-period DPM layout baseline,2.9.1.1_layouts.zip,Annotated Table Layout 291-FINREP 2.9.1.xlsx,F 08.01.a
FINREP,F_08.01.a,3.0,2021-06-30,2022-12-31,official,https://www.eba.europa.eu/risk-and-data-analysis/reporting/reporting-frameworks/reporting-framework-30,Reporting framework 3.0 applicable from June 2021; FINREP technical package 3.0,3.0.1_layouts.zip,Annotated Table Layout 300-P1-FINREP 3.0.xlsx,F 08.01.a
FINREP,F_08.01.a,3.2,2022-12-31,,official_other_modules,https://www.eba.europa.eu/risk-and-data-analysis/reporting/reporting-frameworks/reporting-framework-32,EBA states all other framework modules without CON/IND/IFRS/GAAP are used from reference date 12/2022; module-specific rules override this default,3.2_layouts.zip,Annotated Table Layout 321-P2-FINREP 3.2.1.xlsx,F 08.01.a
FINREP,F_08.01.b,2.9.1.1,2019-12-31,2021-06-30,baseline,https://www.eba.europa.eu/risk-and-data-analysis/reporting/reporting-frameworks/reporting-framework-29,Pre-period DPM layout baseline,2.9.1.1_layouts.zip,Annotated Table Layout 291-FINREP 2.9.1.xlsx,F 08.01.b
FINREP,F_08.01.b,3.0,2021-06-30,2022-12-31,official,https://www.eba.europa.eu/risk-and-data-analysis/reporting/reporting-frameworks/reporting-framework-30,Reporting framework 3.0 applicable from June 2021; FINREP technical package 3.0,3.0.1_layouts.zip,Annotated Table Layout 300-P1-FINREP 3.0.xlsx,F 08.01.b
FINREP,F_08.01.b,3.2,2022-12-31,,official_other_modules,https://www.eba.europa.eu/risk-and-data-analysis/reporting/reporting-frameworks/reporting-framework-32,EBA states all other framework modules without CON/IND/IFRS/GAAP are used from reference date 12/2022; module-specific rules override this default,3.2_layouts.zip,Annotated Table Layout 321-P2-FINREP 3.2.1.xlsx,F 08.01.b
FINREP,F_08.02,2.9.1.1,2019-12-31,2021-06-30,baseline,https://www.eba.europa.eu/risk-and-data-analysis/reporting/reporting-frameworks/reporting-framework-29,Pre-period DPM layout baseline,2.9.1.1_layouts.zip,Annotated Table Layout 291-FINREP 2.9.1.xlsx,F 08.02
FINREP,F_08.02,3.0,2021-06-30,2022-12-31,official,https://www.eba.europa.eu/risk-and-data-analysis/reporting/reporting-frameworks/reporting-framework-30,Reporting framework 3.0 applicable from June 2021; FINREP technical package 3.0,3.0.1_layouts.zip,Annotated Table Layout 300-P1-FINREP 3.0.xlsx,F 08.02
FINREP,F_08.02,3.2,2022-12-31,,official_other_modules,https://www.eba.europa.eu/risk-and-data-analysis/reporting/reporting-frameworks/reporting-framework-32,EBA states all other framework modules without CON/IND/IFRS/GAAP are used from reference date 12/2022; module-specific rules override this default,3.2_layouts.zip,Annotated Table Layout 321-P2-FINREP 3.2.1.xlsx,F 08.02
FINREP,F_09.01,2.9.1.1,2019-12-31,2021-06-30,baseline,https://www.eba.europa.eu/risk-and-data-analysis/reporting/reporting-frameworks/reporting-framework-29,Pre-period DPM layout baseline,2.9.1.1_layouts.zip,Annotated Table Layout 291-FINREP 2.9.1.xlsx,F 09.01
FINREP,F_09.01,3.0,2021-06-30,2022-12-31,official,https://www.eba.europa.eu/risk-and-data-analysis/reporting/reporting-frameworks/reporting-framework-30,Reporting framework 3.0 applicable from June 2021; FINREP technical package 3.0,3.0.1_layouts.zip,Annotated Table Layout 300-P1-FINREP 3.0.xlsx,F 09.01
FINREP,F_09.01,3.2,2022-12-31,,official_other_modules,https://www.eba.europa.eu/risk-and-data-analysis/reporting/reporting-frameworks/reporting-framework-32,EBA states all other framework modules without CON/IND/IFRS/GAAP are used from reference date 12/2022; module-specific rules override this default,3.2_layouts.zip,Annotated Table Layout 321-P2-FINREP 3.2.1.xlsx,F 09.01
FINREP,F_09.01.1,2.9.1.1,2019-12-31,2021-06-30,baseline,https://www.eba.europa.eu/risk-and-data-analysis/reporting/reporting-frameworks/reporting-framework-29,Pre-period DPM layout baseline,2.9.1.1_layouts.zip,Annotated Table Layout 291-FINREP 2.9.1.xlsx,F 09.01.1
FINREP,F_09.01.1,3.0,2021-06-30,2022-12-31,official,https://www.eba.europa.eu/risk-and-data-analysis/reporting/reporting-frameworks/reporting-framework-30,Reporting framework 3.0 applicable from June 2021; FINREP technical package 3.0,3.0.1_layouts.zip,Annotated Table Layout 300-P1-FINREP 3.0.xlsx,F 09.01.1
FINREP,F_09.01.1,3.2,2022-12-31,,official_other_modules,https://www.eba.europa.eu/risk-and-data-analysis/reporting/reporting-frameworks/reporting-framework-32,EBA states all other framework modules without CON/IND/IFRS/GAAP are used from reference date 12/2022; module-specific rules override this default,3.2_layouts.zip,Annotated Table Layout 321-P2-FINREP 3.2.1.xlsx,F 09.01.1
FINREP,F_09.02,2.9.1.1,2019-12-31,2021-06-30,baseline,https://www.eba.europa.eu/risk-and-data-analysis/reporting/reporting-frameworks/reporting-framework-29,Pre-period DPM layout baseline,2.9.1.1_layouts.zip,Annotated Table Layout 291-FINREP 2.9.1.xlsx,F 09.02
FINREP,F_09.02,3.0,2021-06-30,2022-12-31,official,https://www.eba.europa.eu/risk-and-data-analysis/reporting/reporting-frameworks/reporting-framework-30,Reporting framework 3.0 applicable from June 2021; FINREP technical package 3.0,3.0.1_layouts.zip,Annotated Table Layout 300-P1-FINREP 3.0.xlsx,F 09.02
FINREP,F_09.02,3.2,2022-12-31,,official_other_modules,https://www.eba.europa.eu/risk-and-data-analysis/reporting/reporting-frameworks/reporting-framework-32,EBA states all other framework modules without CON/IND/IFRS/GAAP are used from reference date 12/2022; module-specific rules override this default,3.2_layouts.zip,Annotated Table Layout 321-P2-FINREP 3.2.1.xlsx,F 09.02
FINREP,F_10.00,2.9.1.1,2019-12-31,2021-06-30,baseline,https://www.eba.europa.eu/risk-and-data-analysis/reporting/reporting-frameworks/reporting-framework-29,Pre-period DPM layout baseline,2.9.1.1_layouts.zip,Annotated Table Layout 291-FINREP 2.9.1.xlsx,F 10.00
FINREP,F_10.00,3.0,2021-06-30,2022-12-31,official,https://www.eba.europa.eu/risk-and-data-analysis/reporting/reporting-frameworks/reporting-framework-30,Reporting framework 3.0 applicable from June 2021; FINREP technical package 3.0,3.0.1_layouts.zip,Annotated Table Layout 300-P1-FINREP 3.0.xlsx,F 10.00
FINREP,F_10.00,3.2,2022-12-31,,official_other_modules,https://www.eba.europa.eu/risk-and-data-analysis/reporting/reporting-frameworks/reporting-framework-32,EBA states all other framework modules without CON/IND/IFRS/GAAP are used from reference date 12/2022; module-specific rules override this default,3.2_layouts.zip,Annotated Table Layout 321-P2-FINREP 3.2.1.xlsx,F 10.00
FINREP,F_11.01,2.9.1.1,2019-12-31,2021-06-30,baseline,https://www.eba.europa.eu/risk-and-data-analysis/reporting/reporting-frameworks/reporting-framework-29,Pre-period DPM layout baseline,2.9.1.1_layouts.zip,Annotated Table Layout 291-FINREP 2.9.1.xlsx,F 11.01
FINREP,F_11.01,3.0,2021-06-30,2022-12-31,official,https://www.eba.europa.eu/risk-and-data-analysis/reporting/reporting-frameworks/reporting-framework-30,Reporting framework 3.0 applicable from June 2021; FINREP technical package 3.0,3.0.1_layouts.zip,Annotated Table Layout 300-P1-FINREP 3.0.xlsx,F 11.01
FINREP,F_11.01,3.2,2022-12-31,,official_other_modules,https://www.eba.europa.eu/risk-and-data-analysis/reporting/reporting-frameworks/reporting-framework-32,EBA states all other framework modules without CON/IND/IFRS/GAAP are used from reference date 12/2022; module-specific rules override this default,3.2_layouts.zip,Annotated Table Layout 321-P2-FINREP 3.2.1.xlsx,F 11.01
FINREP,F_11.02,2.9.1.1,2019-12-31,2021-06-30,baseline,https://www.eba.europa.eu/risk-and-data-analysis/reporting/reporting-frameworks/reporting-framework-29,Pre-period DPM layout baseline,2.9.1.1_layouts.zip,Annotated Table Layout 291-FINREP 2.9.1.xlsx,F 11.02
FINREP,F_11.02,3.0,2021-06-30,2022-12-31,official,https://www.eba.europa.eu/risk-and-data-analysis/reporting/reporting-frameworks/reporting-framework-30,Reporting framework 3.0 applicable from June 2021; FINREP technical package 3.0,3.0.1_layouts.zip,Annotated Table Layout 300-P1-FINREP 3.0.xlsx,F 11.02
FINREP,F_11.02,3.2,2022-12-31,,official_other_modules,https://www.eba.europa.eu/risk-and-data-analysis/reporting/reporting-frameworks/reporting-framework-32,EBA states all other framework modules without CON/IND/IFRS/GAAP are used from reference date 12/2022; module-specific rules override this default,3.2_layouts.zip,Annotated Table Layout 321-P2-FINREP 3.2.1.xlsx,F 11.02
FINREP,F_11.03,2.9.1.1,2019-12-31,2021-06-30,baseline,https://www.eba.europa.eu/risk-and-data-analysis/reporting/reporting-frameworks/reporting-framework-29,Pre-period DPM layout baseline,2.9.1.1_layouts.zip,Annotated Table Layout 291-FINREP 2.9.1.xlsx,F 11.03
FINREP,F_11.03,3.0,2021-06-30,2022-12-31,official,https://www.eba.europa.eu/risk-and-data-analysis/reporting/reporting-frameworks/reporting-framework-30,Reporting framework 3.0 applicable from June 2021; FINREP technical package 3.0,3.0.1_layouts.zip,Annotated Table Layout 300-P1-FINREP 3.0.xlsx,F 11.03
FINREP,F_11.03,3.2,2022-12-31,,official_other_modules,https://www.eba.europa.eu/risk-and-data-analysis/reporting/reporting-frameworks/reporting-framework-32,EBA states all other framework modules without CON/IND/IFRS/GAAP are used from reference date 12/2022; module-specific rules override this default,3.2_layouts.zip,Annotated Table Layout 321-P2-FINREP 3.2.1.xlsx,F 11.03
FINREP,F_11.03.1,2.9.1.1,2019-12-31,2021-06-30,baseline,https://www.eba.europa.eu/risk-and-data-analysis/reporting/reporting-frameworks/reporting-framework-29,Pre-period DPM layout baseline,2.9.1.1_layouts.zip,Annotated Table Layout 291-FINREP 2.9.1.xlsx,F 11.03.1
FINREP,F_11.03.1,3.0,2021-06-30,2022-12-31,official,https://www.eba.europa.eu/risk-and-data-analysis/reporting/reporting-frameworks/reporting-framework-30,Reporting framework 3.0 applicable from June 2021; FINREP technical package 3.0,3.0.1_layouts.zip,Annotated Table Layout 300-P1-FINREP 3.0.xlsx,F 11.03.1
FINREP,F_11.03.1,3.2,2022-12-31,,official_other_modules,https://www.eba.europa.eu/risk-and-data-analysis/reporting/reporting-frameworks/reporting-framework-32,EBA states all other framework modules without CON/IND/IFRS/GAAP are used from reference date 12/2022; module-specific rules override this default,3.2_layouts.zip,Annotated Table Layout 321-P2-FINREP 3.2.1.xlsx,F 11.03.1
FINREP,F_11.04,2.9.1.1,2019-12-31,2021-06-30,baseline,https://www.eba.europa.eu/risk-and-data-analysis/reporting/reporting-frameworks/reporting-framework-29,Pre-period DPM layout baseline,2.9.1.1_layouts.zip,Annotated Table Layout 291-FINREP 2.9.1.xlsx,F 11.04
FINREP,F_11.04,3.0,2021-06-30,2022-12-31,official,https://www.eba.europa.eu/risk-and-data-analysis/reporting/reporting-frameworks/reporting-framework-30,Reporting framework 3.0 applicable from June 2021; FINREP technical package 3.0,3.0.1_layouts.zip,Annotated Table Layout 300-P1-FINREP 3.0.xlsx,F 11.04
FINREP,F_11.04,3.2,2022-12-31,,official_other_modules,https://www.eba.europa.eu/risk-and-data-analysis/reporting/reporting-frameworks/reporting-framework-32,EBA states all other framework modules without CON/IND/IFRS/GAAP are used from reference date 12/2022; module-specific rules override this default,3.2_layouts.zip,Annotated Table Layout 321-P2-FINREP 3.2.1.xlsx,F 11.04
FINREP,F_12.00,2.9.1.1,2019-12-31,2021-06-30,baseline,https://www.eba.europa.eu/risk-and-data-analysis/reporting/reporting-frameworks/reporting-framework-29,Pre-period DPM layout baseline,2.9.1.1_layouts.zip,Annotated Table Layout 291-FINREP 2.9.1.xlsx,F 12.00
FINREP,F_12.00,3.0,2021-06-30,2022-12-31,official,https://www.eba.europa.eu/risk-and-data-analysis/reporting/reporting-frameworks/reporting-framework-30,Reporting framework 3.0 applicable from June 2021; FINREP technical package 3.0,3.0.1_layouts.zip,Annotated Table Layout 300-P1-FINREP 3.0.xlsx,F 12.00
FINREP,F_12.00,3.2,2022-12-31,,official_other_modules,https://www.eba.europa.eu/risk-and-data-analysis/reporting/reporting-frameworks/reporting-framework-32,EBA states all other framework modules without CON/IND/IFRS/GAAP are used from reference date 12/2022; module-specific rules override this default,3.2_layouts.zip,Annotated Table Layout 321-P2-FINREP 3.2.1.xlsx,F 12.00
FINREP,F_12.01.a,2.9.1.1,2019-12-31,2021-06-30,baseline,https://www.eba.europa.eu/risk-and-data-analysis/reporting/reporting-frameworks/reporting-framework-29,Pre-period DPM layout baseline,2.9.1.1_layouts.zip,Annotated Table Layout 291-FINREP 2.9.1.xlsx,F 12.01.a
FINREP,F_12.01.a,3.0,2021-06-30,2022-12-31,official,https://www.eba.europa.eu/risk-and-data-analysis/reporting/reporting-frameworks/reporting-framework-30,Reporting framework 3.0 applicable from June 2021; FINREP technical package 3.0,3.0.1_layouts.zip,Annotated Table Layout 300-P1-FINREP 3.0.xlsx,F 12.01.a
FINREP,F_12.01.a,3.2,2022-12-31,,official_other_modules,https://www.eba.europa.eu/risk-and-data-analysis/reporting/reporting-frameworks/reporting-framework-32,EBA states all other framework modules without CON/IND/IFRS/GAAP are used from reference date 12/2022; module-specific rules override this default,3.2_layouts.zip,Annotated Table Layout 321-P2-FINREP 3.2.1.xlsx,F 12.01.a
FINREP,F_12.01.b,2.9.1.1,2019-12-31,2021-06-30,baseline,https://www.eba.europa.eu/risk-and-data-analysis/reporting/reporting-frameworks/reporting-framework-29,Pre-period DPM layout baseline,2.9.1.1_layouts.zip,Annotated Table Layout 291-FINREP 2.9.1.xlsx,F 12.01.b
FINREP,F_12.01.b,3.0,2021-06-30,2022-12-31,official,https://www.eba.europa.eu/risk-and-data-analysis/reporting/reporting-frameworks/reporting-framework-30,Reporting framework 3.0 applicable from June 2021; FINREP technical package 3.0,3.0.1_layouts.zip,Annotated Table Layout 300-P1-FINREP 3.0.xlsx,F 12.01.b
FINREP,F_12.01.b,3.2,2022-12-31,,official_other_modules,https://www.eba.europa.eu/risk-and-data-analysis/reporting/reporting-frameworks/reporting-framework-32,EBA states all other framework modules without CON/IND/IFRS/GAAP are used from reference date 12/2022; module-specific rules override this default,3.2_layouts.zip,Annotated Table Layout 321-P2-FINREP 3.2.1.xlsx,F 12.01.b
FINREP,F_12.02,2.9.1.1,2019-12-31,2021-06-30,baseline,https://www.eba.europa.eu/risk-and-data-analysis/reporting/reporting-frameworks/reporting-framework-29,Pre-period DPM layout baseline,2.9.1.1_layouts.zip,Annotated Table Layout 291-FINREP 2.9.1.xlsx,F 12.02
FINREP,F_12.02,3.0,2021-06-30,2022-12-31,official,https://www.eba.europa.eu/risk-and-data-analysis/reporting/reporting-frameworks/reporting-framework-30,Reporting framework 3.0 applicable from June 2021; FINREP technical package 3.0,3.0.1_layouts.zip,Annotated Table Layout 300-P1-FINREP 3.0.xlsx,F 12.02
FINREP,F_12.02,3.2,2022-12-31,,official_other_modules,https://www.eba.europa.eu/risk-and-data-analysis/reporting/reporting-frameworks/reporting-framework-32,EBA states all other framework modules without CON/IND/IFRS/GAAP are used from reference date 12/2022; module-specific rules override this default,3.2_layouts.zip,Annotated Table Layout 321-P2-FINREP 3.2.1.xlsx,F 12.02
FINREP,F_13.01,2.9.1.1,2019-12-31,2021-06-30,baseline,https://www.eba.europa.eu/risk-and-data-analysis/reporting/reporting-frameworks/reporting-framework-29,Pre-period DPM layout baseline,2.9.1.1_layouts.zip,Annotated Table Layout 291-FINREP 2.9.1.xlsx,F 13.01
FINREP,F_13.01,3.0,2021-06-30,2022-12-31,official,https://www.eba.europa.eu/risk-and-data-analysis/reporting/reporting-frameworks/reporting-framework-30,Reporting framework 3.0 applicable from June 2021; FINREP technical package 3.0,3.0.1_layouts.zip,Annotated Table Layout 300-P1-FINREP 3.0.xlsx,F 13.01
FINREP,F_13.01,3.2,2022-12-31,,official_other_modules,https://www.eba.europa.eu/risk-and-data-analysis/reporting/reporting-frameworks/reporting-framework-32,EBA states all other framework modules without CON/IND/IFRS/GAAP are used from reference date 12/2022; module-specific rules override this default,3.2_layouts.zip,Annotated Table Layout 321-P2-FINREP 3.2.1.xlsx,F 13.01
FINREP,F_13.02.1.a,2.9.1.1,2019-12-31,2021-06-30,baseline,https://www.eba.europa.eu/risk-and-data-analysis/reporting/reporting-frameworks/reporting-framework-29,Pre-period DPM layout baseline,2.9.1.1_layouts.zip,Annotated Table Layout 291-FINREP 2.9.1.xlsx,F 13.02.1.a
FINREP,F_13.02.1.a,3.0,2021-06-30,2022-12-31,official,https://www.eba.europa.eu/risk-and-data-analysis/reporting/reporting-frameworks/reporting-framework-30,Reporting framework 3.0 applicable from June 2021; FINREP technical package 3.0,3.0.1_layouts.zip,Annotated Table Layout 300-P1-FINREP 3.0.xlsx,F 13.02.1.a
FINREP,F_13.02.1.a,3.2,2022-12-31,,official_other_modules,https://www.eba.europa.eu/risk-and-data-analysis/reporting/reporting-frameworks/reporting-framework-32,EBA states all other framework modules without CON/IND/IFRS/GAAP are used from reference date 12/2022; module-specific rules override this default,3.2_layouts.zip,Annotated Table Layout 321-P2-FINREP 3.2.1.xlsx,F 13.02.1.a
FINREP,F_13.02.1.b,2.9.1.1,2019-12-31,2021-06-30,baseline,https://www.eba.europa.eu/risk-and-data-analysis/reporting/reporting-frameworks/reporting-framework-29,Pre-period DPM layout baseline,2.9.1.1_layouts.zip,Annotated Table Layout 291-FINREP 2.9.1.xlsx,F 13.02.1.b
FINREP,F_13.02.1.b,3.0,2021-06-30,2022-12-31,official,https://www.eba.europa.eu/risk-and-data-analysis/reporting/reporting-frameworks/reporting-framework-30,Reporting framework 3.0 applicable from June 2021; FINREP technical package 3.0,3.0.1_layouts.zip,Annotated Table Layout 300-P1-FINREP 3.0.xlsx,F 13.02.1.b
FINREP,F_13.02.1.b,3.2,2022-12-31,,official_other_modules,https://www.eba.europa.eu/risk-and-data-analysis/reporting/reporting-frameworks/reporting-framework-32,EBA states all other framework modules without CON/IND/IFRS/GAAP are used from reference date 12/2022; module-specific rules override this default,3.2_layouts.zip,Annotated Table Layout 321-P2-FINREP 3.2.1.xlsx,F 13.02.1.b
FINREP,F_13.03.1.a,2.9.1.1,2019-12-31,2021-06-30,baseline,https://www.eba.europa.eu/risk-and-data-analysis/reporting/reporting-frameworks/reporting-framework-29,Pre-period DPM layout baseline,2.9.1.1_layouts.zip,Annotated Table Layout 291-FINREP 2.9.1.xlsx,F 13.03.1.a
FINREP,F_13.03.1.a,3.0,2021-06-30,2022-12-31,official,https://www.eba.europa.eu/risk-and-data-analysis/reporting/reporting-frameworks/reporting-framework-30,Reporting framework 3.0 applicable from June 2021; FINREP technical package 3.0,3.0.1_layouts.zip,Annotated Table Layout 300-P1-FINREP 3.0.xlsx,F 13.03.1.a
FINREP,F_13.03.1.a,3.2,2022-12-31,,official_other_modules,https://www.eba.europa.eu/risk-and-data-analysis/reporting/reporting-frameworks/reporting-framework-32,EBA states all other framework modules without CON/IND/IFRS/GAAP are used from reference date 12/2022; module-specific rules override this default,3.2_layouts.zip,Annotated Table Layout 321-P2-FINREP 3.2.1.xlsx,F 13.03.1.a
FINREP,F_13.03.1.b,2.9.1.1,2019-12-31,2021-06-30,baseline,https://www.eba.europa.eu/risk-and-data-analysis/reporting/reporting-frameworks/reporting-framework-29,Pre-period DPM layout baseline,2.9.1.1_layouts.zip,Annotated Table Layout 291-FINREP 2.9.1.xlsx,F 13.03.1.b
FINREP,F_13.03.1.b,3.0,2021-06-30,2022-12-31,official,https://www.eba.europa.eu/risk-and-data-analysis/reporting/reporting-frameworks/reporting-framework-30,Reporting framework 3.0 applicable from June 2021; FINREP technical package 3.0,3.0.1_layouts.zip,Annotated Table Layout 300-P1-FINREP 3.0.xlsx,F 13.03.1.b
FINREP,F_13.03.1.b,3.2,2022-12-31,,official_other_modules,https://www.eba.europa.eu/risk-and-data-analysis/reporting/reporting-frameworks/reporting-framework-32,EBA states all other framework modules without CON/IND/IFRS/GAAP are used from reference date 12/2022; module-specific rules override this default,3.2_layouts.zip,Annotated Table Layout 321-P2-FINREP 3.2.1.xlsx,F 13.03.1.b
FINREP,F_14.00,2.9.1.1,2019-12-31,2021-06-30,baseline,https://www.eba.europa.eu/risk-and-data-analysis/reporting/reporting-frameworks/reporting-framework-29,Pre-period DPM layout baseline,2.9.1.1_layouts.zip,Annotated Table Layout 291-FINREP 2.9.1.xlsx,F 14.00
FINREP,F_14.00,3.0,2021-06-30,2022-12-31,official,https://www.eba.europa.eu/risk-and-data-analysis/reporting/reporting-frameworks/reporting-framework-30,Reporting framework 3.0 applicable from June 2021; FINREP technical package 3.0,3.0.1_layouts.zip,Annotated Table Layout 300-P1-FINREP 3.0.xlsx,F 14.00
FINREP,F_14.00,3.2,2022-12-31,,official_other_modules,https://www.eba.europa.eu/risk-and-data-analysis/reporting/reporting-frameworks/reporting-framework-32,EBA states all other framework modules without CON/IND/IFRS/GAAP are used from reference date 12/2022; module-specific rules override this default,3.2_layouts.zip,Annotated Table Layout 321-P2-FINREP 3.2.1.xlsx,F 14.00
FINREP,F_15.00.a,2.9.1.1,2019-12-31,2021-06-30,baseline,https://www.eba.europa.eu/risk-and-data-analysis/reporting/reporting-frameworks/reporting-framework-29,Pre-period DPM layout baseline,2.9.1.1_layouts.zip,Annotated Table Layout 291-FINREP 2.9.1.xlsx,F 15.00.a
FINREP,F_15.00.a,3.0,2021-06-30,2022-12-31,official,https://www.eba.europa.eu/risk-and-data-analysis/reporting/reporting-frameworks/reporting-framework-30,Reporting framework 3.0 applicable from June 2021; FINREP technical package 3.0,3.0.1_layouts.zip,Annotated Table Layout 300-P1-FINREP 3.0.xlsx,F 15.00.a
FINREP,F_15.00.a,3.2,2022-12-31,,official_other_modules,https://www.eba.europa.eu/risk-and-data-analysis/reporting/reporting-frameworks/reporting-framework-32,EBA states all other framework modules without CON/IND/IFRS/GAAP are used from reference date 12/2022; module-specific rules override this default,3.2_layouts.zip,Annotated Table Layout 321-P2-FINREP 3.2.1.xlsx,F 15.00.a
FINREP,F_15.00.b,2.9.1.1,2019-12-31,2021-06-30,baseline,https://www.eba.europa.eu/risk-and-data-analysis/reporting/reporting-frameworks/reporting-framework-29,Pre-period DPM layout baseline,2.9.1.1_layouts.zip,Annotated Table Layout 291-FINREP 2.9.1.xlsx,F 15.00.b
FINREP,F_15.00.b,3.0,2021-06-30,2022-12-31,official,https://www.eba.europa.eu/risk-and-data-analysis/reporting/reporting-frameworks/reporting-framework-30,Reporting framework 3.0 applicable from June 2021; FINREP technical package 3.0,3.0.1_layouts.zip,Annotated Table Layout 300-P1-FINREP 3.0.xlsx,F 15.00.b
FINREP,F_15.00.b,3.2,2022-12-31,,official_other_modules,https://www.eba.europa.eu/risk-and-data-analysis/reporting/reporting-frameworks/reporting-framework-32,EBA states all other framework modules without CON/IND/IFRS/GAAP are used from reference date 12/2022; module-specific rules override this default,3.2_layouts.zip,Annotated Table Layout 321-P2-FINREP 3.2.1.xlsx,F 15.00.b
FINREP,F_16.01,2.9.1.1,2019-12-31,2021-06-30,baseline,https://www.eba.europa.eu/risk-and-data-analysis/reporting/reporting-frameworks/reporting-framework-29,Pre-period DPM layout baseline,2.9.1.1_layouts.zip,Annotated Table Layout 291-FINREP 2.9.1.xlsx,F 16.01
FINREP,F_16.01,3.0,2021-06-30,2022-12-31,official,https://www.eba.europa.eu/risk-and-data-analysis/reporting/reporting-frameworks/reporting-framework-30,Reporting framework 3.0 applicable from June 2021; FINREP technical package 3.0,3.0.1_layouts.zip,Annotated Table Layout 300-P1-FINREP 3.0.xlsx,F 16.01
FINREP,F_16.01,3.2,2022-12-31,,official_other_modules,https://www.eba.europa.eu/risk-and-data-analysis/reporting/reporting-frameworks/reporting-framework-32,EBA states all other framework modules without CON/IND/IFRS/GAAP are used from reference date 12/2022; module-specific rules override this default,3.2_layouts.zip,Annotated Table Layout 321-P2-FINREP 3.2.1.xlsx,F 16.01
FINREP,F_16.02,2.9.1.1,2019-12-31,2021-06-30,baseline,https://www.eba.europa.eu/risk-and-data-analysis/reporting/reporting-frameworks/reporting-framework-29,Pre-period DPM layout baseline,2.9.1.1_layouts.zip,Annotated Table Layout 291-FINREP 2.9.1.xlsx,F 16.02
FINREP,F_16.02,3.0,2021-06-30,2022-12-31,official,https://www.eba.europa.eu/risk-and-data-analysis/reporting/reporting-frameworks/reporting-framework-30,Reporting framework 3.0 applicable from June 2021; FINREP technical package 3.0,3.0.1_layouts.zip,Annotated Table Layout 300-P1-FINREP 3.0.xlsx,F 16.02
FINREP,F_16.02,3.2,2022-12-31,,official_other_modules,https://www.eba.europa.eu/risk-and-data-analysis/reporting/reporting-frameworks/reporting-framework-32,EBA states all other framework modules without CON/IND/IFRS/GAAP are used from reference date 12/2022; module-specific rules override this default,3.2_layouts.zip,Annotated Table Layout 321-P2-FINREP 3.2.1.xlsx,F 16.02
FINREP,F_16.03,2.9.1.1,2019-12-31,2021-06-30,baseline,https://www.eba.europa.eu/risk-and-data-analysis/reporting/reporting-frameworks/reporting-framework-29,Pre-period DPM layout baseline,2.9.1.1_layouts.zip,Annotated Table Layout 291-FINREP 2.9.1.xlsx,F 16.03
FINREP,F_16.03,3.0,2021-06-30,2022-12-31,official,https://www.eba.europa.eu/risk-and-data-analysis/reporting/reporting-frameworks/reporting-framework-30,Reporting framework 3.0 applicable from June 2021; FINREP technical package 3.0,3.0.1_layouts.zip,Annotated Table Layout 300-P1-FINREP 3.0.xlsx,F 16.03
FINREP,F_16.03,3.2,2022-12-31,,official_other_modules,https://www.eba.europa.eu/risk-and-data-analysis/reporting/reporting-frameworks/reporting-framework-32,EBA states all other framework modules without CON/IND/IFRS/GAAP are used from reference date 12/2022; module-specific rules override this default,3.2_layouts.zip,Annotated Table Layout 321-P2-FINREP 3.2.1.xlsx,F 16.03
FINREP,F_16.04,2.9.1.1,2019-12-31,2021-06-30,baseline,https://www.eba.europa.eu/risk-and-data-analysis/reporting/reporting-frameworks/reporting-framework-29,Pre-period DPM layout baseline,2.9.1.1_layouts.zip,Annotated Table Layout 291-FINREP 2.9.1.xlsx,F 16.04
FINREP,F_16.04,3.0,2021-06-30,2022-12-31,official,https://www.eba.europa.eu/risk-and-data-analysis/reporting/reporting-frameworks/reporting-framework-30,Reporting framework 3.0 applicable from June 2021; FINREP technical package 3.0,3.0.1_layouts.zip,Annotated Table Layout 300-P1-FINREP 3.0.xlsx,F 16.04
FINREP,F_16.04,3.2,2022-12-31,,official_other_modules,https://www.eba.europa.eu/risk-and-data-analysis/reporting/reporting-frameworks/reporting-framework-32,EBA states all other framework modules without CON/IND/IFRS/GAAP are used from reference date 12/2022; module-specific rules override this default,3.2_layouts.zip,Annotated Table Layout 321-P2-FINREP 3.2.1.xlsx,F 16.04
FINREP,F_16.04.1,2.9.1.1,2019-12-31,2021-06-30,baseline,https://www.eba.europa.eu/risk-and-data-analysis/reporting/reporting-frameworks/reporting-framework-29,Pre-period DPM layout baseline,2.9.1.1_layouts.zip,Annotated Table Layout 291-FINREP 2.9.1.xlsx,F 16.04.1
FINREP,F_16.04.1,3.0,2021-06-30,2022-12-31,official,https://www.eba.europa.eu/risk-and-data-analysis/reporting/reporting-frameworks/reporting-framework-30,Reporting framework 3.0 applicable from June 2021; FINREP technical package 3.0,3.0.1_layouts.zip,Annotated Table Layout 300-P1-FINREP 3.0.xlsx,F 16.04.1
FINREP,F_16.04.1,3.2,2022-12-31,,official_other_modules,https://www.eba.europa.eu/risk-and-data-analysis/reporting/reporting-frameworks/reporting-framework-32,EBA states all other framework modules without CON/IND/IFRS/GAAP are used from reference date 12/2022; module-specific rules override this default,3.2_layouts.zip,Annotated Table Layout 321-P2-FINREP 3.2.1.xlsx,F 16.04.1
FINREP,F_16.05,2.9.1.1,2019-12-31,2021-06-30,baseline,https://www.eba.europa.eu/risk-and-data-analysis/reporting/reporting-frameworks/reporting-framework-29,Pre-period DPM layout baseline,2.9.1.1_layouts.zip,Annotated Table Layout 291-FINREP 2.9.1.xlsx,F 16.05
FINREP,F_16.05,3.0,2021-06-30,2022-12-31,official,https://www.eba.europa.eu/risk-and-data-analysis/reporting/reporting-frameworks/reporting-framework-30,Reporting framework 3.0 applicable from June 2021; FINREP technical package 3.0,3.0.1_layouts.zip,Annotated Table Layout 300-P1-FINREP 3.0.xlsx,F 16.05
FINREP,F_16.05,3.2,2022-12-31,,official_other_modules,https://www.eba.europa.eu/risk-and-data-analysis/reporting/reporting-frameworks/reporting-framework-32,EBA states all other framework modules without CON/IND/IFRS/GAAP are used from reference date 12/2022; module-specific rules override this default,3.2_layouts.zip,Annotated Table Layout 321-P2-FINREP 3.2.1.xlsx,F 16.05
FINREP,F_16.06,2.9.1.1,2019-12-31,2021-06-30,baseline,https://www.eba.europa.eu/risk-and-data-analysis/reporting/reporting-frameworks/reporting-framework-29,Pre-period DPM layout baseline,2.9.1.1_layouts.zip,Annotated Table Layout 291-FINREP 2.9.1.xlsx,F 16.06
FINREP,F_16.06,3.0,2021-06-30,2022-12-31,official,https://www.eba.europa.eu/risk-and-data-analysis/reporting/reporting-frameworks/reporting-framework-30,Reporting framework 3.0 applicable from June 2021; FINREP technical package 3.0,3.0.1_layouts.zip,Annotated Table Layout 300-P1-FINREP 3.0.xlsx,F 16.06
FINREP,F_16.06,3.2,2022-12-31,,official_other_modules,https://www.eba.europa.eu/risk-and-data-analysis/reporting/reporting-frameworks/reporting-framework-32,EBA states all other framework modules without CON/IND/IFRS/GAAP are used from reference date 12/2022; module-specific rules override this default,3.2_layouts.zip,Annotated Table Layout 321-P2-FINREP 3.2.1.xlsx,F 16.06
FINREP,F_16.07.a,2.9.1.1,2019-12-31,2021-06-30,baseline,https://www.eba.europa.eu/risk-and-data-analysis/reporting/reporting-frameworks/reporting-framework-29,Pre-period DPM layout baseline,2.9.1.1_layouts.zip,Annotated Table Layout 291-FINREP 2.9.1.xlsx,F 16.07.a
FINREP,F_16.07.a,3.0,2021-06-30,2022-12-31,official,https://www.eba.europa.eu/risk-and-data-analysis/reporting/reporting-frameworks/reporting-framework-30,Reporting framework 3.0 applicable from June 2021; FINREP technical package 3.0,3.0.1_layouts.zip,Annotated Table Layout 300-P1-FINREP 3.0.xlsx,F 16.07.a
FINREP,F_16.07.a,3.2,2022-12-31,,official_other_modules,https://www.eba.europa.eu/risk-and-data-analysis/reporting/reporting-frameworks/reporting-framework-32,EBA states all other framework modules without CON/IND/IFRS/GAAP are used from reference date 12/2022; module-specific rules override this default,3.2_layouts.zip,Annotated Table Layout 321-P2-FINREP 3.2.1.xlsx,F 16.07.a
FINREP,F_16.07.b,2.9.1.1,2019-12-31,2021-06-30,baseline,https://www.eba.europa.eu/risk-and-data-analysis/reporting/reporting-frameworks/reporting-framework-29,Pre-period DPM layout baseline,2.9.1.1_layouts.zip,Annotated Table Layout 291-FINREP 2.9.1.xlsx,F 16.07.b
FINREP,F_16.07.b,3.0,2021-06-30,2022-12-31,official,https://www.eba.europa.eu/risk-and-data-analysis/reporting/reporting-frameworks/reporting-framework-30,Reporting framework 3.0 applicable from June 2021; FINREP technical package 3.0,3.0.1_layouts.zip,Annotated Table Layout 300-P1-FINREP 3.0.xlsx,F 16.07.b
FINREP,F_16.07.b,3.2,2022-12-31,,official_other_modules,https://www.eba.europa.eu/risk-and-data-analysis/reporting/reporting-frameworks/reporting-framework-32,EBA states all other framework modules without CON/IND/IFRS/GAAP are used from reference date 12/2022; module-specific rules override this default,3.2_layouts.zip,Annotated Table Layout 321-P2-FINREP 3.2.1.xlsx,F 16.07.b
FINREP,F_16.08,2.9.1.1,2019-12-31,2021-06-30,baseline,https://www.eba.europa.eu/risk-and-data-analysis/reporting/reporting-frameworks/reporting-framework-29,Pre-period DPM layout baseline,2.9.1.1_layouts.zip,Annotated Table Layout 291-FINREP 2.9.1.xlsx,F 16.08
FINREP,F_16.08,3.0,2021-06-30,2022-12-31,official,https://www.eba.europa.eu/risk-and-data-analysis/reporting/reporting-frameworks/reporting-framework-30,Reporting framework 3.0 applicable from June 2021; FINREP technical package 3.0,3.0.1_layouts.zip,Annotated Table Layout 300-P1-FINREP 3.0.xlsx,F 16.08
FINREP,F_16.08,3.2,2022-12-31,,official_other_modules,https://www.eba.europa.eu/risk-and-data-analysis/reporting/reporting-frameworks/reporting-framework-32,EBA states all other framework modules without CON/IND/IFRS/GAAP are used from reference date 12/2022; module-specific rules override this default,3.2_layouts.zip,Annotated Table Layout 321-P2-FINREP 3.2.1.xlsx,F 16.08
FINREP,F_17.01,2.9.1.1,2019-12-31,2021-06-30,baseline,https://www.eba.europa.eu/risk-and-data-analysis/reporting/reporting-frameworks/reporting-framework-29,Pre-period DPM layout baseline,2.9.1.1_layouts.zip,Annotated Table Layout 291-FINREP 2.9.1.xlsx,F 17.01
FINREP,F_17.01,3.0,2021-06-30,2022-12-31,official,https://www.eba.europa.eu/risk-and-data-analysis/reporting/reporting-frameworks/reporting-framework-30,Reporting framework 3.0 applicable from June 2021; FINREP technical package 3.0,3.0.1_layouts.zip,Annotated Table Layout 300-P1-FINREP 3.0.xlsx,F 17.01
FINREP,F_17.01,3.2,2022-12-31,,official_other_modules,https://www.eba.europa.eu/risk-and-data-analysis/reporting/reporting-frameworks/reporting-framework-32,EBA states all other framework modules without CON/IND/IFRS/GAAP are used from reference date 12/2022; module-specific rules override this default,3.2_layouts.zip,Annotated Table Layout 321-P2-FINREP 3.2.1.xlsx,F 17.01
FINREP,F_17.02,2.9.1.1,2019-12-31,2021-06-30,baseline,https://www.eba.europa.eu/risk-and-data-analysis/reporting/reporting-frameworks/reporting-framework-29,Pre-period DPM layout baseline,2.9.1.1_layouts.zip,Annotated Table Layout 291-FINREP 2.9.1.xlsx,F 17.02
FINREP,F_17.02,3.0,2021-06-30,2022-12-31,official,https://www.eba.europa.eu/risk-and-data-analysis/reporting/reporting-frameworks/reporting-framework-30,Reporting framework 3.0 applicable from June 2021; FINREP technical package 3.0,3.0.1_layouts.zip,Annotated Table Layout 300-P1-FINREP 3.0.xlsx,F 17.02
FINREP,F_17.02,3.2,2022-12-31,,official_other_modules,https://www.eba.europa.eu/risk-and-data-analysis/reporting/reporting-frameworks/reporting-framework-32,EBA states all other framework modules without CON/IND/IFRS/GAAP are used from reference date 12/2022; module-specific rules override this default,3.2_layouts.zip,Annotated Table Layout 321-P2-FINREP 3.2.1.xlsx,F 17.02
FINREP,F_17.03,2.9.1.1,2019-12-31,2021-06-30,baseline,https://www.eba.europa.eu/risk-and-data-analysis/reporting/reporting-frameworks/reporting-framework-29,Pre-period DPM layout baseline,2.9.1.1_layouts.zip,Annotated Table Layout 291-FINREP 2.9.1.xlsx,F 17.03
FINREP,F_17.03,3.0,2021-06-30,2022-12-31,official,https://www.eba.europa.eu/risk-and-data-analysis/reporting/reporting-frameworks/reporting-framework-30,Reporting framework 3.0 applicable from June 2021; FINREP technical package 3.0,3.0.1_layouts.zip,Annotated Table Layout 300-P1-FINREP 3.0.xlsx,F 17.03
FINREP,F_17.03,3.2,2022-12-31,,official_other_modules,https://www.eba.europa.eu/risk-and-data-analysis/reporting/reporting-frameworks/reporting-framework-32,EBA states all other framework modules without CON/IND/IFRS/GAAP are used from reference date 12/2022; module-specific rules override this default,3.2_layouts.zip,Annotated Table Layout 321-P2-FINREP 3.2.1.xlsx,F 17.03
FINREP,F_18.00.a,2.9.1.1,2019-12-31,2021-06-30,baseline,https://www.eba.europa.eu/risk-and-data-analysis/reporting/reporting-frameworks/reporting-framework-29,Pre-period DPM layout baseline,2.9.1.1_layouts.zip,Annotated Table Layout 291-FINREP 2.9.1.xlsx,F 18.00.a
FINREP,F_18.00.a,3.0,2021-06-30,2022-12-31,official,https://www.eba.europa.eu/risk-and-data-analysis/reporting/reporting-frameworks/reporting-framework-30,Reporting framework 3.0 applicable from June 2021; FINREP technical package 3.0,3.0.1_layouts.zip,Annotated Table Layout 300-P1-FINREP 3.0.xlsx,F 18.00.a
FINREP,F_18.00.a,3.2,2022-12-31,,official_other_modules,https://www.eba.europa.eu/risk-and-data-analysis/reporting/reporting-frameworks/reporting-framework-32,EBA states all other framework modules without CON/IND/IFRS/GAAP are used from reference date 12/2022; module-specific rules override this default,3.2_layouts.zip,Annotated Table Layout 321-P2-FINREP 3.2.1.xlsx,F 18.00.a
FINREP,F_18.00.b,2.9.1.1,2019-12-31,2021-06-30,baseline,https://www.eba.europa.eu/risk-and-data-analysis/reporting/reporting-frameworks/reporting-framework-29,Pre-period DPM layout baseline,2.9.1.1_layouts.zip,Annotated Table Layout 291-FINREP 2.9.1.xlsx,F 18.00.b
FINREP,F_18.00.b,3.0,2021-06-30,2022-12-31,official,https://www.eba.europa.eu/risk-and-data-analysis/reporting/reporting-frameworks/reporting-framework-30,Reporting framework 3.0 applicable from June 2021; FINREP technical package 3.0,3.0.1_layouts.zip,Annotated Table Layout 300-P1-FINREP 3.0.xlsx,F 18.00.b
FINREP,F_18.00.b,3.2,2022-12-31,,official_other_modules,https://www.eba.europa.eu/risk-and-data-analysis/reporting/reporting-frameworks/reporting-framework-32,EBA states all other framework modules without CON/IND/IFRS/GAAP are used from reference date 12/2022; module-specific rules override this default,3.2_layouts.zip,Annotated Table Layout 321-P2-FINREP 3.2.1.xlsx,F 18.00.b
FINREP,F_18.00.c,2.9.1.1,2019-12-31,2021-06-30,baseline,https://www.eba.europa.eu/risk-and-data-analysis/reporting/reporting-frameworks/reporting-framework-29,Pre-period DPM layout baseline,2.9.1.1_layouts.zip,Annotated Table Layout 291-FINREP 2.9.1.xlsx,F 18.00.c
FINREP,F_18.00.c,3.0,2021-06-30,2022-12-31,official,https://www.eba.europa.eu/risk-and-data-analysis/reporting/reporting-frameworks/reporting-framework-30,Reporting framework 3.0 applicable from June 2021; FINREP technical package 3.0,3.0.1_layouts.zip,Annotated Table Layout 300-P1-FINREP 3.0.xlsx,F 18.00.c
FINREP,F_18.00.c,3.2,2022-12-31,,official_other_modules,https://www.eba.europa.eu/risk-and-data-analysis/reporting/reporting-frameworks/reporting-framework-32,EBA states all other framework modules without CON/IND/IFRS/GAAP are used from reference date 12/2022; module-specific rules override this default,3.2_layouts.zip,Annotated Table Layout 321-P2-FINREP 3.2.1.xlsx,F 18.00.c
FINREP,F_18.00.d,2.9.1.1,2019-12-31,2021-06-30,baseline,https://www.eba.europa.eu/risk-and-data-analysis/reporting/reporting-frameworks/reporting-framework-29,Pre-period DPM layout baseline,2.9.1.1_layouts.zip,Annotated Table Layout 291-FINREP 2.9.1.xlsx,F 18.00.d
FINREP,F_18.00.d,3.0,2021-06-30,2022-12-31,official,https://www.eba.europa.eu/risk-and-data-analysis/reporting/reporting-frameworks/reporting-framework-30,Reporting framework 3.0 applicable from June 2021; FINREP technical package 3.0,3.0.1_layouts.zip,Annotated Table Layout 300-P1-FINREP 3.0.xlsx,F 18.00.d
FINREP,F_18.00.d,3.2,2022-12-31,,official_other_modules,https://www.eba.europa.eu/risk-and-data-analysis/reporting/reporting-frameworks/reporting-framework-32,EBA states all other framework modules without CON/IND/IFRS/GAAP are used from reference date 12/2022; module-specific rules override this default,3.2_layouts.zip,Annotated Table Layout 321-P2-FINREP 3.2.1.xlsx,F 18.00.d
FINREP,F_18.00.e,2.9.1.1,2019-12-31,2021-06-30,baseline,https://www.eba.europa.eu/risk-and-data-analysis/reporting/reporting-frameworks/reporting-framework-29,Pre-period DPM layout baseline,2.9.1.1_layouts.zip,Annotated Table Layout 291-FINREP 2.9.1.xlsx,F 18.00.e
FINREP,F_18.00.e,3.0,2021-06-30,2022-12-31,official,https://www.eba.europa.eu/risk-and-data-analysis/reporting/reporting-frameworks/reporting-framework-30,Reporting framework 3.0 applicable from June 2021; FINREP technical package 3.0,3.0.1_layouts.zip,Annotated Table Layout 300-P1-FINREP 3.0.xlsx,F 18.00.e
FINREP,F_18.00.e,3.2,2022-12-31,,official_other_modules,https://www.eba.europa.eu/risk-and-data-analysis/reporting/reporting-frameworks/reporting-framework-32,EBA states all other framework modules without CON/IND/IFRS/GAAP are used from reference date 12/2022; module-specific rules override this default,3.2_layouts.zip,Annotated Table Layout 321-P2-FINREP 3.2.1.xlsx,F 18.00.e
FINREP,F_18.01,2.9.1.1,2019-12-31,2021-06-30,baseline,https://www.eba.europa.eu/risk-and-data-analysis/reporting/reporting-frameworks/reporting-framework-29,Pre-period DPM layout baseline,2.9.1.1_layouts.zip,Annotated Table Layout 291-FINREP 2.9.1.xlsx,F 18.01
FINREP,F_18.01,3.0,2021-06-30,2022-12-31,official,https://www.eba.europa.eu/risk-and-data-analysis/reporting/reporting-frameworks/reporting-framework-30,Reporting framework 3.0 applicable from June 2021; FINREP technical package 3.0,3.0.1_layouts.zip,Annotated Table Layout 300-P1-FINREP 3.0.xlsx,F 18.01
FINREP,F_18.01,3.2,2022-12-31,,official_other_modules,https://www.eba.europa.eu/risk-and-data-analysis/reporting/reporting-frameworks/reporting-framework-32,EBA states all other framework modules without CON/IND/IFRS/GAAP are used from reference date 12/2022; module-specific rules override this default,3.2_layouts.zip,Annotated Table Layout 321-P2-FINREP 3.2.1.xlsx,F 18.01
FINREP,F_18.02.a,2.9.1.1,2019-12-31,2021-06-30,baseline,https://www.eba.europa.eu/risk-and-data-analysis/reporting/reporting-frameworks/reporting-framework-29,Pre-period DPM layout baseline,2.9.1.1_layouts.zip,Annotated Table Layout 291-FINREP 2.9.1.xlsx,F 18.02.a
FINREP,F_18.02.a,3.0,2021-06-30,2022-12-31,official,https://www.eba.europa.eu/risk-and-data-analysis/reporting/reporting-frameworks/reporting-framework-30,Reporting framework 3.0 applicable from June 2021; FINREP technical package 3.0,3.0.1_layouts.zip,Annotated Table Layout 300-P1-FINREP 3.0.xlsx,F 18.02.a
FINREP,F_18.02.a,3.2,2022-12-31,,official_other_modules,https://www.eba.europa.eu/risk-and-data-analysis/reporting/reporting-frameworks/reporting-framework-32,EBA states all other framework modules without CON/IND/IFRS/GAAP are used from reference date 12/2022; module-specific rules override this default,3.2_layouts.zip,Annotated Table Layout 321-P2-FINREP 3.2.1.xlsx,F 18.02.a
FINREP,F_18.02.b,2.9.1.1,2019-12-31,2021-06-30,baseline,https://www.eba.europa.eu/risk-and-data-analysis/reporting/reporting-frameworks/reporting-framework-29,Pre-period DPM layout baseline,2.9.1.1_layouts.zip,Annotated Table Layout 291-FINREP 2.9.1.xlsx,F 18.02.b
FINREP,F_18.02.b,3.0,2021-06-30,2022-12-31,official,https://www.eba.europa.eu/risk-and-data-analysis/reporting/reporting-frameworks/reporting-framework-30,Reporting framework 3.0 applicable from June 2021; FINREP technical package 3.0,3.0.1_layouts.zip,Annotated Table Layout 300-P1-FINREP 3.0.xlsx,F 18.02.b
FINREP,F_18.02.b,3.2,2022-12-31,,official_other_modules,https://www.eba.europa.eu/risk-and-data-analysis/reporting/reporting-frameworks/reporting-framework-32,EBA states all other framework modules without CON/IND/IFRS/GAAP are used from reference date 12/2022; module-specific rules override this default,3.2_layouts.zip,Annotated Table Layout 321-P2-FINREP 3.2.1.xlsx,F 18.02.b
FINREP,F_18.02.c,2.9.1.1,2019-12-31,2021-06-30,baseline,https://www.eba.europa.eu/risk-and-data-analysis/reporting/reporting-frameworks/reporting-framework-29,Pre-period DPM layout baseline,2.9.1.1_layouts.zip,Annotated Table Layout 291-FINREP 2.9.1.xlsx,F 18.02.c
FINREP,F_18.02.c,3.0,2021-06-30,2022-12-31,official,https://www.eba.europa.eu/risk-and-data-analysis/reporting/reporting-frameworks/reporting-framework-30,Reporting framework 3.0 applicable from June 2021; FINREP technical package 3.0,3.0.1_layouts.zip,Annotated Table Layout 300-P1-FINREP 3.0.xlsx,F 18.02.c
FINREP,F_18.02.c,3.2,2022-12-31,,official_other_modules,https://www.eba.europa.eu/risk-and-data-analysis/reporting/reporting-frameworks/reporting-framework-32,EBA states all other framework modules without CON/IND/IFRS/GAAP are used from reference date 12/2022; module-specific rules override this default,3.2_layouts.zip,Annotated Table Layout 321-P2-FINREP 3.2.1.xlsx,F 18.02.c
FINREP,F_19.00.a,2.9.1.1,2019-12-31,2021-06-30,baseline,https://www.eba.europa.eu/risk-and-data-analysis/reporting/reporting-frameworks/reporting-framework-29,Pre-period DPM layout baseline,2.9.1.1_layouts.zip,Annotated Table Layout 291-FINREP 2.9.1.xlsx,F 19.00.a
FINREP,F_19.00.a,3.0,2021-06-30,2022-12-31,official,https://www.eba.europa.eu/risk-and-data-analysis/reporting/reporting-frameworks/reporting-framework-30,Reporting framework 3.0 applicable from June 2021; FINREP technical package 3.0,3.0.1_layouts.zip,Annotated Table Layout 300-P1-FINREP 3.0.xlsx,F 19.00.a
FINREP,F_19.00.a,3.2,2022-12-31,,official_other_modules,https://www.eba.europa.eu/risk-and-data-analysis/reporting/reporting-frameworks/reporting-framework-32,EBA states all other framework modules without CON/IND/IFRS/GAAP are used from reference date 12/2022; module-specific rules override this default,3.2_layouts.zip,Annotated Table Layout 321-P2-FINREP 3.2.1.xlsx,F 19.00.a
FINREP,F_19.00.b,2.9.1.1,2019-12-31,2021-06-30,baseline,https://www.eba.europa.eu/risk-and-data-analysis/reporting/reporting-frameworks/reporting-framework-29,Pre-period DPM layout baseline,2.9.1.1_layouts.zip,Annotated Table Layout 291-FINREP 2.9.1.xlsx,F 19.00.b
FINREP,F_19.00.b,3.0,2021-06-30,2022-12-31,official,https://www.eba.europa.eu/risk-and-data-analysis/reporting/reporting-frameworks/reporting-framework-30,Reporting framework 3.0 applicable from June 2021; FINREP technical package 3.0,3.0.1_layouts.zip,Annotated Table Layout 300-P1-FINREP 3.0.xlsx,F 19.00.b
FINREP,F_19.00.b,3.2,2022-12-31,,official_other_modules,https://www.eba.europa.eu/risk-and-data-analysis/reporting/reporting-frameworks/reporting-framework-32,EBA states all other framework modules without CON/IND/IFRS/GAAP are used from reference date 12/2022; module-specific rules override this default,3.2_layouts.zip,Annotated Table Layout 321-P2-FINREP 3.2.1.xlsx,F 19.00.b
FINREP,F_19.00.c,2.9.1.1,2019-12-31,2021-06-30,baseline,https://www.eba.europa.eu/risk-and-data-analysis/reporting/reporting-frameworks/reporting-framework-29,Pre-period DPM layout baseline,2.9.1.1_layouts.zip,Annotated Table Layout 291-FINREP 2.9.1.xlsx,F 19.00.c
FINREP,F_19.00.c,3.0,2021-06-30,2022-12-31,official,https://www.eba.europa.eu/risk-and-data-analysis/reporting/reporting-frameworks/reporting-framework-30,Reporting framework 3.0 applicable from June 2021; FINREP technical package 3.0,3.0.1_layouts.zip,Annotated Table Layout 300-P1-FINREP 3.0.xlsx,F 19.00.c
FINREP,F_19.00.c,3.2,2022-12-31,,official_other_modules,https://www.eba.europa.eu/risk-and-data-analysis/reporting/reporting-frameworks/reporting-framework-32,EBA states all other framework modules without CON/IND/IFRS/GAAP are used from reference date 12/2022; module-specific rules override this default,3.2_layouts.zip,Annotated Table Layout 321-P2-FINREP 3.2.1.xlsx,F 19.00.c
FINREP,F_19.00.d,2.9.1.1,2019-12-31,2021-06-30,baseline,https://www.eba.europa.eu/risk-and-data-analysis/reporting/reporting-frameworks/reporting-framework-29,Pre-period DPM layout baseline,2.9.1.1_layouts.zip,Annotated Table Layout 291-FINREP 2.9.1.xlsx,F 19.00.d
FINREP,F_19.00.d,3.0,2021-06-30,2022-12-31,official,https://www.eba.europa.eu/risk-and-data-analysis/reporting/reporting-frameworks/reporting-framework-30,Reporting framework 3.0 applicable from June 2021; FINREP technical package 3.0,3.0.1_layouts.zip,Annotated Table Layout 300-P1-FINREP 3.0.xlsx,F 19.00.d
FINREP,F_19.00.d,3.2,2022-12-31,,official_other_modules,https://www.eba.europa.eu/risk-and-data-analysis/reporting/reporting-frameworks/reporting-framework-32,EBA states all other framework modules without CON/IND/IFRS/GAAP are used from reference date 12/2022; module-specific rules override this default,3.2_layouts.zip,Annotated Table Layout 321-P2-FINREP 3.2.1.xlsx,F 19.00.d
FINREP,F_19.00.e,2.9.1.1,2019-12-31,2021-06-30,baseline,https://www.eba.europa.eu/risk-and-data-analysis/reporting/reporting-frameworks/reporting-framework-29,Pre-period DPM layout baseline,2.9.1.1_layouts.zip,Annotated Table Layout 291-FINREP 2.9.1.xlsx,F 19.00.e
FINREP,F_19.00.e,3.0,2021-06-30,2022-12-31,official,https://www.eba.europa.eu/risk-and-data-analysis/reporting/reporting-frameworks/reporting-framework-30,Reporting framework 3.0 applicable from June 2021; FINREP technical package 3.0,3.0.1_layouts.zip,Annotated Table Layout 300-P1-FINREP 3.0.xlsx,F 19.00.e
FINREP,F_19.00.e,3.2,2022-12-31,,official_other_modules,https://www.eba.europa.eu/risk-and-data-analysis/reporting/reporting-frameworks/reporting-framework-32,EBA states all other framework modules without CON/IND/IFRS/GAAP are used from reference date 12/2022; module-specific rules override this default,3.2_layouts.zip,Annotated Table Layout 321-P2-FINREP 3.2.1.xlsx,F 19.00.e
FINREP,F_20.01,2.9.1.1,2019-12-31,2021-06-30,baseline,https://www.eba.europa.eu/risk-and-data-analysis/reporting/reporting-frameworks/reporting-framework-29,Pre-period DPM layout baseline,2.9.1.1_layouts.zip,Annotated Table Layout 291-FINREP 2.9.1.xlsx,F 20.01
FINREP,F_20.01,3.0,2021-06-30,2022-12-31,official,https://www.eba.europa.eu/risk-and-data-analysis/reporting/reporting-frameworks/reporting-framework-30,Reporting framework 3.0 applicable from June 2021; FINREP technical package 3.0,3.0.1_layouts.zip,Annotated Table Layout 300-P1-FINREP 3.0.xlsx,F 20.01
FINREP,F_20.01,3.2,2022-12-31,,official_other_modules,https://www.eba.europa.eu/risk-and-data-analysis/reporting/reporting-frameworks/reporting-framework-32,EBA states all other framework modules without CON/IND/IFRS/GAAP are used from reference date 12/2022; module-specific rules override this default,3.2_layouts.zip,Annotated Table Layout 321-P2-FINREP 3.2.1.xlsx,F 20.01
FINREP,F_20.02,2.9.1.1,2019-12-31,2021-06-30,baseline,https://www.eba.europa.eu/risk-and-data-analysis/reporting/reporting-frameworks/reporting-framework-29,Pre-period DPM layout baseline,2.9.1.1_layouts.zip,Annotated Table Layout 291-FINREP 2.9.1.xlsx,F 20.02
FINREP,F_20.02,3.0,2021-06-30,2022-12-31,official,https://www.eba.europa.eu/risk-and-data-analysis/reporting/reporting-frameworks/reporting-framework-30,Reporting framework 3.0 applicable from June 2021; FINREP technical package 3.0,3.0.1_layouts.zip,Annotated Table Layout 300-P1-FINREP 3.0.xlsx,F 20.02
FINREP,F_20.02,3.2,2022-12-31,,official_other_modules,https://www.eba.europa.eu/risk-and-data-analysis/reporting/reporting-frameworks/reporting-framework-32,EBA states all other framework modules without CON/IND/IFRS/GAAP are used from reference date 12/2022; module-specific rules override this default,3.2_layouts.zip,Annotated Table Layout 321-P2-FINREP 3.2.1.xlsx,F 20.02
FINREP,F_20.03,2.9.1.1,2019-12-31,2021-06-30,baseline,https://www.eba.europa.eu/risk-and-data-analysis/reporting/reporting-frameworks/reporting-framework-29,Pre-period DPM layout baseline,2.9.1.1_layouts.zip,Annotated Table Layout 291-FINREP 2.9.1.xlsx,F 20.03
FINREP,F_20.03,3.0,2021-06-30,2022-12-31,official,https://www.eba.europa.eu/risk-and-data-analysis/reporting/reporting-frameworks/reporting-framework-30,Reporting framework 3.0 applicable from June 2021; FINREP technical package 3.0,3.0.1_layouts.zip,Annotated Table Layout 300-P1-FINREP 3.0.xlsx,F 20.03
FINREP,F_20.03,3.2,2022-12-31,,official_other_modules,https://www.eba.europa.eu/risk-and-data-analysis/reporting/reporting-frameworks/reporting-framework-32,EBA states all other framework modules without CON/IND/IFRS/GAAP are used from reference date 12/2022; module-specific rules override this default,3.2_layouts.zip,Annotated Table Layout 321-P2-FINREP 3.2.1.xlsx,F 20.03
FINREP,F_20.04,2.9.1.1,2019-12-31,2021-06-30,baseline,https://www.eba.europa.eu/risk-and-data-analysis/reporting/reporting-frameworks/reporting-framework-29,Pre-period DPM layout baseline,2.9.1.1_layouts.zip,Annotated Table Layout 291-FINREP 2.9.1.xlsx,F 20.04
FINREP,F_20.04,3.0,2021-06-30,2022-12-31,official,https://www.eba.europa.eu/risk-and-data-analysis/reporting/reporting-frameworks/reporting-framework-30,Reporting framework 3.0 applicable from June 2021; FINREP technical package 3.0,3.0.1_layouts.zip,Annotated Table Layout 300-P1-FINREP 3.0.xlsx,F 20.04
FINREP,F_20.04,3.2,2022-12-31,,official_other_modules,https://www.eba.europa.eu/risk-and-data-analysis/reporting/reporting-frameworks/reporting-framework-32,EBA states all other framework modules without CON/IND/IFRS/GAAP are used from reference date 12/2022; module-specific rules override this default,3.2_layouts.zip,Annotated Table Layout 321-P2-FINREP 3.2.1.xlsx,F 20.04
FINREP,F_20.05.a,2.9.1.1,2019-12-31,2021-06-30,baseline,https://www.eba.europa.eu/risk-and-data-analysis/reporting/reporting-frameworks/reporting-framework-29,Pre-period DPM layout baseline,2.9.1.1_layouts.zip,Annotated Table Layout 291-FINREP 2.9.1.xlsx,F 20.05.a
FINREP,F_20.05.a,3.0,2021-06-30,2022-12-31,official,https://www.eba.europa.eu/risk-and-data-analysis/reporting/reporting-frameworks/reporting-framework-30,Reporting framework 3.0 applicable from June 2021; FINREP technical package 3.0,3.0.1_layouts.zip,Annotated Table Layout 300-P1-FINREP 3.0.xlsx,F 20.05.a
FINREP,F_20.05.a,3.2,2022-12-31,,official_other_modules,https://www.eba.europa.eu/risk-and-data-analysis/reporting/reporting-frameworks/reporting-framework-32,EBA states all other framework modules without CON/IND/IFRS/GAAP are used from reference date 12/2022; module-specific rules override this default,3.2_layouts.zip,Annotated Table Layout 321-P2-FINREP 3.2.1.xlsx,F 20.05.a
FINREP,F_20.05.b,2.9.1.1,2019-12-31,2021-06-30,baseline,https://www.eba.europa.eu/risk-and-data-analysis/reporting/reporting-frameworks/reporting-framework-29,Pre-period DPM layout baseline,2.9.1.1_layouts.zip,Annotated Table Layout 291-FINREP 2.9.1.xlsx,F 20.05.b
FINREP,F_20.05.b,3.0,2021-06-30,2022-12-31,official,https://www.eba.europa.eu/risk-and-data-analysis/reporting/reporting-frameworks/reporting-framework-30,Reporting framework 3.0 applicable from June 2021; FINREP technical package 3.0,3.0.1_layouts.zip,Annotated Table Layout 300-P1-FINREP 3.0.xlsx,F 20.05.b
FINREP,F_20.05.b,3.2,2022-12-31,,official_other_modules,https://www.eba.europa.eu/risk-and-data-analysis/reporting/reporting-frameworks/reporting-framework-32,EBA states all other framework modules without CON/IND/IFRS/GAAP are used from reference date 12/2022; module-specific rules override this default,3.2_layouts.zip,Annotated Table Layout 321-P2-FINREP 3.2.1.xlsx,F 20.05.b
FINREP,F_20.06,2.9.1.1,2019-12-31,2021-06-30,baseline,https://www.eba.europa.eu/risk-and-data-analysis/reporting/reporting-frameworks/reporting-framework-29,Pre-period DPM layout baseline,2.9.1.1_layouts.zip,Annotated Table Layout 291-FINREP 2.9.1.xlsx,F 20.06
FINREP,F_20.06,3.0,2021-06-30,2022-12-31,official,https://www.eba.europa.eu/risk-and-data-analysis/reporting/reporting-frameworks/reporting-framework-30,Reporting framework 3.0 applicable from June 2021; FINREP technical package 3.0,3.0.1_layouts.zip,Annotated Table Layout 300-P1-FINREP 3.0.xlsx,F 20.06
FINREP,F_20.06,3.2,2022-12-31,,official_other_modules,https://www.eba.europa.eu/risk-and-data-analysis/reporting/reporting-frameworks/reporting-framework-32,EBA states all other framework modules without CON/IND/IFRS/GAAP are used from reference date 12/2022; module-specific rules override this default,3.2_layouts.zip,Annotated Table Layout 321-P2-FINREP 3.2.1.xlsx,F 20.06
FINREP,F_20.07.1,2.9.1.1,2019-12-31,2021-06-30,baseline,https://www.eba.europa.eu/risk-and-data-analysis/reporting/reporting-frameworks/reporting-framework-29,Pre-period DPM layout baseline,2.9.1.1_layouts.zip,Annotated Table Layout 291-FINREP 2.9.1.xlsx,F 20.07.1
FINREP,F_20.07.1,3.0,2021-06-30,2022-12-31,official,https://www.eba.europa.eu/risk-and-data-analysis/reporting/reporting-frameworks/reporting-framework-30,Reporting framework 3.0 applicable from June 2021; FINREP technical package 3.0,3.0.1_layouts.zip,Annotated Table Layout 300-P1-FINREP 3.0.xlsx,F 20.07.1
FINREP,F_20.07.1,3.2,2022-12-31,,official_other_modules,https://www.eba.europa.eu/risk-and-data-analysis/reporting/reporting-frameworks/reporting-framework-32,EBA states all other framework modules without CON/IND/IFRS/GAAP are used from reference date 12/2022; module-specific rules override this default,3.2_layouts.zip,Annotated Table Layout 321-P2-FINREP 3.2.1.xlsx,F 20.07.1
FINREP,F_21.00,2.9.1.1,2019-12-31,2021-06-30,baseline,https://www.eba.europa.eu/risk-and-data-analysis/reporting/reporting-frameworks/reporting-framework-29,Pre-period DPM layout baseline,2.9.1.1_layouts.zip,Annotated Table Layout 291-FINREP 2.9.1.xlsx,F 21.00
FINREP,F_21.00,3.0,2021-06-30,2022-12-31,official,https://www.eba.europa.eu/risk-and-data-analysis/reporting/reporting-frameworks/reporting-framework-30,Reporting framework 3.0 applicable from June 2021; FINREP technical package 3.0,3.0.1_layouts.zip,Annotated Table Layout 300-P1-FINREP 3.0.xlsx,F 21.00
FINREP,F_21.00,3.2,2022-12-31,,official_other_modules,https://www.eba.europa.eu/risk-and-data-analysis/reporting/reporting-frameworks/reporting-framework-32,EBA states all other framework modules without CON/IND/IFRS/GAAP are used from reference date 12/2022; module-specific rules override this default,3.2_layouts.zip,Annotated Table Layout 321-P2-FINREP 3.2.1.xlsx,F 21.00
FINREP,F_22.01,2.9.1.1,2019-12-31,2021-06-30,baseline,https://www.eba.europa.eu/risk-and-data-analysis/reporting/reporting-frameworks/reporting-framework-29,Pre-period DPM layout baseline,2.9.1.1_layouts.zip,Annotated Table Layout 291-FINREP 2.9.1.xlsx,F 22.01
FINREP,F_22.01,3.0,2021-06-30,2022-12-31,official,https://www.eba.europa.eu/risk-and-data-analysis/reporting/reporting-frameworks/reporting-framework-30,Reporting framework 3.0 applicable from June 2021; FINREP technical package 3.0,3.0.1_layouts.zip,Annotated Table Layout 300-P1-FINREP 3.0.xlsx,F 22.01
FINREP,F_22.01,3.2,2022-12-31,,official_other_modules,https://www.eba.europa.eu/risk-and-data-analysis/reporting/reporting-frameworks/reporting-framework-32,EBA states all other framework modules without CON/IND/IFRS/GAAP are used from reference date 12/2022; module-specific rules override this default,3.2_layouts.zip,Annotated Table Layout 321-P2-FINREP 3.2.1.xlsx,F 22.01
FINREP,F_22.02,2.9.1.1,2019-12-31,2021-06-30,baseline,https://www.eba.europa.eu/risk-and-data-analysis/reporting/reporting-frameworks/reporting-framework-29,Pre-period DPM layout baseline,2.9.1.1_layouts.zip,Annotated Table Layout 291-FINREP 2.9.1.xlsx,F 22.02
FINREP,F_22.02,3.0,2021-06-30,2022-12-31,official,https://www.eba.europa.eu/risk-and-data-analysis/reporting/reporting-frameworks/reporting-framework-30,Reporting framework 3.0 applicable from June 2021; FINREP technical package 3.0,3.0.1_layouts.zip,Annotated Table Layout 300-P1-FINREP 3.0.xlsx,F 22.02
FINREP,F_22.02,3.2,2022-12-31,,official_other_modules,https://www.eba.europa.eu/risk-and-data-analysis/reporting/reporting-frameworks/reporting-framework-32,EBA states all other framework modules without CON/IND/IFRS/GAAP are used from reference date 12/2022; module-specific rules override this default,3.2_layouts.zip,Annotated Table Layout 321-P2-FINREP 3.2.1.xlsx,F 22.02
FINREP,F_23.01,2.9.1.1,2019-12-31,2021-06-30,baseline,https://www.eba.europa.eu/risk-and-data-analysis/reporting/reporting-frameworks/reporting-framework-29,Pre-period DPM layout baseline,2.9.1.1_layouts.zip,Annotated Table Layout 291-FINREP 2.9.1.xlsx,F 23.01
FINREP,F_23.01,3.0,2021-06-30,2022-12-31,official,https://www.eba.europa.eu/risk-and-data-analysis/reporting/reporting-frameworks/reporting-framework-30,Reporting framework 3.0 applicable from June 2021; FINREP technical package 3.0,3.0.1_layouts.zip,Annotated Table Layout 300-P1-FINREP 3.0.xlsx,F 23.01
FINREP,F_23.01,3.2,2022-12-31,,official_other_modules,https://www.eba.europa.eu/risk-and-data-analysis/reporting/reporting-frameworks/reporting-framework-32,EBA states all other framework modules without CON/IND/IFRS/GAAP are used from reference date 12/2022; module-specific rules override this default,3.2_layouts.zip,Annotated Table Layout 321-P2-FINREP 3.2.1.xlsx,F 23.01
FINREP,F_23.02,2.9.1.1,2019-12-31,2021-06-30,baseline,https://www.eba.europa.eu/risk-and-data-analysis/reporting/reporting-frameworks/reporting-framework-29,Pre-period DPM layout baseline,2.9.1.1_layouts.zip,Annotated Table Layout 291-FINREP 2.9.1.xlsx,F 23.02
FINREP,F_23.02,3.0,2021-06-30,2022-12-31,official,https://www.eba.europa.eu/risk-and-data-analysis/reporting/reporting-frameworks/reporting-framework-30,Reporting framework 3.0 applicable from June 2021; FINREP technical package 3.0,3.0.1_layouts.zip,Annotated Table Layout 300-P1-FINREP 3.0.xlsx,F 23.02
FINREP,F_23.02,3.2,2022-12-31,,official_other_modules,https://www.eba.europa.eu/risk-and-data-analysis/reporting/reporting-frameworks/reporting-framework-32,EBA states all other framework modules without CON/IND/IFRS/GAAP are used from reference date 12/2022; module-specific rules override this default,3.2_layouts.zip,Annotated Table Layout 321-P2-FINREP 3.2.1.xlsx,F 23.02
FINREP,F_23.03,2.9.1.1,2019-12-31,2021-06-30,baseline,https://www.eba.europa.eu/risk-and-data-analysis/reporting/reporting-frameworks/reporting-framework-29,Pre-period DPM layout baseline,2.9.1.1_layouts.zip,Annotated Table Layout 291-FINREP 2.9.1.xlsx,F 23.03
FINREP,F_23.03,3.0,2021-06-30,2022-12-31,official,https://www.eba.europa.eu/risk-and-data-analysis/reporting/reporting-frameworks/reporting-framework-30,Reporting framework 3.0 applicable from June 2021; FINREP technical package 3.0,3.0.1_layouts.zip,Annotated Table Layout 300-P1-FINREP 3.0.xlsx,F 23.03
FINREP,F_23.03,3.2,2022-12-31,,official_other_modules,https://www.eba.europa.eu/risk-and-data-analysis/reporting/reporting-frameworks/reporting-framework-32,EBA states all other framework modules without CON/IND/IFRS/GAAP are used from reference date 12/2022; module-specific rules override this default,3.2_layouts.zip,Annotated Table Layout 321-P2-FINREP 3.2.1.xlsx,F 23.03
FINREP,F_23.04,2.9.1.1,2019-12-31,2021-06-30,baseline,https://www.eba.europa.eu/risk-and-data-analysis/reporting/reporting-frameworks/reporting-framework-29,Pre-period DPM layout baseline,2.9.1.1_layouts.zip,Annotated Table Layout 291-FINREP 2.9.1.xlsx,F 23.04
FINREP,F_23.04,3.0,2021-06-30,2022-12-31,official,https://www.eba.europa.eu/risk-and-data-analysis/reporting/reporting-frameworks/reporting-framework-30,Reporting framework 3.0 applicable from June 2021; FINREP technical package 3.0,3.0.1_layouts.zip,Annotated Table Layout 300-P1-FINREP 3.0.xlsx,F 23.04
FINREP,F_23.04,3.2,2022-12-31,,official_other_modules,https://www.eba.europa.eu/risk-and-data-analysis/reporting/reporting-frameworks/reporting-framework-32,EBA states all other framework modules without CON/IND/IFRS/GAAP are used from reference date 12/2022; module-specific rules override this default,3.2_layouts.zip,Annotated Table Layout 321-P2-FINREP 3.2.1.xlsx,F 23.04
FINREP,F_23.05,2.9.1.1,2019-12-31,2021-06-30,baseline,https://www.eba.europa.eu/risk-and-data-analysis/reporting/reporting-frameworks/reporting-framework-29,Pre-period DPM layout baseline,2.9.1.1_layouts.zip,Annotated Table Layout 291-FINREP 2.9.1.xlsx,F 23.05
FINREP,F_23.05,3.0,2021-06-30,2022-12-31,official,https://www.eba.europa.eu/risk-and-data-analysis/reporting/reporting-frameworks/reporting-framework-30,Reporting framework 3.0 applicable from June 2021; FINREP technical package 3.0,3.0.1_layouts.zip,Annotated Table Layout 300-P1-FINREP 3.0.xlsx,F 23.05
FINREP,F_23.05,3.2,2022-12-31,,official_other_modules,https://www.eba.europa.eu/risk-and-data-analysis/reporting/reporting-frameworks/reporting-framework-32,EBA states all other framework modules without CON/IND/IFRS/GAAP are used from reference date 12/2022; module-specific rules override this default,3.2_layouts.zip,Annotated Table Layout 321-P2-FINREP 3.2.1.xlsx,F 23.05
FINREP,F_23.06,2.9.1.1,2019-12-31,2021-06-30,baseline,https://www.eba.europa.eu/risk-and-data-analysis/reporting/reporting-frameworks/reporting-framework-29,Pre-period DPM layout baseline,2.9.1.1_layouts.zip,Annotated Table Layout 291-FINREP 2.9.1.xlsx,F 23.06
FINREP,F_23.06,3.0,2021-06-30,2022-12-31,official,https://www.eba.europa.eu/risk-and-data-analysis/reporting/reporting-frameworks/reporting-framework-30,Reporting framework 3.0 applicable from June 2021; FINREP technical package 3.0,3.0.1_layouts.zip,Annotated Table Layout 300-P1-FINREP 3.0.xlsx,F 23.06
FINREP,F_23.06,3.2,2022-12-31,,official_other_modules,https://www.eba.europa.eu/risk-and-data-analysis/reporting/reporting-frameworks/reporting-framework-32,EBA states all other framework modules without CON/IND/IFRS/GAAP are used from reference date 12/2022; module-specific rules override this default,3.2_layouts.zip,Annotated Table Layout 321-P2-FINREP 3.2.1.xlsx,F 23.06
FINREP,F_24.01,2.9.1.1,2019-12-31,2021-06-30,baseline,https://www.eba.europa.eu/risk-and-data-analysis/reporting/reporting-frameworks/reporting-framework-29,Pre-period DPM layout baseline,2.9.1.1_layouts.zip,Annotated Table Layout 291-FINREP 2.9.1.xlsx,F 24.01
FINREP,F_24.01,3.0,2021-06-30,2022-12-31,official,https://www.eba.europa.eu/risk-and-data-analysis/reporting/reporting-frameworks/reporting-framework-30,Reporting framework 3.0 applicable from June 2021; FINREP technical package 3.0,3.0.1_layouts.zip,Annotated Table Layout 300-P1-FINREP 3.0.xlsx,F 24.01
FINREP,F_24.01,3.2,2022-12-31,,official_other_modules,https://www.eba.europa.eu/risk-and-data-analysis/reporting/reporting-frameworks/reporting-framework-32,EBA states all other framework modules without CON/IND/IFRS/GAAP are used from reference date 12/2022; module-specific rules override this default,3.2_layouts.zip,Annotated Table Layout 321-P2-FINREP 3.2.1.xlsx,F 24.01
FINREP,F_24.02,2.9.1.1,2019-12-31,2021-06-30,baseline,https://www.eba.europa.eu/risk-and-data-analysis/reporting/reporting-frameworks/reporting-framework-29,Pre-period DPM layout baseline,2.9.1.1_layouts.zip,Annotated Table Layout 291-FINREP 2.9.1.xlsx,F 24.02
FINREP,F_24.02,3.0,2021-06-30,2022-12-31,official,https://www.eba.europa.eu/risk-and-data-analysis/reporting/reporting-frameworks/reporting-framework-30,Reporting framework 3.0 applicable from June 2021; FINREP technical package 3.0,3.0.1_layouts.zip,Annotated Table Layout 300-P1-FINREP 3.0.xlsx,F 24.02
FINREP,F_24.02,3.2,2022-12-31,,official_other_modules,https://www.eba.europa.eu/risk-and-data-analysis/reporting/reporting-frameworks/reporting-framework-32,EBA states all other framework modules without CON/IND/IFRS/GAAP are used from reference date 12/2022; module-specific rules override this default,3.2_layouts.zip,Annotated Table Layout 321-P2-FINREP 3.2.1.xlsx,F 24.02
FINREP,F_24.03,2.9.1.1,2019-12-31,2021-06-30,baseline,https://www.eba.europa.eu/risk-and-data-analysis/reporting/reporting-frameworks/reporting-framework-29,Pre-period DPM layout baseline,2.9.1.1_layouts.zip,Annotated Table Layout 291-FINREP 2.9.1.xlsx,F 24.03
FINREP,F_24.03,3.0,2021-06-30,2022-12-31,official,https://www.eba.europa.eu/risk-and-data-analysis/reporting/reporting-frameworks/reporting-framework-30,Reporting framework 3.0 applicable from June 2021; FINREP technical package 3.0,3.0.1_layouts.zip,Annotated Table Layout 300-P1-FINREP 3.0.xlsx,F 24.03
FINREP,F_24.03,3.2,2022-12-31,,official_other_modules,https://www.eba.europa.eu/risk-and-data-analysis/reporting/reporting-frameworks/reporting-framework-32,EBA states all other framework modules without CON/IND/IFRS/GAAP are used from reference date 12/2022; module-specific rules override this default,3.2_layouts.zip,Annotated Table Layout 321-P2-FINREP 3.2.1.xlsx,F 24.03
FINREP,F_25.01.a,2.9.1.1,2019-12-31,2021-06-30,baseline,https://www.eba.europa.eu/risk-and-data-analysis/reporting/reporting-frameworks/reporting-framework-29,Pre-period DPM layout baseline,2.9.1.1_layouts.zip,Annotated Table Layout 291-FINREP 2.9.1.xlsx,F 25.01.a
FINREP,F_25.01.a,3.0,2021-06-30,2022-12-31,official,https://www.eba.europa.eu/risk-and-data-analysis/reporting/reporting-frameworks/reporting-framework-30,Reporting framework 3.0 applicable from June 2021; FINREP technical package 3.0,3.0.1_layouts.zip,Annotated Table Layout 300-P1-FINREP 3.0.xlsx,F 25.01.a
FINREP,F_25.01.a,3.2,2022-12-31,,official_other_modules,https://www.eba.europa.eu/risk-and-data-analysis/reporting/reporting-frameworks/reporting-framework-32,EBA states all other framework modules without CON/IND/IFRS/GAAP are used from reference date 12/2022; module-specific rules override this default,3.2_layouts.zip,Annotated Table Layout 321-P2-FINREP 3.2.1.xlsx,F 25.01.a
FINREP,F_25.01.b,2.9.1.1,2019-12-31,2021-06-30,baseline,https://www.eba.europa.eu/risk-and-data-analysis/reporting/reporting-frameworks/reporting-framework-29,Pre-period DPM layout baseline,2.9.1.1_layouts.zip,Annotated Table Layout 291-FINREP 2.9.1.xlsx,F 25.01.b
FINREP,F_25.01.b,3.0,2021-06-30,2022-12-31,official,https://www.eba.europa.eu/risk-and-data-analysis/reporting/reporting-frameworks/reporting-framework-30,Reporting framework 3.0 applicable from June 2021; FINREP technical package 3.0,3.0.1_layouts.zip,Annotated Table Layout 300-P1-FINREP 3.0.xlsx,F 25.01.b
FINREP,F_25.01.b,3.2,2022-12-31,,official_other_modules,https://www.eba.europa.eu/risk-and-data-analysis/reporting/reporting-frameworks/reporting-framework-32,EBA states all other framework modules without CON/IND/IFRS/GAAP are used from reference date 12/2022; module-specific rules override this default,3.2_layouts.zip,Annotated Table Layout 321-P2-FINREP 3.2.1.xlsx,F 25.01.b
FINREP,F_25.01.c,2.9.1.1,2019-12-31,2021-06-30,baseline,https://www.eba.europa.eu/risk-and-data-analysis/reporting/reporting-frameworks/reporting-framework-29,Pre-period DPM layout baseline,2.9.1.1_layouts.zip,Annotated Table Layout 291-FINREP 2.9.1.xlsx,F 25.01.c
FINREP,F_25.01.c,3.0,2021-06-30,2022-12-31,official,https://www.eba.europa.eu/risk-and-data-analysis/reporting/reporting-frameworks/reporting-framework-30,Reporting framework 3.0 applicable from June 2021; FINREP technical package 3.0,3.0.1_layouts.zip,Annotated Table Layout 300-P1-FINREP 3.0.xlsx,F 25.01.c
FINREP,F_25.01.c,3.2,2022-12-31,,official_other_modules,https://www.eba.europa.eu/risk-and-data-analysis/reporting/reporting-frameworks/reporting-framework-32,EBA states all other framework modules without CON/IND/IFRS/GAAP are used from reference date 12/2022; module-specific rules override this default,3.2_layouts.zip,Annotated Table Layout 321-P2-FINREP 3.2.1.xlsx,F 25.01.c
FINREP,F_25.01.d,2.9.1.1,2019-12-31,2021-06-30,baseline,https://www.eba.europa.eu/risk-and-data-analysis/reporting/reporting-frameworks/reporting-framework-29,Pre-period DPM layout baseline,2.9.1.1_layouts.zip,Annotated Table Layout 291-FINREP 2.9.1.xlsx,F 25.01.d
FINREP,F_25.01.d,3.0,2021-06-30,2022-12-31,official,https://www.eba.europa.eu/risk-and-data-analysis/reporting/reporting-frameworks/reporting-framework-30,Reporting framework 3.0 applicable from June 2021; FINREP technical package 3.0,3.0.1_layouts.zip,Annotated Table Layout 300-P1-FINREP 3.0.xlsx,F 25.01.d
FINREP,F_25.01.d,3.2,2022-12-31,,official_other_modules,https://www.eba.europa.eu/risk-and-data-analysis/reporting/reporting-frameworks/reporting-framework-32,EBA states all other framework modules without CON/IND/IFRS/GAAP are used from reference date 12/2022; module-specific rules override this default,3.2_layouts.zip,Annotated Table Layout 321-P2-FINREP 3.2.1.xlsx,F 25.01.d
FINREP,F_25.02.a,2.9.1.1,2019-12-31,2021-06-30,baseline,https://www.eba.europa.eu/risk-and-data-analysis/reporting/reporting-frameworks/reporting-framework-29,Pre-period DPM layout baseline,2.9.1.1_layouts.zip,Annotated Table Layout 291-FINREP 2.9.1.xlsx,F 25.02.a
FINREP,F_25.02.a,3.0,2021-06-30,2022-12-31,official,https://www.eba.europa.eu/risk-and-data-analysis/reporting/reporting-frameworks/reporting-framework-30,Reporting framework 3.0 applicable from June 2021; FINREP technical package 3.0,3.0.1_layouts.zip,Annotated Table Layout 300-P1-FINREP 3.0.xlsx,F 25.02.a
FINREP,F_25.02.a,3.2,2022-12-31,,official_other_modules,https://www.eba.europa.eu/risk-and-data-analysis/reporting/reporting-frameworks/reporting-framework-32,EBA states all other framework modules without CON/IND/IFRS/GAAP are used from reference date 12/2022; module-specific rules override this default,3.2_layouts.zip,Annotated Table Layout 321-P2-FINREP 3.2.1.xlsx,F 25.02.a
FINREP,F_25.02.b,2.9.1.1,2019-12-31,2021-06-30,baseline,https://www.eba.europa.eu/risk-and-data-analysis/reporting/reporting-frameworks/reporting-framework-29,Pre-period DPM layout baseline,2.9.1.1_layouts.zip,Annotated Table Layout 291-FINREP 2.9.1.xlsx,F 25.02.b
FINREP,F_25.02.b,3.0,2021-06-30,2022-12-31,official,https://www.eba.europa.eu/risk-and-data-analysis/reporting/reporting-frameworks/reporting-framework-30,Reporting framework 3.0 applicable from June 2021; FINREP technical package 3.0,3.0.1_layouts.zip,Annotated Table Layout 300-P1-FINREP 3.0.xlsx,F 25.02.b
FINREP,F_25.02.b,3.2,2022-12-31,,official_other_modules,https://www.eba.europa.eu/risk-and-data-analysis/reporting/reporting-frameworks/reporting-framework-32,EBA states all other framework modules without CON/IND/IFRS/GAAP are used from reference date 12/2022; module-specific rules override this default,3.2_layouts.zip,Annotated Table Layout 321-P2-FINREP 3.2.1.xlsx,F 25.02.b
FINREP,F_25.02.c,2.9.1.1,2019-12-31,2021-06-30,baseline,https://www.eba.europa.eu/risk-and-data-analysis/reporting/reporting-frameworks/reporting-framework-29,Pre-period DPM layout baseline,2.9.1.1_layouts.zip,Annotated Table Layout 291-FINREP 2.9.1.xlsx,F 25.02.c
FINREP,F_25.02.c,3.0,2021-06-30,2022-12-31,official,https://www.eba.europa.eu/risk-and-data-analysis/reporting/reporting-frameworks/reporting-framework-30,Reporting framework 3.0 applicable from June 2021; FINREP technical package 3.0,3.0.1_layouts.zip,Annotated Table Layout 300-P1-FINREP 3.0.xlsx,F 25.02.c
FINREP,F_25.02.c,3.2,2022-12-31,,official_other_modules,https://www.eba.europa.eu/risk-and-data-analysis/reporting/reporting-frameworks/reporting-framework-32,EBA states all other framework modules without CON/IND/IFRS/GAAP are used from reference date 12/2022; module-specific rules override this default,3.2_layouts.zip,Annotated Table Layout 321-P2-FINREP 3.2.1.xlsx,F 25.02.c
FINREP,F_25.03.a,2.9.1.1,2019-12-31,2021-06-30,baseline,https://www.eba.europa.eu/risk-and-data-analysis/reporting/reporting-frameworks/reporting-framework-29,Pre-period DPM layout baseline,2.9.1.1_layouts.zip,Annotated Table Layout 291-FINREP 2.9.1.xlsx,F 25.03.a
FINREP,F_25.03.a,3.0,2021-06-30,2022-12-31,official,https://www.eba.europa.eu/risk-and-data-analysis/reporting/reporting-frameworks/reporting-framework-30,Reporting framework 3.0 applicable from June 2021; FINREP technical package 3.0,3.0.1_layouts.zip,Annotated Table Layout 300-P1-FINREP 3.0.xlsx,F 25.03.a
FINREP,F_25.03.a,3.2,2022-12-31,,official_other_modules,https://www.eba.europa.eu/risk-and-data-analysis/reporting/reporting-frameworks/reporting-framework-32,EBA states all other framework modules without CON/IND/IFRS/GAAP are used from reference date 12/2022; module-specific rules override this default,3.2_layouts.zip,Annotated Table Layout 321-P2-FINREP 3.2.1.xlsx,F 25.03.a
FINREP,F_25.03.b,2.9.1.1,2019-12-31,2021-06-30,baseline,https://www.eba.europa.eu/risk-and-data-analysis/reporting/reporting-frameworks/reporting-framework-29,Pre-period DPM layout baseline,2.9.1.1_layouts.zip,Annotated Table Layout 291-FINREP 2.9.1.xlsx,F 25.03.b
FINREP,F_25.03.b,3.0,2021-06-30,2022-12-31,official,https://www.eba.europa.eu/risk-and-data-analysis/reporting/reporting-frameworks/reporting-framework-30,Reporting framework 3.0 applicable from June 2021; FINREP technical package 3.0,3.0.1_layouts.zip,Annotated Table Layout 300-P1-FINREP 3.0.xlsx,F 25.03.b
FINREP,F_25.03.b,3.2,2022-12-31,,official_other_modules,https://www.eba.europa.eu/risk-and-data-analysis/reporting/reporting-frameworks/reporting-framework-32,EBA states all other framework modules without CON/IND/IFRS/GAAP are used from reference date 12/2022; module-specific rules override this default,3.2_layouts.zip,Annotated Table Layout 321-P2-FINREP 3.2.1.xlsx,F 25.03.b
FINREP,F_26.00.a,2.9.1.1,2019-12-31,2021-06-30,baseline,https://www.eba.europa.eu/risk-and-data-analysis/reporting/reporting-frameworks/reporting-framework-29,Pre-period DPM layout baseline,2.9.1.1_layouts.zip,Annotated Table Layout 291-FINREP 2.9.1.xlsx,F 26.00.a
FINREP,F_26.00.a,3.0,2021-06-30,2022-12-31,official,https://www.eba.europa.eu/risk-and-data-analysis/reporting/reporting-frameworks/reporting-framework-30,Reporting framework 3.0 applicable from June 2021; FINREP technical package 3.0,3.0.1_layouts.zip,Annotated Table Layout 300-P1-FINREP 3.0.xlsx,F 26.00.a
FINREP,F_26.00.a,3.2,2022-12-31,,official_other_modules,https://www.eba.europa.eu/risk-and-data-analysis/reporting/reporting-frameworks/reporting-framework-32,EBA states all other framework modules without CON/IND/IFRS/GAAP are used from reference date 12/2022; module-specific rules override this default,3.2_layouts.zip,Annotated Table Layout 321-P2-FINREP 3.2.1.xlsx,F 26.00.a
FINREP,F_26.00.b,2.9.1.1,2019-12-31,2021-06-30,baseline,https://www.eba.europa.eu/risk-and-data-analysis/reporting/reporting-frameworks/reporting-framework-29,Pre-period DPM layout baseline,2.9.1.1_layouts.zip,Annotated Table Layout 291-FINREP 2.9.1.xlsx,F 26.00.b
FINREP,F_26.00.b,3.0,2021-06-30,2022-12-31,official,https://www.eba.europa.eu/risk-and-data-analysis/reporting/reporting-frameworks/reporting-framework-30,Reporting framework 3.0 applicable from June 2021; FINREP technical package 3.0,3.0.1_layouts.zip,Annotated Table Layout 300-P1-FINREP 3.0.xlsx,F 26.00.b
FINREP,F_26.00.b,3.2,2022-12-31,,official_other_modules,https://www.eba.europa.eu/risk-and-data-analysis/reporting/reporting-frameworks/reporting-framework-32,EBA states all other framework modules without CON/IND/IFRS/GAAP are used from reference date 12/2022; module-specific rules override this default,3.2_layouts.zip,Annotated Table Layout 321-P2-FINREP 3.2.1.xlsx,F 26.00.b
FINREP,F_30.01,2.9.1.1,2019-12-31,2021-06-30,baseline,https://www.eba.europa.eu/risk-and-data-analysis/reporting/reporting-frameworks/reporting-framework-29,Pre-period DPM layout baseline,2.9.1.1_layouts.zip,Annotated Table Layout 291-FINREP 2.9.1.xlsx,F 30.01
FINREP,F_30.01,3.0,2021-06-30,2022-12-31,official,https://www.eba.europa.eu/risk-and-data-analysis/reporting/reporting-frameworks/reporting-framework-30,Reporting framework 3.0 applicable from June 2021; FINREP technical package 3.0,3.0.1_layouts.zip,Annotated Table Layout 300-P1-FINREP 3.0.xlsx,F 30.01
FINREP,F_30.01,3.2,2022-12-31,,official_other_modules,https://www.eba.europa.eu/risk-and-data-analysis/reporting/reporting-frameworks/reporting-framework-32,EBA states all other framework modules without CON/IND/IFRS/GAAP are used from reference date 12/2022; module-specific rules override this default,3.2_layouts.zip,Annotated Table Layout 321-P2-FINREP 3.2.1.xlsx,F 30.01
FINREP,F_30.02,2.9.1.1,2019-12-31,2021-06-30,baseline,https://www.eba.europa.eu/risk-and-data-analysis/reporting/reporting-frameworks/reporting-framework-29,Pre-period DPM layout baseline,2.9.1.1_layouts.zip,Annotated Table Layout 291-FINREP 2.9.1.xlsx,F 30.02
FINREP,F_30.02,3.0,2021-06-30,2022-12-31,official,https://www.eba.europa.eu/risk-and-data-analysis/reporting/reporting-frameworks/reporting-framework-30,Reporting framework 3.0 applicable from June 2021; FINREP technical package 3.0,3.0.1_layouts.zip,Annotated Table Layout 300-P1-FINREP 3.0.xlsx,F 30.02
FINREP,F_30.02,3.2,2022-12-31,,official_other_modules,https://www.eba.europa.eu/risk-and-data-analysis/reporting/reporting-frameworks/reporting-framework-32,EBA states all other framework modules without CON/IND/IFRS/GAAP are used from reference date 12/2022; module-specific rules override this default,3.2_layouts.zip,Annotated Table Layout 321-P2-FINREP 3.2.1.xlsx,F 30.02
FINREP,F_31.01,2.9.1.1,2019-12-31,2021-06-30,baseline,https://www.eba.europa.eu/risk-and-data-analysis/reporting/reporting-frameworks/reporting-framework-29,Pre-period DPM layout baseline,2.9.1.1_layouts.zip,Annotated Table Layout 291-FINREP 2.9.1.xlsx,F 31.01
FINREP,F_31.01,3.0,2021-06-30,2022-12-31,official,https://www.eba.europa.eu/risk-and-data-analysis/reporting/reporting-frameworks/reporting-framework-30,Reporting framework 3.0 applicable from June 2021; FINREP technical package 3.0,3.0.1_layouts.zip,Annotated Table Layout 300-P1-FINREP 3.0.xlsx,F 31.01
FINREP,F_31.01,3.2,2022-12-31,,official_other_modules,https://www.eba.europa.eu/risk-and-data-analysis/reporting/reporting-frameworks/reporting-framework-32,EBA states all other framework modules without CON/IND/IFRS/GAAP are used from reference date 12/2022; module-specific rules override this default,3.2_layouts.zip,Annotated Table Layout 321-P2-FINREP 3.2.1.xlsx,F 31.01
FINREP,F_31.02,2.9.1.1,2019-12-31,2021-06-30,baseline,https://www.eba.europa.eu/risk-and-data-analysis/reporting/reporting-frameworks/reporting-framework-29,Pre-period DPM layout baseline,2.9.1.1_layouts.zip,Annotated Table Layout 291-FINREP 2.9.1.xlsx,F 31.02
FINREP,F_31.02,3.0,2021-06-30,2022-12-31,official,https://www.eba.europa.eu/risk-and-data-analysis/reporting/reporting-frameworks/reporting-framework-30,Reporting framework 3.0 applicable from June 2021; FINREP technical package 3.0,3.0.1_layouts.zip,Annotated Table Layout 300-P1-FINREP 3.0.xlsx,F 31.02
FINREP,F_31.02,3.2,2022-12-31,,official_other_modules,https://www.eba.europa.eu/risk-and-data-analysis/reporting/reporting-frameworks/reporting-framework-32,EBA states all other framework modules without CON/IND/IFRS/GAAP are used from reference date 12/2022; module-specific rules override this default,3.2_layouts.zip,Annotated Table Layout 321-P2-FINREP 3.2.1.xlsx,F 31.02
FINREP,F_40.01,2.9.1.1,2019-12-31,2021-06-30,baseline,https://www.eba.europa.eu/risk-and-data-analysis/reporting/reporting-frameworks/reporting-framework-29,Pre-period DPM layout baseline,2.9.1.1_layouts.zip,Annotated Table Layout 291-FINREP 2.9.1.xlsx,F 40.01
FINREP,F_40.01,3.0,2021-06-30,2022-12-31,official,https://www.eba.europa.eu/risk-and-data-analysis/reporting/reporting-frameworks/reporting-framework-30,Reporting framework 3.0 applicable from June 2021; FINREP technical package 3.0,3.0.1_layouts.zip,Annotated Table Layout 300-P1-FINREP 3.0.xlsx,F 40.01
FINREP,F_40.01,3.2,2022-12-31,,official_other_modules,https://www.eba.europa.eu/risk-and-data-analysis/reporting/reporting-frameworks/reporting-framework-32,EBA states all other framework modules without CON/IND/IFRS/GAAP are used from reference date 12/2022; module-specific rules override this default,3.2_layouts.zip,Annotated Table Layout 321-P2-FINREP 3.2.1.xlsx,F 40.01
FINREP,F_40.02,2.9.1.1,2019-12-31,2021-06-30,baseline,https://www.eba.europa.eu/risk-and-data-analysis/reporting/reporting-frameworks/reporting-framework-29,Pre-period DPM layout baseline,2.9.1.1_layouts.zip,Annotated Table Layout 291-FINREP 2.9.1.xlsx,F 40.02
FINREP,F_40.02,3.0,2021-06-30,2022-12-31,official,https://www.eba.europa.eu/risk-and-data-analysis/reporting/reporting-frameworks/reporting-framework-30,Reporting framework 3.0 applicable from June 2021; FINREP technical package 3.0,3.0.1_layouts.zip,Annotated Table Layout 300-P1-FINREP 3.0.xlsx,F 40.02
FINREP,F_40.02,3.2,2022-12-31,,official_other_modules,https://www.eba.europa.eu/risk-and-data-analysis/reporting/reporting-frameworks/reporting-framework-32,EBA states all other framework modules without CON/IND/IFRS/GAAP are used from reference date 12/2022; module-specific rules override this default,3.2_layouts.zip,Annotated Table Layout 321-P2-FINREP 3.2.1.xlsx,F 40.02
FINREP,F_41.01,2.9.1.1,2019-12-31,2021-06-30,baseline,https://www.eba.europa.eu/risk-and-data-analysis/reporting/reporting-frameworks/reporting-framework-29,Pre-period DPM layout baseline,2.9.1.1_layouts.zip,Annotated Table Layout 291-FINREP 2.9.1.xlsx,F 41.01
FINREP,F_41.01,3.0,2021-06-30,2022-12-31,official,https://www.eba.europa.eu/risk-and-data-analysis/reporting/reporting-frameworks/reporting-framework-30,Reporting framework 3.0 applicable from June 2021; FINREP technical package 3.0,3.0.1_layouts.zip,Annotated Table Layout 300-P1-FINREP 3.0.xlsx,F 41.01
FINREP,F_41.01,3.2,2022-12-31,,official_other_modules,https://www.eba.europa.eu/risk-and-data-analysis/reporting/reporting-frameworks/reporting-framework-32,EBA states all other framework modules without CON/IND/IFRS/GAAP are used from reference date 12/2022; module-specific rules override this default,3.2_layouts.zip,Annotated Table Layout 321-P2-FINREP 3.2.1.xlsx,F 41.01
FINREP,F_41.02,2.9.1.1,2019-12-31,2021-06-30,baseline,https://www.eba.europa.eu/risk-and-data-analysis/reporting/reporting-frameworks/reporting-framework-29,Pre-period DPM layout baseline,2.9.1.1_layouts.zip,Annotated Table Layout 291-FINREP 2.9.1.xlsx,F 41.02
FINREP,F_41.02,3.0,2021-06-30,2022-12-31,official,https://www.eba.europa.eu/risk-and-data-analysis/reporting/reporting-frameworks/reporting-framework-30,Reporting framework 3.0 applicable from June 2021; FINREP technical package 3.0,3.0.1_layouts.zip,Annotated Table Layout 300-P1-FINREP 3.0.xlsx,F 41.02
FINREP,F_41.02,3.2,2022-12-31,,official_other_modules,https://www.eba.europa.eu/risk-and-data-analysis/reporting/reporting-frameworks/reporting-framework-32,EBA states all other framework modules without CON/IND/IFRS/GAAP are used from reference date 12/2022; module-specific rules override this default,3.2_layouts.zip,Annotated Table Layout 321-P2-FINREP 3.2.1.xlsx,F 41.02
FINREP,F_42.00,2.9.1.1,2019-12-31,2021-06-30,baseline,https://www.eba.europa.eu/risk-and-data-analysis/reporting/reporting-frameworks/reporting-framework-29,Pre-period DPM layout baseline,2.9.1.1_layouts.zip,Annotated Table Layout 291-FINREP 2.9.1.xlsx,F 42.00
FINREP,F_42.00,3.0,2021-06-30,2022-12-31,official,https://www.eba.europa.eu/risk-and-data-analysis/reporting/reporting-frameworks/reporting-framework-30,Reporting framework 3.0 applicable from June 2021; FINREP technical package 3.0,3.0.1_layouts.zip,Annotated Table Layout 300-P1-FINREP 3.0.xlsx,F 42.00
FINREP,F_42.00,3.2,2022-12-31,,official_other_modules,https://www.eba.europa.eu/risk-and-data-analysis/reporting/reporting-frameworks/reporting-framework-32,EBA states all other framework modules without CON/IND/IFRS/GAAP are used from reference date 12/2022; module-specific rules override this default,3.2_layouts.zip,Annotated Table Layout 321-P2-FINREP 3.2.1.xlsx,F 42.00
FINREP,F_43.00,2.9.1.1,2019-12-31,2021-06-30,baseline,https://www.eba.europa.eu/risk-and-data-analysis/reporting/reporting-frameworks/reporting-framework-29,Pre-period DPM layout baseline,2.9.1.1_layouts.zip,Annotated Table Layout 291-FINREP 2.9.1.xlsx,F 43.00
FINREP,F_43.00,3.0,2021-06-30,2022-12-31,official,https://www.eba.europa.eu/risk-and-data-analysis/reporting/reporting-frameworks/reporting-framework-30,Reporting framework 3.0 applicable from June 2021; FINREP technical package 3.0,3.0.1_layouts.zip,Annotated Table Layout 300-P1-FINREP 3.0.xlsx,F 43.00
FINREP,F_43.00,3.2,2022-12-31,,official_other_modules,https://www.eba.europa.eu/risk-and-data-analysis/reporting/reporting-frameworks/reporting-framework-32,EBA states all other framework modules without CON/IND/IFRS/GAAP are used from reference date 12/2022; module-specific rules override this default,3.2_layouts.zip,Annotated Table Layout 321-P2-FINREP 3.2.1.xlsx,F 43.00
FINREP,F_44.01,2.9.1.1,2019-12-31,2021-06-30,baseline,https://www.eba.europa.eu/risk-and-data-analysis/reporting/reporting-frameworks/reporting-framework-29,Pre-period DPM layout baseline,2.9.1.1_layouts.zip,Annotated Table Layout 291-FINREP 2.9.1.xlsx,F 44.01
FINREP,F_44.01,3.0,2021-06-30,2022-12-31,official,https://www.eba.europa.eu/risk-and-data-analysis/reporting/reporting-frameworks/reporting-framework-30,Reporting framework 3.0 applicable from June 2021; FINREP technical package 3.0,3.0.1_layouts.zip,Annotated Table Layout 300-P1-FINREP 3.0.xlsx,F 44.01
FINREP,F_44.01,3.2,2022-12-31,,official_other_modules,https://www.eba.europa.eu/risk-and-data-analysis/reporting/reporting-frameworks/reporting-framework-32,EBA states all other framework modules without CON/IND/IFRS/GAAP are used from reference date 12/2022; module-specific rules override this default,3.2_layouts.zip,Annotated Table Layout 321-P2-FINREP 3.2.1.xlsx,F 44.01
FINREP,F_44.02,2.9.1.1,2019-12-31,2021-06-30,baseline,https://www.eba.europa.eu/risk-and-data-analysis/reporting/reporting-frameworks/reporting-framework-29,Pre-period DPM layout baseline,2.9.1.1_layouts.zip,Annotated Table Layout 291-FINREP 2.9.1.xlsx,F 44.02
FINREP,F_44.02,3.0,2021-06-30,2022-12-31,official,https://www.eba.europa.eu/risk-and-data-analysis/reporting/reporting-frameworks/reporting-framework-30,Reporting framework 3.0 applicable from June 2021; FINREP technical package 3.0,3.0.1_layouts.zip,Annotated Table Layout 300-P1-FINREP 3.0.xlsx,F 44.02
FINREP,F_44.02,3.2,2022-12-31,,official_other_modules,https://www.eba.europa.eu/risk-and-data-analysis/reporting/reporting-frameworks/reporting-framework-32,EBA states all other framework modules without CON/IND/IFRS/GAAP are used from reference date 12/2022; module-specific rules override this default,3.2_layouts.zip,Annotated Table Layout 321-P2-FINREP 3.2.1.xlsx,F 44.02
FINREP,F_44.03,2.9.1.1,2019-12-31,2021-06-30,baseline,https://www.eba.europa.eu/risk-and-data-analysis/reporting/reporting-frameworks/reporting-framework-29,Pre-period DPM layout baseline,2.9.1.1_layouts.zip,Annotated Table Layout 291-FINREP 2.9.1.xlsx,F 44.03
FINREP,F_44.03,3.0,2021-06-30,2022-12-31,official,https://www.eba.europa.eu/risk-and-data-analysis/reporting/reporting-frameworks/reporting-framework-30,Reporting framework 3.0 applicable from June 2021; FINREP technical package 3.0,3.0.1_layouts.zip,Annotated Table Layout 300-P1-FINREP 3.0.xlsx,F 44.03
FINREP,F_44.03,3.2,2022-12-31,,official_other_modules,https://www.eba.europa.eu/risk-and-data-analysis/reporting/reporting-frameworks/reporting-framework-32,EBA states all other framework modules without CON/IND/IFRS/GAAP are used from reference date 12/2022; module-specific rules override this default,3.2_layouts.zip,Annotated Table Layout 321-P2-FINREP 3.2.1.xlsx,F 44.03
FINREP,F_44.04,2.9.1.1,2019-12-31,2021-06-30,baseline,https://www.eba.europa.eu/risk-and-data-analysis/reporting/reporting-frameworks/reporting-framework-29,Pre-period DPM layout baseline,2.9.1.1_layouts.zip,Annotated Table Layout 291-FINREP 2.9.1.xlsx,F 44.04
FINREP,F_44.04,3.0,2021-06-30,2022-12-31,official,https://www.eba.europa.eu/risk-and-data-analysis/reporting/reporting-frameworks/reporting-framework-30,Reporting framework 3.0 applicable from June 2021; FINREP technical package 3.0,3.0.1_layouts.zip,Annotated Table Layout 300-P1-FINREP 3.0.xlsx,F 44.04
FINREP,F_44.04,3.2,2022-12-31,,official_other_modules,https://www.eba.europa.eu/risk-and-data-analysis/reporting/reporting-frameworks/reporting-framework-32,EBA states all other framework modules without CON/IND/IFRS/GAAP are used from reference date 12/2022; module-specific rules override this default,3.2_layouts.zip,Annotated Table Layout 321-P2-FINREP 3.2.1.xlsx,F 44.04
FINREP,F_45.01,2.9.1.1,2019-12-31,2021-06-30,baseline,https://www.eba.europa.eu/risk-and-data-analysis/reporting/reporting-frameworks/reporting-framework-29,Pre-period DPM layout baseline,2.9.1.1_layouts.zip,Annotated Table Layout 291-FINREP 2.9.1.xlsx,F 45.01
FINREP,F_45.01,3.0,2021-06-30,2022-12-31,official,https://www.eba.europa.eu/risk-and-data-analysis/reporting/reporting-frameworks/reporting-framework-30,Reporting framework 3.0 applicable from June 2021; FINREP technical package 3.0,3.0.1_layouts.zip,Annotated Table Layout 300-P1-FINREP 3.0.xlsx,F 45.01
FINREP,F_45.01,3.2,2022-12-31,,official_other_modules,https://www.eba.europa.eu/risk-and-data-analysis/reporting/reporting-frameworks/reporting-framework-32,EBA states all other framework modules without CON/IND/IFRS/GAAP are used from reference date 12/2022; module-specific rules override this default,3.2_layouts.zip,Annotated Table Layout 321-P2-FINREP 3.2.1.xlsx,F 45.01
FINREP,F_45.02,2.9.1.1,2019-12-31,2021-06-30,baseline,https://www.eba.europa.eu/risk-and-data-analysis/reporting/reporting-frameworks/reporting-framework-29,Pre-period DPM layout baseline,2.9.1.1_layouts.zip,Annotated Table Layout 291-FINREP 2.9.1.xlsx,F 45.02
FINREP,F_45.02,3.0,2021-06-30,2022-12-31,official,https://www.eba.europa.eu/risk-and-data-analysis/reporting/reporting-frameworks/reporting-framework-30,Reporting framework 3.0 applicable from June 2021; FINREP technical package 3.0,3.0.1_layouts.zip,Annotated Table Layout 300-P1-FINREP 3.0.xlsx,F 45.02
FINREP,F_45.02,3.2,2022-12-31,,official_other_modules,https://www.eba.europa.eu/risk-and-data-analysis/reporting/reporting-frameworks/reporting-framework-32,EBA states all other framework modules without CON/IND/IFRS/GAAP are used from reference date 12/2022; module-specific rules override this default,3.2_layouts.zip,Annotated Table Layout 321-P2-FINREP 3.2.1.xlsx,F 45.02
FINREP,F_45.03,2.9.1.1,2019-12-31,2021-06-30,baseline,https://www.eba.europa.eu/risk-and-data-analysis/reporting/reporting-frameworks/reporting-framework-29,Pre-period DPM layout baseline,2.9.1.1_layouts.zip,Annotated Table Layout 291-FINREP 2.9.1.xlsx,F 45.03
FINREP,F_45.03,3.0,2021-06-30,2022-12-31,official,https://www.eba.europa.eu/risk-and-data-analysis/reporting/reporting-frameworks/reporting-framework-30,Reporting framework 3.0 applicable from June 2021; FINREP technical package 3.0,3.0.1_layouts.zip,Annotated Table Layout 300-P1-FINREP 3.0.xlsx,F 45.03
FINREP,F_45.03,3.2,2022-12-31,,official_other_modules,https://www.eba.europa.eu/risk-and-data-analysis/reporting/reporting-frameworks/reporting-framework-32,EBA states all other framework modules without CON/IND/IFRS/GAAP are used from reference date 12/2022; module-specific rules override this default,3.2_layouts.zip,Annotated Table Layout 321-P2-FINREP 3.2.1.xlsx,F 45.03
FINREP,F_46.00,2.9.1.1,2019-12-31,2021-06-30,baseline,https://www.eba.europa.eu/risk-and-data-analysis/reporting/reporting-frameworks/reporting-framework-29,Pre-period DPM layout baseline,2.9.1.1_layouts.zip,Annotated Table Layout 291-FINREP 2.9.1.xlsx,F 46.00
FINREP,F_46.00,3.0,2021-06-30,2022-12-31,official,https://www.eba.europa.eu/risk-and-data-analysis/reporting/reporting-frameworks/reporting-framework-30,Reporting framework 3.0 applicable from June 2021; FINREP technical package 3.0,3.0.1_layouts.zip,Annotated Table Layout 300-P1-FINREP 3.0.xlsx,F 46.00
FINREP,F_46.00,3.2,2022-12-31,,official_other_modules,https://www.eba.europa.eu/risk-and-data-analysis/reporting/reporting-frameworks/reporting-framework-32,EBA states all other framework modules without CON/IND/IFRS/GAAP are used from reference date 12/2022; module-specific rules override this default,3.2_layouts.zip,Annotated Table Layout 321-P2-FINREP 3.2.1.xlsx,F 46.00
FINREP,F_47.00,2.9.1.1,2019-12-31,2021-06-30,baseline,https://www.eba.europa.eu/risk-and-data-analysis/reporting/reporting-frameworks/reporting-framework-29,Pre-period DPM layout baseline,2.9.1.1_layouts.zip,Annotated Table Layout 291-FINREP 2.9.1.xlsx,F 47.00
FINREP,F_47.00,3.0,2021-06-30,2022-12-31,official,https://www.eba.europa.eu/risk-and-data-analysis/reporting/reporting-frameworks/reporting-framework-30,Reporting framework 3.0 applicable from June 2021; FINREP technical package 3.0,3.0.1_layouts.zip,Annotated Table Layout 300-P1-FINREP 3.0.xlsx,F 47.00
FINREP,F_47.00,3.2,2022-12-31,,official_other_modules,https://www.eba.europa.eu/risk-and-data-analysis/reporting/reporting-frameworks/reporting-framework-32,EBA states all other framework modules without CON/IND/IFRS/GAAP are used from reference date 12/2022; module-specific rules override this default,3.2_layouts.zip,Annotated Table Layout 321-P2-FINREP 3.2.1.xlsx,F 47.00
FINREP9,F_00.01,4.2,2026-03-31,,official_except_explicit_overrides,https://www.eba.europa.eu/risk-and-data-analysis/reporting-frameworks/reporting-framework-42,All other modules use the completed DPM 2.0 glossary from 03/2026; DORA excluded,4.2_layouts.zip,260106 Annotated templates/FINREP/20260106 Annotated Table Layout  FINREP 4.2 FINREP9FINREP 4.2.xlsx,F_00.01
FINREP9,F_01.01,4.2,2026-03-31,,official_except_explicit_overrides,https://www.eba.europa.eu/risk-and-data-analysis/reporting-frameworks/reporting-framework-42,All other modules use the completed DPM 2.0 glossary from 03/2026; DORA excluded,4.2_layouts.zip,260106 Annotated templates/FINREP/20260106 Annotated Table Layout  FINREP 4.2 FINREP9FINREP 4.2.xlsx,F_01.01
FINREP9,F_01.02,4.2,2026-03-31,,official_except_explicit_overrides,https://www.eba.europa.eu/risk-and-data-analysis/reporting-frameworks/reporting-framework-42,All other modules use the completed DPM 2.0 glossary from 03/2026; DORA excluded,4.2_layouts.zip,260106 Annotated templates/FINREP/20260106 Annotated Table Layout  FINREP 4.2 FINREP9FINREP 4.2.xlsx,F_01.02
FINREP9,F_01.03,4.2,2026-03-31,,official_except_explicit_overrides,https://www.eba.europa.eu/risk-and-data-analysis/reporting-frameworks/reporting-framework-42,All other modules use the completed DPM 2.0 glossary from 03/2026; DORA excluded,4.2_layouts.zip,260106 Annotated templates/FINREP/20260106 Annotated Table Layout  FINREP 4.2 FINREP9FINREP 4.2.xlsx,F_01.03
FINREP9,F_02.00,4.2,2026-03-31,,official_except_explicit_overrides,https://www.eba.europa.eu/risk-and-data-analysis/reporting-frameworks/reporting-framework-42,All other modules use the completed DPM 2.0 glossary from 03/2026; DORA excluded,4.2_layouts.zip,260106 Annotated templates/FINREP/20260106 Annotated Table Layout  FINREP 4.2 FINREP9FINREP 4.2.xlsx,F_02.00
FINREP9,F_03.00,4.2,2026-03-31,,official_except_explicit_overrides,https://www.eba.europa.eu/risk-and-data-analysis/reporting-frameworks/reporting-framework-42,All other modules use the completed DPM 2.0 glossary from 03/2026; DORA excluded,4.2_layouts.zip,260106 Annotated templates/FINREP/20260106 Annotated Table Layout  FINREP 4.2 FINREP9FINREP 4.2.xlsx,F_03.00
FINREP9,F_04.01,4.2,2026-03-31,,official_except_explicit_overrides,https://www.eba.europa.eu/risk-and-data-analysis/reporting-frameworks/reporting-framework-42,All other modules use the completed DPM 2.0 glossary from 03/2026; DORA excluded,4.2_layouts.zip,260106 Annotated templates/FINREP/20260106 Annotated Table Layout  FINREP 4.2 FINREP9FINREP 4.2.xlsx,F_04.01
FINREP9,F_04.02.1,4.2,2026-03-31,,official_except_explicit_overrides,https://www.eba.europa.eu/risk-and-data-analysis/reporting-frameworks/reporting-framework-42,All other modules use the completed DPM 2.0 glossary from 03/2026; DORA excluded,4.2_layouts.zip,260106 Annotated templates/FINREP/20260106 Annotated Table Layout  FINREP 4.2 FINREP9FINREP 4.2.xlsx,F_04.02.1
FINREP9,F_04.02.2,4.2,2026-03-31,,official_except_explicit_overrides,https://www.eba.europa.eu/risk-and-data-analysis/reporting-frameworks/reporting-framework-42,All other modules use the completed DPM 2.0 glossary from 03/2026; DORA excluded,4.2_layouts.zip,260106 Annotated templates/FINREP/20260106 Annotated Table Layout  FINREP 4.2 FINREP9FINREP 4.2.xlsx,F_04.02.2
FINREP9,F_04.03.1,4.2,2026-03-31,,official_except_explicit_overrides,https://www.eba.europa.eu/risk-and-data-analysis/reporting-frameworks/reporting-framework-42,All other modules use the completed DPM 2.0 glossary from 03/2026; DORA excluded,4.2_layouts.zip,260106 Annotated templates/FINREP/20260106 Annotated Table Layout  FINREP 4.2 FINREP9FINREP 4.2.xlsx,F_04.03.1
FINREP9,F_04.04.1,4.2,2026-03-31,,official_except_explicit_overrides,https://www.eba.europa.eu/risk-and-data-analysis/reporting-frameworks/reporting-framework-42,All other modules use the completed DPM 2.0 glossary from 03/2026; DORA excluded,4.2_layouts.zip,260106 Annotated templates/FINREP/20260106 Annotated Table Layout  FINREP 4.2 FINREP9FINREP 4.2.xlsx,F_04.04.1
FINREP9,F_04.05,4.2,2026-03-31,,official_except_explicit_overrides,https://www.eba.europa.eu/risk-and-data-analysis/reporting-frameworks/reporting-framework-42,All other modules use the completed DPM 2.0 glossary from 03/2026; DORA excluded,4.2_layouts.zip,260106 Annotated templates/FINREP/20260106 Annotated Table Layout  FINREP 4.2 FINREP9FINREP 4.2.xlsx,F_04.05
FINREP9,F_04.06,4.2,2026-03-31,,official_except_explicit_overrides,https://www.eba.europa.eu/risk-and-data-analysis/reporting-frameworks/reporting-framework-42,All other modules use the completed DPM 2.0 glossary from 03/2026; DORA excluded,4.2_layouts.zip,260106 Annotated templates/FINREP/20260106 Annotated Table Layout  FINREP 4.2 FINREP9FINREP 4.2.xlsx,F_04.06
FINREP9,F_04.07,4.2,2026-03-31,,official_except_explicit_overrides,https://www.eba.europa.eu/risk-and-data-analysis/reporting-frameworks/reporting-framework-42,All other modules use the completed DPM 2.0 glossary from 03/2026; DORA excluded,4.2_layouts.zip,260106 Annotated templates/FINREP/20260106 Annotated Table Layout  FINREP 4.2 FINREP9FINREP 4.2.xlsx,F_04.07
FINREP9,F_04.08,4.2,2026-03-31,,official_except_explicit_overrides,https://www.eba.europa.eu/risk-and-data-analysis/reporting-frameworks/reporting-framework-42,All other modules use the completed DPM 2.0 glossary from 03/2026; DORA excluded,4.2_layouts.zip,260106 Annotated templates/FINREP/20260106 Annotated Table Layout  FINREP 4.2 FINREP9FINREP 4.2.xlsx,F_04.08
FINREP9,F_04.09,4.2,2026-03-31,,official_except_explicit_overrides,https://www.eba.europa.eu/risk-and-data-analysis/reporting-frameworks/reporting-framework-42,All other modules use the completed DPM 2.0 glossary from 03/2026; DORA excluded,4.2_layouts.zip,260106 Annotated templates/FINREP/20260106 Annotated Table Layout  FINREP 4.2 FINREP9FINREP 4.2.xlsx,F_04.09
FINREP9,F_04.10,4.2,2026-03-31,,official_except_explicit_overrides,https://www.eba.europa.eu/risk-and-data-analysis/reporting-frameworks/reporting-framework-42,All other modules use the completed DPM 2.0 glossary from 03/2026; DORA excluded,4.2_layouts.zip,260106 Annotated templates/FINREP/20260106 Annotated Table Layout  FINREP 4.2 FINREP9FINREP 4.2.xlsx,F_04.10
FINREP9,F_05.01,4.2,2026-03-31,,official_except_explicit_overrides,https://www.eba.europa.eu/risk-and-data-analysis/reporting-frameworks/reporting-framework-42,All other modules use the completed DPM 2.0 glossary from 03/2026; DORA excluded,4.2_layouts.zip,260106 Annotated templates/FINREP/20260106 Annotated Table Layout  FINREP 4.2 FINREP9FINREP 4.2.xlsx,F_05.01
FINREP9,F_06.01,4.2,2026-03-31,,official_except_explicit_overrides,https://www.eba.europa.eu/risk-and-data-analysis/reporting-frameworks/reporting-framework-42,All other modules use the completed DPM 2.0 glossary from 03/2026; DORA excluded,4.2_layouts.zip,260106 Annotated templates/FINREP/20260106 Annotated Table Layout  FINREP 4.2 FINREP9FINREP 4.2.xlsx,F_06.01
FINREP9,F_07.01,4.2,2026-03-31,,official_except_explicit_overrides,https://www.eba.europa.eu/risk-and-data-analysis/reporting-frameworks/reporting-framework-42,All other modules use the completed DPM 2.0 glossary from 03/2026; DORA excluded,4.2_layouts.zip,260106 Annotated templates/FINREP/20260106 Annotated Table Layout  FINREP 4.2 FINREP9FINREP 4.2.xlsx,F_07.01
FINREP9,F_07.02,4.2,2026-03-31,,official_except_explicit_overrides,https://www.eba.europa.eu/risk-and-data-analysis/reporting-frameworks/reporting-framework-42,All other modules use the completed DPM 2.0 glossary from 03/2026; DORA excluded,4.2_layouts.zip,260106 Annotated templates/FINREP/20260106 Annotated Table Layout  FINREP 4.2 FINREP9FINREP 4.2.xlsx,F_07.02
FINREP9,F_08.01.a,4.2,2026-03-31,,official_except_explicit_overrides,https://www.eba.europa.eu/risk-and-data-analysis/reporting-frameworks/reporting-framework-42,All other modules use the completed DPM 2.0 glossary from 03/2026; DORA excluded,4.2_layouts.zip,260106 Annotated templates/FINREP/20260106 Annotated Table Layout  FINREP 4.2 FINREP9FINREP 4.2.xlsx,F_08.01.a
FINREP9,F_08.01.b,4.2,2026-03-31,,official_except_explicit_overrides,https://www.eba.europa.eu/risk-and-data-analysis/reporting-frameworks/reporting-framework-42,All other modules use the completed DPM 2.0 glossary from 03/2026; DORA excluded,4.2_layouts.zip,260106 Annotated templates/FINREP/20260106 Annotated Table Layout  FINREP 4.2 FINREP9FINREP 4.2.xlsx,F_08.01.b
FINREP9,F_08.02,4.2,2026-03-31,,official_except_explicit_overrides,https://www.eba.europa.eu/risk-and-data-analysis/reporting-frameworks/reporting-framework-42,All other modules use the completed DPM 2.0 glossary from 03/2026; DORA excluded,4.2_layouts.zip,260106 Annotated templates/FINREP/20260106 Annotated Table Layout  FINREP 4.2 FINREP9FINREP 4.2.xlsx,F_08.02
FINREP9,F_09.01,4.2,2026-03-31,,official_except_explicit_overrides,https://www.eba.europa.eu/risk-and-data-analysis/reporting-frameworks/reporting-framework-42,All other modules use the completed DPM 2.0 glossary from 03/2026; DORA excluded,4.2_layouts.zip,260106 Annotated templates/FINREP/20260106 Annotated Table Layout  FINREP 4.2 FINREP9FINREP 4.2.xlsx,F_09.01
FINREP9,F_09.01.1,4.2,2026-03-31,,official_except_explicit_overrides,https://www.eba.europa.eu/risk-and-data-analysis/reporting-frameworks/reporting-framework-42,All other modules use the completed DPM 2.0 glossary from 03/2026; DORA excluded,4.2_layouts.zip,260106 Annotated templates/FINREP/20260106 Annotated Table Layout  FINREP 4.2 FINREP9FINREP 4.2.xlsx,F_09.01.1
FINREP9,F_09.02,4.2,2026-03-31,,official_except_explicit_overrides,https://www.eba.europa.eu/risk-and-data-analysis/reporting-frameworks/reporting-framework-42,All other modules use the completed DPM 2.0 glossary from 03/2026; DORA excluded,4.2_layouts.zip,260106 Annotated templates/FINREP/20260106 Annotated Table Layout  FINREP 4.2 FINREP9FINREP 4.2.xlsx,F_09.02
FINREP9,F_10.00,4.2,2026-03-31,,official_except_explicit_overrides,https://www.eba.europa.eu/risk-and-data-analysis/reporting-frameworks/reporting-framework-42,All other modules use the completed DPM 2.0 glossary from 03/2026; DORA excluded,4.2_layouts.zip,260106 Annotated templates/FINREP/20260106 Annotated Table Layout  FINREP 4.2 FINREP9FINREP 4.2.xlsx,F_10.00
FINREP9,F_11.01,4.2,2026-03-31,,official_except_explicit_overrides,https://www.eba.europa.eu/risk-and-data-analysis/reporting-frameworks/reporting-framework-42,All other modules use the completed DPM 2.0 glossary from 03/2026; DORA excluded,4.2_layouts.zip,260106 Annotated templates/FINREP/20260106 Annotated Table Layout  FINREP 4.2 FINREP9FINREP 4.2.xlsx,F_11.01
FINREP9,F_11.02,4.2,2026-03-31,,official_except_explicit_overrides,https://www.eba.europa.eu/risk-and-data-analysis/reporting-frameworks/reporting-framework-42,All other modules use the completed DPM 2.0 glossary from 03/2026; DORA excluded,4.2_layouts.zip,260106 Annotated templates/FINREP/20260106 Annotated Table Layout  FINREP 4.2 FINREP9FINREP 4.2.xlsx,F_11.02
FINREP9,F_11.03,4.2,2026-03-31,,official_except_explicit_overrides,https://www.eba.europa.eu/risk-and-data-analysis/reporting-frameworks/reporting-framework-42,All other modules use the completed DPM 2.0 glossary from 03/2026; DORA excluded,4.2_layouts.zip,260106 Annotated templates/FINREP/20260106 Annotated Table Layout  FINREP 4.2 FINREP9FINREP 4.2.xlsx,F_11.03
FINREP9,F_11.03.1,4.2,2026-03-31,,official_except_explicit_overrides,https://www.eba.europa.eu/risk-and-data-analysis/reporting-frameworks/reporting-framework-42,All other modules use the completed DPM 2.0 glossary from 03/2026; DORA excluded,4.2_layouts.zip,260106 Annotated templates/FINREP/20260106 Annotated Table Layout  FINREP 4.2 FINREP9FINREP 4.2.xlsx,F_11.03.1
FINREP9,F_11.04,4.2,2026-03-31,,official_except_explicit_overrides,https://www.eba.europa.eu/risk-and-data-analysis/reporting-frameworks/reporting-framework-42,All other modules use the completed DPM 2.0 glossary from 03/2026; DORA excluded,4.2_layouts.zip,260106 Annotated templates/FINREP/20260106 Annotated Table Layout  FINREP 4.2 FINREP9FINREP 4.2.xlsx,F_11.04
FINREP9,F_12.00,4.2,2026-03-31,,official_except_explicit_overrides,https://www.eba.europa.eu/risk-and-data-analysis/reporting-frameworks/reporting-framework-42,All other modules use the completed DPM 2.0 glossary from 03/2026; DORA excluded,4.2_layouts.zip,260106 Annotated templates/FINREP/20260106 Annotated Table Layout  FINREP 4.2 FINREP9FINREP 4.2.xlsx,F_12.00
FINREP9,F_12.01.a,4.2,2026-03-31,,official_except_explicit_overrides,https://www.eba.europa.eu/risk-and-data-analysis/reporting-frameworks/reporting-framework-42,All other modules use the completed DPM 2.0 glossary from 03/2026; DORA excluded,4.2_layouts.zip,260106 Annotated templates/FINREP/20260106 Annotated Table Layout  FINREP 4.2 FINREP9FINREP 4.2.xlsx,F_12.01.a
FINREP9,F_12.01.b,4.2,2026-03-31,,official_except_explicit_overrides,https://www.eba.europa.eu/risk-and-data-analysis/reporting-frameworks/reporting-framework-42,All other modules use the completed DPM 2.0 glossary from 03/2026; DORA excluded,4.2_layouts.zip,260106 Annotated templates/FINREP/20260106 Annotated Table Layout  FINREP 4.2 FINREP9FINREP 4.2.xlsx,F_12.01.b
FINREP9,F_12.02,4.2,2026-03-31,,official_except_explicit_overrides,https://www.eba.europa.eu/risk-and-data-analysis/reporting-frameworks/reporting-framework-42,All other modules use the completed DPM 2.0 glossary from 03/2026; DORA excluded,4.2_layouts.zip,260106 Annotated templates/FINREP/20260106 Annotated Table Layout  FINREP 4.2 FINREP9FINREP 4.2.xlsx,F_12.02
FINREP9,F_13.01,4.2,2026-03-31,,official_except_explicit_overrides,https://www.eba.europa.eu/risk-and-data-analysis/reporting-frameworks/reporting-framework-42,All other modules use the completed DPM 2.0 glossary from 03/2026; DORA excluded,4.2_layouts.zip,260106 Annotated templates/FINREP/20260106 Annotated Table Layout  FINREP 4.2 FINREP9FINREP 4.2.xlsx,F_13.01
FINREP9,F_13.02.1.a,4.2,2026-03-31,,official_except_explicit_overrides,https://www.eba.europa.eu/risk-and-data-analysis/reporting-frameworks/reporting-framework-42,All other modules use the completed DPM 2.0 glossary from 03/2026; DORA excluded,4.2_layouts.zip,260106 Annotated templates/FINREP/20260106 Annotated Table Layout  FINREP 4.2 FINREP9FINREP 4.2.xlsx,F_13.02.1.a
FINREP9,F_13.02.1.b,4.2,2026-03-31,,official_except_explicit_overrides,https://www.eba.europa.eu/risk-and-data-analysis/reporting-frameworks/reporting-framework-42,All other modules use the completed DPM 2.0 glossary from 03/2026; DORA excluded,4.2_layouts.zip,260106 Annotated templates/FINREP/20260106 Annotated Table Layout  FINREP 4.2 FINREP9FINREP 4.2.xlsx,F_13.02.1.b
FINREP9,F_13.02.1.c,4.2,2026-03-31,,official_except_explicit_overrides,https://www.eba.europa.eu/risk-and-data-analysis/reporting-frameworks/reporting-framework-42,All other modules use the completed DPM 2.0 glossary from 03/2026; DORA excluded,4.2_layouts.zip,260106 Annotated templates/FINREP/20260106 Annotated Table Layout  FINREP 4.2 FINREP9FINREP 4.2.xlsx,F_13.02.1.c
FINREP9,F_13.03.1.a,4.2,2026-03-31,,official_except_explicit_overrides,https://www.eba.europa.eu/risk-and-data-analysis/reporting-frameworks/reporting-framework-42,All other modules use the completed DPM 2.0 glossary from 03/2026; DORA excluded,4.2_layouts.zip,260106 Annotated templates/FINREP/20260106 Annotated Table Layout  FINREP 4.2 FINREP9FINREP 4.2.xlsx,F_13.03.1.a
FINREP9,F_13.03.1.b,4.2,2026-03-31,,official_except_explicit_overrides,https://www.eba.europa.eu/risk-and-data-analysis/reporting-frameworks/reporting-framework-42,All other modules use the completed DPM 2.0 glossary from 03/2026; DORA excluded,4.2_layouts.zip,260106 Annotated templates/FINREP/20260106 Annotated Table Layout  FINREP 4.2 FINREP9FINREP 4.2.xlsx,F_13.03.1.b
FINREP9,F_13.03.1.c,4.2,2026-03-31,,official_except_explicit_overrides,https://www.eba.europa.eu/risk-and-data-analysis/reporting-frameworks/reporting-framework-42,All other modules use the completed DPM 2.0 glossary from 03/2026; DORA excluded,4.2_layouts.zip,260106 Annotated templates/FINREP/20260106 Annotated Table Layout  FINREP 4.2 FINREP9FINREP 4.2.xlsx,F_13.03.1.c
FINREP9,F_14.00,4.2,2026-03-31,,official_except_explicit_overrides,https://www.eba.europa.eu/risk-and-data-analysis/reporting-frameworks/reporting-framework-42,All other modules use the completed DPM 2.0 glossary from 03/2026; DORA excluded,4.2_layouts.zip,260106 Annotated templates/FINREP/20260106 Annotated Table Layout  FINREP 4.2 FINREP9FINREP 4.2.xlsx,F_14.00
FINREP9,F_15.00.a,4.2,2026-03-31,,official_except_explicit_overrides,https://www.eba.europa.eu/risk-and-data-analysis/reporting-frameworks/reporting-framework-42,All other modules use the completed DPM 2.0 glossary from 03/2026; DORA excluded,4.2_layouts.zip,260106 Annotated templates/FINREP/20260106 Annotated Table Layout  FINREP 4.2 FINREP9FINREP 4.2.xlsx,F_15.00.a
FINREP9,F_15.00.b,4.2,2026-03-31,,official_except_explicit_overrides,https://www.eba.europa.eu/risk-and-data-analysis/reporting-frameworks/reporting-framework-42,All other modules use the completed DPM 2.0 glossary from 03/2026; DORA excluded,4.2_layouts.zip,260106 Annotated templates/FINREP/20260106 Annotated Table Layout  FINREP 4.2 FINREP9FINREP 4.2.xlsx,F_15.00.b
FINREP9,F_16.01,4.2,2026-03-31,,official_except_explicit_overrides,https://www.eba.europa.eu/risk-and-data-analysis/reporting-frameworks/reporting-framework-42,All other modules use the completed DPM 2.0 glossary from 03/2026; DORA excluded,4.2_layouts.zip,260106 Annotated templates/FINREP/20260106 Annotated Table Layout  FINREP 4.2 FINREP9FINREP 4.2.xlsx,F_16.01
FINREP9,F_16.02,4.2,2026-03-31,,official_except_explicit_overrides,https://www.eba.europa.eu/risk-and-data-analysis/reporting-frameworks/reporting-framework-42,All other modules use the completed DPM 2.0 glossary from 03/2026; DORA excluded,4.2_layouts.zip,260106 Annotated templates/FINREP/20260106 Annotated Table Layout  FINREP 4.2 FINREP9FINREP 4.2.xlsx,F_16.02
FINREP9,F_16.03,4.2,2026-03-31,,official_except_explicit_overrides,https://www.eba.europa.eu/risk-and-data-analysis/reporting-frameworks/reporting-framework-42,All other modules use the completed DPM 2.0 glossary from 03/2026; DORA excluded,4.2_layouts.zip,260106 Annotated templates/FINREP/20260106 Annotated Table Layout  FINREP 4.2 FINREP9FINREP 4.2.xlsx,F_16.03
FINREP9,F_16.04,4.2,2026-03-31,,official_except_explicit_overrides,https://www.eba.europa.eu/risk-and-data-analysis/reporting-frameworks/reporting-framework-42,All other modules use the completed DPM 2.0 glossary from 03/2026; DORA excluded,4.2_layouts.zip,260106 Annotated templates/FINREP/20260106 Annotated Table Layout  FINREP 4.2 FINREP9FINREP 4.2.xlsx,F_16.04
FINREP9,F_16.04.1,4.2,2026-03-31,,official_except_explicit_overrides,https://www.eba.europa.eu/risk-and-data-analysis/reporting-frameworks/reporting-framework-42,All other modules use the completed DPM 2.0 glossary from 03/2026; DORA excluded,4.2_layouts.zip,260106 Annotated templates/FINREP/20260106 Annotated Table Layout  FINREP 4.2 FINREP9FINREP 4.2.xlsx,F_16.04.1
FINREP9,F_16.05,4.2,2026-03-31,,official_except_explicit_overrides,https://www.eba.europa.eu/risk-and-data-analysis/reporting-frameworks/reporting-framework-42,All other modules use the completed DPM 2.0 glossary from 03/2026; DORA excluded,4.2_layouts.zip,260106 Annotated templates/FINREP/20260106 Annotated Table Layout  FINREP 4.2 FINREP9FINREP 4.2.xlsx,F_16.05
FINREP9,F_16.06,4.2,2026-03-31,,official_except_explicit_overrides,https://www.eba.europa.eu/risk-and-data-analysis/reporting-frameworks/reporting-framework-42,All other modules use the completed DPM 2.0 glossary from 03/2026; DORA excluded,4.2_layouts.zip,260106 Annotated templates/FINREP/20260106 Annotated Table Layout  FINREP 4.2 FINREP9FINREP 4.2.xlsx,F_16.06
FINREP9,F_16.07.a,4.2,2026-03-31,,official_except_explicit_overrides,https://www.eba.europa.eu/risk-and-data-analysis/reporting-frameworks/reporting-framework-42,All other modules use the completed DPM 2.0 glossary from 03/2026; DORA excluded,4.2_layouts.zip,260106 Annotated templates/FINREP/20260106 Annotated Table Layout  FINREP 4.2 FINREP9FINREP 4.2.xlsx,F_16.07.a
FINREP9,F_16.07.b,4.2,2026-03-31,,official_except_explicit_overrides,https://www.eba.europa.eu/risk-and-data-analysis/reporting-frameworks/reporting-framework-42,All other modules use the completed DPM 2.0 glossary from 03/2026; DORA excluded,4.2_layouts.zip,260106 Annotated templates/FINREP/20260106 Annotated Table Layout  FINREP 4.2 FINREP9FINREP 4.2.xlsx,F_16.07.b
FINREP9,F_16.08,4.2,2026-03-31,,official_except_explicit_overrides,https://www.eba.europa.eu/risk-and-data-analysis/reporting-frameworks/reporting-framework-42,All other modules use the completed DPM 2.0 glossary from 03/2026; DORA excluded,4.2_layouts.zip,260106 Annotated templates/FINREP/20260106 Annotated Table Layout  FINREP 4.2 FINREP9FINREP 4.2.xlsx,F_16.08
FINREP9,F_17.01,4.2,2026-03-31,,official_except_explicit_overrides,https://www.eba.europa.eu/risk-and-data-analysis/reporting-frameworks/reporting-framework-42,All other modules use the completed DPM 2.0 glossary from 03/2026; DORA excluded,4.2_layouts.zip,260106 Annotated templates/FINREP/20260106 Annotated Table Layout  FINREP 4.2 FINREP9FINREP 4.2.xlsx,F_17.01
FINREP9,F_17.02,4.2,2026-03-31,,official_except_explicit_overrides,https://www.eba.europa.eu/risk-and-data-analysis/reporting-frameworks/reporting-framework-42,All other modules use the completed DPM 2.0 glossary from 03/2026; DORA excluded,4.2_layouts.zip,260106 Annotated templates/FINREP/20260106 Annotated Table Layout  FINREP 4.2 FINREP9FINREP 4.2.xlsx,F_17.02
FINREP9,F_17.03,4.2,2026-03-31,,official_except_explicit_overrides,https://www.eba.europa.eu/risk-and-data-analysis/reporting-frameworks/reporting-framework-42,All other modules use the completed DPM 2.0 glossary from 03/2026; DORA excluded,4.2_layouts.zip,260106 Annotated templates/FINREP/20260106 Annotated Table Layout  FINREP 4.2 FINREP9FINREP 4.2.xlsx,F_17.03
FINREP9,F_18.00.a,4.2,2026-03-31,,official_except_explicit_overrides,https://www.eba.europa.eu/risk-and-data-analysis/reporting-frameworks/reporting-framework-42,All other modules use the completed DPM 2.0 glossary from 03/2026; DORA excluded,4.2_layouts.zip,260106 Annotated templates/FINREP/20260106 Annotated Table Layout  FINREP 4.2 FINREP9FINREP 4.2.xlsx,F_18.00.a
FINREP9,F_18.00.b,4.2,2026-03-31,,official_except_explicit_overrides,https://www.eba.europa.eu/risk-and-data-analysis/reporting-frameworks/reporting-framework-42,All other modules use the completed DPM 2.0 glossary from 03/2026; DORA excluded,4.2_layouts.zip,260106 Annotated templates/FINREP/20260106 Annotated Table Layout  FINREP 4.2 FINREP9FINREP 4.2.xlsx,F_18.00.b
FINREP9,F_18.00.c,4.2,2026-03-31,,official_except_explicit_overrides,https://www.eba.europa.eu/risk-and-data-analysis/reporting-frameworks/reporting-framework-42,All other modules use the completed DPM 2.0 glossary from 03/2026; DORA excluded,4.2_layouts.zip,260106 Annotated templates/FINREP/20260106 Annotated Table Layout  FINREP 4.2 FINREP9FINREP 4.2.xlsx,F_18.00.c
FINREP9,F_18.00.d,4.2,2026-03-31,,official_except_explicit_overrides,https://www.eba.europa.eu/risk-and-data-analysis/reporting-frameworks/reporting-framework-42,All other modules use the completed DPM 2.0 glossary from 03/2026; DORA excluded,4.2_layouts.zip,260106 Annotated templates/FINREP/20260106 Annotated Table Layout  FINREP 4.2 FINREP9FINREP 4.2.xlsx,F_18.00.d
FINREP9,F_18.00.e,4.2,2026-03-31,,official_except_explicit_overrides,https://www.eba.europa.eu/risk-and-data-analysis/reporting-frameworks/reporting-framework-42,All other modules use the completed DPM 2.0 glossary from 03/2026; DORA excluded,4.2_layouts.zip,260106 Annotated templates/FINREP/20260106 Annotated Table Layout  FINREP 4.2 FINREP9FINREP 4.2.xlsx,F_18.00.e
FINREP9,F_18.01,4.2,2026-03-31,,official_except_explicit_overrides,https://www.eba.europa.eu/risk-and-data-analysis/reporting-frameworks/reporting-framework-42,All other modules use the completed DPM 2.0 glossary from 03/2026; DORA excluded,4.2_layouts.zip,260106 Annotated templates/FINREP/20260106 Annotated Table Layout  FINREP 4.2 FINREP9FINREP 4.2.xlsx,F_18.01
FINREP9,F_18.02.a,4.2,2026-03-31,,official_except_explicit_overrides,https://www.eba.europa.eu/risk-and-data-analysis/reporting-frameworks/reporting-framework-42,All other modules use the completed DPM 2.0 glossary from 03/2026; DORA excluded,4.2_layouts.zip,260106 Annotated templates/FINREP/20260106 Annotated Table Layout  FINREP 4.2 FINREP9FINREP 4.2.xlsx,F_18.02.a
FINREP9,F_18.02.b,4.2,2026-03-31,,official_except_explicit_overrides,https://www.eba.europa.eu/risk-and-data-analysis/reporting-frameworks/reporting-framework-42,All other modules use the completed DPM 2.0 glossary from 03/2026; DORA excluded,4.2_layouts.zip,260106 Annotated templates/FINREP/20260106 Annotated Table Layout  FINREP 4.2 FINREP9FINREP 4.2.xlsx,F_18.02.b
FINREP9,F_18.02.c,4.2,2026-03-31,,official_except_explicit_overrides,https://www.eba.europa.eu/risk-and-data-analysis/reporting-frameworks/reporting-framework-42,All other modules use the completed DPM 2.0 glossary from 03/2026; DORA excluded,4.2_layouts.zip,260106 Annotated templates/FINREP/20260106 Annotated Table Layout  FINREP 4.2 FINREP9FINREP 4.2.xlsx,F_18.02.c
FINREP9,F_19.00.a,4.2,2026-03-31,,official_except_explicit_overrides,https://www.eba.europa.eu/risk-and-data-analysis/reporting-frameworks/reporting-framework-42,All other modules use the completed DPM 2.0 glossary from 03/2026; DORA excluded,4.2_layouts.zip,260106 Annotated templates/FINREP/20260106 Annotated Table Layout  FINREP 4.2 FINREP9FINREP 4.2.xlsx,F_19.00.a
FINREP9,F_19.00.b,4.2,2026-03-31,,official_except_explicit_overrides,https://www.eba.europa.eu/risk-and-data-analysis/reporting-frameworks/reporting-framework-42,All other modules use the completed DPM 2.0 glossary from 03/2026; DORA excluded,4.2_layouts.zip,260106 Annotated templates/FINREP/20260106 Annotated Table Layout  FINREP 4.2 FINREP9FINREP 4.2.xlsx,F_19.00.b
FINREP9,F_19.00.c,4.2,2026-03-31,,official_except_explicit_overrides,https://www.eba.europa.eu/risk-and-data-analysis/reporting-frameworks/reporting-framework-42,All other modules use the completed DPM 2.0 glossary from 03/2026; DORA excluded,4.2_layouts.zip,260106 Annotated templates/FINREP/20260106 Annotated Table Layout  FINREP 4.2 FINREP9FINREP 4.2.xlsx,F_19.00.c
FINREP9,F_19.00.d,4.2,2026-03-31,,official_except_explicit_overrides,https://www.eba.europa.eu/risk-and-data-analysis/reporting-frameworks/reporting-framework-42,All other modules use the completed DPM 2.0 glossary from 03/2026; DORA excluded,4.2_layouts.zip,260106 Annotated templates/FINREP/20260106 Annotated Table Layout  FINREP 4.2 FINREP9FINREP 4.2.xlsx,F_19.00.d
FINREP9,F_19.00.e,4.2,2026-03-31,,official_except_explicit_overrides,https://www.eba.europa.eu/risk-and-data-analysis/reporting-frameworks/reporting-framework-42,All other modules use the completed DPM 2.0 glossary from 03/2026; DORA excluded,4.2_layouts.zip,260106 Annotated templates/FINREP/20260106 Annotated Table Layout  FINREP 4.2 FINREP9FINREP 4.2.xlsx,F_19.00.e
FINREP9,F_20.01,4.2,2026-03-31,,official_except_explicit_overrides,https://www.eba.europa.eu/risk-and-data-analysis/reporting-frameworks/reporting-framework-42,All other modules use the completed DPM 2.0 glossary from 03/2026; DORA excluded,4.2_layouts.zip,260106 Annotated templates/FINREP/20260106 Annotated Table Layout  FINREP 4.2 FINREP9FINREP 4.2.xlsx,F_20.01
FINREP9,F_20.02,4.2,2026-03-31,,official_except_explicit_overrides,https://www.eba.europa.eu/risk-and-data-analysis/reporting-frameworks/reporting-framework-42,All other modules use the completed DPM 2.0 glossary from 03/2026; DORA excluded,4.2_layouts.zip,260106 Annotated templates/FINREP/20260106 Annotated Table Layout  FINREP 4.2 FINREP9FINREP 4.2.xlsx,F_20.02
FINREP9,F_20.03,4.2,2026-03-31,,official_except_explicit_overrides,https://www.eba.europa.eu/risk-and-data-analysis/reporting-frameworks/reporting-framework-42,All other modules use the completed DPM 2.0 glossary from 03/2026; DORA excluded,4.2_layouts.zip,260106 Annotated templates/FINREP/20260106 Annotated Table Layout  FINREP 4.2 FINREP9FINREP 4.2.xlsx,F_20.03
FINREP9,F_20.04,4.2,2026-03-31,,official_except_explicit_overrides,https://www.eba.europa.eu/risk-and-data-analysis/reporting-frameworks/reporting-framework-42,All other modules use the completed DPM 2.0 glossary from 03/2026; DORA excluded,4.2_layouts.zip,260106 Annotated templates/FINREP/20260106 Annotated Table Layout  FINREP 4.2 FINREP9FINREP 4.2.xlsx,F_20.04
FINREP9,F_20.05.a,4.2,2026-03-31,,official_except_explicit_overrides,https://www.eba.europa.eu/risk-and-data-analysis/reporting-frameworks/reporting-framework-42,All other modules use the completed DPM 2.0 glossary from 03/2026; DORA excluded,4.2_layouts.zip,260106 Annotated templates/FINREP/20260106 Annotated Table Layout  FINREP 4.2 FINREP9FINREP 4.2.xlsx,F_20.05.a
FINREP9,F_20.05.b,4.2,2026-03-31,,official_except_explicit_overrides,https://www.eba.europa.eu/risk-and-data-analysis/reporting-frameworks/reporting-framework-42,All other modules use the completed DPM 2.0 glossary from 03/2026; DORA excluded,4.2_layouts.zip,260106 Annotated templates/FINREP/20260106 Annotated Table Layout  FINREP 4.2 FINREP9FINREP 4.2.xlsx,F_20.05.b
FINREP9,F_20.06,4.2,2026-03-31,,official_except_explicit_overrides,https://www.eba.europa.eu/risk-and-data-analysis/reporting-frameworks/reporting-framework-42,All other modules use the completed DPM 2.0 glossary from 03/2026; DORA excluded,4.2_layouts.zip,260106 Annotated templates/FINREP/20260106 Annotated Table Layout  FINREP 4.2 FINREP9FINREP 4.2.xlsx,F_20.06
FINREP9,F_20.07.1,4.2,2026-03-31,,official_except_explicit_overrides,https://www.eba.europa.eu/risk-and-data-analysis/reporting-frameworks/reporting-framework-42,All other modules use the completed DPM 2.0 glossary from 03/2026; DORA excluded,4.2_layouts.zip,260106 Annotated templates/FINREP/20260106 Annotated Table Layout  FINREP 4.2 FINREP9FINREP 4.2.xlsx,F_20.07.1
FINREP9,F_21.00,4.2,2026-03-31,,official_except_explicit_overrides,https://www.eba.europa.eu/risk-and-data-analysis/reporting-frameworks/reporting-framework-42,All other modules use the completed DPM 2.0 glossary from 03/2026; DORA excluded,4.2_layouts.zip,260106 Annotated templates/FINREP/20260106 Annotated Table Layout  FINREP 4.2 FINREP9FINREP 4.2.xlsx,F_21.00
FINREP9,F_22.01,4.2,2026-03-31,,official_except_explicit_overrides,https://www.eba.europa.eu/risk-and-data-analysis/reporting-frameworks/reporting-framework-42,All other modules use the completed DPM 2.0 glossary from 03/2026; DORA excluded,4.2_layouts.zip,260106 Annotated templates/FINREP/20260106 Annotated Table Layout  FINREP 4.2 FINREP9FINREP 4.2.xlsx,F_22.01
FINREP9,F_22.02,4.2,2026-03-31,,official_except_explicit_overrides,https://www.eba.europa.eu/risk-and-data-analysis/reporting-frameworks/reporting-framework-42,All other modules use the completed DPM 2.0 glossary from 03/2026; DORA excluded,4.2_layouts.zip,260106 Annotated templates/FINREP/20260106 Annotated Table Layout  FINREP 4.2 FINREP9FINREP 4.2.xlsx,F_22.02
FINREP9,F_23.01,4.2,2026-03-31,,official_except_explicit_overrides,https://www.eba.europa.eu/risk-and-data-analysis/reporting-frameworks/reporting-framework-42,All other modules use the completed DPM 2.0 glossary from 03/2026; DORA excluded,4.2_layouts.zip,260106 Annotated templates/FINREP/20260106 Annotated Table Layout  FINREP 4.2 FINREP9FINREP 4.2.xlsx,F_23.01
FINREP9,F_23.02,4.2,2026-03-31,,official_except_explicit_overrides,https://www.eba.europa.eu/risk-and-data-analysis/reporting-frameworks/reporting-framework-42,All other modules use the completed DPM 2.0 glossary from 03/2026; DORA excluded,4.2_layouts.zip,260106 Annotated templates/FINREP/20260106 Annotated Table Layout  FINREP 4.2 FINREP9FINREP 4.2.xlsx,F_23.02
FINREP9,F_23.03,4.2,2026-03-31,,official_except_explicit_overrides,https://www.eba.europa.eu/risk-and-data-analysis/reporting-frameworks/reporting-framework-42,All other modules use the completed DPM 2.0 glossary from 03/2026; DORA excluded,4.2_layouts.zip,260106 Annotated templates/FINREP/20260106 Annotated Table Layout  FINREP 4.2 FINREP9FINREP 4.2.xlsx,F_23.03
FINREP9,F_23.04,4.2,2026-03-31,,official_except_explicit_overrides,https://www.eba.europa.eu/risk-and-data-analysis/reporting-frameworks/reporting-framework-42,All other modules use the completed DPM 2.0 glossary from 03/2026; DORA excluded,4.2_layouts.zip,260106 Annotated templates/FINREP/20260106 Annotated Table Layout  FINREP 4.2 FINREP9FINREP 4.2.xlsx,F_23.04
FINREP9,F_23.05,4.2,2026-03-31,,official_except_explicit_overrides,https://www.eba.europa.eu/risk-and-data-analysis/reporting-frameworks/reporting-framework-42,All other modules use the completed DPM 2.0 glossary from 03/2026; DORA excluded,4.2_layouts.zip,260106 Annotated templates/FINREP/20260106 Annotated Table Layout  FINREP 4.2 FINREP9FINREP 4.2.xlsx,F_23.05
FINREP9,F_23.06,4.2,2026-03-31,,official_except_explicit_overrides,https://www.eba.europa.eu/risk-and-data-analysis/reporting-frameworks/reporting-framework-42,All other modules use the completed DPM 2.0 glossary from 03/2026; DORA excluded,4.2_layouts.zip,260106 Annotated templates/FINREP/20260106 Annotated Table Layout  FINREP 4.2 FINREP9FINREP 4.2.xlsx,F_23.06
FINREP9,F_24.01,4.2,2026-03-31,,official_except_explicit_overrides,https://www.eba.europa.eu/risk-and-data-analysis/reporting-frameworks/reporting-framework-42,All other modules use the completed DPM 2.0 glossary from 03/2026; DORA excluded,4.2_layouts.zip,260106 Annotated templates/FINREP/20260106 Annotated Table Layout  FINREP 4.2 FINREP9FINREP 4.2.xlsx,F_24.01
FINREP9,F_24.02,4.2,2026-03-31,,official_except_explicit_overrides,https://www.eba.europa.eu/risk-and-data-analysis/reporting-frameworks/reporting-framework-42,All other modules use the completed DPM 2.0 glossary from 03/2026; DORA excluded,4.2_layouts.zip,260106 Annotated templates/FINREP/20260106 Annotated Table Layout  FINREP 4.2 FINREP9FINREP 4.2.xlsx,F_24.02
FINREP9,F_24.03,4.2,2026-03-31,,official_except_explicit_overrides,https://www.eba.europa.eu/risk-and-data-analysis/reporting-frameworks/reporting-framework-42,All other modules use the completed DPM 2.0 glossary from 03/2026; DORA excluded,4.2_layouts.zip,260106 Annotated templates/FINREP/20260106 Annotated Table Layout  FINREP 4.2 FINREP9FINREP 4.2.xlsx,F_24.03
FINREP9,F_25.01.a,4.2,2026-03-31,,official_except_explicit_overrides,https://www.eba.europa.eu/risk-and-data-analysis/reporting-frameworks/reporting-framework-42,All other modules use the completed DPM 2.0 glossary from 03/2026; DORA excluded,4.2_layouts.zip,260106 Annotated templates/FINREP/20260106 Annotated Table Layout  FINREP 4.2 FINREP9FINREP 4.2.xlsx,F_25.01.a
FINREP9,F_25.01.b,4.2,2026-03-31,,official_except_explicit_overrides,https://www.eba.europa.eu/risk-and-data-analysis/reporting-frameworks/reporting-framework-42,All other modules use the completed DPM 2.0 glossary from 03/2026; DORA excluded,4.2_layouts.zip,260106 Annotated templates/FINREP/20260106 Annotated Table Layout  FINREP 4.2 FINREP9FINREP 4.2.xlsx,F_25.01.b
FINREP9,F_25.01.c,4.2,2026-03-31,,official_except_explicit_overrides,https://www.eba.europa.eu/risk-and-data-analysis/reporting-frameworks/reporting-framework-42,All other modules use the completed DPM 2.0 glossary from 03/2026; DORA excluded,4.2_layouts.zip,260106 Annotated templates/FINREP/20260106 Annotated Table Layout  FINREP 4.2 FINREP9FINREP 4.2.xlsx,F_25.01.c
FINREP9,F_25.01.d,4.2,2026-03-31,,official_except_explicit_overrides,https://www.eba.europa.eu/risk-and-data-analysis/reporting-frameworks/reporting-framework-42,All other modules use the completed DPM 2.0 glossary from 03/2026; DORA excluded,4.2_layouts.zip,260106 Annotated templates/FINREP/20260106 Annotated Table Layout  FINREP 4.2 FINREP9FINREP 4.2.xlsx,F_25.01.d
FINREP9,F_25.02.a,4.2,2026-03-31,,official_except_explicit_overrides,https://www.eba.europa.eu/risk-and-data-analysis/reporting-frameworks/reporting-framework-42,All other modules use the completed DPM 2.0 glossary from 03/2026; DORA excluded,4.2_layouts.zip,260106 Annotated templates/FINREP/20260106 Annotated Table Layout  FINREP 4.2 FINREP9FINREP 4.2.xlsx,F_25.02.a
FINREP9,F_25.02.b,4.2,2026-03-31,,official_except_explicit_overrides,https://www.eba.europa.eu/risk-and-data-analysis/reporting-frameworks/reporting-framework-42,All other modules use the completed DPM 2.0 glossary from 03/2026; DORA excluded,4.2_layouts.zip,260106 Annotated templates/FINREP/20260106 Annotated Table Layout  FINREP 4.2 FINREP9FINREP 4.2.xlsx,F_25.02.b
FINREP9,F_25.02.c,4.2,2026-03-31,,official_except_explicit_overrides,https://www.eba.europa.eu/risk-and-data-analysis/reporting-frameworks/reporting-framework-42,All other modules use the completed DPM 2.0 glossary from 03/2026; DORA excluded,4.2_layouts.zip,260106 Annotated templates/FINREP/20260106 Annotated Table Layout  FINREP 4.2 FINREP9FINREP 4.2.xlsx,F_25.02.c
FINREP9,F_25.03.a,4.2,2026-03-31,,official_except_explicit_overrides,https://www.eba.europa.eu/risk-and-data-analysis/reporting-frameworks/reporting-framework-42,All other modules use the completed DPM 2.0 glossary from 03/2026; DORA excluded,4.2_layouts.zip,260106 Annotated templates/FINREP/20260106 Annotated Table Layout  FINREP 4.2 FINREP9FINREP 4.2.xlsx,F_25.03.a
FINREP9,F_25.03.b,4.2,2026-03-31,,official_except_explicit_overrides,https://www.eba.europa.eu/risk-and-data-analysis/reporting-frameworks/reporting-framework-42,All other modules use the completed DPM 2.0 glossary from 03/2026; DORA excluded,4.2_layouts.zip,260106 Annotated templates/FINREP/20260106 Annotated Table Layout  FINREP 4.2 FINREP9FINREP 4.2.xlsx,F_25.03.b
FINREP9,F_26.00.a,4.2,2026-03-31,,official_except_explicit_overrides,https://www.eba.europa.eu/risk-and-data-analysis/reporting-frameworks/reporting-framework-42,All other modules use the completed DPM 2.0 glossary from 03/2026; DORA excluded,4.2_layouts.zip,260106 Annotated templates/FINREP/20260106 Annotated Table Layout  FINREP 4.2 FINREP9FINREP 4.2.xlsx,F_26.00.a
FINREP9,F_26.00.b,4.2,2026-03-31,,official_except_explicit_overrides,https://www.eba.europa.eu/risk-and-data-analysis/reporting-frameworks/reporting-framework-42,All other modules use the completed DPM 2.0 glossary from 03/2026; DORA excluded,4.2_layouts.zip,260106 Annotated templates/FINREP/20260106 Annotated Table Layout  FINREP 4.2 FINREP9FINREP 4.2.xlsx,F_26.00.b
FINREP9,F_30.01,4.2,2026-03-31,,official_except_explicit_overrides,https://www.eba.europa.eu/risk-and-data-analysis/reporting-frameworks/reporting-framework-42,All other modules use the completed DPM 2.0 glossary from 03/2026; DORA excluded,4.2_layouts.zip,260106 Annotated templates/FINREP/20260106 Annotated Table Layout  FINREP 4.2 FINREP9FINREP 4.2.xlsx,F_30.01
FINREP9,F_30.02,4.2,2026-03-31,,official_except_explicit_overrides,https://www.eba.europa.eu/risk-and-data-analysis/reporting-frameworks/reporting-framework-42,All other modules use the completed DPM 2.0 glossary from 03/2026; DORA excluded,4.2_layouts.zip,260106 Annotated templates/FINREP/20260106 Annotated Table Layout  FINREP 4.2 FINREP9FINREP 4.2.xlsx,F_30.02
FINREP9,F_31.01,4.2,2026-03-31,,official_except_explicit_overrides,https://www.eba.europa.eu/risk-and-data-analysis/reporting-frameworks/reporting-framework-42,All other modules use the completed DPM 2.0 glossary from 03/2026; DORA excluded,4.2_layouts.zip,260106 Annotated templates/FINREP/20260106 Annotated Table Layout  FINREP 4.2 FINREP9FINREP 4.2.xlsx,F_31.01
FINREP9,F_31.02,4.2,2026-03-31,,official_except_explicit_overrides,https://www.eba.europa.eu/risk-and-data-analysis/reporting-frameworks/reporting-framework-42,All other modules use the completed DPM 2.0 glossary from 03/2026; DORA excluded,4.2_layouts.zip,260106 Annotated templates/FINREP/20260106 Annotated Table Layout  FINREP 4.2 FINREP9FINREP 4.2.xlsx,F_31.02
FINREP9,F_40.01,4.2,2026-03-31,,official_except_explicit_overrides,https://www.eba.europa.eu/risk-and-data-analysis/reporting-frameworks/reporting-framework-42,All other modules use the completed DPM 2.0 glossary from 03/2026; DORA excluded,4.2_layouts.zip,260106 Annotated templates/FINREP/20260106 Annotated Table Layout  FINREP 4.2 FINREP9FINREP 4.2.xlsx,F_40.01
FINREP9,F_40.02,4.2,2026-03-31,,official_except_explicit_overrides,https://www.eba.europa.eu/risk-and-data-analysis/reporting-frameworks/reporting-framework-42,All other modules use the completed DPM 2.0 glossary from 03/2026; DORA excluded,4.2_layouts.zip,260106 Annotated templates/FINREP/20260106 Annotated Table Layout  FINREP 4.2 FINREP9FINREP 4.2.xlsx,F_40.02
FINREP9,F_41.01,4.2,2026-03-31,,official_except_explicit_overrides,https://www.eba.europa.eu/risk-and-data-analysis/reporting-frameworks/reporting-framework-42,All other modules use the completed DPM 2.0 glossary from 03/2026; DORA excluded,4.2_layouts.zip,260106 Annotated templates/FINREP/20260106 Annotated Table Layout  FINREP 4.2 FINREP9FINREP 4.2.xlsx,F_41.01
FINREP9,F_41.02,4.2,2026-03-31,,official_except_explicit_overrides,https://www.eba.europa.eu/risk-and-data-analysis/reporting-frameworks/reporting-framework-42,All other modules use the completed DPM 2.0 glossary from 03/2026; DORA excluded,4.2_layouts.zip,260106 Annotated templates/FINREP/20260106 Annotated Table Layout  FINREP 4.2 FINREP9FINREP 4.2.xlsx,F_41.02
FINREP9,F_42.00,4.2,2026-03-31,,official_except_explicit_overrides,https://www.eba.europa.eu/risk-and-data-analysis/reporting-frameworks/reporting-framework-42,All other modules use the completed DPM 2.0 glossary from 03/2026; DORA excluded,4.2_layouts.zip,260106 Annotated templates/FINREP/20260106 Annotated Table Layout  FINREP 4.2 FINREP9FINREP 4.2.xlsx,F_42.00
FINREP9,F_43.00,4.2,2026-03-31,,official_except_explicit_overrides,https://www.eba.europa.eu/risk-and-data-analysis/reporting-frameworks/reporting-framework-42,All other modules use the completed DPM 2.0 glossary from 03/2026; DORA excluded,4.2_layouts.zip,260106 Annotated templates/FINREP/20260106 Annotated Table Layout  FINREP 4.2 FINREP9FINREP 4.2.xlsx,F_43.00
FINREP9,F_44.01,4.2,2026-03-31,,official_except_explicit_overrides,https://www.eba.europa.eu/risk-and-data-analysis/reporting-frameworks/reporting-framework-42,All other modules use the completed DPM 2.0 glossary from 03/2026; DORA excluded,4.2_layouts.zip,260106 Annotated templates/FINREP/20260106 Annotated Table Layout  FINREP 4.2 FINREP9FINREP 4.2.xlsx,F_44.01
FINREP9,F_44.02,4.2,2026-03-31,,official_except_explicit_overrides,https://www.eba.europa.eu/risk-and-data-analysis/reporting-frameworks/reporting-framework-42,All other modules use the completed DPM 2.0 glossary from 03/2026; DORA excluded,4.2_layouts.zip,260106 Annotated templates/FINREP/20260106 Annotated Table Layout  FINREP 4.2 FINREP9FINREP 4.2.xlsx,F_44.02
FINREP9,F_44.03,4.2,2026-03-31,,official_except_explicit_overrides,https://www.eba.europa.eu/risk-and-data-analysis/reporting-frameworks/reporting-framework-42,All other modules use the completed DPM 2.0 glossary from 03/2026; DORA excluded,4.2_layouts.zip,260106 Annotated templates/FINREP/20260106 Annotated Table Layout  FINREP 4.2 FINREP9FINREP 4.2.xlsx,F_44.03
FINREP9,F_44.04,4.2,2026-03-31,,official_except_explicit_overrides,https://www.eba.europa.eu/risk-and-data-analysis/reporting-frameworks/reporting-framework-42,All other modules use the completed DPM 2.0 glossary from 03/2026; DORA excluded,4.2_layouts.zip,260106 Annotated templates/FINREP/20260106 Annotated Table Layout  FINREP 4.2 FINREP9FINREP 4.2.xlsx,F_44.04
FINREP9,F_45.01,4.2,2026-03-31,,official_except_explicit_overrides,https://www.eba.europa.eu/risk-and-data-analysis/reporting-frameworks/reporting-framework-42,All other modules use the completed DPM 2.0 glossary from 03/2026; DORA excluded,4.2_layouts.zip,260106 Annotated templates/FINREP/20260106 Annotated Table Layout  FINREP 4.2 FINREP9FINREP 4.2.xlsx,F_45.01
FINREP9,F_45.02,4.2,2026-03-31,,official_except_explicit_overrides,https://www.eba.europa.eu/risk-and-data-analysis/reporting-frameworks/reporting-framework-42,All other modules use the completed DPM 2.0 glossary from 03/2026; DORA excluded,4.2_layouts.zip,260106 Annotated templates/FINREP/20260106 Annotated Table Layout  FINREP 4.2 FINREP9FINREP 4.2.xlsx,F_45.02
FINREP9,F_45.03,4.2,2026-03-31,,official_except_explicit_overrides,https://www.eba.europa.eu/risk-and-data-analysis/reporting-frameworks/reporting-framework-42,All other modules use the completed DPM 2.0 glossary from 03/2026; DORA excluded,4.2_layouts.zip,260106 Annotated templates/FINREP/20260106 Annotated Table Layout  FINREP 4.2 FINREP9FINREP 4.2.xlsx,F_45.03
FINREP9,F_46.00,4.2,2026-03-31,,official_except_explicit_overrides,https://www.eba.europa.eu/risk-and-data-analysis/reporting-frameworks/reporting-framework-42,All other modules use the completed DPM 2.0 glossary from 03/2026; DORA excluded,4.2_layouts.zip,260106 Annotated templates/FINREP/20260106 Annotated Table Layout  FINREP 4.2 FINREP9FINREP 4.2.xlsx,F_46.00
FINREP9,F_47.00,4.2,2026-03-31,,official_except_explicit_overrides,https://www.eba.europa.eu/risk-and-data-analysis/reporting-frameworks/reporting-framework-42,All other modules use the completed DPM 2.0 glossary from 03/2026; DORA excluded,4.2_layouts.zip,260106 Annotated templates/FINREP/20260106 Annotated Table Layout  FINREP 4.2 FINREP9FINREP 4.2.xlsx,F_47.00
FINREP9DP,F_00.01,4.2.1,2026-03-31,,official,https://www.eba.europa.eu/risk-and-data-analysis/reporting-frameworks/reporting-framework-42,FINREP datapoints module and 4.2.1 package first reference date 03/2026,4.2_layouts.zip,260106 Annotated templates/FINREP/20260210 Annotated Table Layout  FINREP 4.2.1 FINREP9DPFINREP 4.2.1.xlsx,F_00.01
FINREP9DP,F_01.01,4.2.1,2026-03-31,,official,https://www.eba.europa.eu/risk-and-data-analysis/reporting-frameworks/reporting-framework-42,FINREP datapoints module and 4.2.1 package first reference date 03/2026,4.2_layouts.zip,260106 Annotated templates/FINREP/20260210 Annotated Table Layout  FINREP 4.2.1 FINREP9DPFINREP 4.2.1.xlsx,F_01.01
FINREP9DP,F_01.01.dp,4.2.1,2026-03-31,,official,https://www.eba.europa.eu/risk-and-data-analysis/reporting-frameworks/reporting-framework-42,FINREP datapoints module and 4.2.1 package first reference date 03/2026,4.2_layouts.zip,260106 Annotated templates/FINREP/20260210 Annotated Table Layout  FINREP 4.2.1 FINREP9DPFINREP 4.2.1.xlsx,F_01.01.dp
FINREP9DP,F_01.02,4.2.1,2026-03-31,,official,https://www.eba.europa.eu/risk-and-data-analysis/reporting-frameworks/reporting-framework-42,FINREP datapoints module and 4.2.1 package first reference date 03/2026,4.2_layouts.zip,260106 Annotated templates/FINREP/20260210 Annotated Table Layout  FINREP 4.2.1 FINREP9DPFINREP 4.2.1.xlsx,F_01.02
FINREP9DP,F_01.02.dp,4.2.1,2026-03-31,,official,https://www.eba.europa.eu/risk-and-data-analysis/reporting-frameworks/reporting-framework-42,FINREP datapoints module and 4.2.1 package first reference date 03/2026,4.2_layouts.zip,260106 Annotated templates/FINREP/20260210 Annotated Table Layout  FINREP 4.2.1 FINREP9DPFINREP 4.2.1.xlsx,F_01.02.dp
FINREP9DP,F_01.03,4.2.1,2026-03-31,,official,https://www.eba.europa.eu/risk-and-data-analysis/reporting-frameworks/reporting-framework-42,FINREP datapoints module and 4.2.1 package first reference date 03/2026,4.2_layouts.zip,260106 Annotated templates/FINREP/20260210 Annotated Table Layout  FINREP 4.2.1 FINREP9DPFINREP 4.2.1.xlsx,F_01.03
FINREP9DP,F_01.03.dp,4.2.1,2026-03-31,,official,https://www.eba.europa.eu/risk-and-data-analysis/reporting-frameworks/reporting-framework-42,FINREP datapoints module and 4.2.1 package first reference date 03/2026,4.2_layouts.zip,260106 Annotated templates/FINREP/20260210 Annotated Table Layout  FINREP 4.2.1 FINREP9DPFINREP 4.2.1.xlsx,F_01.03.dp
FINREP9DP,F_02.00,4.2.1,2026-03-31,,official,https://www.eba.europa.eu/risk-and-data-analysis/reporting-frameworks/reporting-framework-42,FINREP datapoints module and 4.2.1 package first reference date 03/2026,4.2_layouts.zip,260106 Annotated templates/FINREP/20260210 Annotated Table Layout  FINREP 4.2.1 FINREP9DPFINREP 4.2.1.xlsx,F_02.00
FINREP9DP,F_02.00.dp,4.2.1,2026-03-31,,official,https://www.eba.europa.eu/risk-and-data-analysis/reporting-frameworks/reporting-framework-42,FINREP datapoints module and 4.2.1 package first reference date 03/2026,4.2_layouts.zip,260106 Annotated templates/FINREP/20260210 Annotated Table Layout  FINREP 4.2.1 FINREP9DPFINREP 4.2.1.xlsx,F_02.00.dp
FINREP9DP,F_03.00,4.2.1,2026-03-31,,official,https://www.eba.europa.eu/risk-and-data-analysis/reporting-frameworks/reporting-framework-42,FINREP datapoints module and 4.2.1 package first reference date 03/2026,4.2_layouts.zip,260106 Annotated templates/FINREP/20260210 Annotated Table Layout  FINREP 4.2.1 FINREP9DPFINREP 4.2.1.xlsx,F_03.00
FINREP9DP,F_04.01,4.2.1,2026-03-31,,official,https://www.eba.europa.eu/risk-and-data-analysis/reporting-frameworks/reporting-framework-42,FINREP datapoints module and 4.2.1 package first reference date 03/2026,4.2_layouts.zip,260106 Annotated templates/FINREP/20260210 Annotated Table Layout  FINREP 4.2.1 FINREP9DPFINREP 4.2.1.xlsx,F_04.01
FINREP9DP,F_04.02.1,4.2.1,2026-03-31,,official,https://www.eba.europa.eu/risk-and-data-analysis/reporting-frameworks/reporting-framework-42,FINREP datapoints module and 4.2.1 package first reference date 03/2026,4.2_layouts.zip,260106 Annotated templates/FINREP/20260210 Annotated Table Layout  FINREP 4.2.1 FINREP9DPFINREP 4.2.1.xlsx,F_04.02.1
FINREP9DP,F_04.02.2,4.2.1,2026-03-31,,official,https://www.eba.europa.eu/risk-and-data-analysis/reporting-frameworks/reporting-framework-42,FINREP datapoints module and 4.2.1 package first reference date 03/2026,4.2_layouts.zip,260106 Annotated templates/FINREP/20260210 Annotated Table Layout  FINREP 4.2.1 FINREP9DPFINREP 4.2.1.xlsx,F_04.02.2
FINREP9DP,F_04.03.1,4.2.1,2026-03-31,,official,https://www.eba.europa.eu/risk-and-data-analysis/reporting-frameworks/reporting-framework-42,FINREP datapoints module and 4.2.1 package first reference date 03/2026,4.2_layouts.zip,260106 Annotated templates/FINREP/20260210 Annotated Table Layout  FINREP 4.2.1 FINREP9DPFINREP 4.2.1.xlsx,F_04.03.1
FINREP9DP,F_04.04.1,4.2.1,2026-03-31,,official,https://www.eba.europa.eu/risk-and-data-analysis/reporting-frameworks/reporting-framework-42,FINREP datapoints module and 4.2.1 package first reference date 03/2026,4.2_layouts.zip,260106 Annotated templates/FINREP/20260210 Annotated Table Layout  FINREP 4.2.1 FINREP9DPFINREP 4.2.1.xlsx,F_04.04.1
FINREP9DP,F_04.05,4.2.1,2026-03-31,,official,https://www.eba.europa.eu/risk-and-data-analysis/reporting-frameworks/reporting-framework-42,FINREP datapoints module and 4.2.1 package first reference date 03/2026,4.2_layouts.zip,260106 Annotated templates/FINREP/20260210 Annotated Table Layout  FINREP 4.2.1 FINREP9DPFINREP 4.2.1.xlsx,F_04.05
FINREP9DP,F_04.06,4.2.1,2026-03-31,,official,https://www.eba.europa.eu/risk-and-data-analysis/reporting-frameworks/reporting-framework-42,FINREP datapoints module and 4.2.1 package first reference date 03/2026,4.2_layouts.zip,260106 Annotated templates/FINREP/20260210 Annotated Table Layout  FINREP 4.2.1 FINREP9DPFINREP 4.2.1.xlsx,F_04.06
FINREP9DP,F_04.07,4.2.1,2026-03-31,,official,https://www.eba.europa.eu/risk-and-data-analysis/reporting-frameworks/reporting-framework-42,FINREP datapoints module and 4.2.1 package first reference date 03/2026,4.2_layouts.zip,260106 Annotated templates/FINREP/20260210 Annotated Table Layout  FINREP 4.2.1 FINREP9DPFINREP 4.2.1.xlsx,F_04.07
FINREP9DP,F_04.08,4.2.1,2026-03-31,,official,https://www.eba.europa.eu/risk-and-data-analysis/reporting-frameworks/reporting-framework-42,FINREP datapoints module and 4.2.1 package first reference date 03/2026,4.2_layouts.zip,260106 Annotated templates/FINREP/20260210 Annotated Table Layout  FINREP 4.2.1 FINREP9DPFINREP 4.2.1.xlsx,F_04.08
FINREP9DP,F_04.09,4.2.1,2026-03-31,,official,https://www.eba.europa.eu/risk-and-data-analysis/reporting-frameworks/reporting-framework-42,FINREP datapoints module and 4.2.1 package first reference date 03/2026,4.2_layouts.zip,260106 Annotated templates/FINREP/20260210 Annotated Table Layout  FINREP 4.2.1 FINREP9DPFINREP 4.2.1.xlsx,F_04.09
FINREP9DP,F_04.10,4.2.1,2026-03-31,,official,https://www.eba.europa.eu/risk-and-data-analysis/reporting-frameworks/reporting-framework-42,FINREP datapoints module and 4.2.1 package first reference date 03/2026,4.2_layouts.zip,260106 Annotated templates/FINREP/20260210 Annotated Table Layout  FINREP 4.2.1 FINREP9DPFINREP 4.2.1.xlsx,F_04.10
FINREP9DP,F_05.01,4.2.1,2026-03-31,,official,https://www.eba.europa.eu/risk-and-data-analysis/reporting-frameworks/reporting-framework-42,FINREP datapoints module and 4.2.1 package first reference date 03/2026,4.2_layouts.zip,260106 Annotated templates/FINREP/20260210 Annotated Table Layout  FINREP 4.2.1 FINREP9DPFINREP 4.2.1.xlsx,F_05.01
FINREP9DP,F_05.01.dp,4.2.1,2026-03-31,,official,https://www.eba.europa.eu/risk-and-data-analysis/reporting-frameworks/reporting-framework-42,FINREP datapoints module and 4.2.1 package first reference date 03/2026,4.2_layouts.zip,260106 Annotated templates/FINREP/20260210 Annotated Table Layout  FINREP 4.2.1 FINREP9DPFINREP 4.2.1.xlsx,F_05.01.dp
FINREP9DP,F_06.01,4.2.1,2026-03-31,,official,https://www.eba.europa.eu/risk-and-data-analysis/reporting-frameworks/reporting-framework-42,FINREP datapoints module and 4.2.1 package first reference date 03/2026,4.2_layouts.zip,260106 Annotated templates/FINREP/20260210 Annotated Table Layout  FINREP 4.2.1 FINREP9DPFINREP 4.2.1.xlsx,F_06.01
FINREP9DP,F_07.01,4.2.1,2026-03-31,,official,https://www.eba.europa.eu/risk-and-data-analysis/reporting-frameworks/reporting-framework-42,FINREP datapoints module and 4.2.1 package first reference date 03/2026,4.2_layouts.zip,260106 Annotated templates/FINREP/20260210 Annotated Table Layout  FINREP 4.2.1 FINREP9DPFINREP 4.2.1.xlsx,F_07.01
FINREP9DP,F_07.02,4.2.1,2026-03-31,,official,https://www.eba.europa.eu/risk-and-data-analysis/reporting-frameworks/reporting-framework-42,FINREP datapoints module and 4.2.1 package first reference date 03/2026,4.2_layouts.zip,260106 Annotated templates/FINREP/20260210 Annotated Table Layout  FINREP 4.2.1 FINREP9DPFINREP 4.2.1.xlsx,F_07.02
FINREP9DP,F_08.01.a,4.2.1,2026-03-31,,official,https://www.eba.europa.eu/risk-and-data-analysis/reporting-frameworks/reporting-framework-42,FINREP datapoints module and 4.2.1 package first reference date 03/2026,4.2_layouts.zip,260106 Annotated templates/FINREP/20260210 Annotated Table Layout  FINREP 4.2.1 FINREP9DPFINREP 4.2.1.xlsx,F_08.01.a
FINREP9DP,F_08.01.b,4.2.1,2026-03-31,,official,https://www.eba.europa.eu/risk-and-data-analysis/reporting-frameworks/reporting-framework-42,FINREP datapoints module and 4.2.1 package first reference date 03/2026,4.2_layouts.zip,260106 Annotated templates/FINREP/20260210 Annotated Table Layout  FINREP 4.2.1 FINREP9DPFINREP 4.2.1.xlsx,F_08.01.b
FINREP9DP,F_08.01.dp,4.2.1,2026-03-31,,official,https://www.eba.europa.eu/risk-and-data-analysis/reporting-frameworks/reporting-framework-42,FINREP datapoints module and 4.2.1 package first reference date 03/2026,4.2_layouts.zip,260106 Annotated templates/FINREP/20260210 Annotated Table Layout  FINREP 4.2.1 FINREP9DPFINREP 4.2.1.xlsx,F_08.01.dp
FINREP9DP,F_08.02,4.2.1,2026-03-31,,official,https://www.eba.europa.eu/risk-and-data-analysis/reporting-frameworks/reporting-framework-42,FINREP datapoints module and 4.2.1 package first reference date 03/2026,4.2_layouts.zip,260106 Annotated templates/FINREP/20260210 Annotated Table Layout  FINREP 4.2.1 FINREP9DPFINREP 4.2.1.xlsx,F_08.02
FINREP9DP,F_08.02.dp,4.2.1,2026-03-31,,official,https://www.eba.europa.eu/risk-and-data-analysis/reporting-frameworks/reporting-framework-42,FINREP datapoints module and 4.2.1 package first reference date 03/2026,4.2_layouts.zip,260106 Annotated templates/FINREP/20260210 Annotated Table Layout  FINREP 4.2.1 FINREP9DPFINREP 4.2.1.xlsx,F_08.02.dp
FINREP9DP,F_09.01,4.2.1,2026-03-31,,official,https://www.eba.europa.eu/risk-and-data-analysis/reporting-frameworks/reporting-framework-42,FINREP datapoints module and 4.2.1 package first reference date 03/2026,4.2_layouts.zip,260106 Annotated templates/FINREP/20260210 Annotated Table Layout  FINREP 4.2.1 FINREP9DPFINREP 4.2.1.xlsx,F_09.01
FINREP9DP,F_09.01.1,4.2.1,2026-03-31,,official,https://www.eba.europa.eu/risk-and-data-analysis/reporting-frameworks/reporting-framework-42,FINREP datapoints module and 4.2.1 package first reference date 03/2026,4.2_layouts.zip,260106 Annotated templates/FINREP/20260210 Annotated Table Layout  FINREP 4.2.1 FINREP9DPFINREP 4.2.1.xlsx,F_09.01.1
FINREP9DP,F_09.02,4.2.1,2026-03-31,,official,https://www.eba.europa.eu/risk-and-data-analysis/reporting-frameworks/reporting-framework-42,FINREP datapoints module and 4.2.1 package first reference date 03/2026,4.2_layouts.zip,260106 Annotated templates/FINREP/20260210 Annotated Table Layout  FINREP 4.2.1 FINREP9DPFINREP 4.2.1.xlsx,F_09.02
FINREP9DP,F_10.00,4.2.1,2026-03-31,,official,https://www.eba.europa.eu/risk-and-data-analysis/reporting-frameworks/reporting-framework-42,FINREP datapoints module and 4.2.1 package first reference date 03/2026,4.2_layouts.zip,260106 Annotated templates/FINREP/20260210 Annotated Table Layout  FINREP 4.2.1 FINREP9DPFINREP 4.2.1.xlsx,F_10.00
FINREP9DP,F_10.00.dp,4.2.1,2026-03-31,,official,https://www.eba.europa.eu/risk-and-data-analysis/reporting-frameworks/reporting-framework-42,FINREP datapoints module and 4.2.1 package first reference date 03/2026,4.2_layouts.zip,260106 Annotated templates/FINREP/20260210 Annotated Table Layout  FINREP 4.2.1 FINREP9DPFINREP 4.2.1.xlsx,F_10.00.dp
FINREP9DP,F_11.01,4.2.1,2026-03-31,,official,https://www.eba.europa.eu/risk-and-data-analysis/reporting-frameworks/reporting-framework-42,FINREP datapoints module and 4.2.1 package first reference date 03/2026,4.2_layouts.zip,260106 Annotated templates/FINREP/20260210 Annotated Table Layout  FINREP 4.2.1 FINREP9DPFINREP 4.2.1.xlsx,F_11.01
FINREP9DP,F_11.01.dp,4.2.1,2026-03-31,,official,https://www.eba.europa.eu/risk-and-data-analysis/reporting-frameworks/reporting-framework-42,FINREP datapoints module and 4.2.1 package first reference date 03/2026,4.2_layouts.zip,260106 Annotated templates/FINREP/20260210 Annotated Table Layout  FINREP 4.2.1 FINREP9DPFINREP 4.2.1.xlsx,F_11.01.dp
FINREP9DP,F_11.02,4.2.1,2026-03-31,,official,https://www.eba.europa.eu/risk-and-data-analysis/reporting-frameworks/reporting-framework-42,FINREP datapoints module and 4.2.1 package first reference date 03/2026,4.2_layouts.zip,260106 Annotated templates/FINREP/20260210 Annotated Table Layout  FINREP 4.2.1 FINREP9DPFINREP 4.2.1.xlsx,F_11.02
FINREP9DP,F_11.02.dp,4.2.1,2026-03-31,,official,https://www.eba.europa.eu/risk-and-data-analysis/reporting-frameworks/reporting-framework-42,FINREP datapoints module and 4.2.1 package first reference date 03/2026,4.2_layouts.zip,260106 Annotated templates/FINREP/20260210 Annotated Table Layout  FINREP 4.2.1 FINREP9DPFINREP 4.2.1.xlsx,F_11.02.dp
FINREP9DP,F_11.03,4.2.1,2026-03-31,,official,https://www.eba.europa.eu/risk-and-data-analysis/reporting-frameworks/reporting-framework-42,FINREP datapoints module and 4.2.1 package first reference date 03/2026,4.2_layouts.zip,260106 Annotated templates/FINREP/20260210 Annotated Table Layout  FINREP 4.2.1 FINREP9DPFINREP 4.2.1.xlsx,F_11.03
FINREP9DP,F_11.03.1,4.2.1,2026-03-31,,official,https://www.eba.europa.eu/risk-and-data-analysis/reporting-frameworks/reporting-framework-42,FINREP datapoints module and 4.2.1 package first reference date 03/2026,4.2_layouts.zip,260106 Annotated templates/FINREP/20260210 Annotated Table Layout  FINREP 4.2.1 FINREP9DPFINREP 4.2.1.xlsx,F_11.03.1
FINREP9DP,F_11.04,4.2.1,2026-03-31,,official,https://www.eba.europa.eu/risk-and-data-analysis/reporting-frameworks/reporting-framework-42,FINREP datapoints module and 4.2.1 package first reference date 03/2026,4.2_layouts.zip,260106 Annotated templates/FINREP/20260210 Annotated Table Layout  FINREP 4.2.1 FINREP9DPFINREP 4.2.1.xlsx,F_11.04
FINREP9DP,F_12.00,4.2.1,2026-03-31,,official,https://www.eba.europa.eu/risk-and-data-analysis/reporting-frameworks/reporting-framework-42,FINREP datapoints module and 4.2.1 package first reference date 03/2026,4.2_layouts.zip,260106 Annotated templates/FINREP/20260210 Annotated Table Layout  FINREP 4.2.1 FINREP9DPFINREP 4.2.1.xlsx,F_12.00
FINREP9DP,F_12.01.a,4.2.1,2026-03-31,,official,https://www.eba.europa.eu/risk-and-data-analysis/reporting-frameworks/reporting-framework-42,FINREP datapoints module and 4.2.1 package first reference date 03/2026,4.2_layouts.zip,260106 Annotated templates/FINREP/20260210 Annotated Table Layout  FINREP 4.2.1 FINREP9DPFINREP 4.2.1.xlsx,F_12.01.a
FINREP9DP,F_12.01.b,4.2.1,2026-03-31,,official,https://www.eba.europa.eu/risk-and-data-analysis/reporting-frameworks/reporting-framework-42,FINREP datapoints module and 4.2.1 package first reference date 03/2026,4.2_layouts.zip,260106 Annotated templates/FINREP/20260210 Annotated Table Layout  FINREP 4.2.1 FINREP9DPFINREP 4.2.1.xlsx,F_12.01.b
FINREP9DP,F_12.02,4.2.1,2026-03-31,,official,https://www.eba.europa.eu/risk-and-data-analysis/reporting-frameworks/reporting-framework-42,FINREP datapoints module and 4.2.1 package first reference date 03/2026,4.2_layouts.zip,260106 Annotated templates/FINREP/20260210 Annotated Table Layout  FINREP 4.2.1 FINREP9DPFINREP 4.2.1.xlsx,F_12.02
FINREP9DP,F_13.01,4.2.1,2026-03-31,,official,https://www.eba.europa.eu/risk-and-data-analysis/reporting-frameworks/reporting-framework-42,FINREP datapoints module and 4.2.1 package first reference date 03/2026,4.2_layouts.zip,260106 Annotated templates/FINREP/20260210 Annotated Table Layout  FINREP 4.2.1 FINREP9DPFINREP 4.2.1.xlsx,F_13.01
FINREP9DP,F_13.02.1.a,4.2.1,2026-03-31,,official,https://www.eba.europa.eu/risk-and-data-analysis/reporting-frameworks/reporting-framework-42,FINREP datapoints module and 4.2.1 package first reference date 03/2026,4.2_layouts.zip,260106 Annotated templates/FINREP/20260210 Annotated Table Layout  FINREP 4.2.1 FINREP9DPFINREP 4.2.1.xlsx,F_13.02.1.a
FINREP9DP,F_13.02.1.b,4.2.1,2026-03-31,,official,https://www.eba.europa.eu/risk-and-data-analysis/reporting-frameworks/reporting-framework-42,FINREP datapoints module and 4.2.1 package first reference date 03/2026,4.2_layouts.zip,260106 Annotated templates/FINREP/20260210 Annotated Table Layout  FINREP 4.2.1 FINREP9DPFINREP 4.2.1.xlsx,F_13.02.1.b
FINREP9DP,F_13.02.1.c,4.2.1,2026-03-31,,official,https://www.eba.europa.eu/risk-and-data-analysis/reporting-frameworks/reporting-framework-42,FINREP datapoints module and 4.2.1 package first reference date 03/2026,4.2_layouts.zip,260106 Annotated templates/FINREP/20260210 Annotated Table Layout  FINREP 4.2.1 FINREP9DPFINREP 4.2.1.xlsx,F_13.02.1.c
FINREP9DP,F_13.03.1.a,4.2.1,2026-03-31,,official,https://www.eba.europa.eu/risk-and-data-analysis/reporting-frameworks/reporting-framework-42,FINREP datapoints module and 4.2.1 package first reference date 03/2026,4.2_layouts.zip,260106 Annotated templates/FINREP/20260210 Annotated Table Layout  FINREP 4.2.1 FINREP9DPFINREP 4.2.1.xlsx,F_13.03.1.a
FINREP9DP,F_13.03.1.b,4.2.1,2026-03-31,,official,https://www.eba.europa.eu/risk-and-data-analysis/reporting-frameworks/reporting-framework-42,FINREP datapoints module and 4.2.1 package first reference date 03/2026,4.2_layouts.zip,260106 Annotated templates/FINREP/20260210 Annotated Table Layout  FINREP 4.2.1 FINREP9DPFINREP 4.2.1.xlsx,F_13.03.1.b
FINREP9DP,F_13.03.1.c,4.2.1,2026-03-31,,official,https://www.eba.europa.eu/risk-and-data-analysis/reporting-frameworks/reporting-framework-42,FINREP datapoints module and 4.2.1 package first reference date 03/2026,4.2_layouts.zip,260106 Annotated templates/FINREP/20260210 Annotated Table Layout  FINREP 4.2.1 FINREP9DPFINREP 4.2.1.xlsx,F_13.03.1.c
FINREP9DP,F_14.00,4.2.1,2026-03-31,,official,https://www.eba.europa.eu/risk-and-data-analysis/reporting-frameworks/reporting-framework-42,FINREP datapoints module and 4.2.1 package first reference date 03/2026,4.2_layouts.zip,260106 Annotated templates/FINREP/20260210 Annotated Table Layout  FINREP 4.2.1 FINREP9DPFINREP 4.2.1.xlsx,F_14.00
FINREP9DP,F_15.00.a,4.2.1,2026-03-31,,official,https://www.eba.europa.eu/risk-and-data-analysis/reporting-frameworks/reporting-framework-42,FINREP datapoints module and 4.2.1 package first reference date 03/2026,4.2_layouts.zip,260106 Annotated templates/FINREP/20260210 Annotated Table Layout  FINREP 4.2.1 FINREP9DPFINREP 4.2.1.xlsx,F_15.00.a
FINREP9DP,F_15.00.b,4.2.1,2026-03-31,,official,https://www.eba.europa.eu/risk-and-data-analysis/reporting-frameworks/reporting-framework-42,FINREP datapoints module and 4.2.1 package first reference date 03/2026,4.2_layouts.zip,260106 Annotated templates/FINREP/20260210 Annotated Table Layout  FINREP 4.2.1 FINREP9DPFINREP 4.2.1.xlsx,F_15.00.b
FINREP9DP,F_16.01,4.2.1,2026-03-31,,official,https://www.eba.europa.eu/risk-and-data-analysis/reporting-frameworks/reporting-framework-42,FINREP datapoints module and 4.2.1 package first reference date 03/2026,4.2_layouts.zip,260106 Annotated templates/FINREP/20260210 Annotated Table Layout  FINREP 4.2.1 FINREP9DPFINREP 4.2.1.xlsx,F_16.01
FINREP9DP,F_16.02,4.2.1,2026-03-31,,official,https://www.eba.europa.eu/risk-and-data-analysis/reporting-frameworks/reporting-framework-42,FINREP datapoints module and 4.2.1 package first reference date 03/2026,4.2_layouts.zip,260106 Annotated templates/FINREP/20260210 Annotated Table Layout  FINREP 4.2.1 FINREP9DPFINREP 4.2.1.xlsx,F_16.02
FINREP9DP,F_16.03,4.2.1,2026-03-31,,official,https://www.eba.europa.eu/risk-and-data-analysis/reporting-frameworks/reporting-framework-42,FINREP datapoints module and 4.2.1 package first reference date 03/2026,4.2_layouts.zip,260106 Annotated templates/FINREP/20260210 Annotated Table Layout  FINREP 4.2.1 FINREP9DPFINREP 4.2.1.xlsx,F_16.03
FINREP9DP,F_16.04,4.2.1,2026-03-31,,official,https://www.eba.europa.eu/risk-and-data-analysis/reporting-frameworks/reporting-framework-42,FINREP datapoints module and 4.2.1 package first reference date 03/2026,4.2_layouts.zip,260106 Annotated templates/FINREP/20260210 Annotated Table Layout  FINREP 4.2.1 FINREP9DPFINREP 4.2.1.xlsx,F_16.04
FINREP9DP,F_16.04.1,4.2.1,2026-03-31,,official,https://www.eba.europa.eu/risk-and-data-analysis/reporting-frameworks/reporting-framework-42,FINREP datapoints module and 4.2.1 package first reference date 03/2026,4.2_layouts.zip,260106 Annotated templates/FINREP/20260210 Annotated Table Layout  FINREP 4.2.1 FINREP9DPFINREP 4.2.1.xlsx,F_16.04.1
FINREP9DP,F_16.05,4.2.1,2026-03-31,,official,https://www.eba.europa.eu/risk-and-data-analysis/reporting-frameworks/reporting-framework-42,FINREP datapoints module and 4.2.1 package first reference date 03/2026,4.2_layouts.zip,260106 Annotated templates/FINREP/20260210 Annotated Table Layout  FINREP 4.2.1 FINREP9DPFINREP 4.2.1.xlsx,F_16.05
FINREP9DP,F_16.06,4.2.1,2026-03-31,,official,https://www.eba.europa.eu/risk-and-data-analysis/reporting-frameworks/reporting-framework-42,FINREP datapoints module and 4.2.1 package first reference date 03/2026,4.2_layouts.zip,260106 Annotated templates/FINREP/20260210 Annotated Table Layout  FINREP 4.2.1 FINREP9DPFINREP 4.2.1.xlsx,F_16.06
FINREP9DP,F_16.07.a,4.2.1,2026-03-31,,official,https://www.eba.europa.eu/risk-and-data-analysis/reporting-frameworks/reporting-framework-42,FINREP datapoints module and 4.2.1 package first reference date 03/2026,4.2_layouts.zip,260106 Annotated templates/FINREP/20260210 Annotated Table Layout  FINREP 4.2.1 FINREP9DPFINREP 4.2.1.xlsx,F_16.07.a
FINREP9DP,F_16.07.b,4.2.1,2026-03-31,,official,https://www.eba.europa.eu/risk-and-data-analysis/reporting-frameworks/reporting-framework-42,FINREP datapoints module and 4.2.1 package first reference date 03/2026,4.2_layouts.zip,260106 Annotated templates/FINREP/20260210 Annotated Table Layout  FINREP 4.2.1 FINREP9DPFINREP 4.2.1.xlsx,F_16.07.b
FINREP9DP,F_16.08,4.2.1,2026-03-31,,official,https://www.eba.europa.eu/risk-and-data-analysis/reporting-frameworks/reporting-framework-42,FINREP datapoints module and 4.2.1 package first reference date 03/2026,4.2_layouts.zip,260106 Annotated templates/FINREP/20260210 Annotated Table Layout  FINREP 4.2.1 FINREP9DPFINREP 4.2.1.xlsx,F_16.08
FINREP9DP,F_17.01,4.2.1,2026-03-31,,official,https://www.eba.europa.eu/risk-and-data-analysis/reporting-frameworks/reporting-framework-42,FINREP datapoints module and 4.2.1 package first reference date 03/2026,4.2_layouts.zip,260106 Annotated templates/FINREP/20260210 Annotated Table Layout  FINREP 4.2.1 FINREP9DPFINREP 4.2.1.xlsx,F_17.01
FINREP9DP,F_17.02,4.2.1,2026-03-31,,official,https://www.eba.europa.eu/risk-and-data-analysis/reporting-frameworks/reporting-framework-42,FINREP datapoints module and 4.2.1 package first reference date 03/2026,4.2_layouts.zip,260106 Annotated templates/FINREP/20260210 Annotated Table Layout  FINREP 4.2.1 FINREP9DPFINREP 4.2.1.xlsx,F_17.02
FINREP9DP,F_17.03,4.2.1,2026-03-31,,official,https://www.eba.europa.eu/risk-and-data-analysis/reporting-frameworks/reporting-framework-42,FINREP datapoints module and 4.2.1 package first reference date 03/2026,4.2_layouts.zip,260106 Annotated templates/FINREP/20260210 Annotated Table Layout  FINREP 4.2.1 FINREP9DPFINREP 4.2.1.xlsx,F_17.03
FINREP9DP,F_18.00.a,4.2.1,2026-03-31,,official,https://www.eba.europa.eu/risk-and-data-analysis/reporting-frameworks/reporting-framework-42,FINREP datapoints module and 4.2.1 package first reference date 03/2026,4.2_layouts.zip,260106 Annotated templates/FINREP/20260210 Annotated Table Layout  FINREP 4.2.1 FINREP9DPFINREP 4.2.1.xlsx,F_18.00.a
FINREP9DP,F_18.00.a.dp,4.2.1,2026-03-31,,official,https://www.eba.europa.eu/risk-and-data-analysis/reporting-frameworks/reporting-framework-42,FINREP datapoints module and 4.2.1 package first reference date 03/2026,4.2_layouts.zip,260106 Annotated templates/FINREP/20260210 Annotated Table Layout  FINREP 4.2.1 FINREP9DPFINREP 4.2.1.xlsx,F_18.00.a.dp
FINREP9DP,F_18.00.b,4.2.1,2026-03-31,,official,https://www.eba.europa.eu/risk-and-data-analysis/reporting-frameworks/reporting-framework-42,FINREP datapoints module and 4.2.1 package first reference date 03/2026,4.2_layouts.zip,260106 Annotated templates/FINREP/20260210 Annotated Table Layout  FINREP 4.2.1 FINREP9DPFINREP 4.2.1.xlsx,F_18.00.b
FINREP9DP,F_18.00.b.dp,4.2.1,2026-03-31,,official,https://www.eba.europa.eu/risk-and-data-analysis/reporting-frameworks/reporting-framework-42,FINREP datapoints module and 4.2.1 package first reference date 03/2026,4.2_layouts.zip,260106 Annotated templates/FINREP/20260210 Annotated Table Layout  FINREP 4.2.1 FINREP9DPFINREP 4.2.1.xlsx,F_18.00.b.dp
FINREP9DP,F_18.00.c,4.2.1,2026-03-31,,official,https://www.eba.europa.eu/risk-and-data-analysis/reporting-frameworks/reporting-framework-42,FINREP datapoints module and 4.2.1 package first reference date 03/2026,4.2_layouts.zip,260106 Annotated templates/FINREP/20260210 Annotated Table Layout  FINREP 4.2.1 FINREP9DPFINREP 4.2.1.xlsx,F_18.00.c
FINREP9DP,F_18.00.d,4.2.1,2026-03-31,,official,https://www.eba.europa.eu/risk-and-data-analysis/reporting-frameworks/reporting-framework-42,FINREP datapoints module and 4.2.1 package first reference date 03/2026,4.2_layouts.zip,260106 Annotated templates/FINREP/20260210 Annotated Table Layout  FINREP 4.2.1 FINREP9DPFINREP 4.2.1.xlsx,F_18.00.d
FINREP9DP,F_18.00.e,4.2.1,2026-03-31,,official,https://www.eba.europa.eu/risk-and-data-analysis/reporting-frameworks/reporting-framework-42,FINREP datapoints module and 4.2.1 package first reference date 03/2026,4.2_layouts.zip,260106 Annotated templates/FINREP/20260210 Annotated Table Layout  FINREP 4.2.1 FINREP9DPFINREP 4.2.1.xlsx,F_18.00.e
FINREP9DP,F_18.00.e.dp,4.2.1,2026-03-31,,official,https://www.eba.europa.eu/risk-and-data-analysis/reporting-frameworks/reporting-framework-42,FINREP datapoints module and 4.2.1 package first reference date 03/2026,4.2_layouts.zip,260106 Annotated templates/FINREP/20260210 Annotated Table Layout  FINREP 4.2.1 FINREP9DPFINREP 4.2.1.xlsx,F_18.00.e.dp
FINREP9DP,F_18.01,4.2.1,2026-03-31,,official,https://www.eba.europa.eu/risk-and-data-analysis/reporting-frameworks/reporting-framework-42,FINREP datapoints module and 4.2.1 package first reference date 03/2026,4.2_layouts.zip,260106 Annotated templates/FINREP/20260210 Annotated Table Layout  FINREP 4.2.1 FINREP9DPFINREP 4.2.1.xlsx,F_18.01
FINREP9DP,F_18.02.a,4.2.1,2026-03-31,,official,https://www.eba.europa.eu/risk-and-data-analysis/reporting-frameworks/reporting-framework-42,FINREP datapoints module and 4.2.1 package first reference date 03/2026,4.2_layouts.zip,260106 Annotated templates/FINREP/20260210 Annotated Table Layout  FINREP 4.2.1 FINREP9DPFINREP 4.2.1.xlsx,F_18.02.a
FINREP9DP,F_18.02.b,4.2.1,2026-03-31,,official,https://www.eba.europa.eu/risk-and-data-analysis/reporting-frameworks/reporting-framework-42,FINREP datapoints module and 4.2.1 package first reference date 03/2026,4.2_layouts.zip,260106 Annotated templates/FINREP/20260210 Annotated Table Layout  FINREP 4.2.1 FINREP9DPFINREP 4.2.1.xlsx,F_18.02.b
FINREP9DP,F_18.02.c,4.2.1,2026-03-31,,official,https://www.eba.europa.eu/risk-and-data-analysis/reporting-frameworks/reporting-framework-42,FINREP datapoints module and 4.2.1 package first reference date 03/2026,4.2_layouts.zip,260106 Annotated templates/FINREP/20260210 Annotated Table Layout  FINREP 4.2.1 FINREP9DPFINREP 4.2.1.xlsx,F_18.02.c
FINREP9DP,F_19.00.a,4.2.1,2026-03-31,,official,https://www.eba.europa.eu/risk-and-data-analysis/reporting-frameworks/reporting-framework-42,FINREP datapoints module and 4.2.1 package first reference date 03/2026,4.2_layouts.zip,260106 Annotated templates/FINREP/20260210 Annotated Table Layout  FINREP 4.2.1 FINREP9DPFINREP 4.2.1.xlsx,F_19.00.a
FINREP9DP,F_19.00.a.dp,4.2.1,2026-03-31,,official,https://www.eba.europa.eu/risk-and-data-analysis/reporting-frameworks/reporting-framework-42,FINREP datapoints module and 4.2.1 package first reference date 03/2026,4.2_layouts.zip,260106 Annotated templates/FINREP/20260210 Annotated Table Layout  FINREP 4.2.1 FINREP9DPFINREP 4.2.1.xlsx,F_19.00.a.dp
FINREP9DP,F_19.00.b,4.2.1,2026-03-31,,official,https://www.eba.europa.eu/risk-and-data-analysis/reporting-frameworks/reporting-framework-42,FINREP datapoints module and 4.2.1 package first reference date 03/2026,4.2_layouts.zip,260106 Annotated templates/FINREP/20260210 Annotated Table Layout  FINREP 4.2.1 FINREP9DPFINREP 4.2.1.xlsx,F_19.00.b
FINREP9DP,F_19.00.c,4.2.1,2026-03-31,,official,https://www.eba.europa.eu/risk-and-data-analysis/reporting-frameworks/reporting-framework-42,FINREP datapoints module and 4.2.1 package first reference date 03/2026,4.2_layouts.zip,260106 Annotated templates/FINREP/20260210 Annotated Table Layout  FINREP 4.2.1 FINREP9DPFINREP 4.2.1.xlsx,F_19.00.c
FINREP9DP,F_19.00.d,4.2.1,2026-03-31,,official,https://www.eba.europa.eu/risk-and-data-analysis/reporting-frameworks/reporting-framework-42,FINREP datapoints module and 4.2.1 package first reference date 03/2026,4.2_layouts.zip,260106 Annotated templates/FINREP/20260210 Annotated Table Layout  FINREP 4.2.1 FINREP9DPFINREP 4.2.1.xlsx,F_19.00.d
FINREP9DP,F_19.00.d.dp,4.2.1,2026-03-31,,official,https://www.eba.europa.eu/risk-and-data-analysis/reporting-frameworks/reporting-framework-42,FINREP datapoints module and 4.2.1 package first reference date 03/2026,4.2_layouts.zip,260106 Annotated templates/FINREP/20260210 Annotated Table Layout  FINREP 4.2.1 FINREP9DPFINREP 4.2.1.xlsx,F_19.00.d.dp
FINREP9DP,F_19.00.e,4.2.1,2026-03-31,,official,https://www.eba.europa.eu/risk-and-data-analysis/reporting-frameworks/reporting-framework-42,FINREP datapoints module and 4.2.1 package first reference date 03/2026,4.2_layouts.zip,260106 Annotated templates/FINREP/20260210 Annotated Table Layout  FINREP 4.2.1 FINREP9DPFINREP 4.2.1.xlsx,F_19.00.e
FINREP9DP,F_20.01,4.2.1,2026-03-31,,official,https://www.eba.europa.eu/risk-and-data-analysis/reporting-frameworks/reporting-framework-42,FINREP datapoints module and 4.2.1 package first reference date 03/2026,4.2_layouts.zip,260106 Annotated templates/FINREP/20260210 Annotated Table Layout  FINREP 4.2.1 FINREP9DPFINREP 4.2.1.xlsx,F_20.01
FINREP9DP,F_20.02,4.2.1,2026-03-31,,official,https://www.eba.europa.eu/risk-and-data-analysis/reporting-frameworks/reporting-framework-42,FINREP datapoints module and 4.2.1 package first reference date 03/2026,4.2_layouts.zip,260106 Annotated templates/FINREP/20260210 Annotated Table Layout  FINREP 4.2.1 FINREP9DPFINREP 4.2.1.xlsx,F_20.02
FINREP9DP,F_20.03,4.2.1,2026-03-31,,official,https://www.eba.europa.eu/risk-and-data-analysis/reporting-frameworks/reporting-framework-42,FINREP datapoints module and 4.2.1 package first reference date 03/2026,4.2_layouts.zip,260106 Annotated templates/FINREP/20260210 Annotated Table Layout  FINREP 4.2.1 FINREP9DPFINREP 4.2.1.xlsx,F_20.03
FINREP9DP,F_20.04,4.2.1,2026-03-31,,official,https://www.eba.europa.eu/risk-and-data-analysis/reporting-frameworks/reporting-framework-42,FINREP datapoints module and 4.2.1 package first reference date 03/2026,4.2_layouts.zip,260106 Annotated templates/FINREP/20260210 Annotated Table Layout  FINREP 4.2.1 FINREP9DPFINREP 4.2.1.xlsx,F_20.04
FINREP9DP,F_20.05.a,4.2.1,2026-03-31,,official,https://www.eba.europa.eu/risk-and-data-analysis/reporting-frameworks/reporting-framework-42,FINREP datapoints module and 4.2.1 package first reference date 03/2026,4.2_layouts.zip,260106 Annotated templates/FINREP/20260210 Annotated Table Layout  FINREP 4.2.1 FINREP9DPFINREP 4.2.1.xlsx,F_20.05.a
FINREP9DP,F_20.05.b,4.2.1,2026-03-31,,official,https://www.eba.europa.eu/risk-and-data-analysis/reporting-frameworks/reporting-framework-42,FINREP datapoints module and 4.2.1 package first reference date 03/2026,4.2_layouts.zip,260106 Annotated templates/FINREP/20260210 Annotated Table Layout  FINREP 4.2.1 FINREP9DPFINREP 4.2.1.xlsx,F_20.05.b
FINREP9DP,F_20.06,4.2.1,2026-03-31,,official,https://www.eba.europa.eu/risk-and-data-analysis/reporting-frameworks/reporting-framework-42,FINREP datapoints module and 4.2.1 package first reference date 03/2026,4.2_layouts.zip,260106 Annotated templates/FINREP/20260210 Annotated Table Layout  FINREP 4.2.1 FINREP9DPFINREP 4.2.1.xlsx,F_20.06
FINREP9DP,F_20.07.1,4.2.1,2026-03-31,,official,https://www.eba.europa.eu/risk-and-data-analysis/reporting-frameworks/reporting-framework-42,FINREP datapoints module and 4.2.1 package first reference date 03/2026,4.2_layouts.zip,260106 Annotated templates/FINREP/20260210 Annotated Table Layout  FINREP 4.2.1 FINREP9DPFINREP 4.2.1.xlsx,F_20.07.1
FINREP9DP,F_21.00,4.2.1,2026-03-31,,official,https://www.eba.europa.eu/risk-and-data-analysis/reporting-frameworks/reporting-framework-42,FINREP datapoints module and 4.2.1 package first reference date 03/2026,4.2_layouts.zip,260106 Annotated templates/FINREP/20260210 Annotated Table Layout  FINREP 4.2.1 FINREP9DPFINREP 4.2.1.xlsx,F_21.00
FINREP9DP,F_22.01,4.2.1,2026-03-31,,official,https://www.eba.europa.eu/risk-and-data-analysis/reporting-frameworks/reporting-framework-42,FINREP datapoints module and 4.2.1 package first reference date 03/2026,4.2_layouts.zip,260106 Annotated templates/FINREP/20260210 Annotated Table Layout  FINREP 4.2.1 FINREP9DPFINREP 4.2.1.xlsx,F_22.01
FINREP9DP,F_22.02,4.2.1,2026-03-31,,official,https://www.eba.europa.eu/risk-and-data-analysis/reporting-frameworks/reporting-framework-42,FINREP datapoints module and 4.2.1 package first reference date 03/2026,4.2_layouts.zip,260106 Annotated templates/FINREP/20260210 Annotated Table Layout  FINREP 4.2.1 FINREP9DPFINREP 4.2.1.xlsx,F_22.02
FINREP9DP,F_23.01,4.2.1,2026-03-31,,official,https://www.eba.europa.eu/risk-and-data-analysis/reporting-frameworks/reporting-framework-42,FINREP datapoints module and 4.2.1 package first reference date 03/2026,4.2_layouts.zip,260106 Annotated templates/FINREP/20260210 Annotated Table Layout  FINREP 4.2.1 FINREP9DPFINREP 4.2.1.xlsx,F_23.01
FINREP9DP,F_23.02,4.2.1,2026-03-31,,official,https://www.eba.europa.eu/risk-and-data-analysis/reporting-frameworks/reporting-framework-42,FINREP datapoints module and 4.2.1 package first reference date 03/2026,4.2_layouts.zip,260106 Annotated templates/FINREP/20260210 Annotated Table Layout  FINREP 4.2.1 FINREP9DPFINREP 4.2.1.xlsx,F_23.02
FINREP9DP,F_23.03,4.2.1,2026-03-31,,official,https://www.eba.europa.eu/risk-and-data-analysis/reporting-frameworks/reporting-framework-42,FINREP datapoints module and 4.2.1 package first reference date 03/2026,4.2_layouts.zip,260106 Annotated templates/FINREP/20260210 Annotated Table Layout  FINREP 4.2.1 FINREP9DPFINREP 4.2.1.xlsx,F_23.03
FINREP9DP,F_23.04,4.2.1,2026-03-31,,official,https://www.eba.europa.eu/risk-and-data-analysis/reporting-frameworks/reporting-framework-42,FINREP datapoints module and 4.2.1 package first reference date 03/2026,4.2_layouts.zip,260106 Annotated templates/FINREP/20260210 Annotated Table Layout  FINREP 4.2.1 FINREP9DPFINREP 4.2.1.xlsx,F_23.04
FINREP9DP,F_23.05,4.2.1,2026-03-31,,official,https://www.eba.europa.eu/risk-and-data-analysis/reporting-frameworks/reporting-framework-42,FINREP datapoints module and 4.2.1 package first reference date 03/2026,4.2_layouts.zip,260106 Annotated templates/FINREP/20260210 Annotated Table Layout  FINREP 4.2.1 FINREP9DPFINREP 4.2.1.xlsx,F_23.05
FINREP9DP,F_23.06,4.2.1,2026-03-31,,official,https://www.eba.europa.eu/risk-and-data-analysis/reporting-frameworks/reporting-framework-42,FINREP datapoints module and 4.2.1 package first reference date 03/2026,4.2_layouts.zip,260106 Annotated templates/FINREP/20260210 Annotated Table Layout  FINREP 4.2.1 FINREP9DPFINREP 4.2.1.xlsx,F_23.06
FINREP9DP,F_24.01,4.2.1,2026-03-31,,official,https://www.eba.europa.eu/risk-and-data-analysis/reporting-frameworks/reporting-framework-42,FINREP datapoints module and 4.2.1 package first reference date 03/2026,4.2_layouts.zip,260106 Annotated templates/FINREP/20260210 Annotated Table Layout  FINREP 4.2.1 FINREP9DPFINREP 4.2.1.xlsx,F_24.01
FINREP9DP,F_24.02,4.2.1,2026-03-31,,official,https://www.eba.europa.eu/risk-and-data-analysis/reporting-frameworks/reporting-framework-42,FINREP datapoints module and 4.2.1 package first reference date 03/2026,4.2_layouts.zip,260106 Annotated templates/FINREP/20260210 Annotated Table Layout  FINREP 4.2.1 FINREP9DPFINREP 4.2.1.xlsx,F_24.02
FINREP9DP,F_24.03,4.2.1,2026-03-31,,official,https://www.eba.europa.eu/risk-and-data-analysis/reporting-frameworks/reporting-framework-42,FINREP datapoints module and 4.2.1 package first reference date 03/2026,4.2_layouts.zip,260106 Annotated templates/FINREP/20260210 Annotated Table Layout  FINREP 4.2.1 FINREP9DPFINREP 4.2.1.xlsx,F_24.03
FINREP9DP,F_25.01.a,4.2.1,2026-03-31,,official,https://www.eba.europa.eu/risk-and-data-analysis/reporting-frameworks/reporting-framework-42,FINREP datapoints module and 4.2.1 package first reference date 03/2026,4.2_layouts.zip,260106 Annotated templates/FINREP/20260210 Annotated Table Layout  FINREP 4.2.1 FINREP9DPFINREP 4.2.1.xlsx,F_25.01.a
FINREP9DP,F_25.01.b,4.2.1,2026-03-31,,official,https://www.eba.europa.eu/risk-and-data-analysis/reporting-frameworks/reporting-framework-42,FINREP datapoints module and 4.2.1 package first reference date 03/2026,4.2_layouts.zip,260106 Annotated templates/FINREP/20260210 Annotated Table Layout  FINREP 4.2.1 FINREP9DPFINREP 4.2.1.xlsx,F_25.01.b
FINREP9DP,F_25.01.c,4.2.1,2026-03-31,,official,https://www.eba.europa.eu/risk-and-data-analysis/reporting-frameworks/reporting-framework-42,FINREP datapoints module and 4.2.1 package first reference date 03/2026,4.2_layouts.zip,260106 Annotated templates/FINREP/20260210 Annotated Table Layout  FINREP 4.2.1 FINREP9DPFINREP 4.2.1.xlsx,F_25.01.c
FINREP9DP,F_25.01.d,4.2.1,2026-03-31,,official,https://www.eba.europa.eu/risk-and-data-analysis/reporting-frameworks/reporting-framework-42,FINREP datapoints module and 4.2.1 package first reference date 03/2026,4.2_layouts.zip,260106 Annotated templates/FINREP/20260210 Annotated Table Layout  FINREP 4.2.1 FINREP9DPFINREP 4.2.1.xlsx,F_25.01.d
FINREP9DP,F_25.02.a,4.2.1,2026-03-31,,official,https://www.eba.europa.eu/risk-and-data-analysis/reporting-frameworks/reporting-framework-42,FINREP datapoints module and 4.2.1 package first reference date 03/2026,4.2_layouts.zip,260106 Annotated templates/FINREP/20260210 Annotated Table Layout  FINREP 4.2.1 FINREP9DPFINREP 4.2.1.xlsx,F_25.02.a
FINREP9DP,F_25.02.b,4.2.1,2026-03-31,,official,https://www.eba.europa.eu/risk-and-data-analysis/reporting-frameworks/reporting-framework-42,FINREP datapoints module and 4.2.1 package first reference date 03/2026,4.2_layouts.zip,260106 Annotated templates/FINREP/20260210 Annotated Table Layout  FINREP 4.2.1 FINREP9DPFINREP 4.2.1.xlsx,F_25.02.b
FINREP9DP,F_25.02.c,4.2.1,2026-03-31,,official,https://www.eba.europa.eu/risk-and-data-analysis/reporting-frameworks/reporting-framework-42,FINREP datapoints module and 4.2.1 package first reference date 03/2026,4.2_layouts.zip,260106 Annotated templates/FINREP/20260210 Annotated Table Layout  FINREP 4.2.1 FINREP9DPFINREP 4.2.1.xlsx,F_25.02.c
FINREP9DP,F_25.03.a,4.2.1,2026-03-31,,official,https://www.eba.europa.eu/risk-and-data-analysis/reporting-frameworks/reporting-framework-42,FINREP datapoints module and 4.2.1 package first reference date 03/2026,4.2_layouts.zip,260106 Annotated templates/FINREP/20260210 Annotated Table Layout  FINREP 4.2.1 FINREP9DPFINREP 4.2.1.xlsx,F_25.03.a
FINREP9DP,F_25.03.b,4.2.1,2026-03-31,,official,https://www.eba.europa.eu/risk-and-data-analysis/reporting-frameworks/reporting-framework-42,FINREP datapoints module and 4.2.1 package first reference date 03/2026,4.2_layouts.zip,260106 Annotated templates/FINREP/20260210 Annotated Table Layout  FINREP 4.2.1 FINREP9DPFINREP 4.2.1.xlsx,F_25.03.b
FINREP9DP,F_26.00.a,4.2.1,2026-03-31,,official,https://www.eba.europa.eu/risk-and-data-analysis/reporting-frameworks/reporting-framework-42,FINREP datapoints module and 4.2.1 package first reference date 03/2026,4.2_layouts.zip,260106 Annotated templates/FINREP/20260210 Annotated Table Layout  FINREP 4.2.1 FINREP9DPFINREP 4.2.1.xlsx,F_26.00.a
FINREP9DP,F_26.00.b,4.2.1,2026-03-31,,official,https://www.eba.europa.eu/risk-and-data-analysis/reporting-frameworks/reporting-framework-42,FINREP datapoints module and 4.2.1 package first reference date 03/2026,4.2_layouts.zip,260106 Annotated templates/FINREP/20260210 Annotated Table Layout  FINREP 4.2.1 FINREP9DPFINREP 4.2.1.xlsx,F_26.00.b
FINREP9DP,F_30.01,4.2.1,2026-03-31,,official,https://www.eba.europa.eu/risk-and-data-analysis/reporting-frameworks/reporting-framework-42,FINREP datapoints module and 4.2.1 package first reference date 03/2026,4.2_layouts.zip,260106 Annotated templates/FINREP/20260210 Annotated Table Layout  FINREP 4.2.1 FINREP9DPFINREP 4.2.1.xlsx,F_30.01
FINREP9DP,F_30.02,4.2.1,2026-03-31,,official,https://www.eba.europa.eu/risk-and-data-analysis/reporting-frameworks/reporting-framework-42,FINREP datapoints module and 4.2.1 package first reference date 03/2026,4.2_layouts.zip,260106 Annotated templates/FINREP/20260210 Annotated Table Layout  FINREP 4.2.1 FINREP9DPFINREP 4.2.1.xlsx,F_30.02
FINREP9DP,F_31.01,4.2.1,2026-03-31,,official,https://www.eba.europa.eu/risk-and-data-analysis/reporting-frameworks/reporting-framework-42,FINREP datapoints module and 4.2.1 package first reference date 03/2026,4.2_layouts.zip,260106 Annotated templates/FINREP/20260210 Annotated Table Layout  FINREP 4.2.1 FINREP9DPFINREP 4.2.1.xlsx,F_31.01
FINREP9DP,F_31.02,4.2.1,2026-03-31,,official,https://www.eba.europa.eu/risk-and-data-analysis/reporting-frameworks/reporting-framework-42,FINREP datapoints module and 4.2.1 package first reference date 03/2026,4.2_layouts.zip,260106 Annotated templates/FINREP/20260210 Annotated Table Layout  FINREP 4.2.1 FINREP9DPFINREP 4.2.1.xlsx,F_31.02
FINREP9DP,F_40.01,4.2.1,2026-03-31,,official,https://www.eba.europa.eu/risk-and-data-analysis/reporting-frameworks/reporting-framework-42,FINREP datapoints module and 4.2.1 package first reference date 03/2026,4.2_layouts.zip,260106 Annotated templates/FINREP/20260210 Annotated Table Layout  FINREP 4.2.1 FINREP9DPFINREP 4.2.1.xlsx,F_40.01
FINREP9DP,F_40.02,4.2.1,2026-03-31,,official,https://www.eba.europa.eu/risk-and-data-analysis/reporting-frameworks/reporting-framework-42,FINREP datapoints module and 4.2.1 package first reference date 03/2026,4.2_layouts.zip,260106 Annotated templates/FINREP/20260210 Annotated Table Layout  FINREP 4.2.1 FINREP9DPFINREP 4.2.1.xlsx,F_40.02
FINREP9DP,F_41.01,4.2.1,2026-03-31,,official,https://www.eba.europa.eu/risk-and-data-analysis/reporting-frameworks/reporting-framework-42,FINREP datapoints module and 4.2.1 package first reference date 03/2026,4.2_layouts.zip,260106 Annotated templates/FINREP/20260210 Annotated Table Layout  FINREP 4.2.1 FINREP9DPFINREP 4.2.1.xlsx,F_41.01
FINREP9DP,F_41.02,4.2.1,2026-03-31,,official,https://www.eba.europa.eu/risk-and-data-analysis/reporting-frameworks/reporting-framework-42,FINREP datapoints module and 4.2.1 package first reference date 03/2026,4.2_layouts.zip,260106 Annotated templates/FINREP/20260210 Annotated Table Layout  FINREP 4.2.1 FINREP9DPFINREP 4.2.1.xlsx,F_41.02
FINREP9DP,F_42.00,4.2.1,2026-03-31,,official,https://www.eba.europa.eu/risk-and-data-analysis/reporting-frameworks/reporting-framework-42,FINREP datapoints module and 4.2.1 package first reference date 03/2026,4.2_layouts.zip,260106 Annotated templates/FINREP/20260210 Annotated Table Layout  FINREP 4.2.1 FINREP9DPFINREP 4.2.1.xlsx,F_42.00
FINREP9DP,F_43.00,4.2.1,2026-03-31,,official,https://www.eba.europa.eu/risk-and-data-analysis/reporting-frameworks/reporting-framework-42,FINREP datapoints module and 4.2.1 package first reference date 03/2026,4.2_layouts.zip,260106 Annotated templates/FINREP/20260210 Annotated Table Layout  FINREP 4.2.1 FINREP9DPFINREP 4.2.1.xlsx,F_43.00
FINREP9DP,F_44.01,4.2.1,2026-03-31,,official,https://www.eba.europa.eu/risk-and-data-analysis/reporting-frameworks/reporting-framework-42,FINREP datapoints module and 4.2.1 package first reference date 03/2026,4.2_layouts.zip,260106 Annotated templates/FINREP/20260210 Annotated Table Layout  FINREP 4.2.1 FINREP9DPFINREP 4.2.1.xlsx,F_44.01
FINREP9DP,F_44.02,4.2.1,2026-03-31,,official,https://www.eba.europa.eu/risk-and-data-analysis/reporting-frameworks/reporting-framework-42,FINREP datapoints module and 4.2.1 package first reference date 03/2026,4.2_layouts.zip,260106 Annotated templates/FINREP/20260210 Annotated Table Layout  FINREP 4.2.1 FINREP9DPFINREP 4.2.1.xlsx,F_44.02
FINREP9DP,F_44.03,4.2.1,2026-03-31,,official,https://www.eba.europa.eu/risk-and-data-analysis/reporting-frameworks/reporting-framework-42,FINREP datapoints module and 4.2.1 package first reference date 03/2026,4.2_layouts.zip,260106 Annotated templates/FINREP/20260210 Annotated Table Layout  FINREP 4.2.1 FINREP9DPFINREP 4.2.1.xlsx,F_44.03
FINREP9DP,F_44.04,4.2.1,2026-03-31,,official,https://www.eba.europa.eu/risk-and-data-analysis/reporting-frameworks/reporting-framework-42,FINREP datapoints module and 4.2.1 package first reference date 03/2026,4.2_layouts.zip,260106 Annotated templates/FINREP/20260210 Annotated Table Layout  FINREP 4.2.1 FINREP9DPFINREP 4.2.1.xlsx,F_44.04
FINREP9DP,F_45.01,4.2.1,2026-03-31,,official,https://www.eba.europa.eu/risk-and-data-analysis/reporting-frameworks/reporting-framework-42,FINREP datapoints module and 4.2.1 package first reference date 03/2026,4.2_layouts.zip,260106 Annotated templates/FINREP/20260210 Annotated Table Layout  FINREP 4.2.1 FINREP9DPFINREP 4.2.1.xlsx,F_45.01
FINREP9DP,F_45.02,4.2.1,2026-03-31,,official,https://www.eba.europa.eu/risk-and-data-analysis/reporting-frameworks/reporting-framework-42,FINREP datapoints module and 4.2.1 package first reference date 03/2026,4.2_layouts.zip,260106 Annotated templates/FINREP/20260210 Annotated Table Layout  FINREP 4.2.1 FINREP9DPFINREP 4.2.1.xlsx,F_45.02
FINREP9DP,F_45.03,4.2.1,2026-03-31,,official,https://www.eba.europa.eu/risk-and-data-analysis/reporting-frameworks/reporting-framework-42,FINREP datapoints module and 4.2.1 package first reference date 03/2026,4.2_layouts.zip,260106 Annotated templates/FINREP/20260210 Annotated Table Layout  FINREP 4.2.1 FINREP9DPFINREP 4.2.1.xlsx,F_45.03
FINREP9DP,F_46.00,4.2.1,2026-03-31,,official,https://www.eba.europa.eu/risk-and-data-analysis/reporting-frameworks/reporting-framework-42,FINREP datapoints module and 4.2.1 package first reference date 03/2026,4.2_layouts.zip,260106 Annotated templates/FINREP/20260210 Annotated Table Layout  FINREP 4.2.1 FINREP9DPFINREP 4.2.1.xlsx,F_46.00
FINREP9DP,F_47.00,4.2.1,2026-03-31,,official,https://www.eba.europa.eu/risk-and-data-analysis/reporting-frameworks/reporting-framework-42,FINREP datapoints module and 4.2.1 package first reference date 03/2026,4.2_layouts.zip,260106 Annotated templates/FINREP/20260210 Annotated Table Layout  FINREP 4.2.1 FINREP9DPFINREP 4.2.1.xlsx,F_47.00
FP,P_00.01,2.10.1,2020-12-31,2022-12-31,official,https://www.eba.europa.eu/risk-and-data-analysis/reporting/reporting-frameworks/reporting-framework-210,Updated Funding Plans Guidelines first reference date 12/2020,2.10_layouts.zip,Annotated Table Layout 2101-P2-FP 2.10.1.xlsx,P 00.01
FP,P_00.01,3.2,2022-12-31,2026-03-31,official_other_modules,https://www.eba.europa.eu/risk-and-data-analysis/reporting/reporting-frameworks/reporting-framework-32,EBA states all other framework modules without CON/IND/IFRS/GAAP are used from reference date 12/2022; module-specific rules override this default,3.2_layouts.zip,Annotated Table Layout 321-P2-FP 3.2.1.xlsx,P 00.01
FP,P_00.01,4.2,2026-03-31,,official_except_explicit_overrides,https://www.eba.europa.eu/risk-and-data-analysis/reporting-frameworks/reporting-framework-42,All other modules use the completed DPM 2.0 glossary from 03/2026; DORA excluded,4.2_layouts.zip,260106 Annotated templates/FP/20260106 Annotated Table Layout  FP 4.2 FPFP 4.2.xlsx,P_00.01
FP,P_01.01,2.10.1,2020-12-31,2022-12-31,official,https://www.eba.europa.eu/risk-and-data-analysis/reporting/reporting-frameworks/reporting-framework-210,Updated Funding Plans Guidelines first reference date 12/2020,2.10_layouts.zip,Annotated Table Layout 2101-P2-FP 2.10.1.xlsx,P 01.01
FP,P_01.01,3.2,2022-12-31,2026-03-31,official_other_modules,https://www.eba.europa.eu/risk-and-data-analysis/reporting/reporting-frameworks/reporting-framework-32,EBA states all other framework modules without CON/IND/IFRS/GAAP are used from reference date 12/2022; module-specific rules override this default,3.2_layouts.zip,Annotated Table Layout 321-P2-FP 3.2.1.xlsx,P 01.01
FP,P_01.01,4.2,2026-03-31,,official_except_explicit_overrides,https://www.eba.europa.eu/risk-and-data-analysis/reporting-frameworks/reporting-framework-42,All other modules use the completed DPM 2.0 glossary from 03/2026; DORA excluded,4.2_layouts.zip,260106 Annotated templates/FP/20260106 Annotated Table Layout  FP 4.2 FPFP 4.2.xlsx,P_01.01
FP,P_01.02,2.10.1,2020-12-31,2022-12-31,official,https://www.eba.europa.eu/risk-and-data-analysis/reporting/reporting-frameworks/reporting-framework-210,Updated Funding Plans Guidelines first reference date 12/2020,2.10_layouts.zip,Annotated Table Layout 2101-P2-FP 2.10.1.xlsx,P 01.02
FP,P_01.02,3.2,2022-12-31,2026-03-31,official_other_modules,https://www.eba.europa.eu/risk-and-data-analysis/reporting/reporting-frameworks/reporting-framework-32,EBA states all other framework modules without CON/IND/IFRS/GAAP are used from reference date 12/2022; module-specific rules override this default,3.2_layouts.zip,Annotated Table Layout 321-P2-FP 3.2.1.xlsx,P 01.02
FP,P_01.02,4.2,2026-03-31,,official_except_explicit_overrides,https://www.eba.europa.eu/risk-and-data-analysis/reporting-frameworks/reporting-framework-42,All other modules use the completed DPM 2.0 glossary from 03/2026; DORA excluded,4.2_layouts.zip,260106 Annotated templates/FP/20260106 Annotated Table Layout  FP 4.2 FPFP 4.2.xlsx,P_01.02
FP,P_01.03,2.10.1,2020-12-31,2022-12-31,official,https://www.eba.europa.eu/risk-and-data-analysis/reporting/reporting-frameworks/reporting-framework-210,Updated Funding Plans Guidelines first reference date 12/2020,2.10_layouts.zip,Annotated Table Layout 2101-P2-FP 2.10.1.xlsx,P 01.03
FP,P_01.03,3.2,2022-12-31,2026-03-31,official_other_modules,https://www.eba.europa.eu/risk-and-data-analysis/reporting/reporting-frameworks/reporting-framework-32,EBA states all other framework modules without CON/IND/IFRS/GAAP are used from reference date 12/2022; module-specific rules override this default,3.2_layouts.zip,Annotated Table Layout 321-P2-FP 3.2.1.xlsx,P 01.03
FP,P_01.03,4.2,2026-03-31,,official_except_explicit_overrides,https://www.eba.europa.eu/risk-and-data-analysis/reporting-frameworks/reporting-framework-42,All other modules use the completed DPM 2.0 glossary from 03/2026; DORA excluded,4.2_layouts.zip,260106 Annotated templates/FP/20260106 Annotated Table Layout  FP 4.2 FPFP 4.2.xlsx,P_01.03
FP,P_02.01,2.10.1,2020-12-31,2022-12-31,official,https://www.eba.europa.eu/risk-and-data-analysis/reporting/reporting-frameworks/reporting-framework-210,Updated Funding Plans Guidelines first reference date 12/2020,2.10_layouts.zip,Annotated Table Layout 2101-P2-FP 2.10.1.xlsx,P 02.01
FP,P_02.01,3.2,2022-12-31,2026-03-31,official_other_modules,https://www.eba.europa.eu/risk-and-data-analysis/reporting/reporting-frameworks/reporting-framework-32,EBA states all other framework modules without CON/IND/IFRS/GAAP are used from reference date 12/2022; module-specific rules override this default,3.2_layouts.zip,Annotated Table Layout 321-P2-FP 3.2.1.xlsx,P 02.01
FP,P_02.01,4.2,2026-03-31,,official_except_explicit_overrides,https://www.eba.europa.eu/risk-and-data-analysis/reporting-frameworks/reporting-framework-42,All other modules use the completed DPM 2.0 glossary from 03/2026; DORA excluded,4.2_layouts.zip,260106 Annotated templates/FP/20260106 Annotated Table Layout  FP 4.2 FPFP 4.2.xlsx,P_02.01
FP,P_02.02,2.10.1,2020-12-31,2022-12-31,official,https://www.eba.europa.eu/risk-and-data-analysis/reporting/reporting-frameworks/reporting-framework-210,Updated Funding Plans Guidelines first reference date 12/2020,2.10_layouts.zip,Annotated Table Layout 2101-P2-FP 2.10.1.xlsx,P 02.02
FP,P_02.02,3.2,2022-12-31,2026-03-31,official_other_modules,https://www.eba.europa.eu/risk-and-data-analysis/reporting/reporting-frameworks/reporting-framework-32,EBA states all other framework modules without CON/IND/IFRS/GAAP are used from reference date 12/2022; module-specific rules override this default,3.2_layouts.zip,Annotated Table Layout 321-P2-FP 3.2.1.xlsx,P 02.02
FP,P_02.02,4.2,2026-03-31,,official_except_explicit_overrides,https://www.eba.europa.eu/risk-and-data-analysis/reporting-frameworks/reporting-framework-42,All other modules use the completed DPM 2.0 glossary from 03/2026; DORA excluded,4.2_layouts.zip,260106 Annotated templates/FP/20260106 Annotated Table Layout  FP 4.2 FPFP 4.2.xlsx,P_02.02
FP,P_02.03,2.10.1,2020-12-31,2022-12-31,official,https://www.eba.europa.eu/risk-and-data-analysis/reporting/reporting-frameworks/reporting-framework-210,Updated Funding Plans Guidelines first reference date 12/2020,2.10_layouts.zip,Annotated Table Layout 2101-P2-FP 2.10.1.xlsx,P 02.03
FP,P_02.03,3.2,2022-12-31,2026-03-31,official_other_modules,https://www.eba.europa.eu/risk-and-data-analysis/reporting/reporting-frameworks/reporting-framework-32,EBA states all other framework modules without CON/IND/IFRS/GAAP are used from reference date 12/2022; module-specific rules override this default,3.2_layouts.zip,Annotated Table Layout 321-P2-FP 3.2.1.xlsx,P 02.03
FP,P_02.03,4.2,2026-03-31,,official_except_explicit_overrides,https://www.eba.europa.eu/risk-and-data-analysis/reporting-frameworks/reporting-framework-42,All other modules use the completed DPM 2.0 glossary from 03/2026; DORA excluded,4.2_layouts.zip,260106 Annotated templates/FP/20260106 Annotated Table Layout  FP 4.2 FPFP 4.2.xlsx,P_02.03
FP,P_02.04,2.10.1,2020-12-31,2022-12-31,official,https://www.eba.europa.eu/risk-and-data-analysis/reporting/reporting-frameworks/reporting-framework-210,Updated Funding Plans Guidelines first reference date 12/2020,2.10_layouts.zip,Annotated Table Layout 2101-P2-FP 2.10.1.xlsx,P 02.04
FP,P_02.04,3.2,2022-12-31,2026-03-31,official_other_modules,https://www.eba.europa.eu/risk-and-data-analysis/reporting/reporting-frameworks/reporting-framework-32,EBA states all other framework modules without CON/IND/IFRS/GAAP are used from reference date 12/2022; module-specific rules override this default,3.2_layouts.zip,Annotated Table Layout 321-P2-FP 3.2.1.xlsx,P 02.04
FP,P_02.04,4.2,2026-03-31,,official_except_explicit_overrides,https://www.eba.europa.eu/risk-and-data-analysis/reporting-frameworks/reporting-framework-42,All other modules use the completed DPM 2.0 glossary from 03/2026; DORA excluded,4.2_layouts.zip,260106 Annotated templates/FP/20260106 Annotated Table Layout  FP 4.2 FPFP 4.2.xlsx,P_02.04
FP,P_02.05,2.10.1,2020-12-31,2022-12-31,official,https://www.eba.europa.eu/risk-and-data-analysis/reporting/reporting-frameworks/reporting-framework-210,Updated Funding Plans Guidelines first reference date 12/2020,2.10_layouts.zip,Annotated Table Layout 2101-P2-FP 2.10.1.xlsx,P 02.05
FP,P_02.05,3.2,2022-12-31,2026-03-31,official_other_modules,https://www.eba.europa.eu/risk-and-data-analysis/reporting/reporting-frameworks/reporting-framework-32,EBA states all other framework modules without CON/IND/IFRS/GAAP are used from reference date 12/2022; module-specific rules override this default,3.2_layouts.zip,Annotated Table Layout 321-P2-FP 3.2.1.xlsx,P 02.05
FP,P_02.05,4.2,2026-03-31,,official_except_explicit_overrides,https://www.eba.europa.eu/risk-and-data-analysis/reporting-frameworks/reporting-framework-42,All other modules use the completed DPM 2.0 glossary from 03/2026; DORA excluded,4.2_layouts.zip,260106 Annotated templates/FP/20260106 Annotated Table Layout  FP 4.2 FPFP 4.2.xlsx,P_02.05
FP,P_02.06,2.10.1,2020-12-31,2022-12-31,official,https://www.eba.europa.eu/risk-and-data-analysis/reporting/reporting-frameworks/reporting-framework-210,Updated Funding Plans Guidelines first reference date 12/2020,2.10_layouts.zip,Annotated Table Layout 2101-P2-FP 2.10.1.xlsx,P 02.06
FP,P_02.06,3.2,2022-12-31,2026-03-31,official_other_modules,https://www.eba.europa.eu/risk-and-data-analysis/reporting/reporting-frameworks/reporting-framework-32,EBA states all other framework modules without CON/IND/IFRS/GAAP are used from reference date 12/2022; module-specific rules override this default,3.2_layouts.zip,Annotated Table Layout 321-P2-FP 3.2.1.xlsx,P 02.06
FP,P_02.06,4.2,2026-03-31,,official_except_explicit_overrides,https://www.eba.europa.eu/risk-and-data-analysis/reporting-frameworks/reporting-framework-42,All other modules use the completed DPM 2.0 glossary from 03/2026; DORA excluded,4.2_layouts.zip,260106 Annotated templates/FP/20260106 Annotated Table Layout  FP 4.2 FPFP 4.2.xlsx,P_02.06
FP,P_02.07,2.10.1,2020-12-31,2022-12-31,official,https://www.eba.europa.eu/risk-and-data-analysis/reporting/reporting-frameworks/reporting-framework-210,Updated Funding Plans Guidelines first reference date 12/2020,2.10_layouts.zip,Annotated Table Layout 2101-P2-FP 2.10.1.xlsx,P 02.07
FP,P_02.07,3.2,2022-12-31,2026-03-31,official_other_modules,https://www.eba.europa.eu/risk-and-data-analysis/reporting/reporting-frameworks/reporting-framework-32,EBA states all other framework modules without CON/IND/IFRS/GAAP are used from reference date 12/2022; module-specific rules override this default,3.2_layouts.zip,Annotated Table Layout 321-P2-FP 3.2.1.xlsx,P 02.07
FP,P_02.07,4.2,2026-03-31,,official_except_explicit_overrides,https://www.eba.europa.eu/risk-and-data-analysis/reporting-frameworks/reporting-framework-42,All other modules use the completed DPM 2.0 glossary from 03/2026; DORA excluded,4.2_layouts.zip,260106 Annotated templates/FP/20260106 Annotated Table Layout  FP 4.2 FPFP 4.2.xlsx,P_02.07
FP,P_02.08,2.10.1,2020-12-31,2022-12-31,official,https://www.eba.europa.eu/risk-and-data-analysis/reporting/reporting-frameworks/reporting-framework-210,Updated Funding Plans Guidelines first reference date 12/2020,2.10_layouts.zip,Annotated Table Layout 2101-P2-FP 2.10.1.xlsx,P 02.08
FP,P_02.08,3.2,2022-12-31,2026-03-31,official_other_modules,https://www.eba.europa.eu/risk-and-data-analysis/reporting/reporting-frameworks/reporting-framework-32,EBA states all other framework modules without CON/IND/IFRS/GAAP are used from reference date 12/2022; module-specific rules override this default,3.2_layouts.zip,Annotated Table Layout 321-P2-FP 3.2.1.xlsx,P 02.08
FP,P_02.08,4.2,2026-03-31,,official_except_explicit_overrides,https://www.eba.europa.eu/risk-and-data-analysis/reporting-frameworks/reporting-framework-42,All other modules use the completed DPM 2.0 glossary from 03/2026; DORA excluded,4.2_layouts.zip,260106 Annotated templates/FP/20260106 Annotated Table Layout  FP 4.2 FPFP 4.2.xlsx,P_02.08
FP,P_04.01,2.10.1,2020-12-31,2022-12-31,official,https://www.eba.europa.eu/risk-and-data-analysis/reporting/reporting-frameworks/reporting-framework-210,Updated Funding Plans Guidelines first reference date 12/2020,2.10_layouts.zip,Annotated Table Layout 2101-P2-FP 2.10.1.xlsx,P 04.01
FP,P_04.01,3.2,2022-12-31,2026-03-31,official_other_modules,https://www.eba.europa.eu/risk-and-data-analysis/reporting/reporting-frameworks/reporting-framework-32,EBA states all other framework modules without CON/IND/IFRS/GAAP are used from reference date 12/2022; module-specific rules override this default,3.2_layouts.zip,Annotated Table Layout 321-P2-FP 3.2.1.xlsx,P 04.01
FP,P_04.01,4.2,2026-03-31,,official_except_explicit_overrides,https://www.eba.europa.eu/risk-and-data-analysis/reporting-frameworks/reporting-framework-42,All other modules use the completed DPM 2.0 glossary from 03/2026; DORA excluded,4.2_layouts.zip,260106 Annotated templates/FP/20260106 Annotated Table Layout  FP 4.2 FPFP 4.2.xlsx,P_04.01
FP,P_04.02,2.10.1,2020-12-31,2022-12-31,official,https://www.eba.europa.eu/risk-and-data-analysis/reporting/reporting-frameworks/reporting-framework-210,Updated Funding Plans Guidelines first reference date 12/2020,2.10_layouts.zip,Annotated Table Layout 2101-P2-FP 2.10.1.xlsx,P 04.02
FP,P_04.02,3.2,2022-12-31,2026-03-31,official_other_modules,https://www.eba.europa.eu/risk-and-data-analysis/reporting/reporting-frameworks/reporting-framework-32,EBA states all other framework modules without CON/IND/IFRS/GAAP are used from reference date 12/2022; module-specific rules override this default,3.2_layouts.zip,Annotated Table Layout 321-P2-FP 3.2.1.xlsx,P 04.02
FP,P_04.02,4.2,2026-03-31,,official_except_explicit_overrides,https://www.eba.europa.eu/risk-and-data-analysis/reporting-frameworks/reporting-framework-42,All other modules use the completed DPM 2.0 glossary from 03/2026; DORA excluded,4.2_layouts.zip,260106 Annotated templates/FP/20260106 Annotated Table Layout  FP 4.2 FPFP 4.2.xlsx,P_04.02
FP,P_05.00,2.10.1,2020-12-31,2022-12-31,official,https://www.eba.europa.eu/risk-and-data-analysis/reporting/reporting-frameworks/reporting-framework-210,Updated Funding Plans Guidelines first reference date 12/2020,2.10_layouts.zip,Annotated Table Layout 2101-P2-FP 2.10.1.xlsx,P 05.00
FP,P_05.00,3.2,2022-12-31,2026-03-31,official_other_modules,https://www.eba.europa.eu/risk-and-data-analysis/reporting/reporting-frameworks/reporting-framework-32,EBA states all other framework modules without CON/IND/IFRS/GAAP are used from reference date 12/2022; module-specific rules override this default,3.2_layouts.zip,Annotated Table Layout 321-P2-FP 3.2.1.xlsx,P 05.00
FP,P_05.00,4.2,2026-03-31,,official_except_explicit_overrides,https://www.eba.europa.eu/risk-and-data-analysis/reporting-frameworks/reporting-framework-42,All other modules use the completed DPM 2.0 glossary from 03/2026; DORA excluded,4.2_layouts.zip,260106 Annotated templates/FP/20260106 Annotated Table Layout  FP 4.2 FPFP 4.2.xlsx,P_05.00
GSII,G_01.00,3.0.1,2021-06-30,2023-06-30,official,https://www.eba.europa.eu/risk-and-data-analysis/reporting/reporting-frameworks/reporting-framework-30,Baseline module release in 3.0.x,3.0.1_layouts.zip,Annotated Table Layout 301-P2-GSII 3.0.1.xlsx,G 01.00
GSII,G_01.00,3.2,2023-06-30,2026-03-31,official,https://www.eba.europa.eu/risk-and-data-analysis/reporting/reporting-frameworks/reporting-framework-32,G-SII reporting first reference date 06/2023,3.2_layouts.zip,Annotated Table Layout 320-P1-GSII 3.2.xlsx,G 01.00
GSII,G_01.00,4.2,2026-03-31,,official_except_explicit_overrides,https://www.eba.europa.eu/risk-and-data-analysis/reporting-frameworks/reporting-framework-42,All other modules use the completed DPM 2.0 glossary from 03/2026; DORA excluded,4.2_layouts.zip,260106 Annotated templates/GSII/20260106 Annotated Table Layout  GSII 4.2 GSIIGSII 4.2.xlsx,G_01.00
GSIIDIS,K_00.06,4.1,2025-06-30,2026-03-31,official,https://www.eba.europa.eu/risk-and-data-analysis/reporting-frameworks/reporting-framework-41,Pillar 3 G-SII disclosure templates in the 4.1 package,4.1_layouts.zip,20250519 Annotated Table Layout  GSIIDISPILLAR3 4.1.xlsx,K_00.06
GSIIDIS,K_00.06,4.2,2026-03-31,,official_except_explicit_overrides,https://www.eba.europa.eu/risk-and-data-analysis/reporting-frameworks/reporting-framework-42,All other modules use the completed DPM 2.0 glossary from 03/2026; DORA excluded,4.2_layouts.zip,260106 Annotated templates/PILLAR3/20260106 Annotated Table Layout  PILLAR3 4.2 GSIIDISPILLAR3 4.2.xlsx,K_00.06
GSIIDIS,K_100.00,4.1,2025-06-30,2026-03-31,official,https://www.eba.europa.eu/risk-and-data-analysis/reporting-frameworks/reporting-framework-41,Pillar 3 G-SII disclosure templates in the 4.1 package,4.1_layouts.zip,20250519 Annotated Table Layout  GSIIDISPILLAR3 4.1.xlsx,K_100.00
GSIIDIS,K_100.00,4.2,2026-03-31,,official_except_explicit_overrides,https://www.eba.europa.eu/risk-and-data-analysis/reporting-frameworks/reporting-framework-42,All other modules use the completed DPM 2.0 glossary from 03/2026; DORA excluded,4.2_layouts.zip,260106 Annotated templates/PILLAR3/20260106 Annotated Table Layout  PILLAR3 4.2 GSIIDISPILLAR3 4.2.xlsx,K_100.00
GSIIDIS,K_101.00,4.1,2025-06-30,2026-03-31,official,https://www.eba.europa.eu/risk-and-data-analysis/reporting-frameworks/reporting-framework-41,Pillar 3 G-SII disclosure templates in the 4.1 package,4.1_layouts.zip,20250519 Annotated Table Layout  GSIIDISPILLAR3 4.1.xlsx,K_101.00
GSIIDIS,K_101.00,4.2,2026-03-31,,official_except_explicit_overrides,https://www.eba.europa.eu/risk-and-data-analysis/reporting-frameworks/reporting-framework-42,All other modules use the completed DPM 2.0 glossary from 03/2026; DORA excluded,4.2_layouts.zip,260106 Annotated templates/PILLAR3/20260106 Annotated Table Layout  PILLAR3 4.2 GSIIDISPILLAR3 4.2.xlsx,K_101.00
GSIIDIS,K_102.00,4.1,2025-06-30,2026-03-31,official,https://www.eba.europa.eu/risk-and-data-analysis/reporting-frameworks/reporting-framework-41,Pillar 3 G-SII disclosure templates in the 4.1 package,4.1_layouts.zip,20250519 Annotated Table Layout  GSIIDISPILLAR3 4.1.xlsx,K_102.00
GSIIDIS,K_102.00,4.2,2026-03-31,,official_except_explicit_overrides,https://www.eba.europa.eu/risk-and-data-analysis/reporting-frameworks/reporting-framework-42,All other modules use the completed DPM 2.0 glossary from 03/2026; DORA excluded,4.2_layouts.zip,260106 Annotated templates/PILLAR3/20260106 Annotated Table Layout  PILLAR3 4.2 GSIIDISPILLAR3 4.2.xlsx,K_102.00
GSIIDIS,K_103.00,4.1,2025-06-30,2026-03-31,official,https://www.eba.europa.eu/risk-and-data-analysis/reporting-frameworks/reporting-framework-41,Pillar 3 G-SII disclosure templates in the 4.1 package,4.1_layouts.zip,20250519 Annotated Table Layout  GSIIDISPILLAR3 4.1.xlsx,K_103.00
GSIIDIS,K_103.00,4.2,2026-03-31,,official_except_explicit_overrides,https://www.eba.europa.eu/risk-and-data-analysis/reporting-frameworks/reporting-framework-42,All other modules use the completed DPM 2.0 glossary from 03/2026; DORA excluded,4.2_layouts.zip,260106 Annotated templates/PILLAR3/20260106 Annotated Table Layout  PILLAR3 4.2 GSIIDISPILLAR3 4.2.xlsx,K_103.00
GSIIDIS,K_104.00,4.1,2025-06-30,2026-03-31,official,https://www.eba.europa.eu/risk-and-data-analysis/reporting-frameworks/reporting-framework-41,Pillar 3 G-SII disclosure templates in the 4.1 package,4.1_layouts.zip,20250519 Annotated Table Layout  GSIIDISPILLAR3 4.1.xlsx,K_104.00
GSIIDIS,K_104.00,4.2,2026-03-31,,official_except_explicit_overrides,https://www.eba.europa.eu/risk-and-data-analysis/reporting-frameworks/reporting-framework-42,All other modules use the completed DPM 2.0 glossary from 03/2026; DORA excluded,4.2_layouts.zip,260106 Annotated templates/PILLAR3/20260106 Annotated Table Layout  PILLAR3 4.2 GSIIDISPILLAR3 4.2.xlsx,K_104.00
GSIIDIS,K_105.00,4.1,2025-06-30,2026-03-31,official,https://www.eba.europa.eu/risk-and-data-analysis/reporting-frameworks/reporting-framework-41,Pillar 3 G-SII disclosure templates in the 4.1 package,4.1_layouts.zip,20250519 Annotated Table Layout  GSIIDISPILLAR3 4.1.xlsx,K_105.00
GSIIDIS,K_105.00,4.2,2026-03-31,,official_except_explicit_overrides,https://www.eba.europa.eu/risk-and-data-analysis/reporting-frameworks/reporting-framework-42,All other modules use the completed DPM 2.0 glossary from 03/2026; DORA excluded,4.2_layouts.zip,260106 Annotated templates/PILLAR3/20260106 Annotated Table Layout  PILLAR3 4.2 GSIIDISPILLAR3 4.2.xlsx,K_105.00
GSIIDIS,K_106.00,4.1,2025-06-30,2026-03-31,official,https://www.eba.europa.eu/risk-and-data-analysis/reporting-frameworks/reporting-framework-41,Pillar 3 G-SII disclosure templates in the 4.1 package,4.1_layouts.zip,20250519 Annotated Table Layout  GSIIDISPILLAR3 4.1.xlsx,K_106.00
GSIIDIS,K_106.00,4.2,2026-03-31,,official_except_explicit_overrides,https://www.eba.europa.eu/risk-and-data-analysis/reporting-frameworks/reporting-framework-42,All other modules use the completed DPM 2.0 glossary from 03/2026; DORA excluded,4.2_layouts.zip,260106 Annotated templates/PILLAR3/20260106 Annotated Table Layout  PILLAR3 4.2 GSIIDISPILLAR3 4.2.xlsx,K_106.00
GSIIDIS,K_107.00,4.1,2025-06-30,2026-03-31,official,https://www.eba.europa.eu/risk-and-data-analysis/reporting-frameworks/reporting-framework-41,Pillar 3 G-SII disclosure templates in the 4.1 package,4.1_layouts.zip,20250519 Annotated Table Layout  GSIIDISPILLAR3 4.1.xlsx,K_107.00
GSIIDIS,K_107.00,4.2,2026-03-31,,official_except_explicit_overrides,https://www.eba.europa.eu/risk-and-data-analysis/reporting-frameworks/reporting-framework-42,All other modules use the completed DPM 2.0 glossary from 03/2026; DORA excluded,4.2_layouts.zip,260106 Annotated templates/PILLAR3/20260106 Annotated Table Layout  PILLAR3 4.2 GSIIDISPILLAR3 4.2.xlsx,K_107.00
GSIIDIS,K_108.00,4.1,2025-06-30,2026-03-31,official,https://www.eba.europa.eu/risk-and-data-analysis/reporting-frameworks/reporting-framework-41,Pillar 3 G-SII disclosure templates in the 4.1 package,4.1_layouts.zip,20250519 Annotated Table Layout  GSIIDISPILLAR3 4.1.xlsx,K_108.00
GSIIDIS,K_108.00,4.2,2026-03-31,,official_except_explicit_overrides,https://www.eba.europa.eu/risk-and-data-analysis/reporting-frameworks/reporting-framework-42,All other modules use the completed DPM 2.0 glossary from 03/2026; DORA excluded,4.2_layouts.zip,260106 Annotated templates/PILLAR3/20260106 Annotated Table Layout  PILLAR3 4.2 GSIIDISPILLAR3 4.2.xlsx,K_108.00
GSIIDIS,K_109.00,4.1,2025-06-30,2026-03-31,official,https://www.eba.europa.eu/risk-and-data-analysis/reporting-frameworks/reporting-framework-41,Pillar 3 G-SII disclosure templates in the 4.1 package,4.1_layouts.zip,20250519 Annotated Table Layout  GSIIDISPILLAR3 4.1.xlsx,K_109.00
GSIIDIS,K_109.00,4.2,2026-03-31,,official_except_explicit_overrides,https://www.eba.europa.eu/risk-and-data-analysis/reporting-frameworks/reporting-framework-42,All other modules use the completed DPM 2.0 glossary from 03/2026; DORA excluded,4.2_layouts.zip,260106 Annotated templates/PILLAR3/20260106 Annotated Table Layout  PILLAR3 4.2 GSIIDISPILLAR3 4.2.xlsx,K_109.00
GSIIDIS,K_110.00,4.1,2025-06-30,2026-03-31,official,https://www.eba.europa.eu/risk-and-data-analysis/reporting-frameworks/reporting-framework-41,Pillar 3 G-SII disclosure templates in the 4.1 package,4.1_layouts.zip,20250519 Annotated Table Layout  GSIIDISPILLAR3 4.1.xlsx,K_110.00
GSIIDIS,K_110.00,4.2,2026-03-31,,official_except_explicit_overrides,https://www.eba.europa.eu/risk-and-data-analysis/reporting-frameworks/reporting-framework-42,All other modules use the completed DPM 2.0 glossary from 03/2026; DORA excluded,4.2_layouts.zip,260106 Annotated templates/PILLAR3/20260106 Annotated Table Layout  PILLAR3 4.2 GSIIDISPILLAR3 4.2.xlsx,K_110.00
GSIIDIS,K_111.00,4.1,2025-06-30,2026-03-31,official,https://www.eba.europa.eu/risk-and-data-analysis/reporting-frameworks/reporting-framework-41,Pillar 3 G-SII disclosure templates in the 4.1 package,4.1_layouts.zip,20250519 Annotated Table Layout  GSIIDISPILLAR3 4.1.xlsx,K_111.00
GSIIDIS,K_111.00,4.2,2026-03-31,,official_except_explicit_overrides,https://www.eba.europa.eu/risk-and-data-analysis/reporting-frameworks/reporting-framework-42,All other modules use the completed DPM 2.0 glossary from 03/2026; DORA excluded,4.2_layouts.zip,260106 Annotated templates/PILLAR3/20260106 Annotated Table Layout  PILLAR3 4.2 GSIIDISPILLAR3 4.2.xlsx,K_111.00
GSIIDIS,K_112.00,4.1,2025-06-30,2026-03-31,official,https://www.eba.europa.eu/risk-and-data-analysis/reporting-frameworks/reporting-framework-41,Pillar 3 G-SII disclosure templates in the 4.1 package,4.1_layouts.zip,20250519 Annotated Table Layout  GSIIDISPILLAR3 4.1.xlsx,K_112.00
GSIIDIS,K_112.00,4.2,2026-03-31,,official_except_explicit_overrides,https://www.eba.europa.eu/risk-and-data-analysis/reporting-frameworks/reporting-framework-42,All other modules use the completed DPM 2.0 glossary from 03/2026; DORA excluded,4.2_layouts.zip,260106 Annotated templates/PILLAR3/20260106 Annotated Table Layout  PILLAR3 4.2 GSIIDISPILLAR3 4.2.xlsx,K_112.00
GSIIDIS,K_113.00,4.1,2025-06-30,2026-03-31,official,https://www.eba.europa.eu/risk-and-data-analysis/reporting-frameworks/reporting-framework-41,Pillar 3 G-SII disclosure templates in the 4.1 package,4.1_layouts.zip,20250519 Annotated Table Layout  GSIIDISPILLAR3 4.1.xlsx,K_113.00
GSIIDIS,K_113.00,4.2,2026-03-31,,official_except_explicit_overrides,https://www.eba.europa.eu/risk-and-data-analysis/reporting-frameworks/reporting-framework-42,All other modules use the completed DPM 2.0 glossary from 03/2026; DORA excluded,4.2_layouts.zip,260106 Annotated templates/PILLAR3/20260106 Annotated Table Layout  PILLAR3 4.2 GSIIDISPILLAR3 4.2.xlsx,K_113.00
IF,C_18.00,3.1,2021-09-30,2023-06-30,official,https://www.eba.europa.eu/risk-and-data-analysis/reporting/reporting-frameworks/reporting-framework-31,Investment Firms reporting first reference date 09/2021,3.1_layouts.zip,Annotated Table Layout 310-P1-IF 3.1.xlsx,C 18.00(0026)
IF,C_18.00,3.2,2023-06-30,,official,https://www.eba.europa.eu/risk-and-data-analysis/reporting/reporting-frameworks/reporting-framework-32,Investment Firms ITS first reference date 06/2023; separate threshold-monitoring date needs confirmation,3.2_layouts.zip,Annotated Table Layout 320-P1-IF 3.2.xlsx,C 18.00(0026)
IF,C_19.00,3.1,2021-09-30,2023-06-30,official,https://www.eba.europa.eu/risk-and-data-analysis/reporting/reporting-frameworks/reporting-framework-31,Investment Firms reporting first reference date 09/2021,3.1_layouts.zip,Annotated Table Layout 310-P1-IF 3.1.xlsx,C 19.00
IF,C_19.00,3.2,2023-06-30,,official,https://www.eba.europa.eu/risk-and-data-analysis/reporting/reporting-frameworks/reporting-framework-32,Investment Firms ITS first reference date 06/2023; separate threshold-monitoring date needs confirmation,3.2_layouts.zip,Annotated Table Layout 320-P1-IF 3.2.xlsx,C 19.00
IF,C_20.00,3.1,2021-09-30,2023-06-30,official,https://www.eba.europa.eu/risk-and-data-analysis/reporting/reporting-frameworks/reporting-framework-31,Investment Firms reporting first reference date 09/2021,3.1_layouts.zip,Annotated Table Layout 310-P1-IF 3.1.xlsx,C 20.00
IF,C_20.00,3.2,2023-06-30,,official,https://www.eba.europa.eu/risk-and-data-analysis/reporting/reporting-frameworks/reporting-framework-32,Investment Firms ITS first reference date 06/2023; separate threshold-monitoring date needs confirmation,3.2_layouts.zip,Annotated Table Layout 320-P1-IF 3.2.xlsx,C 20.00
IF,C_21.00,3.1,2021-09-30,2023-06-30,official,https://www.eba.europa.eu/risk-and-data-analysis/reporting/reporting-frameworks/reporting-framework-31,Investment Firms reporting first reference date 09/2021,3.1_layouts.zip,Annotated Table Layout 310-P1-IF 3.1.xlsx,C 21.00(0044)
IF,C_21.00,3.2,2023-06-30,,official,https://www.eba.europa.eu/risk-and-data-analysis/reporting/reporting-frameworks/reporting-framework-32,Investment Firms ITS first reference date 06/2023; separate threshold-monitoring date needs confirmation,3.2_layouts.zip,Annotated Table Layout 320-P1-IF 3.2.xlsx,C 21.00(0044)
IF,C_22.00,3.1,2021-09-30,2023-06-30,official,https://www.eba.europa.eu/risk-and-data-analysis/reporting/reporting-frameworks/reporting-framework-31,Investment Firms reporting first reference date 09/2021,3.1_layouts.zip,Annotated Table Layout 310-P1-IF 3.1.xlsx,C 22.00
IF,C_22.00,3.2,2023-06-30,,official,https://www.eba.europa.eu/risk-and-data-analysis/reporting/reporting-frameworks/reporting-framework-32,Investment Firms ITS first reference date 06/2023; separate threshold-monitoring date needs confirmation,3.2_layouts.zip,Annotated Table Layout 320-P1-IF 3.2.xlsx,C 22.00
IF,C_23.00,3.1,2021-09-30,2023-06-30,official,https://www.eba.europa.eu/risk-and-data-analysis/reporting/reporting-frameworks/reporting-framework-31,Investment Firms reporting first reference date 09/2021,3.1_layouts.zip,Annotated Table Layout 310-P1-IF 3.1.xlsx,C 23.00
IF,C_23.00,3.2,2023-06-30,,official,https://www.eba.europa.eu/risk-and-data-analysis/reporting/reporting-frameworks/reporting-framework-32,Investment Firms ITS first reference date 06/2023; separate threshold-monitoring date needs confirmation,3.2_layouts.zip,Annotated Table Layout 320-P1-IF 3.2.xlsx,C 23.00
IF,C_24.00,3.1,2021-09-30,2023-06-30,official,https://www.eba.europa.eu/risk-and-data-analysis/reporting/reporting-frameworks/reporting-framework-31,Investment Firms reporting first reference date 09/2021,3.1_layouts.zip,Annotated Table Layout 310-P1-IF 3.1.xlsx,C 24.00
IF,C_24.00,3.2,2023-06-30,,official,https://www.eba.europa.eu/risk-and-data-analysis/reporting/reporting-frameworks/reporting-framework-32,Investment Firms ITS first reference date 06/2023; separate threshold-monitoring date needs confirmation,3.2_layouts.zip,Annotated Table Layout 320-P1-IF 3.2.xlsx,C 24.00
IF,C_25.00,3.1,2021-09-30,2023-06-30,official,https://www.eba.europa.eu/risk-and-data-analysis/reporting/reporting-frameworks/reporting-framework-31,Investment Firms reporting first reference date 09/2021,3.1_layouts.zip,Annotated Table Layout 310-P1-IF 3.1.xlsx,C 25.00
IF,C_25.00,3.2,2023-06-30,,official,https://www.eba.europa.eu/risk-and-data-analysis/reporting/reporting-frameworks/reporting-framework-32,Investment Firms ITS first reference date 06/2023; separate threshold-monitoring date needs confirmation,3.2_layouts.zip,Annotated Table Layout 320-P1-IF 3.2.xlsx,C 25.00
IF,C_34.02,3.1,2021-09-30,2023-06-30,official,https://www.eba.europa.eu/risk-and-data-analysis/reporting/reporting-frameworks/reporting-framework-31,Investment Firms reporting first reference date 09/2021,3.1_layouts.zip,Annotated Table Layout 310-P1-IF 3.1.xlsx,C 34.02(0002)
IF,C_34.02,3.2,2023-06-30,,official,https://www.eba.europa.eu/risk-and-data-analysis/reporting/reporting-frameworks/reporting-framework-32,Investment Firms ITS first reference date 06/2023; separate threshold-monitoring date needs confirmation,3.2_layouts.zip,Annotated Table Layout 320-P1-IF 3.2.xlsx,C 34.02(0002)
IF,I_01.00,3.1,2021-09-30,2023-06-30,official,https://www.eba.europa.eu/risk-and-data-analysis/reporting/reporting-frameworks/reporting-framework-31,Investment Firms reporting first reference date 09/2021,3.1_layouts.zip,Annotated Table Layout 310-P1-IF 3.1.xlsx,I 01.00
IF,I_01.00,3.2,2023-06-30,,official,https://www.eba.europa.eu/risk-and-data-analysis/reporting/reporting-frameworks/reporting-framework-32,Investment Firms ITS first reference date 06/2023; separate threshold-monitoring date needs confirmation,3.2_layouts.zip,Annotated Table Layout 320-P1-IF 3.2.xlsx,I 01.00
IF,I_01.01,3.1,2021-09-30,2023-06-30,official,https://www.eba.europa.eu/risk-and-data-analysis/reporting/reporting-frameworks/reporting-framework-31,Investment Firms reporting first reference date 09/2021,3.1_layouts.zip,Annotated Table Layout 310-P1-IF 3.1.xlsx,I 01.01
IF,I_01.01,3.2,2023-06-30,,official,https://www.eba.europa.eu/risk-and-data-analysis/reporting/reporting-frameworks/reporting-framework-32,Investment Firms ITS first reference date 06/2023; separate threshold-monitoring date needs confirmation,3.2_layouts.zip,Annotated Table Layout 320-P1-IF 3.2.xlsx,I 01.01
IF,I_02.01,3.1,2021-09-30,2023-06-30,official,https://www.eba.europa.eu/risk-and-data-analysis/reporting/reporting-frameworks/reporting-framework-31,Investment Firms reporting first reference date 09/2021,3.1_layouts.zip,Annotated Table Layout 310-P1-IF 3.1.xlsx,I 02.01
IF,I_02.01,3.2,2023-06-30,,official,https://www.eba.europa.eu/risk-and-data-analysis/reporting/reporting-frameworks/reporting-framework-32,Investment Firms ITS first reference date 06/2023; separate threshold-monitoring date needs confirmation,3.2_layouts.zip,Annotated Table Layout 320-P1-IF 3.2.xlsx,I 02.01
IF,I_02.02,3.1,2021-09-30,2023-06-30,official,https://www.eba.europa.eu/risk-and-data-analysis/reporting/reporting-frameworks/reporting-framework-31,Investment Firms reporting first reference date 09/2021,3.1_layouts.zip,Annotated Table Layout 310-P1-IF 3.1.xlsx,I 02.02
IF,I_02.02,3.2,2023-06-30,,official,https://www.eba.europa.eu/risk-and-data-analysis/reporting/reporting-frameworks/reporting-framework-32,Investment Firms ITS first reference date 06/2023; separate threshold-monitoring date needs confirmation,3.2_layouts.zip,Annotated Table Layout 320-P1-IF 3.2.xlsx,I 02.02
IF,I_02.03,3.1,2021-09-30,2023-06-30,official,https://www.eba.europa.eu/risk-and-data-analysis/reporting/reporting-frameworks/reporting-framework-31,Investment Firms reporting first reference date 09/2021,3.1_layouts.zip,Annotated Table Layout 310-P1-IF 3.1.xlsx,I 02.03
IF,I_02.03,3.2,2023-06-30,,official,https://www.eba.europa.eu/risk-and-data-analysis/reporting/reporting-frameworks/reporting-framework-32,Investment Firms ITS first reference date 06/2023; separate threshold-monitoring date needs confirmation,3.2_layouts.zip,Annotated Table Layout 320-P1-IF 3.2.xlsx,I 02.03
IF,I_02.04,3.1,2021-09-30,2023-06-30,official,https://www.eba.europa.eu/risk-and-data-analysis/reporting/reporting-frameworks/reporting-framework-31,Investment Firms reporting first reference date 09/2021,3.1_layouts.zip,Annotated Table Layout 310-P1-IF 3.1.xlsx,I 02.04
IF,I_02.04,3.2,2023-06-30,,official,https://www.eba.europa.eu/risk-and-data-analysis/reporting/reporting-frameworks/reporting-framework-32,Investment Firms ITS first reference date 06/2023; separate threshold-monitoring date needs confirmation,3.2_layouts.zip,Annotated Table Layout 320-P1-IF 3.2.xlsx,I 02.04
IF,I_03.00,3.1,2021-09-30,2023-06-30,official,https://www.eba.europa.eu/risk-and-data-analysis/reporting/reporting-frameworks/reporting-framework-31,Investment Firms reporting first reference date 09/2021,3.1_layouts.zip,Annotated Table Layout 310-P1-IF 3.1.xlsx,I 03.00
IF,I_03.00,3.2,2023-06-30,,official,https://www.eba.europa.eu/risk-and-data-analysis/reporting/reporting-frameworks/reporting-framework-32,Investment Firms ITS first reference date 06/2023; separate threshold-monitoring date needs confirmation,3.2_layouts.zip,Annotated Table Layout 320-P1-IF 3.2.xlsx,I 03.00
IF,I_03.01,3.1,2021-09-30,2023-06-30,official,https://www.eba.europa.eu/risk-and-data-analysis/reporting/reporting-frameworks/reporting-framework-31,Investment Firms reporting first reference date 09/2021,3.1_layouts.zip,Annotated Table Layout 310-P1-IF 3.1.xlsx,I 03.01
IF,I_03.01,3.2,2023-06-30,,official,https://www.eba.europa.eu/risk-and-data-analysis/reporting/reporting-frameworks/reporting-framework-32,Investment Firms ITS first reference date 06/2023; separate threshold-monitoring date needs confirmation,3.2_layouts.zip,Annotated Table Layout 320-P1-IF 3.2.xlsx,I 03.01
IF,I_04.00,3.1,2021-09-30,2023-06-30,official,https://www.eba.europa.eu/risk-and-data-analysis/reporting/reporting-frameworks/reporting-framework-31,Investment Firms reporting first reference date 09/2021,3.1_layouts.zip,Annotated Table Layout 310-P1-IF 3.1.xlsx,I 04.00
IF,I_04.00,3.2,2023-06-30,,official,https://www.eba.europa.eu/risk-and-data-analysis/reporting/reporting-frameworks/reporting-framework-32,Investment Firms ITS first reference date 06/2023; separate threshold-monitoring date needs confirmation,3.2_layouts.zip,Annotated Table Layout 320-P1-IF 3.2.xlsx,I 04.00
IF,I_05.00,3.1,2021-09-30,2023-06-30,official,https://www.eba.europa.eu/risk-and-data-analysis/reporting/reporting-frameworks/reporting-framework-31,Investment Firms reporting first reference date 09/2021,3.1_layouts.zip,Annotated Table Layout 310-P1-IF 3.1.xlsx,I 05.00
IF,I_05.00,3.2,2023-06-30,,official,https://www.eba.europa.eu/risk-and-data-analysis/reporting/reporting-frameworks/reporting-framework-32,Investment Firms ITS first reference date 06/2023; separate threshold-monitoring date needs confirmation,3.2_layouts.zip,Annotated Table Layout 320-P1-IF 3.2.xlsx,I 05.00
IF,I_06.01,3.1,2021-09-30,2023-06-30,official,https://www.eba.europa.eu/risk-and-data-analysis/reporting/reporting-frameworks/reporting-framework-31,Investment Firms reporting first reference date 09/2021,3.1_layouts.zip,Annotated Table Layout 310-P1-IF 3.1.xlsx,I 06.01
IF,I_06.01,3.2,2023-06-30,,official,https://www.eba.europa.eu/risk-and-data-analysis/reporting/reporting-frameworks/reporting-framework-32,Investment Firms ITS first reference date 06/2023; separate threshold-monitoring date needs confirmation,3.2_layouts.zip,Annotated Table Layout 320-P1-IF 3.2.xlsx,I 06.01
IF,I_06.02,3.1,2021-09-30,2023-06-30,official,https://www.eba.europa.eu/risk-and-data-analysis/reporting/reporting-frameworks/reporting-framework-31,Investment Firms reporting first reference date 09/2021,3.1_layouts.zip,Annotated Table Layout 310-P1-IF 3.1.xlsx,I 06.02
IF,I_06.02,3.2,2023-06-30,,official,https://www.eba.europa.eu/risk-and-data-analysis/reporting/reporting-frameworks/reporting-framework-32,Investment Firms ITS first reference date 06/2023; separate threshold-monitoring date needs confirmation,3.2_layouts.zip,Annotated Table Layout 320-P1-IF 3.2.xlsx,I 06.02
IF,I_06.03,3.1,2021-09-30,2023-06-30,official,https://www.eba.europa.eu/risk-and-data-analysis/reporting/reporting-frameworks/reporting-framework-31,Investment Firms reporting first reference date 09/2021,3.1_layouts.zip,Annotated Table Layout 310-P1-IF 3.1.xlsx,I 06.03
IF,I_06.03,3.2,2023-06-30,,official,https://www.eba.europa.eu/risk-and-data-analysis/reporting/reporting-frameworks/reporting-framework-32,Investment Firms ITS first reference date 06/2023; separate threshold-monitoring date needs confirmation,3.2_layouts.zip,Annotated Table Layout 320-P1-IF 3.2.xlsx,I 06.03
IF,I_06.04,3.1,2021-09-30,2023-06-30,official,https://www.eba.europa.eu/risk-and-data-analysis/reporting/reporting-frameworks/reporting-framework-31,Investment Firms reporting first reference date 09/2021,3.1_layouts.zip,Annotated Table Layout 310-P1-IF 3.1.xlsx,I 06.04
IF,I_06.04,3.2,2023-06-30,,official,https://www.eba.europa.eu/risk-and-data-analysis/reporting/reporting-frameworks/reporting-framework-32,Investment Firms ITS first reference date 06/2023; separate threshold-monitoring date needs confirmation,3.2_layouts.zip,Annotated Table Layout 320-P1-IF 3.2.xlsx,I 06.04
IF,I_06.05,3.1,2021-09-30,2023-06-30,official,https://www.eba.europa.eu/risk-and-data-analysis/reporting/reporting-frameworks/reporting-framework-31,Investment Firms reporting first reference date 09/2021,3.1_layouts.zip,Annotated Table Layout 310-P1-IF 3.1.xlsx,I 06.05
IF,I_06.05,3.2,2023-06-30,,official,https://www.eba.europa.eu/risk-and-data-analysis/reporting/reporting-frameworks/reporting-framework-32,Investment Firms ITS first reference date 06/2023; separate threshold-monitoring date needs confirmation,3.2_layouts.zip,Annotated Table Layout 320-P1-IF 3.2.xlsx,I 06.05
IF,I_06.06,3.1,2021-09-30,2023-06-30,official,https://www.eba.europa.eu/risk-and-data-analysis/reporting/reporting-frameworks/reporting-framework-31,Investment Firms reporting first reference date 09/2021,3.1_layouts.zip,Annotated Table Layout 310-P1-IF 3.1.xlsx,I 06.06
IF,I_06.06,3.2,2023-06-30,,official,https://www.eba.europa.eu/risk-and-data-analysis/reporting/reporting-frameworks/reporting-framework-32,Investment Firms ITS first reference date 06/2023; separate threshold-monitoring date needs confirmation,3.2_layouts.zip,Annotated Table Layout 320-P1-IF 3.2.xlsx,I 06.06
IF,I_06.07,3.1,2021-09-30,2023-06-30,official,https://www.eba.europa.eu/risk-and-data-analysis/reporting/reporting-frameworks/reporting-framework-31,Investment Firms reporting first reference date 09/2021,3.1_layouts.zip,Annotated Table Layout 310-P1-IF 3.1.xlsx,I 06.07
IF,I_06.07,3.2,2023-06-30,,official,https://www.eba.europa.eu/risk-and-data-analysis/reporting/reporting-frameworks/reporting-framework-32,Investment Firms ITS first reference date 06/2023; separate threshold-monitoring date needs confirmation,3.2_layouts.zip,Annotated Table Layout 320-P1-IF 3.2.xlsx,I 06.07
IF,I_06.08,3.1,2021-09-30,2023-06-30,official,https://www.eba.europa.eu/risk-and-data-analysis/reporting/reporting-frameworks/reporting-framework-31,Investment Firms reporting first reference date 09/2021,3.1_layouts.zip,Annotated Table Layout 310-P1-IF 3.1.xlsx,I 06.08
IF,I_06.08,3.2,2023-06-30,,official,https://www.eba.europa.eu/risk-and-data-analysis/reporting/reporting-frameworks/reporting-framework-32,Investment Firms ITS first reference date 06/2023; separate threshold-monitoring date needs confirmation,3.2_layouts.zip,Annotated Table Layout 320-P1-IF 3.2.xlsx,I 06.08
IF,I_06.09,3.1,2021-09-30,2023-06-30,official,https://www.eba.europa.eu/risk-and-data-analysis/reporting/reporting-frameworks/reporting-framework-31,Investment Firms reporting first reference date 09/2021,3.1_layouts.zip,Annotated Table Layout 310-P1-IF 3.1.xlsx,I 06.09
IF,I_06.09,3.2,2023-06-30,,official,https://www.eba.europa.eu/risk-and-data-analysis/reporting/reporting-frameworks/reporting-framework-32,Investment Firms ITS first reference date 06/2023; separate threshold-monitoring date needs confirmation,3.2_layouts.zip,Annotated Table Layout 320-P1-IF 3.2.xlsx,I 06.09
IF,I_06.10,3.1,2021-09-30,2023-06-30,official,https://www.eba.europa.eu/risk-and-data-analysis/reporting/reporting-frameworks/reporting-framework-31,Investment Firms reporting first reference date 09/2021,3.1_layouts.zip,Annotated Table Layout 310-P1-IF 3.1.xlsx,I 06.10
IF,I_06.10,3.2,2023-06-30,,official,https://www.eba.europa.eu/risk-and-data-analysis/reporting/reporting-frameworks/reporting-framework-32,Investment Firms ITS first reference date 06/2023; separate threshold-monitoring date needs confirmation,3.2_layouts.zip,Annotated Table Layout 320-P1-IF 3.2.xlsx,I 06.10
IF,I_06.11,3.1,2021-09-30,2023-06-30,official,https://www.eba.europa.eu/risk-and-data-analysis/reporting/reporting-frameworks/reporting-framework-31,Investment Firms reporting first reference date 09/2021,3.1_layouts.zip,Annotated Table Layout 310-P1-IF 3.1.xlsx,I 06.11
IF,I_06.11,3.2,2023-06-30,,official,https://www.eba.europa.eu/risk-and-data-analysis/reporting/reporting-frameworks/reporting-framework-32,Investment Firms ITS first reference date 06/2023; separate threshold-monitoring date needs confirmation,3.2_layouts.zip,Annotated Table Layout 320-P1-IF 3.2.xlsx,I 06.11
IF,I_06.12,3.1,2021-09-30,2023-06-30,official,https://www.eba.europa.eu/risk-and-data-analysis/reporting/reporting-frameworks/reporting-framework-31,Investment Firms reporting first reference date 09/2021,3.1_layouts.zip,Annotated Table Layout 310-P1-IF 3.1.xlsx,I 06.12
IF,I_06.12,3.2,2023-06-30,,official,https://www.eba.europa.eu/risk-and-data-analysis/reporting/reporting-frameworks/reporting-framework-32,Investment Firms ITS first reference date 06/2023; separate threshold-monitoring date needs confirmation,3.2_layouts.zip,Annotated Table Layout 320-P1-IF 3.2.xlsx,I 06.12
IF,I_06.13,3.1,2021-09-30,2023-06-30,official,https://www.eba.europa.eu/risk-and-data-analysis/reporting/reporting-frameworks/reporting-framework-31,Investment Firms reporting first reference date 09/2021,3.1_layouts.zip,Annotated Table Layout 310-P1-IF 3.1.xlsx,I 06.13
IF,I_06.13,3.2,2023-06-30,,official,https://www.eba.europa.eu/risk-and-data-analysis/reporting/reporting-frameworks/reporting-framework-32,Investment Firms ITS first reference date 06/2023; separate threshold-monitoring date needs confirmation,3.2_layouts.zip,Annotated Table Layout 320-P1-IF 3.2.xlsx,I 06.13
IF,I_07.00,3.1,2021-09-30,2023-06-30,official,https://www.eba.europa.eu/risk-and-data-analysis/reporting/reporting-frameworks/reporting-framework-31,Investment Firms reporting first reference date 09/2021,3.1_layouts.zip,Annotated Table Layout 310-P1-IF 3.1.xlsx,I 07.00
IF,I_07.00,3.2,2023-06-30,,official,https://www.eba.europa.eu/risk-and-data-analysis/reporting/reporting-frameworks/reporting-framework-32,Investment Firms ITS first reference date 06/2023; separate threshold-monitoring date needs confirmation,3.2_layouts.zip,Annotated Table Layout 320-P1-IF 3.2.xlsx,I 07.00
IF,I_08.01,3.1,2021-09-30,2023-06-30,official,https://www.eba.europa.eu/risk-and-data-analysis/reporting/reporting-frameworks/reporting-framework-31,Investment Firms reporting first reference date 09/2021,3.1_layouts.zip,Annotated Table Layout 310-P1-IF 3.1.xlsx,I 08.01
IF,I_08.01,3.2,2023-06-30,,official,https://www.eba.europa.eu/risk-and-data-analysis/reporting/reporting-frameworks/reporting-framework-32,Investment Firms ITS first reference date 06/2023; separate threshold-monitoring date needs confirmation,3.2_layouts.zip,Annotated Table Layout 320-P1-IF 3.2.xlsx,I 08.01
IF,I_08.02,3.1,2021-09-30,2023-06-30,official,https://www.eba.europa.eu/risk-and-data-analysis/reporting/reporting-frameworks/reporting-framework-31,Investment Firms reporting first reference date 09/2021,3.1_layouts.zip,Annotated Table Layout 310-P1-IF 3.1.xlsx,I 08.02
IF,I_08.02,3.2,2023-06-30,,official,https://www.eba.europa.eu/risk-and-data-analysis/reporting/reporting-frameworks/reporting-framework-32,Investment Firms ITS first reference date 06/2023; separate threshold-monitoring date needs confirmation,3.2_layouts.zip,Annotated Table Layout 320-P1-IF 3.2.xlsx,I 08.02
IF,I_08.03,3.1,2021-09-30,2023-06-30,official,https://www.eba.europa.eu/risk-and-data-analysis/reporting/reporting-frameworks/reporting-framework-31,Investment Firms reporting first reference date 09/2021,3.1_layouts.zip,Annotated Table Layout 310-P1-IF 3.1.xlsx,I 08.03
IF,I_08.03,3.2,2023-06-30,,official,https://www.eba.europa.eu/risk-and-data-analysis/reporting/reporting-frameworks/reporting-framework-32,Investment Firms ITS first reference date 06/2023; separate threshold-monitoring date needs confirmation,3.2_layouts.zip,Annotated Table Layout 320-P1-IF 3.2.xlsx,I 08.03
IF,I_08.04,3.1,2021-09-30,2023-06-30,official,https://www.eba.europa.eu/risk-and-data-analysis/reporting/reporting-frameworks/reporting-framework-31,Investment Firms reporting first reference date 09/2021,3.1_layouts.zip,Annotated Table Layout 310-P1-IF 3.1.xlsx,I 08.04
IF,I_08.04,3.2,2023-06-30,,official,https://www.eba.europa.eu/risk-and-data-analysis/reporting/reporting-frameworks/reporting-framework-32,Investment Firms ITS first reference date 06/2023; separate threshold-monitoring date needs confirmation,3.2_layouts.zip,Annotated Table Layout 320-P1-IF 3.2.xlsx,I 08.04
IF,I_08.05,3.1,2021-09-30,2023-06-30,official,https://www.eba.europa.eu/risk-and-data-analysis/reporting/reporting-frameworks/reporting-framework-31,Investment Firms reporting first reference date 09/2021,3.1_layouts.zip,Annotated Table Layout 310-P1-IF 3.1.xlsx,I 08.05
IF,I_08.05,3.2,2023-06-30,,official,https://www.eba.europa.eu/risk-and-data-analysis/reporting/reporting-frameworks/reporting-framework-32,Investment Firms ITS first reference date 06/2023; separate threshold-monitoring date needs confirmation,3.2_layouts.zip,Annotated Table Layout 320-P1-IF 3.2.xlsx,I 08.05
IF,I_08.06,3.1,2021-09-30,2023-06-30,official,https://www.eba.europa.eu/risk-and-data-analysis/reporting/reporting-frameworks/reporting-framework-31,Investment Firms reporting first reference date 09/2021,3.1_layouts.zip,Annotated Table Layout 310-P1-IF 3.1.xlsx,I 08.06
IF,I_08.06,3.2,2023-06-30,,official,https://www.eba.europa.eu/risk-and-data-analysis/reporting/reporting-frameworks/reporting-framework-32,Investment Firms ITS first reference date 06/2023; separate threshold-monitoring date needs confirmation,3.2_layouts.zip,Annotated Table Layout 320-P1-IF 3.2.xlsx,I 08.06
IF,I_09.00,3.1,2021-09-30,2023-06-30,official,https://www.eba.europa.eu/risk-and-data-analysis/reporting/reporting-frameworks/reporting-framework-31,Investment Firms reporting first reference date 09/2021,3.1_layouts.zip,Annotated Table Layout 310-P1-IF 3.1.xlsx,I 09.00
IF,I_09.00,3.2,2023-06-30,,official,https://www.eba.europa.eu/risk-and-data-analysis/reporting/reporting-frameworks/reporting-framework-32,Investment Firms ITS first reference date 06/2023; separate threshold-monitoring date needs confirmation,3.2_layouts.zip,Annotated Table Layout 320-P1-IF 3.2.xlsx,I 09.00
IF,I_09.01,3.1,2021-09-30,2023-06-30,official,https://www.eba.europa.eu/risk-and-data-analysis/reporting/reporting-frameworks/reporting-framework-31,Investment Firms reporting first reference date 09/2021,3.1_layouts.zip,Annotated Table Layout 310-P1-IF 3.1.xlsx,I 09.01
IF,I_09.01,3.2,2023-06-30,,official,https://www.eba.europa.eu/risk-and-data-analysis/reporting/reporting-frameworks/reporting-framework-32,Investment Firms ITS first reference date 06/2023; separate threshold-monitoring date needs confirmation,3.2_layouts.zip,Annotated Table Layout 320-P1-IF 3.2.xlsx,I 09.01
IF,I_10.01,3.2,2023-06-30,,official,https://www.eba.europa.eu/risk-and-data-analysis/reporting/reporting-frameworks/reporting-framework-32,Investment Firms ITS first reference date 06/2023; separate threshold-monitoring date needs confirmation,3.2_layouts.zip,Annotated Table Layout 320-P1-IF 3.2.xlsx,I 10.01
IF,I_10.02,3.2,2023-06-30,,official,https://www.eba.europa.eu/risk-and-data-analysis/reporting/reporting-frameworks/reporting-framework-32,Investment Firms ITS first reference date 06/2023; separate threshold-monitoring date needs confirmation,3.2_layouts.zip,Annotated Table Layout 320-P1-IF 3.2.xlsx,I 10.02
IF,I_11.01,3.1,2021-09-30,2023-06-30,official,https://www.eba.europa.eu/risk-and-data-analysis/reporting/reporting-frameworks/reporting-framework-31,Investment Firms reporting first reference date 09/2021,3.1_layouts.zip,Annotated Table Layout 310-P1-IF 3.1.xlsx,I 11.01
IF,I_11.01,3.2,2023-06-30,,official,https://www.eba.europa.eu/risk-and-data-analysis/reporting/reporting-frameworks/reporting-framework-32,Investment Firms ITS first reference date 06/2023; separate threshold-monitoring date needs confirmation,3.2_layouts.zip,Annotated Table Layout 320-P1-IF 3.2.xlsx,I 11.01
IF,I_11.02,3.1,2021-09-30,2023-06-30,official,https://www.eba.europa.eu/risk-and-data-analysis/reporting/reporting-frameworks/reporting-framework-31,Investment Firms reporting first reference date 09/2021,3.1_layouts.zip,Annotated Table Layout 310-P1-IF 3.1.xlsx,I 11.02
IF,I_11.02,3.2,2023-06-30,,official,https://www.eba.europa.eu/risk-and-data-analysis/reporting/reporting-frameworks/reporting-framework-32,Investment Firms ITS first reference date 06/2023; separate threshold-monitoring date needs confirmation,3.2_layouts.zip,Annotated Table Layout 320-P1-IF 3.2.xlsx,I 11.02
IF,I_11.03,3.1,2021-09-30,2023-06-30,official,https://www.eba.europa.eu/risk-and-data-analysis/reporting/reporting-frameworks/reporting-framework-31,Investment Firms reporting first reference date 09/2021,3.1_layouts.zip,Annotated Table Layout 310-P1-IF 3.1.xlsx,I 11.03
IF,I_11.03,3.2,2023-06-30,,official,https://www.eba.europa.eu/risk-and-data-analysis/reporting/reporting-frameworks/reporting-framework-32,Investment Firms ITS first reference date 06/2023; separate threshold-monitoring date needs confirmation,3.2_layouts.zip,Annotated Table Layout 320-P1-IF 3.2.xlsx,I 11.03
IF_CLASS2,C_18.00,4.0,2025-03-31,2026-03-31,official,https://www.eba.europa.eu/risk-and-data-analysis/reporting/reporting-frameworks/reporting-framework-40,Class 2 investment firms first reference date 03/2025,4.0_layouts.zip,20241217 Annotated Table Layout  IF_CLASS2IF 4.0.xlsx,C_18.00(0026)
IF_CLASS2,C_18.00,4.2,2026-03-31,,official_except_explicit_overrides,https://www.eba.europa.eu/risk-and-data-analysis/reporting-frameworks/reporting-framework-42,All other modules use the completed DPM 2.0 glossary from 03/2026; DORA excluded,4.2_layouts.zip,260106 Annotated templates/IF/20260106 Annotated Table Layout  IF 4.2 IF_CLASS2IF 4.2.xlsx,C_18.00(0025)
IF_CLASS2,C_19.00,4.0,2025-03-31,2026-03-31,official,https://www.eba.europa.eu/risk-and-data-analysis/reporting/reporting-frameworks/reporting-framework-40,Class 2 investment firms first reference date 03/2025,4.0_layouts.zip,20241217 Annotated Table Layout  IF_CLASS2IF 4.0.xlsx,C_19.00
IF_CLASS2,C_19.00,4.2,2026-03-31,,official_except_explicit_overrides,https://www.eba.europa.eu/risk-and-data-analysis/reporting-frameworks/reporting-framework-42,All other modules use the completed DPM 2.0 glossary from 03/2026; DORA excluded,4.2_layouts.zip,260106 Annotated templates/IF/20260106 Annotated Table Layout  IF 4.2 IF_CLASS2IF 4.2.xlsx,C_19.00
IF_CLASS2,C_20.00,4.0,2025-03-31,2026-03-31,official,https://www.eba.europa.eu/risk-and-data-analysis/reporting/reporting-frameworks/reporting-framework-40,Class 2 investment firms first reference date 03/2025,4.0_layouts.zip,20241217 Annotated Table Layout  IF_CLASS2IF 4.0.xlsx,C_20.00
IF_CLASS2,C_20.00,4.2,2026-03-31,,official_except_explicit_overrides,https://www.eba.europa.eu/risk-and-data-analysis/reporting-frameworks/reporting-framework-42,All other modules use the completed DPM 2.0 glossary from 03/2026; DORA excluded,4.2_layouts.zip,260106 Annotated templates/IF/20260106 Annotated Table Layout  IF 4.2 IF_CLASS2IF 4.2.xlsx,C_20.00
IF_CLASS2,C_21.00,4.0,2025-03-31,2026-03-31,official,https://www.eba.europa.eu/risk-and-data-analysis/reporting/reporting-frameworks/reporting-framework-40,Class 2 investment firms first reference date 03/2025,4.0_layouts.zip,20241217 Annotated Table Layout  IF_CLASS2IF 4.0.xlsx,C_21.00(0044)
IF_CLASS2,C_21.00,4.2,2026-03-31,,official_except_explicit_overrides,https://www.eba.europa.eu/risk-and-data-analysis/reporting-frameworks/reporting-framework-42,All other modules use the completed DPM 2.0 glossary from 03/2026; DORA excluded,4.2_layouts.zip,260106 Annotated templates/IF/20260106 Annotated Table Layout  IF 4.2 IF_CLASS2IF 4.2.xlsx,C_21.00(0044)
IF_CLASS2,C_22.00,4.0,2025-03-31,2026-03-31,official,https://www.eba.europa.eu/risk-and-data-analysis/reporting/reporting-frameworks/reporting-framework-40,Class 2 investment firms first reference date 03/2025,4.0_layouts.zip,20241217 Annotated Table Layout  IF_CLASS2IF 4.0.xlsx,C_22.00
IF_CLASS2,C_22.00,4.2,2026-03-31,,official_except_explicit_overrides,https://www.eba.europa.eu/risk-and-data-analysis/reporting-frameworks/reporting-framework-42,All other modules use the completed DPM 2.0 glossary from 03/2026; DORA excluded,4.2_layouts.zip,260106 Annotated templates/IF/20260106 Annotated Table Layout  IF 4.2 IF_CLASS2IF 4.2.xlsx,C_22.00
IF_CLASS2,C_23.00,4.0,2025-03-31,2026-03-31,official,https://www.eba.europa.eu/risk-and-data-analysis/reporting/reporting-frameworks/reporting-framework-40,Class 2 investment firms first reference date 03/2025,4.0_layouts.zip,20241217 Annotated Table Layout  IF_CLASS2IF 4.0.xlsx,C_23.00
IF_CLASS2,C_23.00,4.2,2026-03-31,,official_except_explicit_overrides,https://www.eba.europa.eu/risk-and-data-analysis/reporting-frameworks/reporting-framework-42,All other modules use the completed DPM 2.0 glossary from 03/2026; DORA excluded,4.2_layouts.zip,260106 Annotated templates/IF/20260106 Annotated Table Layout  IF 4.2 IF_CLASS2IF 4.2.xlsx,C_23.00
IF_CLASS2,C_24.00,4.0,2025-03-31,2026-03-31,official,https://www.eba.europa.eu/risk-and-data-analysis/reporting/reporting-frameworks/reporting-framework-40,Class 2 investment firms first reference date 03/2025,4.0_layouts.zip,20241217 Annotated Table Layout  IF_CLASS2IF 4.0.xlsx,C_24.00
IF_CLASS2,C_24.00,4.2,2026-03-31,,official_except_explicit_overrides,https://www.eba.europa.eu/risk-and-data-analysis/reporting-frameworks/reporting-framework-42,All other modules use the completed DPM 2.0 glossary from 03/2026; DORA excluded,4.2_layouts.zip,260106 Annotated templates/IF/20260106 Annotated Table Layout  IF 4.2 IF_CLASS2IF 4.2.xlsx,C_24.00
IF_CLASS2,C_25.01.a,4.0,2025-03-31,2026-03-31,official,https://www.eba.europa.eu/risk-and-data-analysis/reporting/reporting-frameworks/reporting-framework-40,Class 2 investment firms first reference date 03/2025,4.0_layouts.zip,20241217 Annotated Table Layout  IF_CLASS2IF 4.0.xlsx,C_25.01.a
IF_CLASS2,C_25.01.a,4.2,2026-03-31,,official_except_explicit_overrides,https://www.eba.europa.eu/risk-and-data-analysis/reporting-frameworks/reporting-framework-42,All other modules use the completed DPM 2.0 glossary from 03/2026; DORA excluded,4.2_layouts.zip,260106 Annotated templates/IF/20260106 Annotated Table Layout  IF 4.2 IF_CLASS2IF 4.2.xlsx,C_25.01.a
IF_CLASS2,C_25.01.b,4.0,2025-03-31,2026-03-31,official,https://www.eba.europa.eu/risk-and-data-analysis/reporting/reporting-frameworks/reporting-framework-40,Class 2 investment firms first reference date 03/2025,4.0_layouts.zip,20241217 Annotated Table Layout  IF_CLASS2IF 4.0.xlsx,C_25.01.b
IF_CLASS2,C_25.01.b,4.2,2026-03-31,,official_except_explicit_overrides,https://www.eba.europa.eu/risk-and-data-analysis/reporting-frameworks/reporting-framework-42,All other modules use the completed DPM 2.0 glossary from 03/2026; DORA excluded,4.2_layouts.zip,260106 Annotated templates/IF/20260106 Annotated Table Layout  IF 4.2 IF_CLASS2IF 4.2.xlsx,C_25.01.b
IF_CLASS2,C_34.02,4.0,2025-03-31,,official,https://www.eba.europa.eu/risk-and-data-analysis/reporting/reporting-frameworks/reporting-framework-40,Class 2 investment firms first reference date 03/2025,4.0_layouts.zip,20241217 Annotated Table Layout  IF_CLASS2IF 4.0.xlsx,C_34.02(0002)
IF_CLASS2,C_34.02.a,4.2,2026-03-31,,official_except_explicit_overrides,https://www.eba.europa.eu/risk-and-data-analysis/reporting-frameworks/reporting-framework-42,All other modules use the completed DPM 2.0 glossary from 03/2026; DORA excluded,4.2_layouts.zip,260106 Annotated templates/IF/20260106 Annotated Table Layout  IF 4.2 IF_CLASS2IF 4.2.xlsx,C_34.02.a(0002)
IF_CLASS2,C_34.02.b,4.2,2026-03-31,,official_except_explicit_overrides,https://www.eba.europa.eu/risk-and-data-analysis/reporting-frameworks/reporting-framework-42,All other modules use the completed DPM 2.0 glossary from 03/2026; DORA excluded,4.2_layouts.zip,260106 Annotated templates/IF/20260106 Annotated Table Layout  IF 4.2 IF_CLASS2IF 4.2.xlsx,C_34.02.b(0002)
IF_CLASS2,I_01.00,4.0,2025-03-31,2026-03-31,official,https://www.eba.europa.eu/risk-and-data-analysis/reporting/reporting-frameworks/reporting-framework-40,Class 2 investment firms first reference date 03/2025,4.0_layouts.zip,20241217 Annotated Table Layout  IF_CLASS2IF 4.0.xlsx,I_01.00
IF_CLASS2,I_01.00,4.2,2026-03-31,,official_except_explicit_overrides,https://www.eba.europa.eu/risk-and-data-analysis/reporting-frameworks/reporting-framework-42,All other modules use the completed DPM 2.0 glossary from 03/2026; DORA excluded,4.2_layouts.zip,260106 Annotated templates/IF/20260106 Annotated Table Layout  IF 4.2 IF_CLASS2IF 4.2.xlsx,I_01.00
IF_CLASS2,I_02.01,4.0,2025-03-31,2026-03-31,official,https://www.eba.europa.eu/risk-and-data-analysis/reporting/reporting-frameworks/reporting-framework-40,Class 2 investment firms first reference date 03/2025,4.0_layouts.zip,20241217 Annotated Table Layout  IF_CLASS2IF 4.0.xlsx,I_02.01
IF_CLASS2,I_02.01,4.2,2026-03-31,,official_except_explicit_overrides,https://www.eba.europa.eu/risk-and-data-analysis/reporting-frameworks/reporting-framework-42,All other modules use the completed DPM 2.0 glossary from 03/2026; DORA excluded,4.2_layouts.zip,260106 Annotated templates/IF/20260106 Annotated Table Layout  IF 4.2 IF_CLASS2IF 4.2.xlsx,I_02.01
IF_CLASS2,I_02.02,4.0,2025-03-31,2026-03-31,official,https://www.eba.europa.eu/risk-and-data-analysis/reporting/reporting-frameworks/reporting-framework-40,Class 2 investment firms first reference date 03/2025,4.0_layouts.zip,20241217 Annotated Table Layout  IF_CLASS2IF 4.0.xlsx,I_02.02
IF_CLASS2,I_02.02,4.2,2026-03-31,,official_except_explicit_overrides,https://www.eba.europa.eu/risk-and-data-analysis/reporting-frameworks/reporting-framework-42,All other modules use the completed DPM 2.0 glossary from 03/2026; DORA excluded,4.2_layouts.zip,260106 Annotated templates/IF/20260106 Annotated Table Layout  IF 4.2 IF_CLASS2IF 4.2.xlsx,I_02.02
IF_CLASS2,I_03.00,4.0,2025-03-31,2026-03-31,official,https://www.eba.europa.eu/risk-and-data-analysis/reporting/reporting-frameworks/reporting-framework-40,Class 2 investment firms first reference date 03/2025,4.0_layouts.zip,20241217 Annotated Table Layout  IF_CLASS2IF 4.0.xlsx,I_03.00
IF_CLASS2,I_03.00,4.2,2026-03-31,,official_except_explicit_overrides,https://www.eba.europa.eu/risk-and-data-analysis/reporting-frameworks/reporting-framework-42,All other modules use the completed DPM 2.0 glossary from 03/2026; DORA excluded,4.2_layouts.zip,260106 Annotated templates/IF/20260106 Annotated Table Layout  IF 4.2 IF_CLASS2IF 4.2.xlsx,I_03.00
IF_CLASS2,I_04.00,4.0,2025-03-31,2026-03-31,official,https://www.eba.europa.eu/risk-and-data-analysis/reporting/reporting-frameworks/reporting-framework-40,Class 2 investment firms first reference date 03/2025,4.0_layouts.zip,20241217 Annotated Table Layout  IF_CLASS2IF 4.0.xlsx,I_04.00
IF_CLASS2,I_04.00,4.2,2026-03-31,,official_except_explicit_overrides,https://www.eba.europa.eu/risk-and-data-analysis/reporting-frameworks/reporting-framework-42,All other modules use the completed DPM 2.0 glossary from 03/2026; DORA excluded,4.2_layouts.zip,260106 Annotated templates/IF/20260106 Annotated Table Layout  IF 4.2 IF_CLASS2IF 4.2.xlsx,I_04.00
IF_CLASS2,I_05.00,4.0,2025-03-31,2026-03-31,official,https://www.eba.europa.eu/risk-and-data-analysis/reporting/reporting-frameworks/reporting-framework-40,Class 2 investment firms first reference date 03/2025,4.0_layouts.zip,20241217 Annotated Table Layout  IF_CLASS2IF 4.0.xlsx,I_05.00
IF_CLASS2,I_05.00,4.2,2026-03-31,,official_except_explicit_overrides,https://www.eba.europa.eu/risk-and-data-analysis/reporting-frameworks/reporting-framework-42,All other modules use the completed DPM 2.0 glossary from 03/2026; DORA excluded,4.2_layouts.zip,260106 Annotated templates/IF/20260106 Annotated Table Layout  IF 4.2 IF_CLASS2IF 4.2.xlsx,I_05.00
IF_CLASS2,I_06.01,4.0,2025-03-31,2026-03-31,official,https://www.eba.europa.eu/risk-and-data-analysis/reporting/reporting-frameworks/reporting-framework-40,Class 2 investment firms first reference date 03/2025,4.0_layouts.zip,20241217 Annotated Table Layout  IF_CLASS2IF 4.0.xlsx,I_06.01
IF_CLASS2,I_06.01,4.2,2026-03-31,,official_except_explicit_overrides,https://www.eba.europa.eu/risk-and-data-analysis/reporting-frameworks/reporting-framework-42,All other modules use the completed DPM 2.0 glossary from 03/2026; DORA excluded,4.2_layouts.zip,260106 Annotated templates/IF/20260106 Annotated Table Layout  IF 4.2 IF_CLASS2IF 4.2.xlsx,I_06.01
IF_CLASS2,I_06.02,4.0,2025-03-31,2026-03-31,official,https://www.eba.europa.eu/risk-and-data-analysis/reporting/reporting-frameworks/reporting-framework-40,Class 2 investment firms first reference date 03/2025,4.0_layouts.zip,20241217 Annotated Table Layout  IF_CLASS2IF 4.0.xlsx,I_06.02
IF_CLASS2,I_06.02,4.2,2026-03-31,,official_except_explicit_overrides,https://www.eba.europa.eu/risk-and-data-analysis/reporting-frameworks/reporting-framework-42,All other modules use the completed DPM 2.0 glossary from 03/2026; DORA excluded,4.2_layouts.zip,260106 Annotated templates/IF/20260106 Annotated Table Layout  IF 4.2 IF_CLASS2IF 4.2.xlsx,I_06.02
IF_CLASS2,I_06.03,4.0,2025-03-31,2026-03-31,official,https://www.eba.europa.eu/risk-and-data-analysis/reporting/reporting-frameworks/reporting-framework-40,Class 2 investment firms first reference date 03/2025,4.0_layouts.zip,20241217 Annotated Table Layout  IF_CLASS2IF 4.0.xlsx,I_06.03
IF_CLASS2,I_06.03,4.2,2026-03-31,,official_except_explicit_overrides,https://www.eba.europa.eu/risk-and-data-analysis/reporting-frameworks/reporting-framework-42,All other modules use the completed DPM 2.0 glossary from 03/2026; DORA excluded,4.2_layouts.zip,260106 Annotated templates/IF/20260106 Annotated Table Layout  IF 4.2 IF_CLASS2IF 4.2.xlsx,I_06.03
IF_CLASS2,I_06.04,4.0,2025-03-31,2026-03-31,official,https://www.eba.europa.eu/risk-and-data-analysis/reporting/reporting-frameworks/reporting-framework-40,Class 2 investment firms first reference date 03/2025,4.0_layouts.zip,20241217 Annotated Table Layout  IF_CLASS2IF 4.0.xlsx,I_06.04
IF_CLASS2,I_06.04,4.2,2026-03-31,,official_except_explicit_overrides,https://www.eba.europa.eu/risk-and-data-analysis/reporting-frameworks/reporting-framework-42,All other modules use the completed DPM 2.0 glossary from 03/2026; DORA excluded,4.2_layouts.zip,260106 Annotated templates/IF/20260106 Annotated Table Layout  IF 4.2 IF_CLASS2IF 4.2.xlsx,I_06.04
IF_CLASS2,I_06.05,4.0,2025-03-31,2026-03-31,official,https://www.eba.europa.eu/risk-and-data-analysis/reporting/reporting-frameworks/reporting-framework-40,Class 2 investment firms first reference date 03/2025,4.0_layouts.zip,20241217 Annotated Table Layout  IF_CLASS2IF 4.0.xlsx,I_06.05
IF_CLASS2,I_06.05,4.2,2026-03-31,,official_except_explicit_overrides,https://www.eba.europa.eu/risk-and-data-analysis/reporting-frameworks/reporting-framework-42,All other modules use the completed DPM 2.0 glossary from 03/2026; DORA excluded,4.2_layouts.zip,260106 Annotated templates/IF/20260106 Annotated Table Layout  IF 4.2 IF_CLASS2IF 4.2.xlsx,I_06.05
IF_CLASS2,I_06.06,4.0,2025-03-31,2026-03-31,official,https://www.eba.europa.eu/risk-and-data-analysis/reporting/reporting-frameworks/reporting-framework-40,Class 2 investment firms first reference date 03/2025,4.0_layouts.zip,20241217 Annotated Table Layout  IF_CLASS2IF 4.0.xlsx,I_06.06
IF_CLASS2,I_06.06,4.2,2026-03-31,,official_except_explicit_overrides,https://www.eba.europa.eu/risk-and-data-analysis/reporting-frameworks/reporting-framework-42,All other modules use the completed DPM 2.0 glossary from 03/2026; DORA excluded,4.2_layouts.zip,260106 Annotated templates/IF/20260106 Annotated Table Layout  IF 4.2 IF_CLASS2IF 4.2.xlsx,I_06.06
IF_CLASS2,I_06.07,4.0,2025-03-31,2026-03-31,official,https://www.eba.europa.eu/risk-and-data-analysis/reporting/reporting-frameworks/reporting-framework-40,Class 2 investment firms first reference date 03/2025,4.0_layouts.zip,20241217 Annotated Table Layout  IF_CLASS2IF 4.0.xlsx,I_06.07
IF_CLASS2,I_06.07,4.2,2026-03-31,,official_except_explicit_overrides,https://www.eba.europa.eu/risk-and-data-analysis/reporting-frameworks/reporting-framework-42,All other modules use the completed DPM 2.0 glossary from 03/2026; DORA excluded,4.2_layouts.zip,260106 Annotated templates/IF/20260106 Annotated Table Layout  IF 4.2 IF_CLASS2IF 4.2.xlsx,I_06.07
IF_CLASS2,I_06.08,4.0,2025-03-31,2026-03-31,official,https://www.eba.europa.eu/risk-and-data-analysis/reporting/reporting-frameworks/reporting-framework-40,Class 2 investment firms first reference date 03/2025,4.0_layouts.zip,20241217 Annotated Table Layout  IF_CLASS2IF 4.0.xlsx,I_06.08
IF_CLASS2,I_06.08,4.2,2026-03-31,,official_except_explicit_overrides,https://www.eba.europa.eu/risk-and-data-analysis/reporting-frameworks/reporting-framework-42,All other modules use the completed DPM 2.0 glossary from 03/2026; DORA excluded,4.2_layouts.zip,260106 Annotated templates/IF/20260106 Annotated Table Layout  IF 4.2 IF_CLASS2IF 4.2.xlsx,I_06.08
IF_CLASS2,I_06.09,4.0,2025-03-31,2026-03-31,official,https://www.eba.europa.eu/risk-and-data-analysis/reporting/reporting-frameworks/reporting-framework-40,Class 2 investment firms first reference date 03/2025,4.0_layouts.zip,20241217 Annotated Table Layout  IF_CLASS2IF 4.0.xlsx,I_06.09
IF_CLASS2,I_06.09,4.2,2026-03-31,,official_except_explicit_overrides,https://www.eba.europa.eu/risk-and-data-analysis/reporting-frameworks/reporting-framework-42,All other modules use the completed DPM 2.0 glossary from 03/2026; DORA excluded,4.2_layouts.zip,260106 Annotated templates/IF/20260106 Annotated Table Layout  IF 4.2 IF_CLASS2IF 4.2.xlsx,I_06.09
IF_CLASS2,I_06.10,4.0,2025-03-31,2026-03-31,official,https://www.eba.europa.eu/risk-and-data-analysis/reporting/reporting-frameworks/reporting-framework-40,Class 2 investment firms first reference date 03/2025,4.0_layouts.zip,20241217 Annotated Table Layout  IF_CLASS2IF 4.0.xlsx,I_06.10
IF_CLASS2,I_06.10,4.2,2026-03-31,,official_except_explicit_overrides,https://www.eba.europa.eu/risk-and-data-analysis/reporting-frameworks/reporting-framework-42,All other modules use the completed DPM 2.0 glossary from 03/2026; DORA excluded,4.2_layouts.zip,260106 Annotated templates/IF/20260106 Annotated Table Layout  IF 4.2 IF_CLASS2IF 4.2.xlsx,I_06.10
IF_CLASS2,I_06.11,4.0,2025-03-31,2026-03-31,official,https://www.eba.europa.eu/risk-and-data-analysis/reporting/reporting-frameworks/reporting-framework-40,Class 2 investment firms first reference date 03/2025,4.0_layouts.zip,20241217 Annotated Table Layout  IF_CLASS2IF 4.0.xlsx,I_06.11
IF_CLASS2,I_06.11,4.2,2026-03-31,,official_except_explicit_overrides,https://www.eba.europa.eu/risk-and-data-analysis/reporting-frameworks/reporting-framework-42,All other modules use the completed DPM 2.0 glossary from 03/2026; DORA excluded,4.2_layouts.zip,260106 Annotated templates/IF/20260106 Annotated Table Layout  IF 4.2 IF_CLASS2IF 4.2.xlsx,I_06.11
IF_CLASS2,I_06.12,4.0,2025-03-31,2026-03-31,official,https://www.eba.europa.eu/risk-and-data-analysis/reporting/reporting-frameworks/reporting-framework-40,Class 2 investment firms first reference date 03/2025,4.0_layouts.zip,20241217 Annotated Table Layout  IF_CLASS2IF 4.0.xlsx,I_06.12
IF_CLASS2,I_06.12,4.2,2026-03-31,,official_except_explicit_overrides,https://www.eba.europa.eu/risk-and-data-analysis/reporting-frameworks/reporting-framework-42,All other modules use the completed DPM 2.0 glossary from 03/2026; DORA excluded,4.2_layouts.zip,260106 Annotated templates/IF/20260106 Annotated Table Layout  IF 4.2 IF_CLASS2IF 4.2.xlsx,I_06.12
IF_CLASS2,I_06.13,4.0,2025-03-31,2026-03-31,official,https://www.eba.europa.eu/risk-and-data-analysis/reporting/reporting-frameworks/reporting-framework-40,Class 2 investment firms first reference date 03/2025,4.0_layouts.zip,20241217 Annotated Table Layout  IF_CLASS2IF 4.0.xlsx,I_06.13
IF_CLASS2,I_06.13,4.2,2026-03-31,,official_except_explicit_overrides,https://www.eba.europa.eu/risk-and-data-analysis/reporting-frameworks/reporting-framework-42,All other modules use the completed DPM 2.0 glossary from 03/2026; DORA excluded,4.2_layouts.zip,260106 Annotated templates/IF/20260106 Annotated Table Layout  IF 4.2 IF_CLASS2IF 4.2.xlsx,I_06.13
IF_CLASS2,I_07.00,4.0,2025-03-31,2026-03-31,official,https://www.eba.europa.eu/risk-and-data-analysis/reporting/reporting-frameworks/reporting-framework-40,Class 2 investment firms first reference date 03/2025,4.0_layouts.zip,20241217 Annotated Table Layout  IF_CLASS2IF 4.0.xlsx,I_07.00
IF_CLASS2,I_07.00,4.2,2026-03-31,,official_except_explicit_overrides,https://www.eba.europa.eu/risk-and-data-analysis/reporting-frameworks/reporting-framework-42,All other modules use the completed DPM 2.0 glossary from 03/2026; DORA excluded,4.2_layouts.zip,260106 Annotated templates/IF/20260106 Annotated Table Layout  IF 4.2 IF_CLASS2IF 4.2.xlsx,I_07.00
IF_CLASS2,I_08.01,4.0,2025-03-31,2026-03-31,official,https://www.eba.europa.eu/risk-and-data-analysis/reporting/reporting-frameworks/reporting-framework-40,Class 2 investment firms first reference date 03/2025,4.0_layouts.zip,20241217 Annotated Table Layout  IF_CLASS2IF 4.0.xlsx,I_08.01
IF_CLASS2,I_08.01,4.2,2026-03-31,,official_except_explicit_overrides,https://www.eba.europa.eu/risk-and-data-analysis/reporting-frameworks/reporting-framework-42,All other modules use the completed DPM 2.0 glossary from 03/2026; DORA excluded,4.2_layouts.zip,260106 Annotated templates/IF/20260106 Annotated Table Layout  IF 4.2 IF_CLASS2IF 4.2.xlsx,I_08.01
IF_CLASS2,I_08.02,4.0,2025-03-31,2026-03-31,official,https://www.eba.europa.eu/risk-and-data-analysis/reporting/reporting-frameworks/reporting-framework-40,Class 2 investment firms first reference date 03/2025,4.0_layouts.zip,20241217 Annotated Table Layout  IF_CLASS2IF 4.0.xlsx,I_08.02
IF_CLASS2,I_08.02,4.2,2026-03-31,,official_except_explicit_overrides,https://www.eba.europa.eu/risk-and-data-analysis/reporting-frameworks/reporting-framework-42,All other modules use the completed DPM 2.0 glossary from 03/2026; DORA excluded,4.2_layouts.zip,260106 Annotated templates/IF/20260106 Annotated Table Layout  IF 4.2 IF_CLASS2IF 4.2.xlsx,I_08.02
IF_CLASS2,I_08.03,4.0,2025-03-31,2026-03-31,official,https://www.eba.europa.eu/risk-and-data-analysis/reporting/reporting-frameworks/reporting-framework-40,Class 2 investment firms first reference date 03/2025,4.0_layouts.zip,20241217 Annotated Table Layout  IF_CLASS2IF 4.0.xlsx,I_08.03
IF_CLASS2,I_08.03,4.2,2026-03-31,,official_except_explicit_overrides,https://www.eba.europa.eu/risk-and-data-analysis/reporting-frameworks/reporting-framework-42,All other modules use the completed DPM 2.0 glossary from 03/2026; DORA excluded,4.2_layouts.zip,260106 Annotated templates/IF/20260106 Annotated Table Layout  IF 4.2 IF_CLASS2IF 4.2.xlsx,I_08.03
IF_CLASS2,I_08.04,4.0,2025-03-31,2026-03-31,official,https://www.eba.europa.eu/risk-and-data-analysis/reporting/reporting-frameworks/reporting-framework-40,Class 2 investment firms first reference date 03/2025,4.0_layouts.zip,20241217 Annotated Table Layout  IF_CLASS2IF 4.0.xlsx,I_08.04
IF_CLASS2,I_08.04,4.2,2026-03-31,,official_except_explicit_overrides,https://www.eba.europa.eu/risk-and-data-analysis/reporting-frameworks/reporting-framework-42,All other modules use the completed DPM 2.0 glossary from 03/2026; DORA excluded,4.2_layouts.zip,260106 Annotated templates/IF/20260106 Annotated Table Layout  IF 4.2 IF_CLASS2IF 4.2.xlsx,I_08.04
IF_CLASS2,I_08.05,4.0,2025-03-31,2026-03-31,official,https://www.eba.europa.eu/risk-and-data-analysis/reporting/reporting-frameworks/reporting-framework-40,Class 2 investment firms first reference date 03/2025,4.0_layouts.zip,20241217 Annotated Table Layout  IF_CLASS2IF 4.0.xlsx,I_08.05
IF_CLASS2,I_08.05,4.2,2026-03-31,,official_except_explicit_overrides,https://www.eba.europa.eu/risk-and-data-analysis/reporting-frameworks/reporting-framework-42,All other modules use the completed DPM 2.0 glossary from 03/2026; DORA excluded,4.2_layouts.zip,260106 Annotated templates/IF/20260106 Annotated Table Layout  IF 4.2 IF_CLASS2IF 4.2.xlsx,I_08.05
IF_CLASS2,I_08.06,4.0,2025-03-31,2026-03-31,official,https://www.eba.europa.eu/risk-and-data-analysis/reporting/reporting-frameworks/reporting-framework-40,Class 2 investment firms first reference date 03/2025,4.0_layouts.zip,20241217 Annotated Table Layout  IF_CLASS2IF 4.0.xlsx,I_08.06
IF_CLASS2,I_08.06,4.2,2026-03-31,,official_except_explicit_overrides,https://www.eba.europa.eu/risk-and-data-analysis/reporting-frameworks/reporting-framework-42,All other modules use the completed DPM 2.0 glossary from 03/2026; DORA excluded,4.2_layouts.zip,260106 Annotated templates/IF/20260106 Annotated Table Layout  IF 4.2 IF_CLASS2IF 4.2.xlsx,I_08.06
IF_CLASS2,I_09.00,4.0,2025-03-31,2026-03-31,official,https://www.eba.europa.eu/risk-and-data-analysis/reporting/reporting-frameworks/reporting-framework-40,Class 2 investment firms first reference date 03/2025,4.0_layouts.zip,20241217 Annotated Table Layout  IF_CLASS2IF 4.0.xlsx,I_09.00
IF_CLASS2,I_09.00,4.2,2026-03-31,,official_except_explicit_overrides,https://www.eba.europa.eu/risk-and-data-analysis/reporting-frameworks/reporting-framework-42,All other modules use the completed DPM 2.0 glossary from 03/2026; DORA excluded,4.2_layouts.zip,260106 Annotated templates/IF/20260106 Annotated Table Layout  IF 4.2 IF_CLASS2IF 4.2.xlsx,I_09.00
IF_CLASS3,I_01.01,4.2,2026-03-31,,official_except_explicit_overrides,https://www.eba.europa.eu/risk-and-data-analysis/reporting-frameworks/reporting-framework-42,All other modules use the completed DPM 2.0 glossary from 03/2026; DORA excluded,4.2_layouts.zip,260106 Annotated templates/IF/20260106 Annotated Table Layout  IF 4.2 IF_CLASS3IF 4.2.xlsx,I_01.01
IF_CLASS3,I_02.03,4.2,2026-03-31,,official_except_explicit_overrides,https://www.eba.europa.eu/risk-and-data-analysis/reporting-frameworks/reporting-framework-42,All other modules use the completed DPM 2.0 glossary from 03/2026; DORA excluded,4.2_layouts.zip,260106 Annotated templates/IF/20260106 Annotated Table Layout  IF 4.2 IF_CLASS3IF 4.2.xlsx,I_02.03
IF_CLASS3,I_02.04,4.2,2026-03-31,,official_except_explicit_overrides,https://www.eba.europa.eu/risk-and-data-analysis/reporting-frameworks/reporting-framework-42,All other modules use the completed DPM 2.0 glossary from 03/2026; DORA excluded,4.2_layouts.zip,260106 Annotated templates/IF/20260106 Annotated Table Layout  IF 4.2 IF_CLASS3IF 4.2.xlsx,I_02.04
IF_CLASS3,I_03.01,4.2,2026-03-31,,official_except_explicit_overrides,https://www.eba.europa.eu/risk-and-data-analysis/reporting-frameworks/reporting-framework-42,All other modules use the completed DPM 2.0 glossary from 03/2026; DORA excluded,4.2_layouts.zip,260106 Annotated templates/IF/20260106 Annotated Table Layout  IF 4.2 IF_CLASS3IF 4.2.xlsx,I_03.01
IF_CLASS3,I_05.00,4.2,2026-03-31,,official_except_explicit_overrides,https://www.eba.europa.eu/risk-and-data-analysis/reporting-frameworks/reporting-framework-42,All other modules use the completed DPM 2.0 glossary from 03/2026; DORA excluded,4.2_layouts.zip,260106 Annotated templates/IF/20260106 Annotated Table Layout  IF 4.2 IF_CLASS3IF 4.2.xlsx,I_05.00
IF_CLASS3,I_09.01,4.2,2026-03-31,,official_except_explicit_overrides,https://www.eba.europa.eu/risk-and-data-analysis/reporting-frameworks/reporting-framework-42,All other modules use the completed DPM 2.0 glossary from 03/2026; DORA excluded,4.2_layouts.zip,260106 Annotated templates/IF/20260106 Annotated Table Layout  IF 4.2 IF_CLASS3IF 4.2.xlsx,I_09.01
IF_GROUPTEST,I_11.01,4.2,2026-03-31,,official_except_explicit_overrides,https://www.eba.europa.eu/risk-and-data-analysis/reporting-frameworks/reporting-framework-42,All other modules use the completed DPM 2.0 glossary from 03/2026; DORA excluded,4.2_layouts.zip,260106 Annotated templates/IF/20260106 Annotated Table Layout  IF 4.2 IF_GROUPTESTIF 4.2.xlsx,I_11.01
IF_GROUPTEST,I_11.02,4.2,2026-03-31,,official_except_explicit_overrides,https://www.eba.europa.eu/risk-and-data-analysis/reporting-frameworks/reporting-framework-42,All other modules use the completed DPM 2.0 glossary from 03/2026; DORA excluded,4.2_layouts.zip,260106 Annotated templates/IF/20260106 Annotated Table Layout  IF 4.2 IF_GROUPTESTIF 4.2.xlsx,I_11.02
IF_GROUPTEST,I_11.03,4.2,2026-03-31,,official_except_explicit_overrides,https://www.eba.europa.eu/risk-and-data-analysis/reporting-frameworks/reporting-framework-42,All other modules use the completed DPM 2.0 glossary from 03/2026; DORA excluded,4.2_layouts.zip,260106 Annotated templates/IF/20260106 Annotated Table Layout  IF 4.2 IF_GROUPTESTIF 4.2.xlsx,I_11.03
IF_TM,I_10.01,4.2,2026-03-31,,official_except_explicit_overrides,https://www.eba.europa.eu/risk-and-data-analysis/reporting-frameworks/reporting-framework-42,All other modules use the completed DPM 2.0 glossary from 03/2026; DORA excluded,4.2_layouts.zip,260106 Annotated templates/IF/20260106 Annotated Table Layout  IF 4.2 IF_TMIF 4.2.xlsx,I_10.01
IF_TM,I_10.02,4.2,2026-03-31,,official_except_explicit_overrides,https://www.eba.europa.eu/risk-and-data-analysis/reporting-frameworks/reporting-framework-42,All other modules use the completed DPM 2.0 glossary from 03/2026; DORA excluded,4.2_layouts.zip,260106 Annotated templates/IF/20260106 Annotated Table Layout  IF 4.2 IF_TMIF 4.2.xlsx,I_10.02
IPU,U_01.00,3.3,2023-12-31,2026-03-31,official,https://www.eba.europa.eu/risk-and-data-analysis/reporting/reporting-frameworks/reporting-framework-33,IPU first reference date 12/2023,3.3_layouts.zip,Annotated Table Layout 330-P1-IPU 3.3.xlsx,U 01.00
IPU,U_01.00,4.2,2026-03-31,,official_except_explicit_overrides,https://www.eba.europa.eu/risk-and-data-analysis/reporting-frameworks/reporting-framework-42,All other modules use the completed DPM 2.0 glossary from 03/2026; DORA excluded,4.2_layouts.zip,260106 Annotated templates/IPU/20260106 Annotated Table Layout  IPU 4.2 IPUIPU 4.2.xlsx,U_01.00
IPU,U_02.00,3.3,2023-12-31,,official,https://www.eba.europa.eu/risk-and-data-analysis/reporting/reporting-frameworks/reporting-framework-33,IPU first reference date 12/2023,3.3_layouts.zip,Annotated Table Layout 330-P1-IPU 3.3.xlsx,U 02.00
IRRBB,J_01.00,3.3,2023-12-31,2024-09-30,official,https://www.eba.europa.eu/risk-and-data-analysis/reporting/reporting-frameworks/reporting-framework-33,Ad-hoc IRRBB package first reference date 12/2023,3.3_layouts.zip,Annotated Table Layout 332-P3-IRRBB 3.3.2.xlsx,J 01.00
IRRBB,J_01.00,3.4,2024-09-30,2026-03-31,official,https://www.eba.europa.eu/risk-and-data-analysis/reporting/reporting-frameworks/reporting-framework-34,IRRBB amended ITS first reference date 09/2024,3.4_layouts.zip,Annotated Table Layout 340-IRRBB 3.4.xlsx,J 01.00
IRRBB,J_01.00,4.2,2026-03-31,,official_except_explicit_overrides,https://www.eba.europa.eu/risk-and-data-analysis/reporting-frameworks/reporting-framework-42,All other modules use the completed DPM 2.0 glossary from 03/2026; DORA excluded,4.2_layouts.zip,260106 Annotated templates/IRRBB/20260106 Annotated Table Layout  IRRBB 4.2 IRRBBIRRBB 4.2.xlsx,J_01.00
IRRBB,J_02.00,3.3,2023-12-31,2024-09-30,official,https://www.eba.europa.eu/risk-and-data-analysis/reporting/reporting-frameworks/reporting-framework-33,Ad-hoc IRRBB package first reference date 12/2023,3.3_layouts.zip,Annotated Table Layout 332-P3-IRRBB 3.3.2.xlsx,J 02.00
IRRBB,J_02.00,3.4,2024-09-30,2026-03-31,official,https://www.eba.europa.eu/risk-and-data-analysis/reporting/reporting-frameworks/reporting-framework-34,IRRBB amended ITS first reference date 09/2024,3.4_layouts.zip,Annotated Table Layout 340-IRRBB 3.4.xlsx,J 02.00
IRRBB,J_02.00,4.2,2026-03-31,,official_except_explicit_overrides,https://www.eba.europa.eu/risk-and-data-analysis/reporting-frameworks/reporting-framework-42,All other modules use the completed DPM 2.0 glossary from 03/2026; DORA excluded,4.2_layouts.zip,260106 Annotated templates/IRRBB/20260106 Annotated Table Layout  IRRBB 4.2 IRRBBIRRBB 4.2.xlsx,J_02.00
IRRBB,J_03.00,3.3,2023-12-31,2024-09-30,official,https://www.eba.europa.eu/risk-and-data-analysis/reporting/reporting-frameworks/reporting-framework-33,Ad-hoc IRRBB package first reference date 12/2023,3.3_layouts.zip,Annotated Table Layout 332-P3-IRRBB 3.3.2.xlsx,J 03.00
IRRBB,J_03.00,3.4,2024-09-30,2026-03-31,official,https://www.eba.europa.eu/risk-and-data-analysis/reporting/reporting-frameworks/reporting-framework-34,IRRBB amended ITS first reference date 09/2024,3.4_layouts.zip,Annotated Table Layout 340-IRRBB 3.4.xlsx,J 03.00
IRRBB,J_03.00,4.2,2026-03-31,,official_except_explicit_overrides,https://www.eba.europa.eu/risk-and-data-analysis/reporting-frameworks/reporting-framework-42,All other modules use the completed DPM 2.0 glossary from 03/2026; DORA excluded,4.2_layouts.zip,260106 Annotated templates/IRRBB/20260106 Annotated Table Layout  IRRBB 4.2 IRRBBIRRBB 4.2.xlsx,J_03.00
IRRBB,J_04.00,3.3,2023-12-31,2024-09-30,official,https://www.eba.europa.eu/risk-and-data-analysis/reporting/reporting-frameworks/reporting-framework-33,Ad-hoc IRRBB package first reference date 12/2023,3.3_layouts.zip,Annotated Table Layout 332-P3-IRRBB 3.3.2.xlsx,J 04.00
IRRBB,J_04.00,3.4,2024-09-30,2026-03-31,official,https://www.eba.europa.eu/risk-and-data-analysis/reporting/reporting-frameworks/reporting-framework-34,IRRBB amended ITS first reference date 09/2024,3.4_layouts.zip,Annotated Table Layout 340-IRRBB 3.4.xlsx,J 04.00
IRRBB,J_04.00,4.2,2026-03-31,,official_except_explicit_overrides,https://www.eba.europa.eu/risk-and-data-analysis/reporting-frameworks/reporting-framework-42,All other modules use the completed DPM 2.0 glossary from 03/2026; DORA excluded,4.2_layouts.zip,260106 Annotated templates/IRRBB/20260106 Annotated Table Layout  IRRBB 4.2 IRRBBIRRBB 4.2.xlsx,J_04.00
IRRBB,J_05.00.a,3.3,2023-12-31,2024-09-30,official,https://www.eba.europa.eu/risk-and-data-analysis/reporting/reporting-frameworks/reporting-framework-33,Ad-hoc IRRBB package first reference date 12/2023,3.3_layouts.zip,Annotated Table Layout 332-P3-IRRBB 3.3.2.xlsx,J 05.00.a
IRRBB,J_05.00.a,3.4,2024-09-30,2026-03-31,official,https://www.eba.europa.eu/risk-and-data-analysis/reporting/reporting-frameworks/reporting-framework-34,IRRBB amended ITS first reference date 09/2024,3.4_layouts.zip,Annotated Table Layout 340-IRRBB 3.4.xlsx,J 05.00.a
IRRBB,J_05.00.a,4.2,2026-03-31,,official_except_explicit_overrides,https://www.eba.europa.eu/risk-and-data-analysis/reporting-frameworks/reporting-framework-42,All other modules use the completed DPM 2.0 glossary from 03/2026; DORA excluded,4.2_layouts.zip,260106 Annotated templates/IRRBB/20260106 Annotated Table Layout  IRRBB 4.2 IRRBBIRRBB 4.2.xlsx,J_05.00.a
IRRBB,J_05.00.b,3.3,2023-12-31,2024-09-30,official,https://www.eba.europa.eu/risk-and-data-analysis/reporting/reporting-frameworks/reporting-framework-33,Ad-hoc IRRBB package first reference date 12/2023,3.3_layouts.zip,Annotated Table Layout 332-P3-IRRBB 3.3.2.xlsx,J 05.00.b
IRRBB,J_05.00.b,3.4,2024-09-30,2026-03-31,official,https://www.eba.europa.eu/risk-and-data-analysis/reporting/reporting-frameworks/reporting-framework-34,IRRBB amended ITS first reference date 09/2024,3.4_layouts.zip,Annotated Table Layout 340-IRRBB 3.4.xlsx,J 05.00.b
IRRBB,J_05.00.b,4.2,2026-03-31,,official_except_explicit_overrides,https://www.eba.europa.eu/risk-and-data-analysis/reporting-frameworks/reporting-framework-42,All other modules use the completed DPM 2.0 glossary from 03/2026; DORA excluded,4.2_layouts.zip,260106 Annotated templates/IRRBB/20260106 Annotated Table Layout  IRRBB 4.2 IRRBBIRRBB 4.2.xlsx,J_05.00.b
IRRBB,J_06.00.a,3.3,2023-12-31,2024-09-30,official,https://www.eba.europa.eu/risk-and-data-analysis/reporting/reporting-frameworks/reporting-framework-33,Ad-hoc IRRBB package first reference date 12/2023,3.3_layouts.zip,Annotated Table Layout 332-P3-IRRBB 3.3.2.xlsx,J 06.00.a
IRRBB,J_06.00.a,3.4,2024-09-30,2026-03-31,official,https://www.eba.europa.eu/risk-and-data-analysis/reporting/reporting-frameworks/reporting-framework-34,IRRBB amended ITS first reference date 09/2024,3.4_layouts.zip,Annotated Table Layout 340-IRRBB 3.4.xlsx,J 06.00.a
IRRBB,J_06.00.a,4.2,2026-03-31,,official_except_explicit_overrides,https://www.eba.europa.eu/risk-and-data-analysis/reporting-frameworks/reporting-framework-42,All other modules use the completed DPM 2.0 glossary from 03/2026; DORA excluded,4.2_layouts.zip,260106 Annotated templates/IRRBB/20260106 Annotated Table Layout  IRRBB 4.2 IRRBBIRRBB 4.2.xlsx,J_06.00.a
IRRBB,J_06.00.b,3.3,2023-12-31,2024-09-30,official,https://www.eba.europa.eu/risk-and-data-analysis/reporting/reporting-frameworks/reporting-framework-33,Ad-hoc IRRBB package first reference date 12/2023,3.3_layouts.zip,Annotated Table Layout 332-P3-IRRBB 3.3.2.xlsx,J 06.00.b
IRRBB,J_06.00.b,3.4,2024-09-30,2026-03-31,official,https://www.eba.europa.eu/risk-and-data-analysis/reporting/reporting-frameworks/reporting-framework-34,IRRBB amended ITS first reference date 09/2024,3.4_layouts.zip,Annotated Table Layout 340-IRRBB 3.4.xlsx,J 06.00.b
IRRBB,J_06.00.b,4.2,2026-03-31,,official_except_explicit_overrides,https://www.eba.europa.eu/risk-and-data-analysis/reporting-frameworks/reporting-framework-42,All other modules use the completed DPM 2.0 glossary from 03/2026; DORA excluded,4.2_layouts.zip,260106 Annotated templates/IRRBB/20260106 Annotated Table Layout  IRRBB 4.2 IRRBBIRRBB 4.2.xlsx,J_06.00.b
IRRBB,J_07.00.a,3.3,2023-12-31,2024-09-30,official,https://www.eba.europa.eu/risk-and-data-analysis/reporting/reporting-frameworks/reporting-framework-33,Ad-hoc IRRBB package first reference date 12/2023,3.3_layouts.zip,Annotated Table Layout 332-P3-IRRBB 3.3.2.xlsx,J 07.00.a
IRRBB,J_07.00.a,3.4,2024-09-30,2026-03-31,official,https://www.eba.europa.eu/risk-and-data-analysis/reporting/reporting-frameworks/reporting-framework-34,IRRBB amended ITS first reference date 09/2024,3.4_layouts.zip,Annotated Table Layout 340-IRRBB 3.4.xlsx,J 07.00.a
IRRBB,J_07.00.a,4.2,2026-03-31,,official_except_explicit_overrides,https://www.eba.europa.eu/risk-and-data-analysis/reporting-frameworks/reporting-framework-42,All other modules use the completed DPM 2.0 glossary from 03/2026; DORA excluded,4.2_layouts.zip,260106 Annotated templates/IRRBB/20260106 Annotated Table Layout  IRRBB 4.2 IRRBBIRRBB 4.2.xlsx,J_07.00.a
IRRBB,J_07.00.b,3.3,2023-12-31,2024-09-30,official,https://www.eba.europa.eu/risk-and-data-analysis/reporting/reporting-frameworks/reporting-framework-33,Ad-hoc IRRBB package first reference date 12/2023,3.3_layouts.zip,Annotated Table Layout 332-P3-IRRBB 3.3.2.xlsx,J 07.00.b
IRRBB,J_07.00.b,3.4,2024-09-30,2026-03-31,official,https://www.eba.europa.eu/risk-and-data-analysis/reporting/reporting-frameworks/reporting-framework-34,IRRBB amended ITS first reference date 09/2024,3.4_layouts.zip,Annotated Table Layout 340-IRRBB 3.4.xlsx,J 07.00.b
IRRBB,J_07.00.b,4.2,2026-03-31,,official_except_explicit_overrides,https://www.eba.europa.eu/risk-and-data-analysis/reporting-frameworks/reporting-framework-42,All other modules use the completed DPM 2.0 glossary from 03/2026; DORA excluded,4.2_layouts.zip,260106 Annotated templates/IRRBB/20260106 Annotated Table Layout  IRRBB 4.2 IRRBBIRRBB 4.2.xlsx,J_07.00.b
IRRBB,J_08.00.a,3.3,2023-12-31,2024-09-30,official,https://www.eba.europa.eu/risk-and-data-analysis/reporting/reporting-frameworks/reporting-framework-33,Ad-hoc IRRBB package first reference date 12/2023,3.3_layouts.zip,Annotated Table Layout 332-P3-IRRBB 3.3.2.xlsx,J 08.00.a
IRRBB,J_08.00.a,3.4,2024-09-30,2026-03-31,official,https://www.eba.europa.eu/risk-and-data-analysis/reporting/reporting-frameworks/reporting-framework-34,IRRBB amended ITS first reference date 09/2024,3.4_layouts.zip,Annotated Table Layout 340-IRRBB 3.4.xlsx,J 08.00.a
IRRBB,J_08.00.a,4.2,2026-03-31,,official_except_explicit_overrides,https://www.eba.europa.eu/risk-and-data-analysis/reporting-frameworks/reporting-framework-42,All other modules use the completed DPM 2.0 glossary from 03/2026; DORA excluded,4.2_layouts.zip,260106 Annotated templates/IRRBB/20260106 Annotated Table Layout  IRRBB 4.2 IRRBBIRRBB 4.2.xlsx,J_08.00.a
IRRBB,J_08.00.b,3.3,2023-12-31,2024-09-30,official,https://www.eba.europa.eu/risk-and-data-analysis/reporting/reporting-frameworks/reporting-framework-33,Ad-hoc IRRBB package first reference date 12/2023,3.3_layouts.zip,Annotated Table Layout 332-P3-IRRBB 3.3.2.xlsx,J 08.00.b
IRRBB,J_08.00.b,3.4,2024-09-30,2026-03-31,official,https://www.eba.europa.eu/risk-and-data-analysis/reporting/reporting-frameworks/reporting-framework-34,IRRBB amended ITS first reference date 09/2024,3.4_layouts.zip,Annotated Table Layout 340-IRRBB 3.4.xlsx,J 08.00.b
IRRBB,J_08.00.b,4.2,2026-03-31,,official_except_explicit_overrides,https://www.eba.europa.eu/risk-and-data-analysis/reporting-frameworks/reporting-framework-42,All other modules use the completed DPM 2.0 glossary from 03/2026; DORA excluded,4.2_layouts.zip,260106 Annotated templates/IRRBB/20260106 Annotated Table Layout  IRRBB 4.2 IRRBBIRRBB 4.2.xlsx,J_08.00.b
IRRBB,J_09.00.a,3.3,2023-12-31,2024-09-30,official,https://www.eba.europa.eu/risk-and-data-analysis/reporting/reporting-frameworks/reporting-framework-33,Ad-hoc IRRBB package first reference date 12/2023,3.3_layouts.zip,Annotated Table Layout 332-P3-IRRBB 3.3.2.xlsx,J 09.00.a
IRRBB,J_09.00.a,3.4,2024-09-30,2026-03-31,official,https://www.eba.europa.eu/risk-and-data-analysis/reporting/reporting-frameworks/reporting-framework-34,IRRBB amended ITS first reference date 09/2024,3.4_layouts.zip,Annotated Table Layout 340-IRRBB 3.4.xlsx,J 09.00.a
IRRBB,J_09.00.a,4.2,2026-03-31,,official_except_explicit_overrides,https://www.eba.europa.eu/risk-and-data-analysis/reporting-frameworks/reporting-framework-42,All other modules use the completed DPM 2.0 glossary from 03/2026; DORA excluded,4.2_layouts.zip,260106 Annotated templates/IRRBB/20260106 Annotated Table Layout  IRRBB 4.2 IRRBBIRRBB 4.2.xlsx,J_09.00.a
IRRBB,J_09.00.b,3.3,2023-12-31,2024-09-30,official,https://www.eba.europa.eu/risk-and-data-analysis/reporting/reporting-frameworks/reporting-framework-33,Ad-hoc IRRBB package first reference date 12/2023,3.3_layouts.zip,Annotated Table Layout 332-P3-IRRBB 3.3.2.xlsx,J 09.00.b
IRRBB,J_09.00.b,3.4,2024-09-30,2026-03-31,official,https://www.eba.europa.eu/risk-and-data-analysis/reporting/reporting-frameworks/reporting-framework-34,IRRBB amended ITS first reference date 09/2024,3.4_layouts.zip,Annotated Table Layout 340-IRRBB 3.4.xlsx,J 09.00.b
IRRBB,J_09.00.b,4.2,2026-03-31,,official_except_explicit_overrides,https://www.eba.europa.eu/risk-and-data-analysis/reporting-frameworks/reporting-framework-42,All other modules use the completed DPM 2.0 glossary from 03/2026; DORA excluded,4.2_layouts.zip,260106 Annotated templates/IRRBB/20260106 Annotated Table Layout  IRRBB 4.2 IRRBBIRRBB 4.2.xlsx,J_09.00.b
IRRBB,J_10.01,3.3,2023-12-31,2024-09-30,official,https://www.eba.europa.eu/risk-and-data-analysis/reporting/reporting-frameworks/reporting-framework-33,Ad-hoc IRRBB package first reference date 12/2023,3.3_layouts.zip,Annotated Table Layout 332-P3-IRRBB 3.3.2.xlsx,J 10.01
IRRBB,J_10.01,3.4,2024-09-30,2026-03-31,official,https://www.eba.europa.eu/risk-and-data-analysis/reporting/reporting-frameworks/reporting-framework-34,IRRBB amended ITS first reference date 09/2024,3.4_layouts.zip,Annotated Table Layout 340-IRRBB 3.4.xlsx,J 10.01
IRRBB,J_10.01,4.2,2026-03-31,,official_except_explicit_overrides,https://www.eba.europa.eu/risk-and-data-analysis/reporting-frameworks/reporting-framework-42,All other modules use the completed DPM 2.0 glossary from 03/2026; DORA excluded,4.2_layouts.zip,260106 Annotated templates/IRRBB/20260106 Annotated Table Layout  IRRBB 4.2 IRRBBIRRBB 4.2.xlsx,J_10.01
IRRBB,J_10.02,3.3,2023-12-31,2024-09-30,official,https://www.eba.europa.eu/risk-and-data-analysis/reporting/reporting-frameworks/reporting-framework-33,Ad-hoc IRRBB package first reference date 12/2023,3.3_layouts.zip,Annotated Table Layout 332-P3-IRRBB 3.3.2.xlsx,J 10.02
IRRBB,J_10.02,3.4,2024-09-30,2026-03-31,official,https://www.eba.europa.eu/risk-and-data-analysis/reporting/reporting-frameworks/reporting-framework-34,IRRBB amended ITS first reference date 09/2024,3.4_layouts.zip,Annotated Table Layout 340-IRRBB 3.4.xlsx,J 10.02
IRRBB,J_10.02,4.2,2026-03-31,,official_except_explicit_overrides,https://www.eba.europa.eu/risk-and-data-analysis/reporting-frameworks/reporting-framework-42,All other modules use the completed DPM 2.0 glossary from 03/2026; DORA excluded,4.2_layouts.zip,260106 Annotated templates/IRRBB/20260106 Annotated Table Layout  IRRBB 4.2 IRRBBIRRBB 4.2.xlsx,J_10.02
IRRBB,J_11.01,3.3,2023-12-31,2024-09-30,official,https://www.eba.europa.eu/risk-and-data-analysis/reporting/reporting-frameworks/reporting-framework-33,Ad-hoc IRRBB package first reference date 12/2023,3.3_layouts.zip,Annotated Table Layout 332-P3-IRRBB 3.3.2.xlsx,J 11.01
IRRBB,J_11.01,3.4,2024-09-30,2026-03-31,official,https://www.eba.europa.eu/risk-and-data-analysis/reporting/reporting-frameworks/reporting-framework-34,IRRBB amended ITS first reference date 09/2024,3.4_layouts.zip,Annotated Table Layout 340-IRRBB 3.4.xlsx,J 11.01
IRRBB,J_11.01,4.2,2026-03-31,,official_except_explicit_overrides,https://www.eba.europa.eu/risk-and-data-analysis/reporting-frameworks/reporting-framework-42,All other modules use the completed DPM 2.0 glossary from 03/2026; DORA excluded,4.2_layouts.zip,260106 Annotated templates/IRRBB/20260106 Annotated Table Layout  IRRBB 4.2 IRRBBIRRBB 4.2.xlsx,J_11.01
IRRBB,J_11.02,3.3,2023-12-31,2024-09-30,official,https://www.eba.europa.eu/risk-and-data-analysis/reporting/reporting-frameworks/reporting-framework-33,Ad-hoc IRRBB package first reference date 12/2023,3.3_layouts.zip,Annotated Table Layout 332-P3-IRRBB 3.3.2.xlsx,J 11.02
IRRBB,J_11.02,3.4,2024-09-30,2026-03-31,official,https://www.eba.europa.eu/risk-and-data-analysis/reporting/reporting-frameworks/reporting-framework-34,IRRBB amended ITS first reference date 09/2024,3.4_layouts.zip,Annotated Table Layout 340-IRRBB 3.4.xlsx,J 11.02
IRRBB,J_11.02,4.2,2026-03-31,,official_except_explicit_overrides,https://www.eba.europa.eu/risk-and-data-analysis/reporting-frameworks/reporting-framework-42,All other modules use the completed DPM 2.0 glossary from 03/2026; DORA excluded,4.2_layouts.zip,260106 Annotated templates/IRRBB/20260106 Annotated Table Layout  IRRBB 4.2 IRRBBIRRBB 4.2.xlsx,J_11.02
IRRBBDIS,K_00.04,4.1,2025-06-30,2026-03-31,official,https://www.eba.europa.eu/risk-and-data-analysis/reporting-frameworks/reporting-framework-41,Pillar 3 IRRBB disclosure templates in the 4.1 package,4.1_layouts.zip,20250519 Annotated Table Layout  IRRBBDISPILLAR3 4.1.xlsx,K_00.04
IRRBBDIS,K_00.04,4.2,2026-03-31,,official_except_explicit_overrides,https://www.eba.europa.eu/risk-and-data-analysis/reporting-frameworks/reporting-framework-42,All other modules use the completed DPM 2.0 glossary from 03/2026; DORA excluded,4.2_layouts.zip,260106 Annotated templates/PILLAR3/20260106 Annotated Table Layout  PILLAR3 4.2 IRRBBDISPILLAR3 4.2.xlsx,K_00.04
IRRBBDIS,K_68.00,4.1,2025-06-30,2026-03-31,official,https://www.eba.europa.eu/risk-and-data-analysis/reporting-frameworks/reporting-framework-41,Pillar 3 IRRBB disclosure templates in the 4.1 package,4.1_layouts.zip,20250519 Annotated Table Layout  IRRBBDISPILLAR3 4.1.xlsx,K_68.00
IRRBBDIS,K_68.00,4.2,2026-03-31,,official_except_explicit_overrides,https://www.eba.europa.eu/risk-and-data-analysis/reporting-frameworks/reporting-framework-42,All other modules use the completed DPM 2.0 glossary from 03/2026; DORA excluded,4.2_layouts.zip,260106 Annotated templates/PILLAR3/20260106 Annotated Table Layout  PILLAR3 4.2 IRRBBDISPILLAR3 4.2.xlsx,K_68.00
MICA,Q_00.01,4.1,2025-06-30,2026-03-31,official,https://www.eba.europa.eu/risk-and-data-analysis/reporting-frameworks/reporting-framework-41,MiCAR reporting guidelines first reference date 06/2025,4.1_layouts.zip,20250519 Annotated Table Layout  MICAMICA 4.1.xlsx,Q_00.01
MICA,Q_00.01,4.2,2026-03-31,,official_except_explicit_overrides,https://www.eba.europa.eu/risk-and-data-analysis/reporting-frameworks/reporting-framework-42,All other modules use the completed DPM 2.0 glossary from 03/2026; DORA excluded,4.2_layouts.zip,260106 Annotated templates/MICA/20260106 Annotated Table Layout  MICA 4.2 MICAMICA 4.2.xlsx,Q_00.01
MICA,Q_01.00,4.1,2025-06-30,2026-03-31,official,https://www.eba.europa.eu/risk-and-data-analysis/reporting-frameworks/reporting-framework-41,MiCAR reporting guidelines first reference date 06/2025,4.1_layouts.zip,20250519 Annotated Table Layout  MICAMICA 4.1.xlsx,Q_01.00
MICA,Q_01.00,4.2,2026-03-31,,official_except_explicit_overrides,https://www.eba.europa.eu/risk-and-data-analysis/reporting-frameworks/reporting-framework-42,All other modules use the completed DPM 2.0 glossary from 03/2026; DORA excluded,4.2_layouts.zip,260106 Annotated templates/MICA/20260106 Annotated Table Layout  MICA 4.2 MICAMICA 4.2.xlsx,Q_01.00
MICA,Q_02.00,4.1,2025-06-30,2026-03-31,official,https://www.eba.europa.eu/risk-and-data-analysis/reporting-frameworks/reporting-framework-41,MiCAR reporting guidelines first reference date 06/2025,4.1_layouts.zip,20250519 Annotated Table Layout  MICAMICA 4.1.xlsx,Q_02.00
MICA,Q_02.00,4.2,2026-03-31,,official_except_explicit_overrides,https://www.eba.europa.eu/risk-and-data-analysis/reporting-frameworks/reporting-framework-42,All other modules use the completed DPM 2.0 glossary from 03/2026; DORA excluded,4.2_layouts.zip,260106 Annotated templates/MICA/20260106 Annotated Table Layout  MICA 4.2 MICAMICA 4.2.xlsx,Q_02.00
MICA,Q_03.01,4.1,2025-06-30,2026-03-31,official,https://www.eba.europa.eu/risk-and-data-analysis/reporting-frameworks/reporting-framework-41,MiCAR reporting guidelines first reference date 06/2025,4.1_layouts.zip,20250519 Annotated Table Layout  MICAMICA 4.1.xlsx,Q_03.01
MICA,Q_03.01,4.2,2026-03-31,,official_except_explicit_overrides,https://www.eba.europa.eu/risk-and-data-analysis/reporting-frameworks/reporting-framework-42,All other modules use the completed DPM 2.0 glossary from 03/2026; DORA excluded,4.2_layouts.zip,260106 Annotated templates/MICA/20260106 Annotated Table Layout  MICA 4.2 MICAMICA 4.2.xlsx,Q_03.01
MICA,Q_03.02.a,4.1,2025-06-30,2026-03-31,official,https://www.eba.europa.eu/risk-and-data-analysis/reporting-frameworks/reporting-framework-41,MiCAR reporting guidelines first reference date 06/2025,4.1_layouts.zip,20250519 Annotated Table Layout  MICAMICA 4.1.xlsx,Q_03.02.a
MICA,Q_03.02.a,4.2,2026-03-31,,official_except_explicit_overrides,https://www.eba.europa.eu/risk-and-data-analysis/reporting-frameworks/reporting-framework-42,All other modules use the completed DPM 2.0 glossary from 03/2026; DORA excluded,4.2_layouts.zip,260106 Annotated templates/MICA/20260106 Annotated Table Layout  MICA 4.2 MICAMICA 4.2.xlsx,Q_03.02.a
MICA,Q_03.02.b,4.1,2025-06-30,2026-03-31,official,https://www.eba.europa.eu/risk-and-data-analysis/reporting-frameworks/reporting-framework-41,MiCAR reporting guidelines first reference date 06/2025,4.1_layouts.zip,20250519 Annotated Table Layout  MICAMICA 4.1.xlsx,Q_03.02.b
MICA,Q_03.02.b,4.2,2026-03-31,,official_except_explicit_overrides,https://www.eba.europa.eu/risk-and-data-analysis/reporting-frameworks/reporting-framework-42,All other modules use the completed DPM 2.0 glossary from 03/2026; DORA excluded,4.2_layouts.zip,260106 Annotated templates/MICA/20260106 Annotated Table Layout  MICA 4.2 MICAMICA 4.2.xlsx,Q_03.02.b
MICA,Q_03.03,4.1,2025-06-30,2026-03-31,official,https://www.eba.europa.eu/risk-and-data-analysis/reporting-frameworks/reporting-framework-41,MiCAR reporting guidelines first reference date 06/2025,4.1_layouts.zip,20250519 Annotated Table Layout  MICAMICA 4.1.xlsx,Q_03.03
MICA,Q_03.03,4.2,2026-03-31,,official_except_explicit_overrides,https://www.eba.europa.eu/risk-and-data-analysis/reporting-frameworks/reporting-framework-42,All other modules use the completed DPM 2.0 glossary from 03/2026; DORA excluded,4.2_layouts.zip,260106 Annotated templates/MICA/20260106 Annotated Table Layout  MICA 4.2 MICAMICA 4.2.xlsx,Q_03.03
MICA,Q_04.01,4.1,2025-06-30,2026-03-31,official,https://www.eba.europa.eu/risk-and-data-analysis/reporting-frameworks/reporting-framework-41,MiCAR reporting guidelines first reference date 06/2025,4.1_layouts.zip,20250519 Annotated Table Layout  MICAMICA 4.1.xlsx,Q_04.01
MICA,Q_04.01,4.2,2026-03-31,,official_except_explicit_overrides,https://www.eba.europa.eu/risk-and-data-analysis/reporting-frameworks/reporting-framework-42,All other modules use the completed DPM 2.0 glossary from 03/2026; DORA excluded,4.2_layouts.zip,260106 Annotated templates/MICA/20260106 Annotated Table Layout  MICA 4.2 MICAMICA 4.2.xlsx,Q_04.01
MICA,Q_04.02,4.1,2025-06-30,2026-03-31,official,https://www.eba.europa.eu/risk-and-data-analysis/reporting-frameworks/reporting-framework-41,MiCAR reporting guidelines first reference date 06/2025,4.1_layouts.zip,20250519 Annotated Table Layout  MICAMICA 4.1.xlsx,Q_04.02
MICA,Q_04.02,4.2,2026-03-31,,official_except_explicit_overrides,https://www.eba.europa.eu/risk-and-data-analysis/reporting-frameworks/reporting-framework-42,All other modules use the completed DPM 2.0 glossary from 03/2026; DORA excluded,4.2_layouts.zip,260106 Annotated templates/MICA/20260106 Annotated Table Layout  MICA 4.2 MICAMICA 4.2.xlsx,Q_04.02
MICA,Q_04.03.a,4.1,2025-06-30,2026-03-31,official,https://www.eba.europa.eu/risk-and-data-analysis/reporting-frameworks/reporting-framework-41,MiCAR reporting guidelines first reference date 06/2025,4.1_layouts.zip,20250519 Annotated Table Layout  MICAMICA 4.1.xlsx,Q_04.03.a
MICA,Q_04.03.a,4.2,2026-03-31,,official_except_explicit_overrides,https://www.eba.europa.eu/risk-and-data-analysis/reporting-frameworks/reporting-framework-42,All other modules use the completed DPM 2.0 glossary from 03/2026; DORA excluded,4.2_layouts.zip,260106 Annotated templates/MICA/20260106 Annotated Table Layout  MICA 4.2 MICAMICA 4.2.xlsx,Q_04.03.a
MICA,Q_04.03.b,4.1,2025-06-30,2026-03-31,official,https://www.eba.europa.eu/risk-and-data-analysis/reporting-frameworks/reporting-framework-41,MiCAR reporting guidelines first reference date 06/2025,4.1_layouts.zip,20250519 Annotated Table Layout  MICAMICA 4.1.xlsx,Q_04.03.b
MICA,Q_04.03.b,4.2,2026-03-31,,official_except_explicit_overrides,https://www.eba.europa.eu/risk-and-data-analysis/reporting-frameworks/reporting-framework-42,All other modules use the completed DPM 2.0 glossary from 03/2026; DORA excluded,4.2_layouts.zip,260106 Annotated templates/MICA/20260106 Annotated Table Layout  MICA 4.2 MICAMICA 4.2.xlsx,Q_04.03.b
MICA,Q_04.04,4.1,2025-06-30,2026-03-31,official,https://www.eba.europa.eu/risk-and-data-analysis/reporting-frameworks/reporting-framework-41,MiCAR reporting guidelines first reference date 06/2025,4.1_layouts.zip,20250519 Annotated Table Layout  MICAMICA 4.1.xlsx,Q_04.04
MICA,Q_04.04,4.2,2026-03-31,,official_except_explicit_overrides,https://www.eba.europa.eu/risk-and-data-analysis/reporting-frameworks/reporting-framework-42,All other modules use the completed DPM 2.0 glossary from 03/2026; DORA excluded,4.2_layouts.zip,260106 Annotated templates/MICA/20260106 Annotated Table Layout  MICA 4.2 MICAMICA 4.2.xlsx,Q_04.04
MICA,Q_05.00,4.1,2025-06-30,2026-03-31,official,https://www.eba.europa.eu/risk-and-data-analysis/reporting-frameworks/reporting-framework-41,MiCAR reporting guidelines first reference date 06/2025,4.1_layouts.zip,20250519 Annotated Table Layout  MICAMICA 4.1.xlsx,Q_05.00
MICA,Q_05.00,4.2,2026-03-31,,official_except_explicit_overrides,https://www.eba.europa.eu/risk-and-data-analysis/reporting-frameworks/reporting-framework-42,All other modules use the completed DPM 2.0 glossary from 03/2026; DORA excluded,4.2_layouts.zip,260106 Annotated templates/MICA/20260106 Annotated Table Layout  MICA 4.2 MICAMICA 4.2.xlsx,Q_05.00
MICA,Q_10.01.a,4.1,2025-06-30,2026-03-31,official,https://www.eba.europa.eu/risk-and-data-analysis/reporting-frameworks/reporting-framework-41,MiCAR reporting guidelines first reference date 06/2025,4.1_layouts.zip,20250519 Annotated Table Layout  MICAMICA 4.1.xlsx,Q_10.01.a
MICA,Q_10.01.a,4.2,2026-03-31,,official_except_explicit_overrides,https://www.eba.europa.eu/risk-and-data-analysis/reporting-frameworks/reporting-framework-42,All other modules use the completed DPM 2.0 glossary from 03/2026; DORA excluded,4.2_layouts.zip,260106 Annotated templates/MICA/20260106 Annotated Table Layout  MICA 4.2 MICAMICA 4.2.xlsx,Q_10.01.a
MICA,Q_10.01.b,4.1,2025-06-30,2026-03-31,official,https://www.eba.europa.eu/risk-and-data-analysis/reporting-frameworks/reporting-framework-41,MiCAR reporting guidelines first reference date 06/2025,4.1_layouts.zip,20250519 Annotated Table Layout  MICAMICA 4.1.xlsx,Q_10.01.b
MICA,Q_10.01.b,4.2,2026-03-31,,official_except_explicit_overrides,https://www.eba.europa.eu/risk-and-data-analysis/reporting-frameworks/reporting-framework-42,All other modules use the completed DPM 2.0 glossary from 03/2026; DORA excluded,4.2_layouts.zip,260106 Annotated templates/MICA/20260106 Annotated Table Layout  MICA 4.2 MICAMICA 4.2.xlsx,Q_10.01.b
MICA,Q_10.02,4.1,2025-06-30,2026-03-31,official,https://www.eba.europa.eu/risk-and-data-analysis/reporting-frameworks/reporting-framework-41,MiCAR reporting guidelines first reference date 06/2025,4.1_layouts.zip,20250519 Annotated Table Layout  MICAMICA 4.1.xlsx,Q_10.02(0030)
MICA,Q_10.02,4.2,2026-03-31,,official_except_explicit_overrides,https://www.eba.europa.eu/risk-and-data-analysis/reporting-frameworks/reporting-framework-42,All other modules use the completed DPM 2.0 glossary from 03/2026; DORA excluded,4.2_layouts.zip,260106 Annotated templates/MICA/20260106 Annotated Table Layout  MICA 4.2 MICAMICA 4.2.xlsx,Q_10.02(0030)
MICA,Q_10.03,4.1,2025-06-30,2026-03-31,official,https://www.eba.europa.eu/risk-and-data-analysis/reporting-frameworks/reporting-framework-41,MiCAR reporting guidelines first reference date 06/2025,4.1_layouts.zip,20250519 Annotated Table Layout  MICAMICA 4.1.xlsx,Q_10.03
MICA,Q_10.03,4.2,2026-03-31,,official_except_explicit_overrides,https://www.eba.europa.eu/risk-and-data-analysis/reporting-frameworks/reporting-framework-42,All other modules use the completed DPM 2.0 glossary from 03/2026; DORA excluded,4.2_layouts.zip,260106 Annotated templates/MICA/20260106 Annotated Table Layout  MICA 4.2 MICAMICA 4.2.xlsx,Q_10.03
MICA_ITS,Q_00.01,4.0,2025-03-31,,official,https://www.eba.europa.eu/risk-and-data-analysis/reporting/reporting-frameworks/reporting-framework-40,MiCAR ITS first reference date 03/2025,4.0_layouts.zip,20241217 Annotated Table Layout  MICA_ITSMICA 4.0.xlsx,Q_00.01
MICA_ITS,Q_01.00,4.0,2025-03-31,,official,https://www.eba.europa.eu/risk-and-data-analysis/reporting/reporting-frameworks/reporting-framework-40,MiCAR ITS first reference date 03/2025,4.0_layouts.zip,20241217 Annotated Table Layout  MICA_ITSMICA 4.0.xlsx,Q_01.00
MICA_ITS,Q_02.00,4.0,2025-03-31,,official,https://www.eba.europa.eu/risk-and-data-analysis/reporting/reporting-frameworks/reporting-framework-40,MiCAR ITS first reference date 03/2025,4.0_layouts.zip,20241217 Annotated Table Layout  MICA_ITSMICA 4.0.xlsx,Q_02.00
MICA_ITS,Q_03.01,4.0,2025-03-31,,official,https://www.eba.europa.eu/risk-and-data-analysis/reporting/reporting-frameworks/reporting-framework-40,MiCAR ITS first reference date 03/2025,4.0_layouts.zip,20241217 Annotated Table Layout  MICA_ITSMICA 4.0.xlsx,Q_03.01
MICA_ITS,Q_03.02.a,4.0,2025-03-31,,official,https://www.eba.europa.eu/risk-and-data-analysis/reporting/reporting-frameworks/reporting-framework-40,MiCAR ITS first reference date 03/2025,4.0_layouts.zip,20241217 Annotated Table Layout  MICA_ITSMICA 4.0.xlsx,Q_03.02.a
MICA_ITS,Q_03.02.b,4.0,2025-03-31,,official,https://www.eba.europa.eu/risk-and-data-analysis/reporting/reporting-frameworks/reporting-framework-40,MiCAR ITS first reference date 03/2025,4.0_layouts.zip,20241217 Annotated Table Layout  MICA_ITSMICA 4.0.xlsx,Q_03.02.b
MICA_ITS,Q_04.01,4.0,2025-03-31,,official,https://www.eba.europa.eu/risk-and-data-analysis/reporting/reporting-frameworks/reporting-framework-40,MiCAR ITS first reference date 03/2025,4.0_layouts.zip,20241217 Annotated Table Layout  MICA_ITSMICA 4.0.xlsx,Q_04.01
MICA_ITS,Q_04.02,4.0,2025-03-31,,official,https://www.eba.europa.eu/risk-and-data-analysis/reporting/reporting-frameworks/reporting-framework-40,MiCAR ITS first reference date 03/2025,4.0_layouts.zip,20241217 Annotated Table Layout  MICA_ITSMICA 4.0.xlsx,Q_04.02
MICA_ITS,Q_04.03.a,4.0,2025-03-31,,official,https://www.eba.europa.eu/risk-and-data-analysis/reporting/reporting-frameworks/reporting-framework-40,MiCAR ITS first reference date 03/2025,4.0_layouts.zip,20241217 Annotated Table Layout  MICA_ITSMICA 4.0.xlsx,Q_04.03.a
MICA_ITS,Q_04.03.b,4.0,2025-03-31,,official,https://www.eba.europa.eu/risk-and-data-analysis/reporting/reporting-frameworks/reporting-framework-40,MiCAR ITS first reference date 03/2025,4.0_layouts.zip,20241217 Annotated Table Layout  MICA_ITSMICA 4.0.xlsx,Q_04.03.b
MICA_ITS,Q_04.04,4.0,2025-03-31,,official,https://www.eba.europa.eu/risk-and-data-analysis/reporting/reporting-frameworks/reporting-framework-40,MiCAR ITS first reference date 03/2025,4.0_layouts.zip,20241217 Annotated Table Layout  MICA_ITSMICA 4.0.xlsx,Q_04.04
MICA_ITS,Q_05.00,4.0,2025-03-31,,official,https://www.eba.europa.eu/risk-and-data-analysis/reporting/reporting-frameworks/reporting-framework-40,MiCAR ITS first reference date 03/2025,4.0_layouts.zip,20241217 Annotated Table Layout  MICA_ITSMICA 4.0.xlsx,Q_05.00
MICA_OF,Q_09.01,4.1,2025-06-30,2026-03-31,official,https://www.eba.europa.eu/risk-and-data-analysis/reporting-frameworks/reporting-framework-41,MiCAR reporting guidelines first reference date 06/2025,4.1_layouts.zip,20250519 Annotated Table Layout  MICA_OFMICA 4.1.xlsx,Q_09.01
MICA_OF,Q_09.01,4.2,2026-03-31,,official_except_explicit_overrides,https://www.eba.europa.eu/risk-and-data-analysis/reporting-frameworks/reporting-framework-42,All other modules use the completed DPM 2.0 glossary from 03/2026; DORA excluded,4.2_layouts.zip,260106 Annotated templates/MICA/20260106 Annotated Table Layout  MICA 4.2 MICA_OFMICA 4.2.xlsx,Q_09.01
MICA_OF,Q_09.02,4.1,2025-06-30,2026-03-31,official,https://www.eba.europa.eu/risk-and-data-analysis/reporting-frameworks/reporting-framework-41,MiCAR reporting guidelines first reference date 06/2025,4.1_layouts.zip,20250519 Annotated Table Layout  MICA_OFMICA 4.1.xlsx,Q_09.02
MICA_OF,Q_09.02,4.2,2026-03-31,,official_except_explicit_overrides,https://www.eba.europa.eu/risk-and-data-analysis/reporting-frameworks/reporting-framework-42,All other modules use the completed DPM 2.0 glossary from 03/2026; DORA excluded,4.2_layouts.zip,260106 Annotated templates/MICA/20260106 Annotated Table Layout  MICA 4.2 MICA_OFMICA 4.2.xlsx,Q_09.02
MRELTLACDIS,K_00.05,4.1,2025-06-30,2026-03-31,official,https://www.eba.europa.eu/risk-and-data-analysis/reporting-frameworks/reporting-framework-41,Pillar 3 MREL/TLAC disclosure templates in the 4.1 package,4.1_layouts.zip,20250519 Annotated Table Layout  MRELTLACDISPILLAR3 4.1.xlsx,K_00.05
MRELTLACDIS,K_00.05,4.2,2026-03-31,,official_except_explicit_overrides,https://www.eba.europa.eu/risk-and-data-analysis/reporting-frameworks/reporting-framework-42,All other modules use the completed DPM 2.0 glossary from 03/2026; DORA excluded,4.2_layouts.zip,260106 Annotated templates/PILLAR3/20260106 Annotated Table Layout  PILLAR3 4.2 MRELTLACDISPILLAR3 4.2.xlsx,K_00.05
MRELTLACDIS,K_90.01,4.1,2025-06-30,2026-03-31,official,https://www.eba.europa.eu/risk-and-data-analysis/reporting-frameworks/reporting-framework-41,Pillar 3 MREL/TLAC disclosure templates in the 4.1 package,4.1_layouts.zip,20250519 Annotated Table Layout  MRELTLACDISPILLAR3 4.1.xlsx,K_90.01
MRELTLACDIS,K_90.01,4.2,2026-03-31,,official_except_explicit_overrides,https://www.eba.europa.eu/risk-and-data-analysis/reporting-frameworks/reporting-framework-42,All other modules use the completed DPM 2.0 glossary from 03/2026; DORA excluded,4.2_layouts.zip,260106 Annotated templates/PILLAR3/20260106 Annotated Table Layout  PILLAR3 4.2 MRELTLACDISPILLAR3 4.2.xlsx,K_90.01
MRELTLACDIS,K_91.00.a,4.1,2025-06-30,2026-03-31,official,https://www.eba.europa.eu/risk-and-data-analysis/reporting-frameworks/reporting-framework-41,Pillar 3 MREL/TLAC disclosure templates in the 4.1 package,4.1_layouts.zip,20250519 Annotated Table Layout  MRELTLACDISPILLAR3 4.1.xlsx,K_91.00.a
MRELTLACDIS,K_91.00.a,4.2,2026-03-31,,official_except_explicit_overrides,https://www.eba.europa.eu/risk-and-data-analysis/reporting-frameworks/reporting-framework-42,All other modules use the completed DPM 2.0 glossary from 03/2026; DORA excluded,4.2_layouts.zip,260106 Annotated templates/PILLAR3/20260106 Annotated Table Layout  PILLAR3 4.2 MRELTLACDISPILLAR3 4.2.xlsx,K_91.00.a
MRELTLACDIS,K_91.00.b,4.1,2025-06-30,2026-03-31,official,https://www.eba.europa.eu/risk-and-data-analysis/reporting-frameworks/reporting-framework-41,Pillar 3 MREL/TLAC disclosure templates in the 4.1 package,4.1_layouts.zip,20250519 Annotated Table Layout  MRELTLACDISPILLAR3 4.1.xlsx,K_91.00.b
MRELTLACDIS,K_91.00.b,4.2,2026-03-31,,official_except_explicit_overrides,https://www.eba.europa.eu/risk-and-data-analysis/reporting-frameworks/reporting-framework-42,All other modules use the completed DPM 2.0 glossary from 03/2026; DORA excluded,4.2_layouts.zip,260106 Annotated templates/PILLAR3/20260106 Annotated Table Layout  PILLAR3 4.2 MRELTLACDISPILLAR3 4.2.xlsx,K_91.00.b
MRELTLACDIS,K_93.00,4.1,2025-06-30,2026-03-31,official,https://www.eba.europa.eu/risk-and-data-analysis/reporting-frameworks/reporting-framework-41,Pillar 3 MREL/TLAC disclosure templates in the 4.1 package,4.1_layouts.zip,20250519 Annotated Table Layout  MRELTLACDISPILLAR3 4.1.xlsx,K_93.00
MRELTLACDIS,K_93.00,4.2,2026-03-31,,official_except_explicit_overrides,https://www.eba.europa.eu/risk-and-data-analysis/reporting-frameworks/reporting-framework-42,All other modules use the completed DPM 2.0 glossary from 03/2026; DORA excluded,4.2_layouts.zip,260106 Annotated templates/PILLAR3/20260106 Annotated Table Layout  PILLAR3 4.2 MRELTLACDISPILLAR3 4.2.xlsx,K_93.00
MRELTLACDIS,K_95.00.a,4.1,2025-06-30,2026-03-31,official,https://www.eba.europa.eu/risk-and-data-analysis/reporting-frameworks/reporting-framework-41,Pillar 3 MREL/TLAC disclosure templates in the 4.1 package,4.1_layouts.zip,20250519 Annotated Table Layout  MRELTLACDISPILLAR3 4.1.xlsx,K_95.00.a
MRELTLACDIS,K_95.00.a,4.2,2026-03-31,,official_except_explicit_overrides,https://www.eba.europa.eu/risk-and-data-analysis/reporting-frameworks/reporting-framework-42,All other modules use the completed DPM 2.0 glossary from 03/2026; DORA excluded,4.2_layouts.zip,260106 Annotated templates/PILLAR3/20260106 Annotated Table Layout  PILLAR3 4.2 MRELTLACDISPILLAR3 4.2.xlsx,K_95.00.a
MRELTLACDIS,K_95.00.b,4.1,2025-06-30,2026-03-31,official,https://www.eba.europa.eu/risk-and-data-analysis/reporting-frameworks/reporting-framework-41,Pillar 3 MREL/TLAC disclosure templates in the 4.1 package,4.1_layouts.zip,20250519 Annotated Table Layout  MRELTLACDISPILLAR3 4.1.xlsx,K_95.00.b
MRELTLACDIS,K_95.00.b,4.2,2026-03-31,,official_except_explicit_overrides,https://www.eba.europa.eu/risk-and-data-analysis/reporting-frameworks/reporting-framework-42,All other modules use the completed DPM 2.0 glossary from 03/2026; DORA excluded,4.2_layouts.zip,260106 Annotated templates/PILLAR3/20260106 Annotated Table Layout  PILLAR3 4.2 MRELTLACDISPILLAR3 4.2.xlsx,K_95.00.b
MRELTLACDIS,K_96.00.a,4.1,2025-06-30,2026-03-31,official,https://www.eba.europa.eu/risk-and-data-analysis/reporting-frameworks/reporting-framework-41,Pillar 3 MREL/TLAC disclosure templates in the 4.1 package,4.1_layouts.zip,20250519 Annotated Table Layout  MRELTLACDISPILLAR3 4.1.xlsx,K_96.00.a
MRELTLACDIS,K_96.00.a,4.2,2026-03-31,,official_except_explicit_overrides,https://www.eba.europa.eu/risk-and-data-analysis/reporting-frameworks/reporting-framework-42,All other modules use the completed DPM 2.0 glossary from 03/2026; DORA excluded,4.2_layouts.zip,260106 Annotated templates/PILLAR3/20260106 Annotated Table Layout  PILLAR3 4.2 MRELTLACDISPILLAR3 4.2.xlsx,K_96.00.a
MRELTLACDIS,K_96.00.b,4.1,2025-06-30,2026-03-31,official,https://www.eba.europa.eu/risk-and-data-analysis/reporting-frameworks/reporting-framework-41,Pillar 3 MREL/TLAC disclosure templates in the 4.1 package,4.1_layouts.zip,20250519 Annotated Table Layout  MRELTLACDISPILLAR3 4.1.xlsx,K_96.00.b
MRELTLACDIS,K_96.00.b,4.2,2026-03-31,,official_except_explicit_overrides,https://www.eba.europa.eu/risk-and-data-analysis/reporting-frameworks/reporting-framework-42,All other modules use the completed DPM 2.0 glossary from 03/2026; DORA excluded,4.2_layouts.zip,260106 Annotated templates/PILLAR3/20260106 Annotated Table Layout  PILLAR3 4.2 MRELTLACDISPILLAR3 4.2.xlsx,K_96.00.b
MRELTLACDIS,K_97.00.a,4.1,2025-06-30,2026-03-31,official,https://www.eba.europa.eu/risk-and-data-analysis/reporting-frameworks/reporting-framework-41,Pillar 3 MREL/TLAC disclosure templates in the 4.1 package,4.1_layouts.zip,20250519 Annotated Table Layout  MRELTLACDISPILLAR3 4.1.xlsx,K_97.00.a
MRELTLACDIS,K_97.00.a,4.2,2026-03-31,,official_except_explicit_overrides,https://www.eba.europa.eu/risk-and-data-analysis/reporting-frameworks/reporting-framework-42,All other modules use the completed DPM 2.0 glossary from 03/2026; DORA excluded,4.2_layouts.zip,260106 Annotated templates/PILLAR3/20260106 Annotated Table Layout  PILLAR3 4.2 MRELTLACDISPILLAR3 4.2.xlsx,K_97.00.a
MRELTLACDIS,K_97.00.b,4.1,2025-06-30,2026-03-31,official,https://www.eba.europa.eu/risk-and-data-analysis/reporting-frameworks/reporting-framework-41,Pillar 3 MREL/TLAC disclosure templates in the 4.1 package,4.1_layouts.zip,20250519 Annotated Table Layout  MRELTLACDISPILLAR3 4.1.xlsx,K_97.00.b
MRELTLACDIS,K_97.00.b,4.2,2026-03-31,,official_except_explicit_overrides,https://www.eba.europa.eu/risk-and-data-analysis/reporting-frameworks/reporting-framework-42,All other modules use the completed DPM 2.0 glossary from 03/2026; DORA excluded,4.2_layouts.zip,260106 Annotated templates/PILLAR3/20260106 Annotated Table Layout  PILLAR3 4.2 MRELTLACDISPILLAR3 4.2.xlsx,K_97.00.b
MRELTLACDIS,K_98.00.a,4.1,2025-06-30,2026-03-31,official,https://www.eba.europa.eu/risk-and-data-analysis/reporting-frameworks/reporting-framework-41,Pillar 3 MREL/TLAC disclosure templates in the 4.1 package,4.1_layouts.zip,20250519 Annotated Table Layout  MRELTLACDISPILLAR3 4.1.xlsx,K_98.00.a
MRELTLACDIS,K_98.00.a,4.2,2026-03-31,,official_except_explicit_overrides,https://www.eba.europa.eu/risk-and-data-analysis/reporting-frameworks/reporting-framework-42,All other modules use the completed DPM 2.0 glossary from 03/2026; DORA excluded,4.2_layouts.zip,260106 Annotated templates/PILLAR3/20260106 Annotated Table Layout  PILLAR3 4.2 MRELTLACDISPILLAR3 4.2.xlsx,K_98.00.a
MRELTLACDIS,K_98.00.b,4.1,2025-06-30,2026-03-31,official,https://www.eba.europa.eu/risk-and-data-analysis/reporting-frameworks/reporting-framework-41,Pillar 3 MREL/TLAC disclosure templates in the 4.1 package,4.1_layouts.zip,20250519 Annotated Table Layout  MRELTLACDISPILLAR3 4.1.xlsx,K_98.00.b
MRELTLACDIS,K_98.00.b,4.2,2026-03-31,,official_except_explicit_overrides,https://www.eba.europa.eu/risk-and-data-analysis/reporting-frameworks/reporting-framework-42,All other modules use the completed DPM 2.0 glossary from 03/2026; DORA excluded,4.2_layouts.zip,260106 Annotated templates/PILLAR3/20260106 Annotated Table Layout  PILLAR3 4.2 MRELTLACDISPILLAR3 4.2.xlsx,K_98.00.b
MREL_DECISIONS,M_20.00,3.0.1,2021-06-30,2022-12-31,official,https://www.eba.europa.eu/risk-and-data-analysis/reporting/reporting-frameworks/reporting-framework-30,MREL decisions technical package,3.0.1_layouts.zip,Annotated Table Layout 301-P2-MREL_DECISIONS 3.0.1.xlsx,M 20.00
MREL_DECISIONS,M_20.00,3.2,2022-12-31,2025-12-31,official,https://www.eba.europa.eu/risk-and-data-analysis/reporting/reporting-frameworks/reporting-framework-32,3.2.1 module package,3.2_layouts.zip,Annotated Table Layout 321-P2-MREL_DECISIONS 3.2.1.xlsx,M 20.00
MREL_DECISIONS,M_20.00,4.2,2025-12-31,,official,https://www.eba.europa.eu/risk-and-data-analysis/reporting-frameworks/reporting-framework-42,MREL decisions first reference date 12/2025,4.2_layouts.zip,260106 Annotated templates/MREL/20260106 Annotated Table Layout  MREL 4.2 MREL_DECISIONSMREL 4.2.xlsx,M_20.00
MREL_TLAC,M_01.00,3.0.1,2021-06-30,2022-12-31,official,https://www.eba.europa.eu/risk-and-data-analysis/reporting/reporting-frameworks/reporting-framework-30,MREL/TLAC technical package,3.0.1_layouts.zip,Annotated Table Layout 301-P2-MREL_TLAC 3.0.1.xlsx,M 01.00
MREL_TLAC,M_01.00,3.2,2022-12-31,2024-12-31,official,https://www.eba.europa.eu/risk-and-data-analysis/reporting/reporting-frameworks/reporting-framework-32,3.2.1 module package,3.2_layouts.zip,Annotated Table Layout 321-P2-MREL_TLAC 3.2.1.xlsx,M 01.00
MREL_TLAC,M_01.00,3.5,2024-12-31,2026-03-31,official,https://www.eba.europa.eu/risk-and-data-analysis/reporting/reporting-frameworks/reporting-framework-35,MREL/TLAC first reference date 12/2024; supersedes 3.4 changes,3.5_layouts.zip,Annotated Table Layout 3.5-MREL_TLAC 3.5.xlsx,M 01.00
MREL_TLAC,M_01.00,4.2,2026-03-31,,official_except_explicit_overrides,https://www.eba.europa.eu/risk-and-data-analysis/reporting-frameworks/reporting-framework-42,All other modules use the completed DPM 2.0 glossary from 03/2026; DORA excluded,4.2_layouts.zip,260106 Annotated templates/MREL/20260106 Annotated Table Layout  MREL 4.2 MREL_TLACMREL 4.2.xlsx,M_01.00
MREL_TLAC,M_01.00,3.4,,,superseded,https://www.eba.europa.eu/risk-and-data-analysis/reporting/reporting-frameworks/reporting-framework-34,3.4 MREL/TLAC change is superseded by 3.5 before application,3.4_layouts.zip,Annotated Table Layout 340-MREL_TLAC 3.4.xlsx,M 01.00
MREL_TLAC,M_02.00.a,3.0.1,2021-06-30,2022-12-31,official,https://www.eba.europa.eu/risk-and-data-analysis/reporting/reporting-frameworks/reporting-framework-30,MREL/TLAC technical package,3.0.1_layouts.zip,Annotated Table Layout 301-P2-MREL_TLAC 3.0.1.xlsx,M 02.00.a
MREL_TLAC,M_02.00.a,3.2,2022-12-31,2024-12-31,official,https://www.eba.europa.eu/risk-and-data-analysis/reporting/reporting-frameworks/reporting-framework-32,3.2.1 module package,3.2_layouts.zip,Annotated Table Layout 321-P2-MREL_TLAC 3.2.1.xlsx,M 02.00.a
MREL_TLAC,M_02.00.a,3.5,2024-12-31,2026-03-31,official,https://www.eba.europa.eu/risk-and-data-analysis/reporting/reporting-frameworks/reporting-framework-35,MREL/TLAC first reference date 12/2024; supersedes 3.4 changes,3.5_layouts.zip,Annotated Table Layout 3.5-MREL_TLAC 3.5.xlsx,M 02.00.a
MREL_TLAC,M_02.00.a,4.2,2026-03-31,,official_except_explicit_overrides,https://www.eba.europa.eu/risk-and-data-analysis/reporting-frameworks/reporting-framework-42,All other modules use the completed DPM 2.0 glossary from 03/2026; DORA excluded,4.2_layouts.zip,260106 Annotated templates/MREL/20260106 Annotated Table Layout  MREL 4.2 MREL_TLACMREL 4.2.xlsx,M_02.00.a
MREL_TLAC,M_02.00.a,3.4,,,superseded,https://www.eba.europa.eu/risk-and-data-analysis/reporting/reporting-frameworks/reporting-framework-34,3.4 MREL/TLAC change is superseded by 3.5 before application,3.4_layouts.zip,Annotated Table Layout 340-MREL_TLAC 3.4.xlsx,M 02.00.a
MREL_TLAC,M_02.00.b,3.0.1,2021-06-30,2022-12-31,official,https://www.eba.europa.eu/risk-and-data-analysis/reporting/reporting-frameworks/reporting-framework-30,MREL/TLAC technical package,3.0.1_layouts.zip,Annotated Table Layout 301-P2-MREL_TLAC 3.0.1.xlsx,M 02.00.b
MREL_TLAC,M_02.00.b,3.2,2022-12-31,2024-12-31,official,https://www.eba.europa.eu/risk-and-data-analysis/reporting/reporting-frameworks/reporting-framework-32,3.2.1 module package,3.2_layouts.zip,Annotated Table Layout 321-P2-MREL_TLAC 3.2.1.xlsx,M 02.00.b
MREL_TLAC,M_02.00.b,3.5,2024-12-31,2026-03-31,official,https://www.eba.europa.eu/risk-and-data-analysis/reporting/reporting-frameworks/reporting-framework-35,MREL/TLAC first reference date 12/2024; supersedes 3.4 changes,3.5_layouts.zip,Annotated Table Layout 3.5-MREL_TLAC 3.5.xlsx,M 02.00.b
MREL_TLAC,M_02.00.b,4.2,2026-03-31,,official_except_explicit_overrides,https://www.eba.europa.eu/risk-and-data-analysis/reporting-frameworks/reporting-framework-42,All other modules use the completed DPM 2.0 glossary from 03/2026; DORA excluded,4.2_layouts.zip,260106 Annotated templates/MREL/20260106 Annotated Table Layout  MREL 4.2 MREL_TLACMREL 4.2.xlsx,M_02.00.b
MREL_TLAC,M_02.00.b,3.4,,,superseded,https://www.eba.europa.eu/risk-and-data-analysis/reporting/reporting-frameworks/reporting-framework-34,3.4 MREL/TLAC change is superseded by 3.5 before application,3.4_layouts.zip,Annotated Table Layout 340-MREL_TLAC 3.4.xlsx,M 02.00.b
MREL_TLAC,M_02.00.c,3.0.1,2021-06-30,2022-12-31,official,https://www.eba.europa.eu/risk-and-data-analysis/reporting/reporting-frameworks/reporting-framework-30,MREL/TLAC technical package,3.0.1_layouts.zip,Annotated Table Layout 301-P2-MREL_TLAC 3.0.1.xlsx,M 02.00.c
MREL_TLAC,M_02.00.c,3.2,2022-12-31,2024-12-31,official,https://www.eba.europa.eu/risk-and-data-analysis/reporting/reporting-frameworks/reporting-framework-32,3.2.1 module package,3.2_layouts.zip,Annotated Table Layout 321-P2-MREL_TLAC 3.2.1.xlsx,M 02.00.c
MREL_TLAC,M_02.00.c,3.5,2024-12-31,2026-03-31,official,https://www.eba.europa.eu/risk-and-data-analysis/reporting/reporting-frameworks/reporting-framework-35,MREL/TLAC first reference date 12/2024; supersedes 3.4 changes,3.5_layouts.zip,Annotated Table Layout 3.5-MREL_TLAC 3.5.xlsx,M 02.00.c
MREL_TLAC,M_02.00.c,4.2,2026-03-31,,official_except_explicit_overrides,https://www.eba.europa.eu/risk-and-data-analysis/reporting-frameworks/reporting-framework-42,All other modules use the completed DPM 2.0 glossary from 03/2026; DORA excluded,4.2_layouts.zip,260106 Annotated templates/MREL/20260106 Annotated Table Layout  MREL 4.2 MREL_TLACMREL 4.2.xlsx,M_02.00.c
MREL_TLAC,M_02.00.c,3.4,,,superseded,https://www.eba.europa.eu/risk-and-data-analysis/reporting/reporting-frameworks/reporting-framework-34,3.4 MREL/TLAC change is superseded by 3.5 before application,3.4_layouts.zip,Annotated Table Layout 340-MREL_TLAC 3.4.xlsx,M 02.00.c
MREL_TLAC,M_03.00,3.0.1,2021-06-30,2022-12-31,official,https://www.eba.europa.eu/risk-and-data-analysis/reporting/reporting-frameworks/reporting-framework-30,MREL/TLAC technical package,3.0.1_layouts.zip,Annotated Table Layout 301-P2-MREL_TLAC 3.0.1.xlsx,M 03.00
MREL_TLAC,M_03.00,3.2,2022-12-31,2024-12-31,official,https://www.eba.europa.eu/risk-and-data-analysis/reporting/reporting-frameworks/reporting-framework-32,3.2.1 module package,3.2_layouts.zip,Annotated Table Layout 321-P2-MREL_TLAC 3.2.1.xlsx,M 03.00
MREL_TLAC,M_03.00,3.5,2024-12-31,2026-03-31,official,https://www.eba.europa.eu/risk-and-data-analysis/reporting/reporting-frameworks/reporting-framework-35,MREL/TLAC first reference date 12/2024; supersedes 3.4 changes,3.5_layouts.zip,Annotated Table Layout 3.5-MREL_TLAC 3.5.xlsx,M 03.00
MREL_TLAC,M_03.00,4.2,2026-03-31,,official_except_explicit_overrides,https://www.eba.europa.eu/risk-and-data-analysis/reporting-frameworks/reporting-framework-42,All other modules use the completed DPM 2.0 glossary from 03/2026; DORA excluded,4.2_layouts.zip,260106 Annotated templates/MREL/20260106 Annotated Table Layout  MREL 4.2 MREL_TLACMREL 4.2.xlsx,M_03.00
MREL_TLAC,M_03.00,3.4,,,superseded,https://www.eba.europa.eu/risk-and-data-analysis/reporting/reporting-frameworks/reporting-framework-34,3.4 MREL/TLAC change is superseded by 3.5 before application,3.4_layouts.zip,Annotated Table Layout 340-MREL_TLAC 3.4.xlsx,M 03.00
MREL_TLAC,M_04.00,3.0.1,2021-06-30,2022-12-31,official,https://www.eba.europa.eu/risk-and-data-analysis/reporting/reporting-frameworks/reporting-framework-30,MREL/TLAC technical package,3.0.1_layouts.zip,Annotated Table Layout 301-P2-MREL_TLAC 3.0.1.xlsx,M 04.00
MREL_TLAC,M_04.00,3.2,2022-12-31,2024-12-31,official,https://www.eba.europa.eu/risk-and-data-analysis/reporting/reporting-frameworks/reporting-framework-32,3.2.1 module package,3.2_layouts.zip,Annotated Table Layout 321-P2-MREL_TLAC 3.2.1.xlsx,M 04.00
MREL_TLAC,M_04.00,3.5,2024-12-31,2026-03-31,official,https://www.eba.europa.eu/risk-and-data-analysis/reporting/reporting-frameworks/reporting-framework-35,MREL/TLAC first reference date 12/2024; supersedes 3.4 changes,3.5_layouts.zip,Annotated Table Layout 3.5-MREL_TLAC 3.5.xlsx,M 04.00
MREL_TLAC,M_04.00,4.2,2026-03-31,,official_except_explicit_overrides,https://www.eba.europa.eu/risk-and-data-analysis/reporting-frameworks/reporting-framework-42,All other modules use the completed DPM 2.0 glossary from 03/2026; DORA excluded,4.2_layouts.zip,260106 Annotated templates/MREL/20260106 Annotated Table Layout  MREL 4.2 MREL_TLACMREL 4.2.xlsx,M_04.00
MREL_TLAC,M_04.00,3.4,,,superseded,https://www.eba.europa.eu/risk-and-data-analysis/reporting/reporting-frameworks/reporting-framework-34,3.4 MREL/TLAC change is superseded by 3.5 before application,3.4_layouts.zip,Annotated Table Layout 340-MREL_TLAC 3.4.xlsx,M 04.00
MREL_TLAC,M_05.00,3.0.1,2021-06-30,2022-12-31,official,https://www.eba.europa.eu/risk-and-data-analysis/reporting/reporting-frameworks/reporting-framework-30,MREL/TLAC technical package,3.0.1_layouts.zip,Annotated Table Layout 301-P2-MREL_TLAC 3.0.1.xlsx,M 05.00
MREL_TLAC,M_05.00,3.2,2022-12-31,2024-12-31,official,https://www.eba.europa.eu/risk-and-data-analysis/reporting/reporting-frameworks/reporting-framework-32,3.2.1 module package,3.2_layouts.zip,Annotated Table Layout 321-P2-MREL_TLAC 3.2.1.xlsx,M 05.00
MREL_TLAC,M_05.00,3.5,2024-12-31,2026-03-31,official,https://www.eba.europa.eu/risk-and-data-analysis/reporting/reporting-frameworks/reporting-framework-35,MREL/TLAC first reference date 12/2024; supersedes 3.4 changes,3.5_layouts.zip,Annotated Table Layout 3.5-MREL_TLAC 3.5.xlsx,M 05.00
MREL_TLAC,M_05.00,4.2,2026-03-31,,official_except_explicit_overrides,https://www.eba.europa.eu/risk-and-data-analysis/reporting-frameworks/reporting-framework-42,All other modules use the completed DPM 2.0 glossary from 03/2026; DORA excluded,4.2_layouts.zip,260106 Annotated templates/MREL/20260106 Annotated Table Layout  MREL 4.2 MREL_TLACMREL 4.2.xlsx,M_05.00
MREL_TLAC,M_05.00,3.4,,,superseded,https://www.eba.europa.eu/risk-and-data-analysis/reporting/reporting-frameworks/reporting-framework-34,3.4 MREL/TLAC change is superseded by 3.5 before application,3.4_layouts.zip,Annotated Table Layout 340-MREL_TLAC 3.4.xlsx,M 05.00
MREL_TLAC,M_06.00,3.0.1,2021-06-30,2022-12-31,official,https://www.eba.europa.eu/risk-and-data-analysis/reporting/reporting-frameworks/reporting-framework-30,MREL/TLAC technical package,3.0.1_layouts.zip,Annotated Table Layout 301-P2-MREL_TLAC 3.0.1.xlsx,M 06.00
MREL_TLAC,M_06.00,3.2,2022-12-31,2024-12-31,official,https://www.eba.europa.eu/risk-and-data-analysis/reporting/reporting-frameworks/reporting-framework-32,3.2.1 module package,3.2_layouts.zip,Annotated Table Layout 321-P2-MREL_TLAC 3.2.1.xlsx,M 06.00
MREL_TLAC,M_06.00,3.5,2024-12-31,2026-03-31,official,https://www.eba.europa.eu/risk-and-data-analysis/reporting/reporting-frameworks/reporting-framework-35,MREL/TLAC first reference date 12/2024; supersedes 3.4 changes,3.5_layouts.zip,Annotated Table Layout 3.5-MREL_TLAC 3.5.xlsx,M 06.00
MREL_TLAC,M_06.00,4.2,2026-03-31,,official_except_explicit_overrides,https://www.eba.europa.eu/risk-and-data-analysis/reporting-frameworks/reporting-framework-42,All other modules use the completed DPM 2.0 glossary from 03/2026; DORA excluded,4.2_layouts.zip,260106 Annotated templates/MREL/20260106 Annotated Table Layout  MREL 4.2 MREL_TLACMREL 4.2.xlsx,M_06.00
MREL_TLAC,M_06.00,3.4,,,superseded,https://www.eba.europa.eu/risk-and-data-analysis/reporting/reporting-frameworks/reporting-framework-34,3.4 MREL/TLAC change is superseded by 3.5 before application,3.4_layouts.zip,Annotated Table Layout 340-MREL_TLAC 3.4.xlsx,M 06.00
MREL_TLAC,M_07.00,3.0.1,2021-06-30,2022-12-31,official,https://www.eba.europa.eu/risk-and-data-analysis/reporting/reporting-frameworks/reporting-framework-30,MREL/TLAC technical package,3.0.1_layouts.zip,Annotated Table Layout 301-P2-MREL_TLAC 3.0.1.xlsx,M 07.00
MREL_TLAC,M_07.00,3.2,2022-12-31,2024-12-31,official,https://www.eba.europa.eu/risk-and-data-analysis/reporting/reporting-frameworks/reporting-framework-32,3.2.1 module package,3.2_layouts.zip,Annotated Table Layout 321-P2-MREL_TLAC 3.2.1.xlsx,M 07.00
MREL_TLAC,M_07.00,3.5,2024-12-31,2026-03-31,official,https://www.eba.europa.eu/risk-and-data-analysis/reporting/reporting-frameworks/reporting-framework-35,MREL/TLAC first reference date 12/2024; supersedes 3.4 changes,3.5_layouts.zip,Annotated Table Layout 3.5-MREL_TLAC 3.5.xlsx,M 07.00
MREL_TLAC,M_07.00,4.2,2026-03-31,,official_except_explicit_overrides,https://www.eba.europa.eu/risk-and-data-analysis/reporting-frameworks/reporting-framework-42,All other modules use the completed DPM 2.0 glossary from 03/2026; DORA excluded,4.2_layouts.zip,260106 Annotated templates/MREL/20260106 Annotated Table Layout  MREL 4.2 MREL_TLACMREL 4.2.xlsx,M_07.00
MREL_TLAC,M_07.00,3.4,,,superseded,https://www.eba.europa.eu/risk-and-data-analysis/reporting/reporting-frameworks/reporting-framework-34,3.4 MREL/TLAC change is superseded by 3.5 before application,3.4_layouts.zip,Annotated Table Layout 340-MREL_TLAC 3.4.xlsx,M 07.00
NOTIF_IMPRACTICABILITY,N_01.00,3.0.1,2021-06-30,2022-12-31,official,https://www.eba.europa.eu/risk-and-data-analysis/reporting/reporting-frameworks/reporting-framework-30,Notification technical package,3.0.1_layouts.zip,Annotated Table Layout 301-P2-NOTIF_IMPRACTICABILITY 3.0.1.xlsx,N 01.00
NOTIF_IMPRACTICABILITY,N_01.00,3.2,2022-12-31,2026-03-31,official_other_modules,https://www.eba.europa.eu/risk-and-data-analysis/reporting/reporting-frameworks/reporting-framework-32,EBA states all other framework modules without CON/IND/IFRS/GAAP are used from reference date 12/2022; module-specific rules override this default,3.2_layouts.zip,Annotated Table Layout 321-P2-NOTIF_IMPRACTICABILITY 3.2.1.xlsx,N 01.00
NOTIF_IMPRACTICABILITY,N_01.00,4.2,2026-03-31,,official_except_explicit_overrides,https://www.eba.europa.eu/risk-and-data-analysis/reporting-frameworks/reporting-framework-42,All other modules use the completed DPM 2.0 glossary from 03/2026; DORA excluded,4.2_layouts.zip,260106 Annotated templates/IMPRAC/20260109 Annotated Table Layout  IMPRAC 4.2 NOTIF_IMPRACTICABILITYIMPRAC 4.2.xlsx,N_01.00
NOTIF_IMPRACTICABILITY,N_01.01,3.0.1,2021-06-30,2022-12-31,official,https://www.eba.europa.eu/risk-and-data-analysis/reporting/reporting-frameworks/reporting-framework-30,Notification technical package,3.0.1_layouts.zip,Annotated Table Layout 301-P2-NOTIF_IMPRACTICABILITY 3.0.1.xlsx,N 01.01(0002)
NOTIF_IMPRACTICABILITY,N_01.01,3.2,2022-12-31,2026-03-31,official_other_modules,https://www.eba.europa.eu/risk-and-data-analysis/reporting/reporting-frameworks/reporting-framework-32,EBA states all other framework modules without CON/IND/IFRS/GAAP are used from reference date 12/2022; module-specific rules override this default,3.2_layouts.zip,Annotated Table Layout 321-P2-NOTIF_IMPRACTICABILITY 3.2.1.xlsx,N 01.01(0002)
NOTIF_IMPRACTICABILITY,N_01.01,4.2,2026-03-31,,official_except_explicit_overrides,https://www.eba.europa.eu/risk-and-data-analysis/reporting-frameworks/reporting-framework-42,All other modules use the completed DPM 2.0 glossary from 03/2026; DORA excluded,4.2_layouts.zip,260106 Annotated templates/IMPRAC/20260109 Annotated Table Layout  IMPRAC 4.2 NOTIF_IMPRACTICABILITYIMPRAC 4.2.xlsx,N_01.01(0002)
NOTIF_IMPRACTICABILITY,N_01.02,3.0.1,2021-06-30,2022-12-31,official,https://www.eba.europa.eu/risk-and-data-analysis/reporting/reporting-frameworks/reporting-framework-30,Notification technical package,3.0.1_layouts.zip,Annotated Table Layout 301-P2-NOTIF_IMPRACTICABILITY 3.0.1.xlsx,N 01.02
NOTIF_IMPRACTICABILITY,N_01.02,3.2,2022-12-31,2026-03-31,official_other_modules,https://www.eba.europa.eu/risk-and-data-analysis/reporting/reporting-frameworks/reporting-framework-32,EBA states all other framework modules without CON/IND/IFRS/GAAP are used from reference date 12/2022; module-specific rules override this default,3.2_layouts.zip,Annotated Table Layout 321-P2-NOTIF_IMPRACTICABILITY 3.2.1.xlsx,N 01.02
NOTIF_IMPRACTICABILITY,N_01.02,4.2,2026-03-31,,official_except_explicit_overrides,https://www.eba.europa.eu/risk-and-data-analysis/reporting-frameworks/reporting-framework-42,All other modules use the completed DPM 2.0 glossary from 03/2026; DORA excluded,4.2_layouts.zip,260106 Annotated templates/IMPRAC/20260109 Annotated Table Layout  IMPRAC 4.2 NOTIF_IMPRACTICABILITYIMPRAC 4.2.xlsx,N_01.02
NOTIF_IMPRACTICABILITY,N_02.00,3.0.1,2021-06-30,2022-12-31,official,https://www.eba.europa.eu/risk-and-data-analysis/reporting/reporting-frameworks/reporting-framework-30,Notification technical package,3.0.1_layouts.zip,Annotated Table Layout 301-P2-NOTIF_IMPRACTICABILITY 3.0.1.xlsx,N 02.00
NOTIF_IMPRACTICABILITY,N_02.00,3.2,2022-12-31,2026-03-31,official_other_modules,https://www.eba.europa.eu/risk-and-data-analysis/reporting/reporting-frameworks/reporting-framework-32,EBA states all other framework modules without CON/IND/IFRS/GAAP are used from reference date 12/2022; module-specific rules override this default,3.2_layouts.zip,Annotated Table Layout 321-P2-NOTIF_IMPRACTICABILITY 3.2.1.xlsx,N 02.00
NOTIF_IMPRACTICABILITY,N_02.00,4.2,2026-03-31,,official_except_explicit_overrides,https://www.eba.europa.eu/risk-and-data-analysis/reporting-frameworks/reporting-framework-42,All other modules use the completed DPM 2.0 glossary from 03/2026; DORA excluded,4.2_layouts.zip,260106 Annotated templates/IMPRAC/20260109 Annotated Table Layout  IMPRAC 4.2 NOTIF_IMPRACTICABILITYIMPRAC 4.2.xlsx,N_02.00
P3DH,X_01.00,4.1,2025-06-30,2026-03-31,official,https://www.eba.europa.eu/risk-and-data-analysis/reporting-frameworks/reporting-framework-41,Pillar 3 data hub templates first reference date 06/2025,4.1_layouts.zip,20250519 Annotated Table Layout  P3DHPILLAR3 4.1.xlsx,X_01.00
P3DH,X_01.00,4.2,2026-03-31,,official_except_explicit_overrides,https://www.eba.europa.eu/risk-and-data-analysis/reporting-frameworks/reporting-framework-42,All other modules use the completed DPM 2.0 glossary from 03/2026; DORA excluded,4.2_layouts.zip,260106 Annotated templates/PILLAR3/20260106 Annotated Table Layout  PILLAR3 4.2 P3DHPILLAR3 4.2.xlsx,X_01.00
PAY,Y_01.01,2.10,2020-12-31,2022-12-31,official,https://www.eba.europa.eu/risk-and-data-analysis/reporting/reporting-frameworks/reporting-framework-210,Fraudulent payment reporting integrated into 2.10; release page groups this change with 12/2020 applicability,2.10_layouts.zip,Annotated Table Layout 2100-P1-PAY 2.10.xlsx,Y 01.01(0060)
PAY,Y_01.01,3.2,2022-12-31,,official_other_modules,https://www.eba.europa.eu/risk-and-data-analysis/reporting/reporting-frameworks/reporting-framework-32,EBA states all other framework modules without CON/IND/IFRS/GAAP are used from reference date 12/2022; module-specific rules override this default,3.2_layouts.zip,Annotated Table Layout 321-P2-PAY 3.2.1.xlsx,Y 01.01(0060)
PAY,Y_01.02,2.10,2020-12-31,2022-12-31,official,https://www.eba.europa.eu/risk-and-data-analysis/reporting/reporting-frameworks/reporting-framework-210,Fraudulent payment reporting integrated into 2.10; release page groups this change with 12/2020 applicability,2.10_layouts.zip,Annotated Table Layout 2100-P1-PAY 2.10.xlsx,Y 01.02
PAY,Y_01.02,3.2,2022-12-31,,official_other_modules,https://www.eba.europa.eu/risk-and-data-analysis/reporting/reporting-frameworks/reporting-framework-32,EBA states all other framework modules without CON/IND/IFRS/GAAP are used from reference date 12/2022; module-specific rules override this default,3.2_layouts.zip,Annotated Table Layout 321-P2-PAY 3.2.1.xlsx,Y 01.02
PAY,Y_02.01,2.10,2020-12-31,2022-12-31,official,https://www.eba.europa.eu/risk-and-data-analysis/reporting/reporting-frameworks/reporting-framework-210,Fraudulent payment reporting integrated into 2.10; release page groups this change with 12/2020 applicability,2.10_layouts.zip,Annotated Table Layout 2100-P1-PAY 2.10.xlsx,Y 02.01(0060)
PAY,Y_02.01,3.2,2022-12-31,,official_other_modules,https://www.eba.europa.eu/risk-and-data-analysis/reporting/reporting-frameworks/reporting-framework-32,EBA states all other framework modules without CON/IND/IFRS/GAAP are used from reference date 12/2022; module-specific rules override this default,3.2_layouts.zip,Annotated Table Layout 321-P2-PAY 3.2.1.xlsx,Y 02.01(0060)
PAY,Y_02.02,2.10,2020-12-31,2022-12-31,official,https://www.eba.europa.eu/risk-and-data-analysis/reporting/reporting-frameworks/reporting-framework-210,Fraudulent payment reporting integrated into 2.10; release page groups this change with 12/2020 applicability,2.10_layouts.zip,Annotated Table Layout 2100-P1-PAY 2.10.xlsx,Y 02.02
PAY,Y_02.02,3.2,2022-12-31,,official_other_modules,https://www.eba.europa.eu/risk-and-data-analysis/reporting/reporting-frameworks/reporting-framework-32,EBA states all other framework modules without CON/IND/IFRS/GAAP are used from reference date 12/2022; module-specific rules override this default,3.2_layouts.zip,Annotated Table Layout 321-P2-PAY 3.2.1.xlsx,Y 02.02
PAY,Y_03.01,2.10,2020-12-31,2022-12-31,official,https://www.eba.europa.eu/risk-and-data-analysis/reporting/reporting-frameworks/reporting-framework-210,Fraudulent payment reporting integrated into 2.10; release page groups this change with 12/2020 applicability,2.10_layouts.zip,Annotated Table Layout 2100-P1-PAY 2.10.xlsx,Y 03.01(0060)
PAY,Y_03.01,3.2,2022-12-31,,official_other_modules,https://www.eba.europa.eu/risk-and-data-analysis/reporting/reporting-frameworks/reporting-framework-32,EBA states all other framework modules without CON/IND/IFRS/GAAP are used from reference date 12/2022; module-specific rules override this default,3.2_layouts.zip,Annotated Table Layout 321-P2-PAY 3.2.1.xlsx,Y 03.01(0060)
PAY,Y_03.02,2.10,2020-12-31,2022-12-31,official,https://www.eba.europa.eu/risk-and-data-analysis/reporting/reporting-frameworks/reporting-framework-210,Fraudulent payment reporting integrated into 2.10; release page groups this change with 12/2020 applicability,2.10_layouts.zip,Annotated Table Layout 2100-P1-PAY 2.10.xlsx,Y 03.02
PAY,Y_03.02,3.2,2022-12-31,,official_other_modules,https://www.eba.europa.eu/risk-and-data-analysis/reporting/reporting-frameworks/reporting-framework-32,EBA states all other framework modules without CON/IND/IFRS/GAAP are used from reference date 12/2022; module-specific rules override this default,3.2_layouts.zip,Annotated Table Layout 321-P2-PAY 3.2.1.xlsx,Y 03.02
PAY,Y_04.01,2.10,2020-12-31,2022-12-31,official,https://www.eba.europa.eu/risk-and-data-analysis/reporting/reporting-frameworks/reporting-framework-210,Fraudulent payment reporting integrated into 2.10; release page groups this change with 12/2020 applicability,2.10_layouts.zip,Annotated Table Layout 2100-P1-PAY 2.10.xlsx,Y 04.01(0060)
PAY,Y_04.01,3.2,2022-12-31,,official_other_modules,https://www.eba.europa.eu/risk-and-data-analysis/reporting/reporting-frameworks/reporting-framework-32,EBA states all other framework modules without CON/IND/IFRS/GAAP are used from reference date 12/2022; module-specific rules override this default,3.2_layouts.zip,Annotated Table Layout 321-P2-PAY 3.2.1.xlsx,Y 04.01(0060)
PAY,Y_04.02,2.10,2020-12-31,2022-12-31,official,https://www.eba.europa.eu/risk-and-data-analysis/reporting/reporting-frameworks/reporting-framework-210,Fraudulent payment reporting integrated into 2.10; release page groups this change with 12/2020 applicability,2.10_layouts.zip,Annotated Table Layout 2100-P1-PAY 2.10.xlsx,Y 04.02
PAY,Y_04.02,3.2,2022-12-31,,official_other_modules,https://www.eba.europa.eu/risk-and-data-analysis/reporting/reporting-frameworks/reporting-framework-32,EBA states all other framework modules without CON/IND/IFRS/GAAP are used from reference date 12/2022; module-specific rules override this default,3.2_layouts.zip,Annotated Table Layout 321-P2-PAY 3.2.1.xlsx,Y 04.02
PAY,Y_05.01,2.10,2020-12-31,2022-12-31,official,https://www.eba.europa.eu/risk-and-data-analysis/reporting/reporting-frameworks/reporting-framework-210,Fraudulent payment reporting integrated into 2.10; release page groups this change with 12/2020 applicability,2.10_layouts.zip,Annotated Table Layout 2100-P1-PAY 2.10.xlsx,Y 05.01(0060)
PAY,Y_05.01,3.2,2022-12-31,,official_other_modules,https://www.eba.europa.eu/risk-and-data-analysis/reporting/reporting-frameworks/reporting-framework-32,EBA states all other framework modules without CON/IND/IFRS/GAAP are used from reference date 12/2022; module-specific rules override this default,3.2_layouts.zip,Annotated Table Layout 321-P2-PAY 3.2.1.xlsx,Y 05.01(0060)
PAY,Y_05.02,2.10,2020-12-31,2022-12-31,official,https://www.eba.europa.eu/risk-and-data-analysis/reporting/reporting-frameworks/reporting-framework-210,Fraudulent payment reporting integrated into 2.10; release page groups this change with 12/2020 applicability,2.10_layouts.zip,Annotated Table Layout 2100-P1-PAY 2.10.xlsx,Y 05.02
PAY,Y_05.02,3.2,2022-12-31,,official_other_modules,https://www.eba.europa.eu/risk-and-data-analysis/reporting/reporting-frameworks/reporting-framework-32,EBA states all other framework modules without CON/IND/IFRS/GAAP are used from reference date 12/2022; module-specific rules override this default,3.2_layouts.zip,Annotated Table Layout 321-P2-PAY 3.2.1.xlsx,Y 05.02
PAY,Y_06.01,2.10,2020-12-31,2022-12-31,official,https://www.eba.europa.eu/risk-and-data-analysis/reporting/reporting-frameworks/reporting-framework-210,Fraudulent payment reporting integrated into 2.10; release page groups this change with 12/2020 applicability,2.10_layouts.zip,Annotated Table Layout 2100-P1-PAY 2.10.xlsx,Y 06.01(0060)
PAY,Y_06.01,3.2,2022-12-31,,official_other_modules,https://www.eba.europa.eu/risk-and-data-analysis/reporting/reporting-frameworks/reporting-framework-32,EBA states all other framework modules without CON/IND/IFRS/GAAP are used from reference date 12/2022; module-specific rules override this default,3.2_layouts.zip,Annotated Table Layout 321-P2-PAY 3.2.1.xlsx,Y 06.01(0060)
PAY,Y_06.02,2.10,2020-12-31,2022-12-31,official,https://www.eba.europa.eu/risk-and-data-analysis/reporting/reporting-frameworks/reporting-framework-210,Fraudulent payment reporting integrated into 2.10; release page groups this change with 12/2020 applicability,2.10_layouts.zip,Annotated Table Layout 2100-P1-PAY 2.10.xlsx,Y 06.02
PAY,Y_06.02,3.2,2022-12-31,,official_other_modules,https://www.eba.europa.eu/risk-and-data-analysis/reporting/reporting-frameworks/reporting-framework-32,EBA states all other framework modules without CON/IND/IFRS/GAAP are used from reference date 12/2022; module-specific rules override this default,3.2_layouts.zip,Annotated Table Layout 321-P2-PAY 3.2.1.xlsx,Y 06.02
PAY,Y_07.01,2.10,2020-12-31,2022-12-31,official,https://www.eba.europa.eu/risk-and-data-analysis/reporting/reporting-frameworks/reporting-framework-210,Fraudulent payment reporting integrated into 2.10; release page groups this change with 12/2020 applicability,2.10_layouts.zip,Annotated Table Layout 2100-P1-PAY 2.10.xlsx,Y 07.01(0060)
PAY,Y_07.01,3.2,2022-12-31,,official_other_modules,https://www.eba.europa.eu/risk-and-data-analysis/reporting/reporting-frameworks/reporting-framework-32,EBA states all other framework modules without CON/IND/IFRS/GAAP are used from reference date 12/2022; module-specific rules override this default,3.2_layouts.zip,Annotated Table Layout 321-P2-PAY 3.2.1.xlsx,Y 07.01(0060)
PAY,Y_08.01,2.10,2020-12-31,2022-12-31,official,https://www.eba.europa.eu/risk-and-data-analysis/reporting/reporting-frameworks/reporting-framework-210,Fraudulent payment reporting integrated into 2.10; release page groups this change with 12/2020 applicability,2.10_layouts.zip,Annotated Table Layout 2100-P1-PAY 2.10.xlsx,Y 08.01(0060)
PAY,Y_08.01,3.2,2022-12-31,,official_other_modules,https://www.eba.europa.eu/risk-and-data-analysis/reporting/reporting-frameworks/reporting-framework-32,EBA states all other framework modules without CON/IND/IFRS/GAAP are used from reference date 12/2022; module-specific rules override this default,3.2_layouts.zip,Annotated Table Layout 321-P2-PAY 3.2.1.xlsx,Y 08.01(0060)
PILLAR3,K_04.00.a,3.3,2023-12-31,,official,https://www.eba.europa.eu/risk-and-data-analysis/reporting/reporting-frameworks/reporting-framework-33,Pillar 3 hub pilot templates first reference date 12/2023,3.3_layouts.zip,Annotated Table Layout 330-P1-PILLAR3 3.3.xlsx,K 04.00.a(0007)
PILLAR3,K_04.00.b,3.3,2023-12-31,,official,https://www.eba.europa.eu/risk-and-data-analysis/reporting/reporting-frameworks/reporting-framework-33,Pillar 3 hub pilot templates first reference date 12/2023,3.3_layouts.zip,Annotated Table Layout 330-P1-PILLAR3 3.3.xlsx,K 04.00.b(0007)
PILLAR3,K_05.00.a,3.3,2023-12-31,,official,https://www.eba.europa.eu/risk-and-data-analysis/reporting/reporting-frameworks/reporting-framework-33,Pillar 3 hub pilot templates first reference date 12/2023,3.3_layouts.zip,Annotated Table Layout 330-P1-PILLAR3 3.3.xlsx,K 05.00.a
PILLAR3,K_05.00.b,3.3,2023-12-31,,official,https://www.eba.europa.eu/risk-and-data-analysis/reporting/reporting-frameworks/reporting-framework-33,Pillar 3 hub pilot templates first reference date 12/2023,3.3_layouts.zip,Annotated Table Layout 330-P1-PILLAR3 3.3.xlsx,K 05.00.b
PILLAR3,K_06.00,3.3,2023-12-31,,official,https://www.eba.europa.eu/risk-and-data-analysis/reporting/reporting-frameworks/reporting-framework-33,Pillar 3 hub pilot templates first reference date 12/2023,3.3_layouts.zip,Annotated Table Layout 330-P1-PILLAR3 3.3.xlsx,K 06.00
PILLAR3,K_07.00,3.3,2023-12-31,,official,https://www.eba.europa.eu/risk-and-data-analysis/reporting/reporting-frameworks/reporting-framework-33,Pillar 3 hub pilot templates first reference date 12/2023,3.3_layouts.zip,Annotated Table Layout 330-P1-PILLAR3 3.3.xlsx,K 07.00
PILLAR3,K_08.00,3.3,2023-12-31,,official,https://www.eba.europa.eu/risk-and-data-analysis/reporting/reporting-frameworks/reporting-framework-33,Pillar 3 hub pilot templates first reference date 12/2023,3.3_layouts.zip,Annotated Table Layout 330-P1-PILLAR3 3.3.xlsx,K 08.00
PILLAR3,K_20.01,3.3,2023-12-31,,official,https://www.eba.europa.eu/risk-and-data-analysis/reporting/reporting-frameworks/reporting-framework-33,Pillar 3 hub pilot templates first reference date 12/2023,3.3_layouts.zip,Annotated Table Layout 330-P1-PILLAR3 3.3.xlsx,K 20.01
PILLAR3,K_20.02,3.3,2023-12-31,,official,https://www.eba.europa.eu/risk-and-data-analysis/reporting/reporting-frameworks/reporting-framework-33,Pillar 3 hub pilot templates first reference date 12/2023,3.3_layouts.zip,Annotated Table Layout 330-P1-PILLAR3 3.3.xlsx,K 20.02
PILLAR3,K_20.03,3.3,2023-12-31,,official,https://www.eba.europa.eu/risk-and-data-analysis/reporting/reporting-frameworks/reporting-framework-33,Pillar 3 hub pilot templates first reference date 12/2023,3.3_layouts.zip,Annotated Table Layout 330-P1-PILLAR3 3.3.xlsx,K 20.03
PILLAR3,K_26.00.a,3.3,2023-12-31,,official,https://www.eba.europa.eu/risk-and-data-analysis/reporting/reporting-frameworks/reporting-framework-33,Pillar 3 hub pilot templates first reference date 12/2023,3.3_layouts.zip,Annotated Table Layout 330-P1-PILLAR3 3.3.xlsx,K 26.00.a(0017)
PILLAR3,K_26.00.b,3.3,2023-12-31,,official,https://www.eba.europa.eu/risk-and-data-analysis/reporting/reporting-frameworks/reporting-framework-33,Pillar 3 hub pilot templates first reference date 12/2023,3.3_layouts.zip,Annotated Table Layout 330-P1-PILLAR3 3.3.xlsx,K 26.00.b(0002)
PILLAR3,K_26.01,3.3,2023-12-31,,official,https://www.eba.europa.eu/risk-and-data-analysis/reporting/reporting-frameworks/reporting-framework-33,Pillar 3 hub pilot templates first reference date 12/2023,3.3_layouts.zip,Annotated Table Layout 330-P1-PILLAR3 3.3.xlsx,K 26.01
PILLAR3,K_28.00,3.3,2023-12-31,,official,https://www.eba.europa.eu/risk-and-data-analysis/reporting/reporting-frameworks/reporting-framework-33,Pillar 3 hub pilot templates first reference date 12/2023,3.3_layouts.zip,Annotated Table Layout 330-P1-PILLAR3 3.3.xlsx,K 28.00
PILLAR3,K_29.00,3.3,2023-12-31,,official,https://www.eba.europa.eu/risk-and-data-analysis/reporting/reporting-frameworks/reporting-framework-33,Pillar 3 hub pilot templates first reference date 12/2023,3.3_layouts.zip,Annotated Table Layout 330-P1-PILLAR3 3.3.xlsx,K 29.00(0015)
PILLAR3,K_29.01.a,3.3,2023-12-31,,official,https://www.eba.europa.eu/risk-and-data-analysis/reporting/reporting-frameworks/reporting-framework-33,Pillar 3 hub pilot templates first reference date 12/2023,3.3_layouts.zip,Annotated Table Layout 330-P1-PILLAR3 3.3.xlsx,K 29.01.a
PILLAR3,K_29.01.b,3.3,2023-12-31,,official,https://www.eba.europa.eu/risk-and-data-analysis/reporting/reporting-frameworks/reporting-framework-33,Pillar 3 hub pilot templates first reference date 12/2023,3.3_layouts.zip,Annotated Table Layout 330-P1-PILLAR3 3.3.xlsx,K 29.01.b
PILLAR3,K_30.01,3.3,2023-12-31,,official,https://www.eba.europa.eu/risk-and-data-analysis/reporting/reporting-frameworks/reporting-framework-33,Pillar 3 hub pilot templates first reference date 12/2023,3.3_layouts.zip,Annotated Table Layout 330-P1-PILLAR3 3.3.xlsx,K 30.01
PILLAR3,K_30.02,3.3,2023-12-31,,official,https://www.eba.europa.eu/risk-and-data-analysis/reporting/reporting-frameworks/reporting-framework-33,Pillar 3 hub pilot templates first reference date 12/2023,3.3_layouts.zip,Annotated Table Layout 330-P1-PILLAR3 3.3.xlsx,K 30.02
PILLAR3,K_30.03,3.3,2023-12-31,,official,https://www.eba.europa.eu/risk-and-data-analysis/reporting/reporting-frameworks/reporting-framework-33,Pillar 3 hub pilot templates first reference date 12/2023,3.3_layouts.zip,Annotated Table Layout 330-P1-PILLAR3 3.3.xlsx,K 30.03
PILLAR3,K_30.04,3.3,2023-12-31,,official,https://www.eba.europa.eu/risk-and-data-analysis/reporting/reporting-frameworks/reporting-framework-33,Pillar 3 hub pilot templates first reference date 12/2023,3.3_layouts.zip,Annotated Table Layout 330-P1-PILLAR3 3.3.xlsx,K 30.04
PILLAR3,K_30.05.a,3.3,2023-12-31,,official,https://www.eba.europa.eu/risk-and-data-analysis/reporting/reporting-frameworks/reporting-framework-33,Pillar 3 hub pilot templates first reference date 12/2023,3.3_layouts.zip,Annotated Table Layout 330-P1-PILLAR3 3.3.xlsx,K 30.05.a
PILLAR3,K_30.05.b,3.3,2023-12-31,,official,https://www.eba.europa.eu/risk-and-data-analysis/reporting/reporting-frameworks/reporting-framework-33,Pillar 3 hub pilot templates first reference date 12/2023,3.3_layouts.zip,Annotated Table Layout 330-P1-PILLAR3 3.3.xlsx,K 30.05.b
PILLAR3,K_41.00,3.3,2023-12-31,,official,https://www.eba.europa.eu/risk-and-data-analysis/reporting/reporting-frameworks/reporting-framework-33,Pillar 3 hub pilot templates first reference date 12/2023,3.3_layouts.zip,Annotated Table Layout 330-P1-PILLAR3 3.3.xlsx,K 41.00
PILLAR3,K_42.00.a,3.3,2023-12-31,,official,https://www.eba.europa.eu/risk-and-data-analysis/reporting/reporting-frameworks/reporting-framework-33,Pillar 3 hub pilot templates first reference date 12/2023,3.3_layouts.zip,Annotated Table Layout 330-P1-PILLAR3 3.3.xlsx,K 42.00.a
PILLAR3,K_42.00.b,3.3,2023-12-31,,official,https://www.eba.europa.eu/risk-and-data-analysis/reporting/reporting-frameworks/reporting-framework-33,Pillar 3 hub pilot templates first reference date 12/2023,3.3_layouts.zip,Annotated Table Layout 330-P1-PILLAR3 3.3.xlsx,K 42.00.b
PILLAR3,K_43.01,3.3,2023-12-31,,official,https://www.eba.europa.eu/risk-and-data-analysis/reporting/reporting-frameworks/reporting-framework-33,Pillar 3 hub pilot templates first reference date 12/2023,3.3_layouts.zip,Annotated Table Layout 330-P1-PILLAR3 3.3.xlsx,K 43.01
PILLAR3,K_43.02,3.3,2023-12-31,,official,https://www.eba.europa.eu/risk-and-data-analysis/reporting/reporting-frameworks/reporting-framework-33,Pillar 3 hub pilot templates first reference date 12/2023,3.3_layouts.zip,Annotated Table Layout 330-P1-PILLAR3 3.3.xlsx,K 43.02
PILLAR3,K_44.00,3.3,2023-12-31,,official,https://www.eba.europa.eu/risk-and-data-analysis/reporting/reporting-frameworks/reporting-framework-33,Pillar 3 hub pilot templates first reference date 12/2023,3.3_layouts.zip,Annotated Table Layout 330-P1-PILLAR3 3.3.xlsx,K 44.00
PILLAR3,K_45.00.a,3.3,2023-12-31,,official,https://www.eba.europa.eu/risk-and-data-analysis/reporting/reporting-frameworks/reporting-framework-33,Pillar 3 hub pilot templates first reference date 12/2023,3.3_layouts.zip,Annotated Table Layout 330-P1-PILLAR3 3.3.xlsx,K 45.00.a
PILLAR3,K_45.00.b,3.3,2023-12-31,,official,https://www.eba.europa.eu/risk-and-data-analysis/reporting/reporting-frameworks/reporting-framework-33,Pillar 3 hub pilot templates first reference date 12/2023,3.3_layouts.zip,Annotated Table Layout 330-P1-PILLAR3 3.3.xlsx,K 45.00.b
PILLAR3,K_46.00.a,3.3,2023-12-31,,official,https://www.eba.europa.eu/risk-and-data-analysis/reporting/reporting-frameworks/reporting-framework-33,Pillar 3 hub pilot templates first reference date 12/2023,3.3_layouts.zip,Annotated Table Layout 330-P1-PILLAR3 3.3.xlsx,K 46.00.a
PILLAR3,K_46.00.b,3.3,2023-12-31,,official,https://www.eba.europa.eu/risk-and-data-analysis/reporting/reporting-frameworks/reporting-framework-33,Pillar 3 hub pilot templates first reference date 12/2023,3.3_layouts.zip,Annotated Table Layout 330-P1-PILLAR3 3.3.xlsx,K 46.00.b
PILLAR3,K_47.00.a,3.3,2023-12-31,,official,https://www.eba.europa.eu/risk-and-data-analysis/reporting/reporting-frameworks/reporting-framework-33,Pillar 3 hub pilot templates first reference date 12/2023,3.3_layouts.zip,Annotated Table Layout 330-P1-PILLAR3 3.3.xlsx,K 47.00.a
PILLAR3,K_47.00.b,3.3,2023-12-31,,official,https://www.eba.europa.eu/risk-and-data-analysis/reporting/reporting-frameworks/reporting-framework-33,Pillar 3 hub pilot templates first reference date 12/2023,3.3_layouts.zip,Annotated Table Layout 330-P1-PILLAR3 3.3.xlsx,K 47.00.b
PILLAR3,K_48.00.a,3.3,2023-12-31,,official,https://www.eba.europa.eu/risk-and-data-analysis/reporting/reporting-frameworks/reporting-framework-33,Pillar 3 hub pilot templates first reference date 12/2023,3.3_layouts.zip,Annotated Table Layout 330-P1-PILLAR3 3.3.xlsx,K 48.00.a
PILLAR3,K_48.00.b,3.3,2023-12-31,,official,https://www.eba.europa.eu/risk-and-data-analysis/reporting/reporting-frameworks/reporting-framework-33,Pillar 3 hub pilot templates first reference date 12/2023,3.3_layouts.zip,Annotated Table Layout 330-P1-PILLAR3 3.3.xlsx,K 48.00.b
PILLAR3,K_48.00.c,3.3,2023-12-31,,official,https://www.eba.europa.eu/risk-and-data-analysis/reporting/reporting-frameworks/reporting-framework-33,Pillar 3 hub pilot templates first reference date 12/2023,3.3_layouts.zip,Annotated Table Layout 330-P1-PILLAR3 3.3.xlsx,K 48.00.c
PILLAR3,K_48.00.d,3.3,2023-12-31,,official,https://www.eba.europa.eu/risk-and-data-analysis/reporting/reporting-frameworks/reporting-framework-33,Pillar 3 hub pilot templates first reference date 12/2023,3.3_layouts.zip,Annotated Table Layout 330-P1-PILLAR3 3.3.xlsx,K 48.00.d
PILLAR3,K_48.00.e,3.3,2023-12-31,,official,https://www.eba.europa.eu/risk-and-data-analysis/reporting/reporting-frameworks/reporting-framework-33,Pillar 3 hub pilot templates first reference date 12/2023,3.3_layouts.zip,Annotated Table Layout 330-P1-PILLAR3 3.3.xlsx,K 48.00.e
PILLAR3,K_49.01,3.3,2023-12-31,,official,https://www.eba.europa.eu/risk-and-data-analysis/reporting/reporting-frameworks/reporting-framework-33,Pillar 3 hub pilot templates first reference date 12/2023,3.3_layouts.zip,Annotated Table Layout 330-P1-PILLAR3 3.3.xlsx,K 49.01
PILLAR3,K_49.02.a,3.3,2023-12-31,,official,https://www.eba.europa.eu/risk-and-data-analysis/reporting/reporting-frameworks/reporting-framework-33,Pillar 3 hub pilot templates first reference date 12/2023,3.3_layouts.zip,Annotated Table Layout 330-P1-PILLAR3 3.3.xlsx,K 49.02.a
PILLAR3,K_49.02.b,3.3,2023-12-31,,official,https://www.eba.europa.eu/risk-and-data-analysis/reporting/reporting-frameworks/reporting-framework-33,Pillar 3 hub pilot templates first reference date 12/2023,3.3_layouts.zip,Annotated Table Layout 330-P1-PILLAR3 3.3.xlsx,K 49.02.b
PILLAR3,K_49.02.c,3.3,2023-12-31,,official,https://www.eba.europa.eu/risk-and-data-analysis/reporting/reporting-frameworks/reporting-framework-33,Pillar 3 hub pilot templates first reference date 12/2023,3.3_layouts.zip,Annotated Table Layout 330-P1-PILLAR3 3.3.xlsx,K 49.02.c
PILLAR3,K_49.02.d,3.3,2023-12-31,,official,https://www.eba.europa.eu/risk-and-data-analysis/reporting/reporting-frameworks/reporting-framework-33,Pillar 3 hub pilot templates first reference date 12/2023,3.3_layouts.zip,Annotated Table Layout 330-P1-PILLAR3 3.3.xlsx,K 49.02.d
PILLAR3,K_49.03.a,3.3,2023-12-31,,official,https://www.eba.europa.eu/risk-and-data-analysis/reporting/reporting-frameworks/reporting-framework-33,Pillar 3 hub pilot templates first reference date 12/2023,3.3_layouts.zip,Annotated Table Layout 330-P1-PILLAR3 3.3.xlsx,K 49.03.a
PILLAR3,K_49.03.b,3.3,2023-12-31,,official,https://www.eba.europa.eu/risk-and-data-analysis/reporting/reporting-frameworks/reporting-framework-33,Pillar 3 hub pilot templates first reference date 12/2023,3.3_layouts.zip,Annotated Table Layout 330-P1-PILLAR3 3.3.xlsx,K 49.03.b
PILLAR3,K_50.00,3.3,2023-12-31,,official,https://www.eba.europa.eu/risk-and-data-analysis/reporting/reporting-frameworks/reporting-framework-33,Pillar 3 hub pilot templates first reference date 12/2023,3.3_layouts.zip,Annotated Table Layout 330-P1-PILLAR3 3.3.xlsx,K 50.00
PILLAR3,K_60.00.a,3.3,2023-12-31,,official,https://www.eba.europa.eu/risk-and-data-analysis/reporting/reporting-frameworks/reporting-framework-33,Pillar 3 hub pilot templates first reference date 12/2023,3.3_layouts.zip,Annotated Table Layout 330-P1-PILLAR3 3.3.xlsx,K 60.00.a
PILLAR3,K_60.00.b,3.3,2023-12-31,,official,https://www.eba.europa.eu/risk-and-data-analysis/reporting/reporting-frameworks/reporting-framework-33,Pillar 3 hub pilot templates first reference date 12/2023,3.3_layouts.zip,Annotated Table Layout 330-P1-PILLAR3 3.3.xlsx,K 60.00.b
PILLAR3,K_60.00.c,3.3,2023-12-31,,official,https://www.eba.europa.eu/risk-and-data-analysis/reporting/reporting-frameworks/reporting-framework-33,Pillar 3 hub pilot templates first reference date 12/2023,3.3_layouts.zip,Annotated Table Layout 330-P1-PILLAR3 3.3.xlsx,K 60.00.c
PILLAR3,K_61.00,3.3,2023-12-31,,official,https://www.eba.europa.eu/risk-and-data-analysis/reporting/reporting-frameworks/reporting-framework-33,Pillar 3 hub pilot templates first reference date 12/2023,3.3_layouts.zip,Annotated Table Layout 330-P1-PILLAR3 3.3.xlsx,K 61.00
PSD_FRP,Y_01.01,4.2,2026-03-31,,official_except_explicit_overrides,https://www.eba.europa.eu/risk-and-data-analysis/reporting-frameworks/reporting-framework-42,All other modules use the completed DPM 2.0 glossary from 03/2026; DORA excluded,4.2_layouts.zip,260106 Annotated templates/PAY/20260106 Annotated Table Layout  PAY 4.2 PSD_FRPPAY 4.2.xlsx,Y_01.01(0060)
PSD_FRP,Y_01.02,4.2,2026-03-31,,official_except_explicit_overrides,https://www.eba.europa.eu/risk-and-data-analysis/reporting-frameworks/reporting-framework-42,All other modules use the completed DPM 2.0 glossary from 03/2026; DORA excluded,4.2_layouts.zip,260106 Annotated templates/PAY/20260106 Annotated Table Layout  PAY 4.2 PSD_FRPPAY 4.2.xlsx,Y_01.02
PSD_FRP,Y_02.01,4.2,2026-03-31,,official_except_explicit_overrides,https://www.eba.europa.eu/risk-and-data-analysis/reporting-frameworks/reporting-framework-42,All other modules use the completed DPM 2.0 glossary from 03/2026; DORA excluded,4.2_layouts.zip,260106 Annotated templates/PAY/20260106 Annotated Table Layout  PAY 4.2 PSD_FRPPAY 4.2.xlsx,Y_02.01(0060)
PSD_FRP,Y_02.02,4.2,2026-03-31,,official_except_explicit_overrides,https://www.eba.europa.eu/risk-and-data-analysis/reporting-frameworks/reporting-framework-42,All other modules use the completed DPM 2.0 glossary from 03/2026; DORA excluded,4.2_layouts.zip,260106 Annotated templates/PAY/20260106 Annotated Table Layout  PAY 4.2 PSD_FRPPAY 4.2.xlsx,Y_02.02
PSD_FRP,Y_03.01,4.2,2026-03-31,,official_except_explicit_overrides,https://www.eba.europa.eu/risk-and-data-analysis/reporting-frameworks/reporting-framework-42,All other modules use the completed DPM 2.0 glossary from 03/2026; DORA excluded,4.2_layouts.zip,260106 Annotated templates/PAY/20260106 Annotated Table Layout  PAY 4.2 PSD_FRPPAY 4.2.xlsx,Y_03.01(0060)
PSD_FRP,Y_03.02,4.2,2026-03-31,,official_except_explicit_overrides,https://www.eba.europa.eu/risk-and-data-analysis/reporting-frameworks/reporting-framework-42,All other modules use the completed DPM 2.0 glossary from 03/2026; DORA excluded,4.2_layouts.zip,260106 Annotated templates/PAY/20260106 Annotated Table Layout  PAY 4.2 PSD_FRPPAY 4.2.xlsx,Y_03.02
PSD_FRP,Y_04.01,4.2,2026-03-31,,official_except_explicit_overrides,https://www.eba.europa.eu/risk-and-data-analysis/reporting-frameworks/reporting-framework-42,All other modules use the completed DPM 2.0 glossary from 03/2026; DORA excluded,4.2_layouts.zip,260106 Annotated templates/PAY/20260106 Annotated Table Layout  PAY 4.2 PSD_FRPPAY 4.2.xlsx,Y_04.01(0060)
PSD_FRP,Y_04.02,4.2,2026-03-31,,official_except_explicit_overrides,https://www.eba.europa.eu/risk-and-data-analysis/reporting-frameworks/reporting-framework-42,All other modules use the completed DPM 2.0 glossary from 03/2026; DORA excluded,4.2_layouts.zip,260106 Annotated templates/PAY/20260106 Annotated Table Layout  PAY 4.2 PSD_FRPPAY 4.2.xlsx,Y_04.02
PSD_FRP,Y_05.01,4.2,2026-03-31,,official_except_explicit_overrides,https://www.eba.europa.eu/risk-and-data-analysis/reporting-frameworks/reporting-framework-42,All other modules use the completed DPM 2.0 glossary from 03/2026; DORA excluded,4.2_layouts.zip,260106 Annotated templates/PAY/20260106 Annotated Table Layout  PAY 4.2 PSD_FRPPAY 4.2.xlsx,Y_05.01(0060)
PSD_FRP,Y_05.02,4.2,2026-03-31,,official_except_explicit_overrides,https://www.eba.europa.eu/risk-and-data-analysis/reporting-frameworks/reporting-framework-42,All other modules use the completed DPM 2.0 glossary from 03/2026; DORA excluded,4.2_layouts.zip,260106 Annotated templates/PAY/20260106 Annotated Table Layout  PAY 4.2 PSD_FRPPAY 4.2.xlsx,Y_05.02
PSD_FRP,Y_06.01,4.2,2026-03-31,,official_except_explicit_overrides,https://www.eba.europa.eu/risk-and-data-analysis/reporting-frameworks/reporting-framework-42,All other modules use the completed DPM 2.0 glossary from 03/2026; DORA excluded,4.2_layouts.zip,260106 Annotated templates/PAY/20260106 Annotated Table Layout  PAY 4.2 PSD_FRPPAY 4.2.xlsx,Y_06.01(0060)
PSD_FRP,Y_06.02,4.2,2026-03-31,,official_except_explicit_overrides,https://www.eba.europa.eu/risk-and-data-analysis/reporting-frameworks/reporting-framework-42,All other modules use the completed DPM 2.0 glossary from 03/2026; DORA excluded,4.2_layouts.zip,260106 Annotated templates/PAY/20260106 Annotated Table Layout  PAY 4.2 PSD_FRPPAY 4.2.xlsx,Y_06.02
PSD_FRP,Y_07.01,4.2,2026-03-31,,official_except_explicit_overrides,https://www.eba.europa.eu/risk-and-data-analysis/reporting-frameworks/reporting-framework-42,All other modules use the completed DPM 2.0 glossary from 03/2026; DORA excluded,4.2_layouts.zip,260106 Annotated templates/PAY/20260106 Annotated Table Layout  PAY 4.2 PSD_FRPPAY 4.2.xlsx,Y_07.01(0060)
PSD_FRP,Y_08.01,4.2,2026-03-31,,official_except_explicit_overrides,https://www.eba.europa.eu/risk-and-data-analysis/reporting-frameworks/reporting-framework-42,All other modules use the completed DPM 2.0 glossary from 03/2026; DORA excluded,4.2_layouts.zip,260106 Annotated templates/PAY/20260106 Annotated Table Layout  PAY 4.2 PSD_FRPPAY 4.2.xlsx,Y_08.01(0060)
REM,R_01.00,2.10,2020-12-31,2021-06-30,official,https://www.eba.europa.eu/risk-and-data-analysis/reporting/reporting-frameworks/reporting-framework-210,Remuneration benchmarking technical package in 2.10 applies from 12/2020,2.10_layouts.zip,Annotated Table Layout 2100-P1-REM 2.10.xlsx,R 01.00
REM,R_01.00,3.0.1,2021-06-30,2022-12-31,official,https://www.eba.europa.eu/risk-and-data-analysis/reporting/reporting-frameworks/reporting-framework-30,Remuneration reporting technical package,3.0.1_layouts.zip,Annotated Table Layout 301-P2-REM 3.0.1.xlsx,R 01.00
REM,R_01.00,3.2,2022-12-31,,official_with_module_split,https://www.eba.europa.eu/risk-and-data-analysis/reporting/reporting-frameworks/reporting-framework-32,12/2022 for most remuneration guidance; pay-gap changes start 12/2023,3.2_layouts.zip,Annotated Table Layout 322-P3-REM 3.2.2.xlsx,R 01.00
REM,R_01.01,3.2,2022-12-31,,official_with_module_split,https://www.eba.europa.eu/risk-and-data-analysis/reporting/reporting-frameworks/reporting-framework-32,12/2022 for most remuneration guidance; pay-gap changes start 12/2023,3.2_layouts.zip,Annotated Table Layout 322-P3-REM 3.2.2.xlsx,R 01.01
REM,R_02.00,3.2,2022-12-31,,official_with_module_split,https://www.eba.europa.eu/risk-and-data-analysis/reporting/reporting-frameworks/reporting-framework-32,12/2022 for most remuneration guidance; pay-gap changes start 12/2023,3.2_layouts.zip,Annotated Table Layout 322-P3-REM 3.2.2.xlsx,R 02.00
REM,R_02.00.a,2.10,2020-12-31,2021-06-30,official,https://www.eba.europa.eu/risk-and-data-analysis/reporting/reporting-frameworks/reporting-framework-210,Remuneration benchmarking technical package in 2.10 applies from 12/2020,2.10_layouts.zip,Annotated Table Layout 2100-P1-REM 2.10.xlsx,R 02.00.a
REM,R_02.00.a,3.0.1,2021-06-30,,official,https://www.eba.europa.eu/risk-and-data-analysis/reporting/reporting-frameworks/reporting-framework-30,Remuneration reporting technical package,3.0.1_layouts.zip,Annotated Table Layout 301-P2-REM 3.0.1.xlsx,R 02.00.a
REM,R_02.00.b,2.10,2020-12-31,2021-06-30,official,https://www.eba.europa.eu/risk-and-data-analysis/reporting/reporting-frameworks/reporting-framework-210,Remuneration benchmarking technical package in 2.10 applies from 12/2020,2.10_layouts.zip,Annotated Table Layout 2100-P1-REM 2.10.xlsx,R 02.00.b
REM,R_02.00.b,3.0.1,2021-06-30,,official,https://www.eba.europa.eu/risk-and-data-analysis/reporting/reporting-frameworks/reporting-framework-30,Remuneration reporting technical package,3.0.1_layouts.zip,Annotated Table Layout 301-P2-REM 3.0.1.xlsx,R 02.00.b
REM,R_02.01,3.2,2022-12-31,,official_with_module_split,https://www.eba.europa.eu/risk-and-data-analysis/reporting/reporting-frameworks/reporting-framework-32,12/2022 for most remuneration guidance; pay-gap changes start 12/2023,3.2_layouts.zip,Annotated Table Layout 322-P3-REM 3.2.2.xlsx,R 02.01
REM,R_02.02,3.2,2022-12-31,,official_with_module_split,https://www.eba.europa.eu/risk-and-data-analysis/reporting/reporting-frameworks/reporting-framework-32,12/2022 for most remuneration guidance; pay-gap changes start 12/2023,3.2_layouts.zip,Annotated Table Layout 322-P3-REM 3.2.2.xlsx,R 02.02
REM,R_03.00,2.10,2020-12-31,2021-06-30,official,https://www.eba.europa.eu/risk-and-data-analysis/reporting/reporting-frameworks/reporting-framework-210,Remuneration benchmarking technical package in 2.10 applies from 12/2020,2.10_layouts.zip,Annotated Table Layout 2100-P1-REM 2.10.xlsx,R 03.00
REM,R_03.00,3.0.1,2021-06-30,2022-12-31,official,https://www.eba.europa.eu/risk-and-data-analysis/reporting/reporting-frameworks/reporting-framework-30,Remuneration reporting technical package,3.0.1_layouts.zip,Annotated Table Layout 301-P2-REM 3.0.1.xlsx,R 03.00
REM,R_03.00,3.2,2022-12-31,,official_with_module_split,https://www.eba.europa.eu/risk-and-data-analysis/reporting/reporting-frameworks/reporting-framework-32,12/2022 for most remuneration guidance; pay-gap changes start 12/2023,3.2_layouts.zip,Annotated Table Layout 322-P3-REM 3.2.2.xlsx,R 03.00
REM,R_04.00.a,2.10,2020-12-31,2021-06-30,official,https://www.eba.europa.eu/risk-and-data-analysis/reporting/reporting-frameworks/reporting-framework-210,Remuneration benchmarking technical package in 2.10 applies from 12/2020,2.10_layouts.zip,Annotated Table Layout 2100-P1-REM 2.10.xlsx,R 04.00.a
REM,R_04.00.a,3.0.1,2021-06-30,2022-12-31,official,https://www.eba.europa.eu/risk-and-data-analysis/reporting/reporting-frameworks/reporting-framework-30,Remuneration reporting technical package,3.0.1_layouts.zip,Annotated Table Layout 301-P2-REM 3.0.1.xlsx,R 04.00.a
REM,R_04.00.a,3.2,2022-12-31,,official_with_module_split,https://www.eba.europa.eu/risk-and-data-analysis/reporting/reporting-frameworks/reporting-framework-32,12/2022 for most remuneration guidance; pay-gap changes start 12/2023,3.2_layouts.zip,Annotated Table Layout 322-P3-REM 3.2.2.xlsx,R 04.00.a
REM,R_04.00.b,2.10,2020-12-31,2021-06-30,official,https://www.eba.europa.eu/risk-and-data-analysis/reporting/reporting-frameworks/reporting-framework-210,Remuneration benchmarking technical package in 2.10 applies from 12/2020,2.10_layouts.zip,Annotated Table Layout 2100-P1-REM 2.10.xlsx,R 04.00.b
REM,R_04.00.b,3.0.1,2021-06-30,2022-12-31,official,https://www.eba.europa.eu/risk-and-data-analysis/reporting/reporting-frameworks/reporting-framework-30,Remuneration reporting technical package,3.0.1_layouts.zip,Annotated Table Layout 301-P2-REM 3.0.1.xlsx,R 04.00.b
REM,R_04.00.b,3.2,2022-12-31,,official_with_module_split,https://www.eba.europa.eu/risk-and-data-analysis/reporting/reporting-frameworks/reporting-framework-32,12/2022 for most remuneration guidance; pay-gap changes start 12/2023,3.2_layouts.zip,Annotated Table Layout 322-P3-REM 3.2.2.xlsx,R 04.00.b
REM,R_04.00.c,2.10,2020-12-31,2021-06-30,official,https://www.eba.europa.eu/risk-and-data-analysis/reporting/reporting-frameworks/reporting-framework-210,Remuneration benchmarking technical package in 2.10 applies from 12/2020,2.10_layouts.zip,Annotated Table Layout 2100-P1-REM 2.10.xlsx,R 04.00.c
REM,R_04.00.c,3.0.1,2021-06-30,2022-12-31,official,https://www.eba.europa.eu/risk-and-data-analysis/reporting/reporting-frameworks/reporting-framework-30,Remuneration reporting technical package,3.0.1_layouts.zip,Annotated Table Layout 301-P2-REM 3.0.1.xlsx,R 04.00.c
REM,R_04.00.c,3.2,2022-12-31,,official_with_module_split,https://www.eba.europa.eu/risk-and-data-analysis/reporting/reporting-frameworks/reporting-framework-32,12/2022 for most remuneration guidance; pay-gap changes start 12/2023,3.2_layouts.zip,Annotated Table Layout 322-P3-REM 3.2.2.xlsx,R 04.00.c
REM,R_04.01.a,3.2,2022-12-31,,official_with_module_split,https://www.eba.europa.eu/risk-and-data-analysis/reporting/reporting-frameworks/reporting-framework-32,12/2022 for most remuneration guidance; pay-gap changes start 12/2023,3.2_layouts.zip,Annotated Table Layout 322-P3-REM 3.2.2.xlsx,R 04.01.a
REM,R_04.01.b,3.2,2022-12-31,,official_with_module_split,https://www.eba.europa.eu/risk-and-data-analysis/reporting/reporting-frameworks/reporting-framework-32,12/2022 for most remuneration guidance; pay-gap changes start 12/2023,3.2_layouts.zip,Annotated Table Layout 322-P3-REM 3.2.2.xlsx,R 04.01.b
REM,R_04.01.c,3.2,2022-12-31,,official_with_module_split,https://www.eba.europa.eu/risk-and-data-analysis/reporting/reporting-frameworks/reporting-framework-32,12/2022 for most remuneration guidance; pay-gap changes start 12/2023,3.2_layouts.zip,Annotated Table Layout 322-P3-REM 3.2.2.xlsx,R 04.01.c
REM,R_05.00,3.2,2022-12-31,,official_with_module_split,https://www.eba.europa.eu/risk-and-data-analysis/reporting/reporting-frameworks/reporting-framework-32,12/2022 for most remuneration guidance; pay-gap changes start 12/2023,3.2_layouts.zip,Annotated Table Layout 322-P3-REM 3.2.2.xlsx,R 05.00
REM,R_05.01,3.2,2022-12-31,,official_with_module_split,https://www.eba.europa.eu/risk-and-data-analysis/reporting/reporting-frameworks/reporting-framework-32,12/2022 for most remuneration guidance; pay-gap changes start 12/2023,3.2_layouts.zip,Annotated Table Layout 322-P3-REM 3.2.2.xlsx,R 05.01
REM,R_06.00.a,3.2,2022-12-31,,official_with_module_split,https://www.eba.europa.eu/risk-and-data-analysis/reporting/reporting-frameworks/reporting-framework-32,12/2022 for most remuneration guidance; pay-gap changes start 12/2023,3.2_layouts.zip,Annotated Table Layout 322-P3-REM 3.2.2.xlsx,R 06.00.a
REM,R_06.00.b,3.2,2022-12-31,,official_with_module_split,https://www.eba.europa.eu/risk-and-data-analysis/reporting/reporting-frameworks/reporting-framework-32,12/2022 for most remuneration guidance; pay-gap changes start 12/2023,3.2_layouts.zip,Annotated Table Layout 322-P3-REM 3.2.2.xlsx,R 06.00.b
REM,R_06.01.a,3.2,2022-12-31,,official_with_module_split,https://www.eba.europa.eu/risk-and-data-analysis/reporting/reporting-frameworks/reporting-framework-32,12/2022 for most remuneration guidance; pay-gap changes start 12/2023,3.2_layouts.zip,Annotated Table Layout 322-P3-REM 3.2.2.xlsx,R 06.01.a
REM,R_06.01.b,3.2,2022-12-31,,official_with_module_split,https://www.eba.europa.eu/risk-and-data-analysis/reporting/reporting-frameworks/reporting-framework-32,12/2022 for most remuneration guidance; pay-gap changes start 12/2023,3.2_layouts.zip,Annotated Table Layout 322-P3-REM 3.2.2.xlsx,R 06.01.b
REM,R_07.00,3.2,2022-12-31,2026-03-31,official_with_module_split,https://www.eba.europa.eu/risk-and-data-analysis/reporting/reporting-frameworks/reporting-framework-32,12/2022 for most remuneration guidance; pay-gap changes start 12/2023,3.2_layouts.zip,Annotated Table Layout 322-P3-REM 3.2.2.xlsx,R 07.00
REM,R_07.00,4.2,2026-03-31,,official_except_explicit_overrides,https://www.eba.europa.eu/risk-and-data-analysis/reporting-frameworks/reporting-framework-42,All other modules use the completed DPM 2.0 glossary from 03/2026; DORA excluded,4.2_layouts.zip,260106 Annotated templates/REM/20260106 Annotated Table Layout  REM 4.2 REM_HR_InstitutionREM 4.2.xlsx,R_07.00
REM,R_08.00,3.2,2022-12-31,2026-03-31,official_with_module_split,https://www.eba.europa.eu/risk-and-data-analysis/reporting/reporting-frameworks/reporting-framework-32,12/2022 for most remuneration guidance; pay-gap changes start 12/2023,3.2_layouts.zip,Annotated Table Layout 322-P3-REM 3.2.2.xlsx,R 08.00
REM,R_08.00,4.2,2026-03-31,,official_except_explicit_overrides,https://www.eba.europa.eu/risk-and-data-analysis/reporting-frameworks/reporting-framework-42,All other modules use the completed DPM 2.0 glossary from 03/2026; DORA excluded,4.2_layouts.zip,260106 Annotated templates/REM/20260106 Annotated Table Layout  REM 4.2 REM_HR_CountryREM 4.2.xlsx,R_08.00
REM,R_09.00,3.2,2022-12-31,,official_with_module_split,https://www.eba.europa.eu/risk-and-data-analysis/reporting/reporting-frameworks/reporting-framework-32,12/2022 for most remuneration guidance; pay-gap changes start 12/2023,3.2_layouts.zip,Annotated Table Layout 322-P3-REM 3.2.2.xlsx,R 09.00
REM,R_10.00,3.2,2022-12-31,,official_with_module_split,https://www.eba.europa.eu/risk-and-data-analysis/reporting/reporting-frameworks/reporting-framework-32,12/2022 for most remuneration guidance; pay-gap changes start 12/2023,3.2_layouts.zip,Annotated Table Layout 322-P3-REM 3.2.2.xlsx,R 10.00
REM,R_11.00,3.2,2022-12-31,,official_with_module_split,https://www.eba.europa.eu/risk-and-data-analysis/reporting/reporting-frameworks/reporting-framework-32,12/2022 for most remuneration guidance; pay-gap changes start 12/2023,3.2_layouts.zip,Annotated Table Layout 322-P3-REM 3.2.2.xlsx,R 11.00
REM,R_12.00.a,3.2,2022-12-31,,official_with_module_split,https://www.eba.europa.eu/risk-and-data-analysis/reporting/reporting-frameworks/reporting-framework-32,12/2022 for most remuneration guidance; pay-gap changes start 12/2023,3.2_layouts.zip,Annotated Table Layout 322-P3-REM 3.2.2.xlsx,R 12.00.a
REM,R_12.00.b,3.2,2022-12-31,,official_with_module_split,https://www.eba.europa.eu/risk-and-data-analysis/reporting/reporting-frameworks/reporting-framework-32,12/2022 for most remuneration guidance; pay-gap changes start 12/2023,3.2_layouts.zip,Annotated Table Layout 322-P3-REM 3.2.2.xlsx,R 12.00.b
REM,R_13.00.a,3.5,2024-12-31,,official,https://www.eba.europa.eu/risk-and-data-analysis/reporting/reporting-frameworks/reporting-framework-35,Diversity benchmarking guidance first reference date 12/2024,3.5_layouts.zip,Annotated Table Layout 3.5-REM 3.5.xlsx,R 13.00.a
REM,R_13.00.b,3.5,2024-12-31,,official,https://www.eba.europa.eu/risk-and-data-analysis/reporting/reporting-frameworks/reporting-framework-35,Diversity benchmarking guidance first reference date 12/2024,3.5_layouts.zip,Annotated Table Layout 3.5-REM 3.5.xlsx,R 13.00.b
REM,R_14.00,3.5,2024-12-31,,official,https://www.eba.europa.eu/risk-and-data-analysis/reporting/reporting-frameworks/reporting-framework-35,Diversity benchmarking guidance first reference date 12/2024,3.5_layouts.zip,Annotated Table Layout 3.5-REM 3.5.xlsx,R 14.00
REM,R_15.00,3.5,2024-12-31,,official,https://www.eba.europa.eu/risk-and-data-analysis/reporting/reporting-frameworks/reporting-framework-35,Diversity benchmarking guidance first reference date 12/2024,3.5_layouts.zip,Annotated Table Layout 3.5-REM 3.5.xlsx,R 15.00
REM,R_16.00,3.5,2024-12-31,,official,https://www.eba.europa.eu/risk-and-data-analysis/reporting/reporting-frameworks/reporting-framework-35,Diversity benchmarking guidance first reference date 12/2024,3.5_layouts.zip,Annotated Table Layout 3.5-REM 3.5.xlsx,R 16.00
REM,R_17.00,3.5,2024-12-31,,official,https://www.eba.europa.eu/risk-and-data-analysis/reporting/reporting-frameworks/reporting-framework-35,Diversity benchmarking guidance first reference date 12/2024,3.5_layouts.zip,Annotated Table Layout 3.5-REM 3.5.xlsx,R 17.00
REM,R_18.00,3.5,2024-12-31,,official,https://www.eba.europa.eu/risk-and-data-analysis/reporting/reporting-frameworks/reporting-framework-35,Diversity benchmarking guidance first reference date 12/2024,3.5_layouts.zip,Annotated Table Layout 3.5-REM 3.5.xlsx,R 18.00
REM,R_19.00,3.5,2024-12-31,,official,https://www.eba.europa.eu/risk-and-data-analysis/reporting/reporting-frameworks/reporting-framework-35,Diversity benchmarking guidance first reference date 12/2024,3.5_layouts.zip,Annotated Table Layout 3.5-REM 3.5.xlsx,R 19.00
REM,R_20.00,3.5,2024-12-31,,official,https://www.eba.europa.eu/risk-and-data-analysis/reporting/reporting-frameworks/reporting-framework-35,Diversity benchmarking guidance first reference date 12/2024,3.5_layouts.zip,Annotated Table Layout 3.5-REM 3.5.xlsx,R 20.00
REM,R_21.00,3.5,2024-12-31,,official,https://www.eba.europa.eu/risk-and-data-analysis/reporting/reporting-frameworks/reporting-framework-35,Diversity benchmarking guidance first reference date 12/2024,3.5_layouts.zip,Annotated Table Layout 3.5-REM 3.5.xlsx,R 21.00
REM,R_22.01,3.5,2024-12-31,,official,https://www.eba.europa.eu/risk-and-data-analysis/reporting/reporting-frameworks/reporting-framework-35,Diversity benchmarking guidance first reference date 12/2024,3.5_layouts.zip,Annotated Table Layout 3.5-REM 3.5.xlsx,R 22.01
REM,R_22.02,3.5,2024-12-31,,official,https://www.eba.europa.eu/risk-and-data-analysis/reporting/reporting-frameworks/reporting-framework-35,Diversity benchmarking guidance first reference date 12/2024,3.5_layouts.zip,Annotated Table Layout 3.5-REM 3.5.xlsx,R 22.02
REM,R_22.03,3.5,2024-12-31,,official,https://www.eba.europa.eu/risk-and-data-analysis/reporting/reporting-frameworks/reporting-framework-35,Diversity benchmarking guidance first reference date 12/2024,3.5_layouts.zip,Annotated Table Layout 3.5-REM 3.5.xlsx,R 22.03
REM,R_23.00,3.5,2024-12-31,,official,https://www.eba.europa.eu/risk-and-data-analysis/reporting/reporting-frameworks/reporting-framework-35,Diversity benchmarking guidance first reference date 12/2024,3.5_layouts.zip,Annotated Table Layout 3.5-REM 3.5.xlsx,R 23.00
REMDIS,K_30.01,4.1,2025-06-30,2026-03-31,official,https://www.eba.europa.eu/risk-and-data-analysis/reporting-frameworks/reporting-framework-41,Pillar 3 remuneration disclosure templates in the 4.1 package,4.1_layouts.zip,20250519 Annotated Table Layout  REMDISPILLAR3 4.1.xlsx,K_30.01
REMDIS,K_30.01,4.2,2026-03-31,,official_except_explicit_overrides,https://www.eba.europa.eu/risk-and-data-analysis/reporting-frameworks/reporting-framework-42,All other modules use the completed DPM 2.0 glossary from 03/2026; DORA excluded,4.2_layouts.zip,260106 Annotated templates/PILLAR3/20260106 Annotated Table Layout  PILLAR3 4.2 REMDISPILLAR3 4.2.xlsx,K_30.01
REMDIS,K_30.02,4.1,2025-06-30,2026-03-31,official,https://www.eba.europa.eu/risk-and-data-analysis/reporting-frameworks/reporting-framework-41,Pillar 3 remuneration disclosure templates in the 4.1 package,4.1_layouts.zip,20250519 Annotated Table Layout  REMDISPILLAR3 4.1.xlsx,K_30.02
REMDIS,K_30.02,4.2,2026-03-31,,official_except_explicit_overrides,https://www.eba.europa.eu/risk-and-data-analysis/reporting-frameworks/reporting-framework-42,All other modules use the completed DPM 2.0 glossary from 03/2026; DORA excluded,4.2_layouts.zip,260106 Annotated templates/PILLAR3/20260106 Annotated Table Layout  PILLAR3 4.2 REMDISPILLAR3 4.2.xlsx,K_30.02
REMDIS,K_30.03,4.1,2025-06-30,2026-03-31,official,https://www.eba.europa.eu/risk-and-data-analysis/reporting-frameworks/reporting-framework-41,Pillar 3 remuneration disclosure templates in the 4.1 package,4.1_layouts.zip,20250519 Annotated Table Layout  REMDISPILLAR3 4.1.xlsx,K_30.03
REMDIS,K_30.03,4.2,2026-03-31,,official_except_explicit_overrides,https://www.eba.europa.eu/risk-and-data-analysis/reporting-frameworks/reporting-framework-42,All other modules use the completed DPM 2.0 glossary from 03/2026; DORA excluded,4.2_layouts.zip,260106 Annotated templates/PILLAR3/20260106 Annotated Table Layout  PILLAR3 4.2 REMDISPILLAR3 4.2.xlsx,K_30.03
REMDIS,K_30.04,4.1,2025-06-30,2026-03-31,official,https://www.eba.europa.eu/risk-and-data-analysis/reporting-frameworks/reporting-framework-41,Pillar 3 remuneration disclosure templates in the 4.1 package,4.1_layouts.zip,20250519 Annotated Table Layout  REMDISPILLAR3 4.1.xlsx,K_30.04
REMDIS,K_30.04,4.2,2026-03-31,,official_except_explicit_overrides,https://www.eba.europa.eu/risk-and-data-analysis/reporting-frameworks/reporting-framework-42,All other modules use the completed DPM 2.0 glossary from 03/2026; DORA excluded,4.2_layouts.zip,260106 Annotated templates/PILLAR3/20260106 Annotated Table Layout  PILLAR3 4.2 REMDISPILLAR3 4.2.xlsx,K_30.04
REMDIS,K_30.05.a,4.1,2025-06-30,2026-03-31,official,https://www.eba.europa.eu/risk-and-data-analysis/reporting-frameworks/reporting-framework-41,Pillar 3 remuneration disclosure templates in the 4.1 package,4.1_layouts.zip,20250519 Annotated Table Layout  REMDISPILLAR3 4.1.xlsx,K_30.05.a
REMDIS,K_30.05.a,4.2,2026-03-31,,official_except_explicit_overrides,https://www.eba.europa.eu/risk-and-data-analysis/reporting-frameworks/reporting-framework-42,All other modules use the completed DPM 2.0 glossary from 03/2026; DORA excluded,4.2_layouts.zip,260106 Annotated templates/PILLAR3/20260106 Annotated Table Layout  PILLAR3 4.2 REMDISPILLAR3 4.2.xlsx,K_30.05.a
REMDIS,K_30.05.b,4.1,2025-06-30,2026-03-31,official,https://www.eba.europa.eu/risk-and-data-analysis/reporting-frameworks/reporting-framework-41,Pillar 3 remuneration disclosure templates in the 4.1 package,4.1_layouts.zip,20250519 Annotated Table Layout  REMDISPILLAR3 4.1.xlsx,K_30.05.b
REMDIS,K_30.05.b,4.2,2026-03-31,,official_except_explicit_overrides,https://www.eba.europa.eu/risk-and-data-analysis/reporting-frameworks/reporting-framework-42,All other modules use the completed DPM 2.0 glossary from 03/2026; DORA excluded,4.2_layouts.zip,260106 Annotated templates/PILLAR3/20260106 Annotated Table Layout  PILLAR3 4.2 REMDISPILLAR3 4.2.xlsx,K_30.05.b
REM_BM_CI,R_01.00,4.2,2026-03-31,,official_except_explicit_overrides,https://www.eba.europa.eu/risk-and-data-analysis/reporting-frameworks/reporting-framework-42,All other modules use the completed DPM 2.0 glossary from 03/2026; DORA excluded,4.2_layouts.zip,260106 Annotated templates/REM/20260106 Annotated Table Layout  REM 4.2 REM_BM_CIREM 4.2.xlsx,R_01.00
REM_BM_CI,R_02.00,4.2,2026-03-31,,official_except_explicit_overrides,https://www.eba.europa.eu/risk-and-data-analysis/reporting-frameworks/reporting-framework-42,All other modules use the completed DPM 2.0 glossary from 03/2026; DORA excluded,4.2_layouts.zip,260106 Annotated templates/REM/20260106 Annotated Table Layout  REM 4.2 REM_BM_CIREM 4.2.xlsx,R_02.00
REM_BM_CI,R_03.00,4.2,2026-03-31,,official_except_explicit_overrides,https://www.eba.europa.eu/risk-and-data-analysis/reporting-frameworks/reporting-framework-42,All other modules use the completed DPM 2.0 glossary from 03/2026; DORA excluded,4.2_layouts.zip,260106 Annotated templates/REM/20260106 Annotated Table Layout  REM 4.2 REM_BM_CIREM 4.2.xlsx,R_03.00
REM_BM_CI,R_05.00,4.2,2026-03-31,,official_except_explicit_overrides,https://www.eba.europa.eu/risk-and-data-analysis/reporting-frameworks/reporting-framework-42,All other modules use the completed DPM 2.0 glossary from 03/2026; DORA excluded,4.2_layouts.zip,260106 Annotated templates/REM/20260106 Annotated Table Layout  REM 4.2 REM_BM_CIREM 4.2.xlsx,R_05.00
REM_BM_CI,R_09.00,4.2,2026-03-31,,official_except_explicit_overrides,https://www.eba.europa.eu/risk-and-data-analysis/reporting-frameworks/reporting-framework-42,All other modules use the completed DPM 2.0 glossary from 03/2026; DORA excluded,4.2_layouts.zip,260106 Annotated templates/REM/20260106 Annotated Table Layout  REM 4.2 REM_BM_CIREM 4.2.xlsx,R_09.00
REM_BM_CI,R_10.00,4.2,2026-03-31,,official_except_explicit_overrides,https://www.eba.europa.eu/risk-and-data-analysis/reporting-frameworks/reporting-framework-42,All other modules use the completed DPM 2.0 glossary from 03/2026; DORA excluded,4.2_layouts.zip,260106 Annotated templates/REM/20260106 Annotated Table Layout  REM 4.2 REM_BM_CIREM 4.2.xlsx,R_10.00
REM_BM_CI,R_11.00,4.2,2026-03-31,,official_except_explicit_overrides,https://www.eba.europa.eu/risk-and-data-analysis/reporting-frameworks/reporting-framework-42,All other modules use the completed DPM 2.0 glossary from 03/2026; DORA excluded,4.2_layouts.zip,260106 Annotated templates/REM/20260106 Annotated Table Layout  REM 4.2 REM_BM_CIREM 4.2.xlsx,R_11.00
REM_BM_CI,R_12.00.a,4.2,2026-03-31,,official_except_explicit_overrides,https://www.eba.europa.eu/risk-and-data-analysis/reporting-frameworks/reporting-framework-42,All other modules use the completed DPM 2.0 glossary from 03/2026; DORA excluded,4.2_layouts.zip,260106 Annotated templates/REM/20260106 Annotated Table Layout  REM 4.2 REM_BM_CIREM 4.2.xlsx,R_12.00.a
REM_BM_CI,R_12.00.b,4.2,2026-03-31,,official_except_explicit_overrides,https://www.eba.europa.eu/risk-and-data-analysis/reporting-frameworks/reporting-framework-42,All other modules use the completed DPM 2.0 glossary from 03/2026; DORA excluded,4.2_layouts.zip,260106 Annotated templates/REM/20260106 Annotated Table Layout  REM 4.2 REM_BM_CIREM 4.2.xlsx,R_12.00.b
REM_BM_IF,R_01.01,4.2,2026-03-31,,official_except_explicit_overrides,https://www.eba.europa.eu/risk-and-data-analysis/reporting-frameworks/reporting-framework-42,All other modules use the completed DPM 2.0 glossary from 03/2026; DORA excluded,4.2_layouts.zip,260106 Annotated templates/REM/20260106 Annotated Table Layout  REM 4.2 REM_BM_IFREM 4.2.xlsx,R_01.01
REM_BM_IF,R_02.01,4.2,2026-03-31,,official_except_explicit_overrides,https://www.eba.europa.eu/risk-and-data-analysis/reporting-frameworks/reporting-framework-42,All other modules use the completed DPM 2.0 glossary from 03/2026; DORA excluded,4.2_layouts.zip,260106 Annotated templates/REM/20260106 Annotated Table Layout  REM 4.2 REM_BM_IFREM 4.2.xlsx,R_02.01
REM_BM_IF,R_02.02,4.2,2026-03-31,,official_except_explicit_overrides,https://www.eba.europa.eu/risk-and-data-analysis/reporting-frameworks/reporting-framework-42,All other modules use the completed DPM 2.0 glossary from 03/2026; DORA excluded,4.2_layouts.zip,260106 Annotated templates/REM/20260106 Annotated Table Layout  REM 4.2 REM_BM_IFREM 4.2.xlsx,R_02.02
REM_BM_IF,R_05.01,4.2,2026-03-31,,official_except_explicit_overrides,https://www.eba.europa.eu/risk-and-data-analysis/reporting-frameworks/reporting-framework-42,All other modules use the completed DPM 2.0 glossary from 03/2026; DORA excluded,4.2_layouts.zip,260106 Annotated templates/REM/20260106 Annotated Table Layout  REM 4.2 REM_BM_IFREM 4.2.xlsx,R_05.01
REM_DBM,R_13.00.a,4.2,2026-03-31,,official_except_explicit_overrides,https://www.eba.europa.eu/risk-and-data-analysis/reporting-frameworks/reporting-framework-42,All other modules use the completed DPM 2.0 glossary from 03/2026; DORA excluded,4.2_layouts.zip,260106 Annotated templates/REM/20260106 Annotated Table Layout  REM 4.2 REM_DBMREM 4.2.xlsx,R_13.00.a
REM_DBM,R_13.00.b,4.2,2026-03-31,,official_except_explicit_overrides,https://www.eba.europa.eu/risk-and-data-analysis/reporting-frameworks/reporting-framework-42,All other modules use the completed DPM 2.0 glossary from 03/2026; DORA excluded,4.2_layouts.zip,260106 Annotated templates/REM/20260106 Annotated Table Layout  REM 4.2 REM_DBMREM 4.2.xlsx,R_13.00.b
REM_DBM,R_14.00,4.2,2026-03-31,,official_except_explicit_overrides,https://www.eba.europa.eu/risk-and-data-analysis/reporting-frameworks/reporting-framework-42,All other modules use the completed DPM 2.0 glossary from 03/2026; DORA excluded,4.2_layouts.zip,260106 Annotated templates/REM/20260106 Annotated Table Layout  REM 4.2 REM_DBMREM 4.2.xlsx,R_14.00
REM_DBM,R_15.00,4.2,2026-03-31,,official_except_explicit_overrides,https://www.eba.europa.eu/risk-and-data-analysis/reporting-frameworks/reporting-framework-42,All other modules use the completed DPM 2.0 glossary from 03/2026; DORA excluded,4.2_layouts.zip,260106 Annotated templates/REM/20260106 Annotated Table Layout  REM 4.2 REM_DBMREM 4.2.xlsx,R_15.00
REM_DBM,R_16.00,4.2,2026-03-31,,official_except_explicit_overrides,https://www.eba.europa.eu/risk-and-data-analysis/reporting-frameworks/reporting-framework-42,All other modules use the completed DPM 2.0 glossary from 03/2026; DORA excluded,4.2_layouts.zip,260106 Annotated templates/REM/20260106 Annotated Table Layout  REM 4.2 REM_DBMREM 4.2.xlsx,R_16.00
REM_DBM,R_17.00,4.2,2026-03-31,,official_except_explicit_overrides,https://www.eba.europa.eu/risk-and-data-analysis/reporting-frameworks/reporting-framework-42,All other modules use the completed DPM 2.0 glossary from 03/2026; DORA excluded,4.2_layouts.zip,260106 Annotated templates/REM/20260106 Annotated Table Layout  REM 4.2 REM_DBMREM 4.2.xlsx,R_17.00
REM_DBM,R_18.00,4.2,2026-03-31,,official_except_explicit_overrides,https://www.eba.europa.eu/risk-and-data-analysis/reporting-frameworks/reporting-framework-42,All other modules use the completed DPM 2.0 glossary from 03/2026; DORA excluded,4.2_layouts.zip,260106 Annotated templates/REM/20260106 Annotated Table Layout  REM 4.2 REM_DBMREM 4.2.xlsx,R_18.00
REM_DBM,R_19.00,4.2,2026-03-31,,official_except_explicit_overrides,https://www.eba.europa.eu/risk-and-data-analysis/reporting-frameworks/reporting-framework-42,All other modules use the completed DPM 2.0 glossary from 03/2026; DORA excluded,4.2_layouts.zip,260106 Annotated templates/REM/20260106 Annotated Table Layout  REM 4.2 REM_DBMREM 4.2.xlsx,R_19.00
REM_DBM,R_20.00,4.2,2026-03-31,,official_except_explicit_overrides,https://www.eba.europa.eu/risk-and-data-analysis/reporting-frameworks/reporting-framework-42,All other modules use the completed DPM 2.0 glossary from 03/2026; DORA excluded,4.2_layouts.zip,260106 Annotated templates/REM/20260106 Annotated Table Layout  REM 4.2 REM_DBMREM 4.2.xlsx,R_20.00
REM_DBM,R_21.00,4.2,2026-03-31,,official_except_explicit_overrides,https://www.eba.europa.eu/risk-and-data-analysis/reporting-frameworks/reporting-framework-42,All other modules use the completed DPM 2.0 glossary from 03/2026; DORA excluded,4.2_layouts.zip,260106 Annotated templates/REM/20260106 Annotated Table Layout  REM 4.2 REM_DBMREM 4.2.xlsx,R_21.00
REM_DBM,R_22.01,4.2,2026-03-31,,official_except_explicit_overrides,https://www.eba.europa.eu/risk-and-data-analysis/reporting-frameworks/reporting-framework-42,All other modules use the completed DPM 2.0 glossary from 03/2026; DORA excluded,4.2_layouts.zip,260106 Annotated templates/REM/20260106 Annotated Table Layout  REM 4.2 REM_DBMREM 4.2.xlsx,R_22.01
REM_DBM,R_22.02,4.2,2026-03-31,,official_except_explicit_overrides,https://www.eba.europa.eu/risk-and-data-analysis/reporting-frameworks/reporting-framework-42,All other modules use the completed DPM 2.0 glossary from 03/2026; DORA excluded,4.2_layouts.zip,260106 Annotated templates/REM/20260106 Annotated Table Layout  REM 4.2 REM_DBMREM 4.2.xlsx,R_22.02
REM_DBM,R_22.03,4.2,2026-03-31,,official_except_explicit_overrides,https://www.eba.europa.eu/risk-and-data-analysis/reporting-frameworks/reporting-framework-42,All other modules use the completed DPM 2.0 glossary from 03/2026; DORA excluded,4.2_layouts.zip,260106 Annotated templates/REM/20260106 Annotated Table Layout  REM 4.2 REM_DBMREM 4.2.xlsx,R_22.03
REM_DBM,R_23.00,4.2,2026-03-31,,official_except_explicit_overrides,https://www.eba.europa.eu/risk-and-data-analysis/reporting-frameworks/reporting-framework-42,All other modules use the completed DPM 2.0 glossary from 03/2026; DORA excluded,4.2_layouts.zip,260106 Annotated templates/REM/20260106 Annotated Table Layout  REM 4.2 REM_DBMREM 4.2.xlsx,R_23.00
REM_GAP_CI,R_06.00.a,4.2,2026-03-31,,official_except_explicit_overrides,https://www.eba.europa.eu/risk-and-data-analysis/reporting-frameworks/reporting-framework-42,All other modules use the completed DPM 2.0 glossary from 03/2026; DORA excluded,4.2_layouts.zip,260106 Annotated templates/REM/20260106 Annotated Table Layout  REM 4.2 REM_GAP_CIREM 4.2.xlsx,R_06.00.a
REM_GAP_CI,R_06.00.b,4.2,2026-03-31,,official_except_explicit_overrides,https://www.eba.europa.eu/risk-and-data-analysis/reporting-frameworks/reporting-framework-42,All other modules use the completed DPM 2.0 glossary from 03/2026; DORA excluded,4.2_layouts.zip,260106 Annotated templates/REM/20260106 Annotated Table Layout  REM 4.2 REM_GAP_CIREM 4.2.xlsx,R_06.00.b
REM_GAP_IF,R_06.01.a,4.2,2026-03-31,,official_except_explicit_overrides,https://www.eba.europa.eu/risk-and-data-analysis/reporting-frameworks/reporting-framework-42,All other modules use the completed DPM 2.0 glossary from 03/2026; DORA excluded,4.2_layouts.zip,260106 Annotated templates/REM/20260106 Annotated Table Layout  REM 4.2 REM_GAP_IFREM 4.2.xlsx,R_06.01.a
REM_GAP_IF,R_06.01.b,4.2,2026-03-31,,official_except_explicit_overrides,https://www.eba.europa.eu/risk-and-data-analysis/reporting-frameworks/reporting-framework-42,All other modules use the completed DPM 2.0 glossary from 03/2026; DORA excluded,4.2_layouts.zip,260106 Annotated templates/REM/20260106 Annotated Table Layout  REM 4.2 REM_GAP_IFREM 4.2.xlsx,R_06.01.b
REM_HE_CI,R_04.00.a,4.2,2026-03-31,,official_except_explicit_overrides,https://www.eba.europa.eu/risk-and-data-analysis/reporting-frameworks/reporting-framework-42,All other modules use the completed DPM 2.0 glossary from 03/2026; DORA excluded,4.2_layouts.zip,260106 Annotated templates/REM/20260106 Annotated Table Layout  REM 4.2 REM_HE_CIREM 4.2.xlsx,R_04.00.a
REM_HE_CI,R_04.00.b,4.2,2026-03-31,,official_except_explicit_overrides,https://www.eba.europa.eu/risk-and-data-analysis/reporting-frameworks/reporting-framework-42,All other modules use the completed DPM 2.0 glossary from 03/2026; DORA excluded,4.2_layouts.zip,260106 Annotated templates/REM/20260106 Annotated Table Layout  REM 4.2 REM_HE_CIREM 4.2.xlsx,R_04.00.b
REM_HE_CI,R_04.00.c,4.2,2026-03-31,,official_except_explicit_overrides,https://www.eba.europa.eu/risk-and-data-analysis/reporting-frameworks/reporting-framework-42,All other modules use the completed DPM 2.0 glossary from 03/2026; DORA excluded,4.2_layouts.zip,260106 Annotated templates/REM/20260106 Annotated Table Layout  REM 4.2 REM_HE_CIREM 4.2.xlsx,R_04.00.c
REM_HE_IF,R_04.01.a,4.2,2026-03-31,,official_except_explicit_overrides,https://www.eba.europa.eu/risk-and-data-analysis/reporting-frameworks/reporting-framework-42,All other modules use the completed DPM 2.0 glossary from 03/2026; DORA excluded,4.2_layouts.zip,260106 Annotated templates/REM/20260106 Annotated Table Layout  REM 4.2 REM_HE_IFREM 4.2.xlsx,R_04.01.a
REM_HE_IF,R_04.01.b,4.2,2026-03-31,,official_except_explicit_overrides,https://www.eba.europa.eu/risk-and-data-analysis/reporting-frameworks/reporting-framework-42,All other modules use the completed DPM 2.0 glossary from 03/2026; DORA excluded,4.2_layouts.zip,260106 Annotated templates/REM/20260106 Annotated Table Layout  REM 4.2 REM_HE_IFREM 4.2.xlsx,R_04.01.b
REM_HE_IF,R_04.01.c,4.2,2026-03-31,,official_except_explicit_overrides,https://www.eba.europa.eu/risk-and-data-analysis/reporting-frameworks/reporting-framework-42,All other modules use the completed DPM 2.0 glossary from 03/2026; DORA excluded,4.2_layouts.zip,260106 Annotated templates/REM/20260106 Annotated Table Layout  REM 4.2 REM_HE_IFREM 4.2.xlsx,R_04.01.c
RES,T_01.00.a,2.9.1.1,2019-12-31,2020-12-31,baseline,https://www.eba.europa.eu/risk-and-data-analysis/reporting/reporting-frameworks/reporting-framework-29,Last complete pre-3.0 module layout available in the source archive,2.9.1.1_layouts.zip,Annotated Table Layout 290-RES 2.9.xlsx,T 01.00.a
RES,T_01.00.a,2.10,2020-12-31,2021-09-30,official,https://www.eba.europa.eu/risk-and-data-analysis/reporting/reporting-frameworks/reporting-framework-210,Resolution planning technical amendments applicable from 12/2020,2.10_layouts.zip,Annotated Table Layout 2100-P2-RES 2.10.xlsx,T 01.00.a
RES,T_01.00.a,3.1,2021-09-30,2022-12-31,official,https://www.eba.europa.eu/risk-and-data-analysis/reporting/reporting-frameworks/reporting-framework-31,Resolution reporting module-specific application 09/2021,3.1_layouts.zip,Annotated Table Layout 311-P2-RES 3.1.1.xlsx,T 01.00.a
RES,T_01.00.a,3.2,2022-12-31,,official,https://www.eba.europa.eu/risk-and-data-analysis/reporting/reporting-frameworks/reporting-framework-32,3.2.1 resolution-planning package,3.2_layouts.zip,Annotated Table Layout 321-P2-RES 3.2.1.xlsx,T 01.00.a
RES,T_01.00.b,2.9.1.1,2019-12-31,2020-12-31,baseline,https://www.eba.europa.eu/risk-and-data-analysis/reporting/reporting-frameworks/reporting-framework-29,Last complete pre-3.0 module layout available in the source archive,2.9.1.1_layouts.zip,Annotated Table Layout 290-RES 2.9.xlsx,T 01.00.b
RES,T_01.00.b,2.10,2020-12-31,2021-09-30,official,https://www.eba.europa.eu/risk-and-data-analysis/reporting/reporting-frameworks/reporting-framework-210,Resolution planning technical amendments applicable from 12/2020,2.10_layouts.zip,Annotated Table Layout 2100-P2-RES 2.10.xlsx,T 01.00.b
RES,T_01.00.b,3.1,2021-09-30,2022-12-31,official,https://www.eba.europa.eu/risk-and-data-analysis/reporting/reporting-frameworks/reporting-framework-31,Resolution reporting module-specific application 09/2021,3.1_layouts.zip,Annotated Table Layout 311-P2-RES 3.1.1.xlsx,T 01.00.b
RES,T_01.00.b,3.2,2022-12-31,,official,https://www.eba.europa.eu/risk-and-data-analysis/reporting/reporting-frameworks/reporting-framework-32,3.2.1 resolution-planning package,3.2_layouts.zip,Annotated Table Layout 321-P2-RES 3.2.1.xlsx,T 01.00.b
RES,T_02.00.a,2.9.1.1,2019-12-31,2020-12-31,baseline,https://www.eba.europa.eu/risk-and-data-analysis/reporting/reporting-frameworks/reporting-framework-29,Last complete pre-3.0 module layout available in the source archive,2.9.1.1_layouts.zip,Annotated Table Layout 290-RES 2.9.xlsx,T 02.00.a
RES,T_02.00.a,2.10,2020-12-31,2021-09-30,official,https://www.eba.europa.eu/risk-and-data-analysis/reporting/reporting-frameworks/reporting-framework-210,Resolution planning technical amendments applicable from 12/2020,2.10_layouts.zip,Annotated Table Layout 2100-P2-RES 2.10.xlsx,T 02.00.a
RES,T_02.00.a,3.1,2021-09-30,2022-12-31,official,https://www.eba.europa.eu/risk-and-data-analysis/reporting/reporting-frameworks/reporting-framework-31,Resolution reporting module-specific application 09/2021,3.1_layouts.zip,Annotated Table Layout 311-P2-RES 3.1.1.xlsx,T 02.00.a
RES,T_02.00.a,3.2,2022-12-31,,official,https://www.eba.europa.eu/risk-and-data-analysis/reporting/reporting-frameworks/reporting-framework-32,3.2.1 resolution-planning package,3.2_layouts.zip,Annotated Table Layout 321-P2-RES 3.2.1.xlsx,T 02.00.a
RES,T_02.00.b,2.9.1.1,2019-12-31,2020-12-31,baseline,https://www.eba.europa.eu/risk-and-data-analysis/reporting/reporting-frameworks/reporting-framework-29,Last complete pre-3.0 module layout available in the source archive,2.9.1.1_layouts.zip,Annotated Table Layout 290-RES 2.9.xlsx,T 02.00.b
RES,T_02.00.b,2.10,2020-12-31,2021-09-30,official,https://www.eba.europa.eu/risk-and-data-analysis/reporting/reporting-frameworks/reporting-framework-210,Resolution planning technical amendments applicable from 12/2020,2.10_layouts.zip,Annotated Table Layout 2100-P2-RES 2.10.xlsx,T 02.00.b
RES,T_02.00.b,3.1,2021-09-30,2022-12-31,official,https://www.eba.europa.eu/risk-and-data-analysis/reporting/reporting-frameworks/reporting-framework-31,Resolution reporting module-specific application 09/2021,3.1_layouts.zip,Annotated Table Layout 311-P2-RES 3.1.1.xlsx,T 02.00.b
RES,T_02.00.b,3.2,2022-12-31,,official,https://www.eba.europa.eu/risk-and-data-analysis/reporting/reporting-frameworks/reporting-framework-32,3.2.1 resolution-planning package,3.2_layouts.zip,Annotated Table Layout 321-P2-RES 3.2.1.xlsx,T 02.00.b
RES,T_03.01,2.9.1.1,2019-12-31,2020-12-31,baseline,https://www.eba.europa.eu/risk-and-data-analysis/reporting/reporting-frameworks/reporting-framework-29,Last complete pre-3.0 module layout available in the source archive,2.9.1.1_layouts.zip,Annotated Table Layout 290-RES 2.9.xlsx,T 03.01
RES,T_03.01,2.10,2020-12-31,2021-09-30,official,https://www.eba.europa.eu/risk-and-data-analysis/reporting/reporting-frameworks/reporting-framework-210,Resolution planning technical amendments applicable from 12/2020,2.10_layouts.zip,Annotated Table Layout 2100-P2-RES 2.10.xlsx,T 03.01
RES,T_03.01,3.1,2021-09-30,2022-12-31,official,https://www.eba.europa.eu/risk-and-data-analysis/reporting/reporting-frameworks/reporting-framework-31,Resolution reporting module-specific application 09/2021,3.1_layouts.zip,Annotated Table Layout 311-P2-RES 3.1.1.xlsx,T 03.01
RES,T_03.01,3.2,2022-12-31,,official,https://www.eba.europa.eu/risk-and-data-analysis/reporting/reporting-frameworks/reporting-framework-32,3.2.1 resolution-planning package,3.2_layouts.zip,Annotated Table Layout 321-P2-RES 3.2.1.xlsx,T 03.01
RES,T_03.02,2.9.1.1,2019-12-31,2020-12-31,baseline,https://www.eba.europa.eu/risk-and-data-analysis/reporting/reporting-frameworks/reporting-framework-29,Last complete pre-3.0 module layout available in the source archive,2.9.1.1_layouts.zip,Annotated Table Layout 290-RES 2.9.xlsx,T 03.02
RES,T_03.02,2.10,2020-12-31,2021-09-30,official,https://www.eba.europa.eu/risk-and-data-analysis/reporting/reporting-frameworks/reporting-framework-210,Resolution planning technical amendments applicable from 12/2020,2.10_layouts.zip,Annotated Table Layout 2100-P2-RES 2.10.xlsx,T 03.02
RES,T_03.02,3.1,2021-09-30,2022-12-31,official,https://www.eba.europa.eu/risk-and-data-analysis/reporting/reporting-frameworks/reporting-framework-31,Resolution reporting module-specific application 09/2021,3.1_layouts.zip,Annotated Table Layout 311-P2-RES 3.1.1.xlsx,T 03.02
RES,T_03.02,3.2,2022-12-31,,official,https://www.eba.europa.eu/risk-and-data-analysis/reporting/reporting-frameworks/reporting-framework-32,3.2.1 resolution-planning package,3.2_layouts.zip,Annotated Table Layout 321-P2-RES 3.2.1.xlsx,T 03.02
RES,T_03.03,2.9.1.1,2019-12-31,2020-12-31,baseline,https://www.eba.europa.eu/risk-and-data-analysis/reporting/reporting-frameworks/reporting-framework-29,Last complete pre-3.0 module layout available in the source archive,2.9.1.1_layouts.zip,Annotated Table Layout 290-RES 2.9.xlsx,T 03.03
RES,T_03.03,2.10,2020-12-31,2021-09-30,official,https://www.eba.europa.eu/risk-and-data-analysis/reporting/reporting-frameworks/reporting-framework-210,Resolution planning technical amendments applicable from 12/2020,2.10_layouts.zip,Annotated Table Layout 2100-P2-RES 2.10.xlsx,T 03.03
RES,T_03.03,3.1,2021-09-30,2022-12-31,official,https://www.eba.europa.eu/risk-and-data-analysis/reporting/reporting-frameworks/reporting-framework-31,Resolution reporting module-specific application 09/2021,3.1_layouts.zip,Annotated Table Layout 311-P2-RES 3.1.1.xlsx,T 03.03
RES,T_03.03,3.2,2022-12-31,,official,https://www.eba.europa.eu/risk-and-data-analysis/reporting/reporting-frameworks/reporting-framework-32,3.2.1 resolution-planning package,3.2_layouts.zip,Annotated Table Layout 321-P2-RES 3.2.1.xlsx,T 03.03
RES,T_04.00,2.9.1.1,2019-12-31,2020-12-31,baseline,https://www.eba.europa.eu/risk-and-data-analysis/reporting/reporting-frameworks/reporting-framework-29,Last complete pre-3.0 module layout available in the source archive,2.9.1.1_layouts.zip,Annotated Table Layout 290-RES 2.9.xlsx,T 04.00
RES,T_04.00,2.10,2020-12-31,2021-09-30,official,https://www.eba.europa.eu/risk-and-data-analysis/reporting/reporting-frameworks/reporting-framework-210,Resolution planning technical amendments applicable from 12/2020,2.10_layouts.zip,Annotated Table Layout 2100-P2-RES 2.10.xlsx,T 04.00
RES,T_04.00,3.1,2021-09-30,2022-12-31,official,https://www.eba.europa.eu/risk-and-data-analysis/reporting/reporting-frameworks/reporting-framework-31,Resolution reporting module-specific application 09/2021,3.1_layouts.zip,Annotated Table Layout 311-P2-RES 3.1.1.xlsx,T 04.00
RES,T_04.00,3.2,2022-12-31,,official,https://www.eba.europa.eu/risk-and-data-analysis/reporting/reporting-frameworks/reporting-framework-32,3.2.1 resolution-planning package,3.2_layouts.zip,Annotated Table Layout 321-P2-RES 3.2.1.xlsx,T 04.00
RES,T_05.01,2.9.1.1,2019-12-31,2020-12-31,baseline,https://www.eba.europa.eu/risk-and-data-analysis/reporting/reporting-frameworks/reporting-framework-29,Last complete pre-3.0 module layout available in the source archive,2.9.1.1_layouts.zip,Annotated Table Layout 290-RES 2.9.xlsx,T 05.01
RES,T_05.01,2.10,2020-12-31,2021-09-30,official,https://www.eba.europa.eu/risk-and-data-analysis/reporting/reporting-frameworks/reporting-framework-210,Resolution planning technical amendments applicable from 12/2020,2.10_layouts.zip,Annotated Table Layout 2100-P2-RES 2.10.xlsx,T 05.01
RES,T_05.01,3.1,2021-09-30,2022-12-31,official,https://www.eba.europa.eu/risk-and-data-analysis/reporting/reporting-frameworks/reporting-framework-31,Resolution reporting module-specific application 09/2021,3.1_layouts.zip,Annotated Table Layout 311-P2-RES 3.1.1.xlsx,T 05.01
RES,T_05.01,3.2,2022-12-31,,official,https://www.eba.europa.eu/risk-and-data-analysis/reporting/reporting-frameworks/reporting-framework-32,3.2.1 resolution-planning package,3.2_layouts.zip,Annotated Table Layout 321-P2-RES 3.2.1.xlsx,T 05.01
RES,T_06.01,2.9.1.1,2019-12-31,2020-12-31,baseline,https://www.eba.europa.eu/risk-and-data-analysis/reporting/reporting-frameworks/reporting-framework-29,Last complete pre-3.0 module layout available in the source archive,2.9.1.1_layouts.zip,Annotated Table Layout 290-RES 2.9.xlsx,T 06.01
RES,T_06.01,2.10,2020-12-31,2021-09-30,official,https://www.eba.europa.eu/risk-and-data-analysis/reporting/reporting-frameworks/reporting-framework-210,Resolution planning technical amendments applicable from 12/2020,2.10_layouts.zip,Annotated Table Layout 2100-P2-RES 2.10.xlsx,T 06.01
RES,T_06.01,3.1,2021-09-30,2022-12-31,official,https://www.eba.europa.eu/risk-and-data-analysis/reporting/reporting-frameworks/reporting-framework-31,Resolution reporting module-specific application 09/2021,3.1_layouts.zip,Annotated Table Layout 311-P2-RES 3.1.1.xlsx,T 06.01
RES,T_06.01,3.2,2022-12-31,,official,https://www.eba.europa.eu/risk-and-data-analysis/reporting/reporting-frameworks/reporting-framework-32,3.2.1 resolution-planning package,3.2_layouts.zip,Annotated Table Layout 321-P2-RES 3.2.1.xlsx,T 06.01
RES,T_07.00,2.9.1.1,2019-12-31,2020-12-31,baseline,https://www.eba.europa.eu/risk-and-data-analysis/reporting/reporting-frameworks/reporting-framework-29,Last complete pre-3.0 module layout available in the source archive,2.9.1.1_layouts.zip,Annotated Table Layout 290-RES 2.9.xlsx,T 07.00
RES,T_07.00,2.10,2020-12-31,2021-09-30,official,https://www.eba.europa.eu/risk-and-data-analysis/reporting/reporting-frameworks/reporting-framework-210,Resolution planning technical amendments applicable from 12/2020,2.10_layouts.zip,Annotated Table Layout 2100-P2-RES 2.10.xlsx,T 07.00
RES,T_07.00,3.1,2021-09-30,2022-12-31,official,https://www.eba.europa.eu/risk-and-data-analysis/reporting/reporting-frameworks/reporting-framework-31,Resolution reporting module-specific application 09/2021,3.1_layouts.zip,Annotated Table Layout 311-P2-RES 3.1.1.xlsx,T 07.00
RES,T_07.00,3.2,2022-12-31,,official,https://www.eba.europa.eu/risk-and-data-analysis/reporting/reporting-frameworks/reporting-framework-32,3.2.1 resolution-planning package,3.2_layouts.zip,Annotated Table Layout 321-P2-RES 3.2.1.xlsx,T 07.00
RES,T_08.00,2.9.1.1,2019-12-31,2020-12-31,baseline,https://www.eba.europa.eu/risk-and-data-analysis/reporting/reporting-frameworks/reporting-framework-29,Last complete pre-3.0 module layout available in the source archive,2.9.1.1_layouts.zip,Annotated Table Layout 290-RES 2.9.xlsx,T 08.00
RES,T_08.00,2.10,2020-12-31,2021-09-30,official,https://www.eba.europa.eu/risk-and-data-analysis/reporting/reporting-frameworks/reporting-framework-210,Resolution planning technical amendments applicable from 12/2020,2.10_layouts.zip,Annotated Table Layout 2100-P2-RES 2.10.xlsx,T 08.00
RES,T_08.00,3.1,2021-09-30,2022-12-31,official,https://www.eba.europa.eu/risk-and-data-analysis/reporting/reporting-frameworks/reporting-framework-31,Resolution reporting module-specific application 09/2021,3.1_layouts.zip,Annotated Table Layout 311-P2-RES 3.1.1.xlsx,T 08.00
RES,T_08.00,3.2,2022-12-31,,official,https://www.eba.europa.eu/risk-and-data-analysis/reporting/reporting-frameworks/reporting-framework-32,3.2.1 resolution-planning package,3.2_layouts.zip,Annotated Table Layout 321-P2-RES 3.2.1.xlsx,T 08.00
RES,T_09.00,2.9.1.1,2019-12-31,2020-12-31,baseline,https://www.eba.europa.eu/risk-and-data-analysis/reporting/reporting-frameworks/reporting-framework-29,Last complete pre-3.0 module layout available in the source archive,2.9.1.1_layouts.zip,Annotated Table Layout 290-RES 2.9.xlsx,T 09.00
RES,T_09.00,2.10,2020-12-31,2021-09-30,official,https://www.eba.europa.eu/risk-and-data-analysis/reporting/reporting-frameworks/reporting-framework-210,Resolution planning technical amendments applicable from 12/2020,2.10_layouts.zip,Annotated Table Layout 2100-P2-RES 2.10.xlsx,T 09.00
RES,T_09.00,3.1,2021-09-30,2022-12-31,official,https://www.eba.europa.eu/risk-and-data-analysis/reporting/reporting-frameworks/reporting-framework-31,Resolution reporting module-specific application 09/2021,3.1_layouts.zip,Annotated Table Layout 311-P2-RES 3.1.1.xlsx,T 09.00
RES,T_09.00,3.2,2022-12-31,,official,https://www.eba.europa.eu/risk-and-data-analysis/reporting/reporting-frameworks/reporting-framework-32,3.2.1 resolution-planning package,3.2_layouts.zip,Annotated Table Layout 321-P2-RES 3.2.1.xlsx,T 09.00
RES,T_12.00,2.9.1.1,2019-12-31,2020-12-31,baseline,https://www.eba.europa.eu/risk-and-data-analysis/reporting/reporting-frameworks/reporting-framework-29,Last complete pre-3.0 module layout available in the source archive,2.9.1.1_layouts.zip,Annotated Table Layout 290-RES 2.9.xlsx,T 12.00
RES,T_12.00,2.10,2020-12-31,2021-09-30,official,https://www.eba.europa.eu/risk-and-data-analysis/reporting/reporting-frameworks/reporting-framework-210,Resolution planning technical amendments applicable from 12/2020,2.10_layouts.zip,Annotated Table Layout 2100-P2-RES 2.10.xlsx,T 12.00
RES,T_12.00,3.1,2021-09-30,2022-12-31,official,https://www.eba.europa.eu/risk-and-data-analysis/reporting/reporting-frameworks/reporting-framework-31,Resolution reporting module-specific application 09/2021,3.1_layouts.zip,Annotated Table Layout 311-P2-RES 3.1.1.xlsx,T 12.00
RES,T_12.00,3.2,2022-12-31,,official,https://www.eba.europa.eu/risk-and-data-analysis/reporting/reporting-frameworks/reporting-framework-32,3.2.1 resolution-planning package,3.2_layouts.zip,Annotated Table Layout 321-P2-RES 3.2.1.xlsx,T 12.00
RES,T_20.01,2.9.1.1,2019-12-31,2020-12-31,baseline,https://www.eba.europa.eu/risk-and-data-analysis/reporting/reporting-frameworks/reporting-framework-29,Last complete pre-3.0 module layout available in the source archive,2.9.1.1_layouts.zip,Annotated Table Layout 290-RES 2.9.xlsx,T 20.01
RES,T_20.01,2.10,2020-12-31,,official,https://www.eba.europa.eu/risk-and-data-analysis/reporting/reporting-frameworks/reporting-framework-210,Resolution planning technical amendments applicable from 12/2020,2.10_layouts.zip,Annotated Table Layout 2100-P2-RES 2.10.xlsx,T 20.01
RES,T_20.01.a,3.1,2021-09-30,2022-12-31,official,https://www.eba.europa.eu/risk-and-data-analysis/reporting/reporting-frameworks/reporting-framework-31,Resolution reporting module-specific application 09/2021,3.1_layouts.zip,Annotated Table Layout 311-P2-RES 3.1.1.xlsx,T 20.01.a
RES,T_20.01.a,3.2,2022-12-31,,official,https://www.eba.europa.eu/risk-and-data-analysis/reporting/reporting-frameworks/reporting-framework-32,3.2.1 resolution-planning package,3.2_layouts.zip,Annotated Table Layout 321-P2-RES 3.2.1.xlsx,T 20.01.a
RES,T_20.01.w,3.1,2021-09-30,2022-12-31,official,https://www.eba.europa.eu/risk-and-data-analysis/reporting/reporting-frameworks/reporting-framework-31,Resolution reporting module-specific application 09/2021,3.1_layouts.zip,Annotated Table Layout 311-P2-RES 3.1.1.xlsx,T 20.01.w
RES,T_20.01.w,3.2,2022-12-31,,official,https://www.eba.europa.eu/risk-and-data-analysis/reporting/reporting-frameworks/reporting-framework-32,3.2.1 resolution-planning package,3.2_layouts.zip,Annotated Table Layout 321-P2-RES 3.2.1.xlsx,T 20.01.w
RES,T_20.02.a,2.9.1.1,2019-12-31,2020-12-31,baseline,https://www.eba.europa.eu/risk-and-data-analysis/reporting/reporting-frameworks/reporting-framework-29,Last complete pre-3.0 module layout available in the source archive,2.9.1.1_layouts.zip,Annotated Table Layout 290-RES 2.9.xlsx,T 20.02.a
RES,T_20.02.a,2.10,2020-12-31,2021-09-30,official,https://www.eba.europa.eu/risk-and-data-analysis/reporting/reporting-frameworks/reporting-framework-210,Resolution planning technical amendments applicable from 12/2020,2.10_layouts.zip,Annotated Table Layout 2100-P2-RES 2.10.xlsx,T 20.02.a
RES,T_20.02.a,3.1,2021-09-30,2022-12-31,official,https://www.eba.europa.eu/risk-and-data-analysis/reporting/reporting-frameworks/reporting-framework-31,Resolution reporting module-specific application 09/2021,3.1_layouts.zip,Annotated Table Layout 311-P2-RES 3.1.1.xlsx,T 20.02.a
RES,T_20.02.a,3.2,2022-12-31,,official,https://www.eba.europa.eu/risk-and-data-analysis/reporting/reporting-frameworks/reporting-framework-32,3.2.1 resolution-planning package,3.2_layouts.zip,Annotated Table Layout 321-P2-RES 3.2.1.xlsx,T 20.02.a
RES,T_20.02.b,2.9.1.1,2019-12-31,2020-12-31,baseline,https://www.eba.europa.eu/risk-and-data-analysis/reporting/reporting-frameworks/reporting-framework-29,Last complete pre-3.0 module layout available in the source archive,2.9.1.1_layouts.zip,Annotated Table Layout 290-RES 2.9.xlsx,T 20.02.b
RES,T_20.02.b,2.10,2020-12-31,2021-09-30,official,https://www.eba.europa.eu/risk-and-data-analysis/reporting/reporting-frameworks/reporting-framework-210,Resolution planning technical amendments applicable from 12/2020,2.10_layouts.zip,Annotated Table Layout 2100-P2-RES 2.10.xlsx,T 20.02.b
RES,T_20.02.b,3.1,2021-09-30,2022-12-31,official,https://www.eba.europa.eu/risk-and-data-analysis/reporting/reporting-frameworks/reporting-framework-31,Resolution reporting module-specific application 09/2021,3.1_layouts.zip,Annotated Table Layout 311-P2-RES 3.1.1.xlsx,T 20.02.b
RES,T_20.02.b,3.2,2022-12-31,,official,https://www.eba.europa.eu/risk-and-data-analysis/reporting/reporting-frameworks/reporting-framework-32,3.2.1 resolution-planning package,3.2_layouts.zip,Annotated Table Layout 321-P2-RES 3.2.1.xlsx,T 20.02.b
RES,T_20.02.w,3.1,2021-09-30,2022-12-31,official,https://www.eba.europa.eu/risk-and-data-analysis/reporting/reporting-frameworks/reporting-framework-31,Resolution reporting module-specific application 09/2021,3.1_layouts.zip,Annotated Table Layout 311-P2-RES 3.1.1.xlsx,T 20.02.w
RES,T_20.02.w,3.2,2022-12-31,,official,https://www.eba.europa.eu/risk-and-data-analysis/reporting/reporting-frameworks/reporting-framework-32,3.2.1 resolution-planning package,3.2_layouts.zip,Annotated Table Layout 321-P2-RES 3.2.1.xlsx,T 20.02.w
RES,T_20.02.x,3.1,2021-09-30,2022-12-31,official,https://www.eba.europa.eu/risk-and-data-analysis/reporting/reporting-frameworks/reporting-framework-31,Resolution reporting module-specific application 09/2021,3.1_layouts.zip,Annotated Table Layout 311-P2-RES 3.1.1.xlsx,T 20.02.x
RES,T_20.02.x,3.2,2022-12-31,,official,https://www.eba.europa.eu/risk-and-data-analysis/reporting/reporting-frameworks/reporting-framework-32,3.2.1 resolution-planning package,3.2_layouts.zip,Annotated Table Layout 321-P2-RES 3.2.1.xlsx,T 20.02.x
RES,T_20.03.a,2.9.1.1,2019-12-31,2020-12-31,baseline,https://www.eba.europa.eu/risk-and-data-analysis/reporting/reporting-frameworks/reporting-framework-29,Last complete pre-3.0 module layout available in the source archive,2.9.1.1_layouts.zip,Annotated Table Layout 290-RES 2.9.xlsx,T 20.03.a
RES,T_20.03.a,2.10,2020-12-31,2021-09-30,official,https://www.eba.europa.eu/risk-and-data-analysis/reporting/reporting-frameworks/reporting-framework-210,Resolution planning technical amendments applicable from 12/2020,2.10_layouts.zip,Annotated Table Layout 2100-P2-RES 2.10.xlsx,T 20.03.a
RES,T_20.03.a,3.1,2021-09-30,2022-12-31,official,https://www.eba.europa.eu/risk-and-data-analysis/reporting/reporting-frameworks/reporting-framework-31,Resolution reporting module-specific application 09/2021,3.1_layouts.zip,Annotated Table Layout 311-P2-RES 3.1.1.xlsx,T 20.03.a
RES,T_20.03.a,3.2,2022-12-31,,official,https://www.eba.europa.eu/risk-and-data-analysis/reporting/reporting-frameworks/reporting-framework-32,3.2.1 resolution-planning package,3.2_layouts.zip,Annotated Table Layout 321-P2-RES 3.2.1.xlsx,T 20.03.a
RES,T_20.03.b,2.9.1.1,2019-12-31,2020-12-31,baseline,https://www.eba.europa.eu/risk-and-data-analysis/reporting/reporting-frameworks/reporting-framework-29,Last complete pre-3.0 module layout available in the source archive,2.9.1.1_layouts.zip,Annotated Table Layout 290-RES 2.9.xlsx,T 20.03.b
RES,T_20.03.b,2.10,2020-12-31,2021-09-30,official,https://www.eba.europa.eu/risk-and-data-analysis/reporting/reporting-frameworks/reporting-framework-210,Resolution planning technical amendments applicable from 12/2020,2.10_layouts.zip,Annotated Table Layout 2100-P2-RES 2.10.xlsx,T 20.03.b
RES,T_20.03.b,3.1,2021-09-30,2022-12-31,official,https://www.eba.europa.eu/risk-and-data-analysis/reporting/reporting-frameworks/reporting-framework-31,Resolution reporting module-specific application 09/2021,3.1_layouts.zip,Annotated Table Layout 311-P2-RES 3.1.1.xlsx,T 20.03.b
RES,T_20.03.b,3.2,2022-12-31,,official,https://www.eba.europa.eu/risk-and-data-analysis/reporting/reporting-frameworks/reporting-framework-32,3.2.1 resolution-planning package,3.2_layouts.zip,Annotated Table Layout 321-P2-RES 3.2.1.xlsx,T 20.03.b
RES,T_20.03.c,2.9.1.1,2019-12-31,2020-12-31,baseline,https://www.eba.europa.eu/risk-and-data-analysis/reporting/reporting-frameworks/reporting-framework-29,Last complete pre-3.0 module layout available in the source archive,2.9.1.1_layouts.zip,Annotated Table Layout 290-RES 2.9.xlsx,T 20.03.c
RES,T_20.03.c,2.10,2020-12-31,2021-09-30,official,https://www.eba.europa.eu/risk-and-data-analysis/reporting/reporting-frameworks/reporting-framework-210,Resolution planning technical amendments applicable from 12/2020,2.10_layouts.zip,Annotated Table Layout 2100-P2-RES 2.10.xlsx,T 20.03.c
RES,T_20.03.c,3.1,2021-09-30,2022-12-31,official,https://www.eba.europa.eu/risk-and-data-analysis/reporting/reporting-frameworks/reporting-framework-31,Resolution reporting module-specific application 09/2021,3.1_layouts.zip,Annotated Table Layout 311-P2-RES 3.1.1.xlsx,T 20.03.c
RES,T_20.03.c,3.2,2022-12-31,,official,https://www.eba.europa.eu/risk-and-data-analysis/reporting/reporting-frameworks/reporting-framework-32,3.2.1 resolution-planning package,3.2_layouts.zip,Annotated Table Layout 321-P2-RES 3.2.1.xlsx,T 20.03.c
RES,T_20.03.w,3.1,2021-09-30,2022-12-31,official,https://www.eba.europa.eu/risk-and-data-analysis/reporting/reporting-frameworks/reporting-framework-31,Resolution reporting module-specific application 09/2021,3.1_layouts.zip,Annotated Table Layout 311-P2-RES 3.1.1.xlsx,T 20.03.w
RES,T_20.03.w,3.2,2022-12-31,,official,https://www.eba.europa.eu/risk-and-data-analysis/reporting/reporting-frameworks/reporting-framework-32,3.2.1 resolution-planning package,3.2_layouts.zip,Annotated Table Layout 321-P2-RES 3.2.1.xlsx,T 20.03.w
RES,T_20.03.x,3.1,2021-09-30,2022-12-31,official,https://www.eba.europa.eu/risk-and-data-analysis/reporting/reporting-frameworks/reporting-framework-31,Resolution reporting module-specific application 09/2021,3.1_layouts.zip,Annotated Table Layout 311-P2-RES 3.1.1.xlsx,T 20.03.x
RES,T_20.03.x,3.2,2022-12-31,,official,https://www.eba.europa.eu/risk-and-data-analysis/reporting/reporting-frameworks/reporting-framework-32,3.2.1 resolution-planning package,3.2_layouts.zip,Annotated Table Layout 321-P2-RES 3.2.1.xlsx,T 20.03.x
RES,T_20.03.y,3.1,2021-09-30,2022-12-31,official,https://www.eba.europa.eu/risk-and-data-analysis/reporting/reporting-frameworks/reporting-framework-31,Resolution reporting module-specific application 09/2021,3.1_layouts.zip,Annotated Table Layout 311-P2-RES 3.1.1.xlsx,T 20.03.y
RES,T_20.03.y,3.2,2022-12-31,,official,https://www.eba.europa.eu/risk-and-data-analysis/reporting/reporting-frameworks/reporting-framework-32,3.2.1 resolution-planning package,3.2_layouts.zip,Annotated Table Layout 321-P2-RES 3.2.1.xlsx,T 20.03.y
RES,T_20.04,2.9.1.1,2019-12-31,2020-12-31,baseline,https://www.eba.europa.eu/risk-and-data-analysis/reporting/reporting-frameworks/reporting-framework-29,Last complete pre-3.0 module layout available in the source archive,2.9.1.1_layouts.zip,Annotated Table Layout 290-RES 2.9.xlsx,T 20.04
RES,T_20.04,2.10,2020-12-31,,official,https://www.eba.europa.eu/risk-and-data-analysis/reporting/reporting-frameworks/reporting-framework-210,Resolution planning technical amendments applicable from 12/2020,2.10_layouts.zip,Annotated Table Layout 2100-P2-RES 2.10.xlsx,T 20.04
RES,T_20.04.a,3.1,2021-09-30,2022-12-31,official,https://www.eba.europa.eu/risk-and-data-analysis/reporting/reporting-frameworks/reporting-framework-31,Resolution reporting module-specific application 09/2021,3.1_layouts.zip,Annotated Table Layout 311-P2-RES 3.1.1.xlsx,T 20.04.a
RES,T_20.04.a,3.2,2022-12-31,,official,https://www.eba.europa.eu/risk-and-data-analysis/reporting/reporting-frameworks/reporting-framework-32,3.2.1 resolution-planning package,3.2_layouts.zip,Annotated Table Layout 321-P2-RES 3.2.1.xlsx,T 20.04.a
RES,T_20.04.w,3.1,2021-09-30,2022-12-31,official,https://www.eba.europa.eu/risk-and-data-analysis/reporting/reporting-frameworks/reporting-framework-31,Resolution reporting module-specific application 09/2021,3.1_layouts.zip,Annotated Table Layout 311-P2-RES 3.1.1.xlsx,T 20.04.w
RES,T_20.04.w,3.2,2022-12-31,,official,https://www.eba.europa.eu/risk-and-data-analysis/reporting/reporting-frameworks/reporting-framework-32,3.2.1 resolution-planning package,3.2_layouts.zip,Annotated Table Layout 321-P2-RES 3.2.1.xlsx,T 20.04.w
RES,T_20.05.a,2.9.1.1,2019-12-31,2020-12-31,baseline,https://www.eba.europa.eu/risk-and-data-analysis/reporting/reporting-frameworks/reporting-framework-29,Last complete pre-3.0 module layout available in the source archive,2.9.1.1_layouts.zip,Annotated Table Layout 290-RES 2.9.xlsx,T 20.05.a
RES,T_20.05.a,2.10,2020-12-31,2021-09-30,official,https://www.eba.europa.eu/risk-and-data-analysis/reporting/reporting-frameworks/reporting-framework-210,Resolution planning technical amendments applicable from 12/2020,2.10_layouts.zip,Annotated Table Layout 2100-P2-RES 2.10.xlsx,T 20.05.a
RES,T_20.05.a,3.1,2021-09-30,2022-12-31,official,https://www.eba.europa.eu/risk-and-data-analysis/reporting/reporting-frameworks/reporting-framework-31,Resolution reporting module-specific application 09/2021,3.1_layouts.zip,Annotated Table Layout 311-P2-RES 3.1.1.xlsx,T 20.05.a
RES,T_20.05.a,3.2,2022-12-31,,official,https://www.eba.europa.eu/risk-and-data-analysis/reporting/reporting-frameworks/reporting-framework-32,3.2.1 resolution-planning package,3.2_layouts.zip,Annotated Table Layout 321-P2-RES 3.2.1.xlsx,T 20.05.a
RES,T_20.05.b,2.9.1.1,2019-12-31,2020-12-31,baseline,https://www.eba.europa.eu/risk-and-data-analysis/reporting/reporting-frameworks/reporting-framework-29,Last complete pre-3.0 module layout available in the source archive,2.9.1.1_layouts.zip,Annotated Table Layout 290-RES 2.9.xlsx,T 20.05.b
RES,T_20.05.b,2.10,2020-12-31,2021-09-30,official,https://www.eba.europa.eu/risk-and-data-analysis/reporting/reporting-frameworks/reporting-framework-210,Resolution planning technical amendments applicable from 12/2020,2.10_layouts.zip,Annotated Table Layout 2100-P2-RES 2.10.xlsx,T 20.05.b
RES,T_20.05.b,3.1,2021-09-30,2022-12-31,official,https://www.eba.europa.eu/risk-and-data-analysis/reporting/reporting-frameworks/reporting-framework-31,Resolution reporting module-specific application 09/2021,3.1_layouts.zip,Annotated Table Layout 311-P2-RES 3.1.1.xlsx,T 20.05.b
RES,T_20.05.b,3.2,2022-12-31,,official,https://www.eba.europa.eu/risk-and-data-analysis/reporting/reporting-frameworks/reporting-framework-32,3.2.1 resolution-planning package,3.2_layouts.zip,Annotated Table Layout 321-P2-RES 3.2.1.xlsx,T 20.05.b
RES,T_20.05.c,2.9.1.1,2019-12-31,2020-12-31,baseline,https://www.eba.europa.eu/risk-and-data-analysis/reporting/reporting-frameworks/reporting-framework-29,Last complete pre-3.0 module layout available in the source archive,2.9.1.1_layouts.zip,Annotated Table Layout 290-RES 2.9.xlsx,T 20.05.c
RES,T_20.05.c,2.10,2020-12-31,2021-09-30,official,https://www.eba.europa.eu/risk-and-data-analysis/reporting/reporting-frameworks/reporting-framework-210,Resolution planning technical amendments applicable from 12/2020,2.10_layouts.zip,Annotated Table Layout 2100-P2-RES 2.10.xlsx,T 20.05.c
RES,T_20.05.c,3.1,2021-09-30,2022-12-31,official,https://www.eba.europa.eu/risk-and-data-analysis/reporting/reporting-frameworks/reporting-framework-31,Resolution reporting module-specific application 09/2021,3.1_layouts.zip,Annotated Table Layout 311-P2-RES 3.1.1.xlsx,T 20.05.c
RES,T_20.05.c,3.2,2022-12-31,,official,https://www.eba.europa.eu/risk-and-data-analysis/reporting/reporting-frameworks/reporting-framework-32,3.2.1 resolution-planning package,3.2_layouts.zip,Annotated Table Layout 321-P2-RES 3.2.1.xlsx,T 20.05.c
RES,T_20.05.w,3.1,2021-09-30,2022-12-31,official,https://www.eba.europa.eu/risk-and-data-analysis/reporting/reporting-frameworks/reporting-framework-31,Resolution reporting module-specific application 09/2021,3.1_layouts.zip,Annotated Table Layout 311-P2-RES 3.1.1.xlsx,T 20.05.w
RES,T_20.05.w,3.2,2022-12-31,,official,https://www.eba.europa.eu/risk-and-data-analysis/reporting/reporting-frameworks/reporting-framework-32,3.2.1 resolution-planning package,3.2_layouts.zip,Annotated Table Layout 321-P2-RES 3.2.1.xlsx,T 20.05.w
RES,T_20.05.x,3.1,2021-09-30,2022-12-31,official,https://www.eba.europa.eu/risk-and-data-analysis/reporting/reporting-frameworks/reporting-framework-31,Resolution reporting module-specific application 09/2021,3.1_layouts.zip,Annotated Table Layout 311-P2-RES 3.1.1.xlsx,T 20.05.x
RES,T_20.05.x,3.2,2022-12-31,,official,https://www.eba.europa.eu/risk-and-data-analysis/reporting/reporting-frameworks/reporting-framework-32,3.2.1 resolution-planning package,3.2_layouts.zip,Annotated Table Layout 321-P2-RES 3.2.1.xlsx,T 20.05.x
RES,T_20.05.y,3.1,2021-09-30,2022-12-31,official,https://www.eba.europa.eu/risk-and-data-analysis/reporting/reporting-frameworks/reporting-framework-31,Resolution reporting module-specific application 09/2021,3.1_layouts.zip,Annotated Table Layout 311-P2-RES 3.1.1.xlsx,T 20.05.y
RES,T_20.05.y,3.2,2022-12-31,,official,https://www.eba.europa.eu/risk-and-data-analysis/reporting/reporting-frameworks/reporting-framework-32,3.2.1 resolution-planning package,3.2_layouts.zip,Annotated Table Layout 321-P2-RES 3.2.1.xlsx,T 20.05.y
RES,T_30.00,2.9.1.1,2019-12-31,2020-12-31,baseline,https://www.eba.europa.eu/risk-and-data-analysis/reporting/reporting-frameworks/reporting-framework-29,Last complete pre-3.0 module layout available in the source archive,2.9.1.1_layouts.zip,Annotated Table Layout 290-RES 2.9.xlsx,T 30.00
RES,T_30.00,2.10,2020-12-31,2021-09-30,official,https://www.eba.europa.eu/risk-and-data-analysis/reporting/reporting-frameworks/reporting-framework-210,Resolution planning technical amendments applicable from 12/2020,2.10_layouts.zip,Annotated Table Layout 2100-P2-RES 2.10.xlsx,T 30.00
RES,T_30.00,3.1,2021-09-30,2022-12-31,official,https://www.eba.europa.eu/risk-and-data-analysis/reporting/reporting-frameworks/reporting-framework-31,Resolution reporting module-specific application 09/2021,3.1_layouts.zip,Annotated Table Layout 311-P2-RES 3.1.1.xlsx,T 30.00
RES,T_30.00,3.2,2022-12-31,,official,https://www.eba.europa.eu/risk-and-data-analysis/reporting/reporting-frameworks/reporting-framework-32,3.2.1 resolution-planning package,3.2_layouts.zip,Annotated Table Layout 321-P2-RES 3.2.1.xlsx,T 30.00
RES,T_31.00,2.9.1.1,2019-12-31,2020-12-31,baseline,https://www.eba.europa.eu/risk-and-data-analysis/reporting/reporting-frameworks/reporting-framework-29,Last complete pre-3.0 module layout available in the source archive,2.9.1.1_layouts.zip,Annotated Table Layout 290-RES 2.9.xlsx,T 31.00
RES,T_31.00,2.10,2020-12-31,2021-09-30,official,https://www.eba.europa.eu/risk-and-data-analysis/reporting/reporting-frameworks/reporting-framework-210,Resolution planning technical amendments applicable from 12/2020,2.10_layouts.zip,Annotated Table Layout 2100-P2-RES 2.10.xlsx,T 31.00
RES,T_31.00,3.1,2021-09-30,2022-12-31,official,https://www.eba.europa.eu/risk-and-data-analysis/reporting/reporting-frameworks/reporting-framework-31,Resolution reporting module-specific application 09/2021,3.1_layouts.zip,Annotated Table Layout 311-P2-RES 3.1.1.xlsx,T 31.00
RES,T_31.00,3.2,2022-12-31,,official,https://www.eba.europa.eu/risk-and-data-analysis/reporting/reporting-frameworks/reporting-framework-32,3.2.1 resolution-planning package,3.2_layouts.zip,Annotated Table Layout 321-P2-RES 3.2.1.xlsx,T 31.00
RES,T_32.00,2.9.1.1,2019-12-31,2020-12-31,baseline,https://www.eba.europa.eu/risk-and-data-analysis/reporting/reporting-frameworks/reporting-framework-29,Last complete pre-3.0 module layout available in the source archive,2.9.1.1_layouts.zip,Annotated Table Layout 290-RES 2.9.xlsx,T 32.00
RES,T_32.00,2.10,2020-12-31,2021-09-30,official,https://www.eba.europa.eu/risk-and-data-analysis/reporting/reporting-frameworks/reporting-framework-210,Resolution planning technical amendments applicable from 12/2020,2.10_layouts.zip,Annotated Table Layout 2100-P2-RES 2.10.xlsx,T 32.00
RES,T_32.00,3.1,2021-09-30,2022-12-31,official,https://www.eba.europa.eu/risk-and-data-analysis/reporting/reporting-frameworks/reporting-framework-31,Resolution reporting module-specific application 09/2021,3.1_layouts.zip,Annotated Table Layout 311-P2-RES 3.1.1.xlsx,T 32.00
RES,T_32.00,3.2,2022-12-31,,official,https://www.eba.europa.eu/risk-and-data-analysis/reporting/reporting-frameworks/reporting-framework-32,3.2.1 resolution-planning package,3.2_layouts.zip,Annotated Table Layout 321-P2-RES 3.2.1.xlsx,T 32.00
RES,T_33.00,2.9.1.1,2019-12-31,2020-12-31,baseline,https://www.eba.europa.eu/risk-and-data-analysis/reporting/reporting-frameworks/reporting-framework-29,Last complete pre-3.0 module layout available in the source archive,2.9.1.1_layouts.zip,Annotated Table Layout 290-RES 2.9.xlsx,T 33.00
RES,T_33.00,2.10,2020-12-31,2021-09-30,official,https://www.eba.europa.eu/risk-and-data-analysis/reporting/reporting-frameworks/reporting-framework-210,Resolution planning technical amendments applicable from 12/2020,2.10_layouts.zip,Annotated Table Layout 2100-P2-RES 2.10.xlsx,T 33.00
RES,T_33.00,3.1,2021-09-30,2022-12-31,official,https://www.eba.europa.eu/risk-and-data-analysis/reporting/reporting-frameworks/reporting-framework-31,Resolution reporting module-specific application 09/2021,3.1_layouts.zip,Annotated Table Layout 311-P2-RES 3.1.1.xlsx,T 33.00
RES,T_33.00,3.2,2022-12-31,,official,https://www.eba.europa.eu/risk-and-data-analysis/reporting/reporting-frameworks/reporting-framework-32,3.2.1 resolution-planning package,3.2_layouts.zip,Annotated Table Layout 321-P2-RES 3.2.1.xlsx,T 33.00
RES,T_98.00.a,2.9.1.1,2019-12-31,2020-12-31,baseline,https://www.eba.europa.eu/risk-and-data-analysis/reporting/reporting-frameworks/reporting-framework-29,Last complete pre-3.0 module layout available in the source archive,2.9.1.1_layouts.zip,Annotated Table Layout 290-RES 2.9.xlsx,T 98.00.a
RES,T_98.00.a,2.10,2020-12-31,2021-09-30,official,https://www.eba.europa.eu/risk-and-data-analysis/reporting/reporting-frameworks/reporting-framework-210,Resolution planning technical amendments applicable from 12/2020,2.10_layouts.zip,Annotated Table Layout 2100-P2-RES 2.10.xlsx,T 98.00.a
RES,T_98.00.a,3.1,2021-09-30,2022-12-31,official,https://www.eba.europa.eu/risk-and-data-analysis/reporting/reporting-frameworks/reporting-framework-31,Resolution reporting module-specific application 09/2021,3.1_layouts.zip,Annotated Table Layout 311-P2-RES 3.1.1.xlsx,T 98.00.a
RES,T_98.00.a,3.2,2022-12-31,,official,https://www.eba.europa.eu/risk-and-data-analysis/reporting/reporting-frameworks/reporting-framework-32,3.2.1 resolution-planning package,3.2_layouts.zip,Annotated Table Layout 321-P2-RES 3.2.1.xlsx,T 98.00.a
RES,T_98.00.b,2.9.1.1,2019-12-31,2020-12-31,baseline,https://www.eba.europa.eu/risk-and-data-analysis/reporting/reporting-frameworks/reporting-framework-29,Last complete pre-3.0 module layout available in the source archive,2.9.1.1_layouts.zip,Annotated Table Layout 290-RES 2.9.xlsx,T 98.00.b
RES,T_98.00.b,2.10,2020-12-31,2021-09-30,official,https://www.eba.europa.eu/risk-and-data-analysis/reporting/reporting-frameworks/reporting-framework-210,Resolution planning technical amendments applicable from 12/2020,2.10_layouts.zip,Annotated Table Layout 2100-P2-RES 2.10.xlsx,T 98.00.b
RES,T_98.00.b,3.1,2021-09-30,2022-12-31,official,https://www.eba.europa.eu/risk-and-data-analysis/reporting/reporting-frameworks/reporting-framework-31,Resolution reporting module-specific application 09/2021,3.1_layouts.zip,Annotated Table Layout 311-P2-RES 3.1.1.xlsx,T 98.00.b
RES,T_98.00.b,3.2,2022-12-31,,official,https://www.eba.europa.eu/risk-and-data-analysis/reporting/reporting-frameworks/reporting-framework-32,3.2.1 resolution-planning package,3.2_layouts.zip,Annotated Table Layout 321-P2-RES 3.2.1.xlsx,T 98.00.b
RES,T_99.00,2.9.1.1,2019-12-31,2020-12-31,baseline,https://www.eba.europa.eu/risk-and-data-analysis/reporting/reporting-frameworks/reporting-framework-29,Last complete pre-3.0 module layout available in the source archive,2.9.1.1_layouts.zip,Annotated Table Layout 290-RES 2.9.xlsx,T 99.00
RES,T_99.00,2.10,2020-12-31,2021-09-30,official,https://www.eba.europa.eu/risk-and-data-analysis/reporting/reporting-frameworks/reporting-framework-210,Resolution planning technical amendments applicable from 12/2020,2.10_layouts.zip,Annotated Table Layout 2100-P2-RES 2.10.xlsx,T 99.00
RES,T_99.00,3.1,2021-09-30,2022-12-31,official,https://www.eba.europa.eu/risk-and-data-analysis/reporting/reporting-frameworks/reporting-framework-31,Resolution reporting module-specific application 09/2021,3.1_layouts.zip,Annotated Table Layout 311-P2-RES 3.1.1.xlsx,T 99.00
RES,T_99.00,3.2,2022-12-31,,official,https://www.eba.europa.eu/risk-and-data-analysis/reporting/reporting-frameworks/reporting-framework-32,3.2.1 resolution-planning package,3.2_layouts.zip,Annotated Table Layout 321-P2-RES 3.2.1.xlsx,T 99.00
RES,Z_01.00,2.9.1.1,2019-12-31,2020-12-31,baseline,https://www.eba.europa.eu/risk-and-data-analysis/reporting/reporting-frameworks/reporting-framework-29,Last complete pre-3.0 module layout available in the source archive,2.9.1.1_layouts.zip,Annotated Table Layout 290-RES 2.9.xlsx,Z 01.00
RES,Z_01.00,2.10,2020-12-31,2021-09-30,official,https://www.eba.europa.eu/risk-and-data-analysis/reporting/reporting-frameworks/reporting-framework-210,Resolution planning technical amendments applicable from 12/2020,2.10_layouts.zip,Annotated Table Layout 2100-P2-RES 2.10.xlsx,Z 01.00
RES,Z_01.00,3.1,2021-09-30,2022-12-31,official,https://www.eba.europa.eu/risk-and-data-analysis/reporting/reporting-frameworks/reporting-framework-31,Resolution reporting module-specific application 09/2021,3.1_layouts.zip,Annotated Table Layout 311-P2-RES 3.1.1.xlsx,Z 01.00
RES,Z_01.00,3.2,2022-12-31,,official,https://www.eba.europa.eu/risk-and-data-analysis/reporting/reporting-frameworks/reporting-framework-32,3.2.1 resolution-planning package,3.2_layouts.zip,Annotated Table Layout 321-P2-RES 3.2.1.xlsx,Z 01.00
RES,Z_02.00,2.9.1.1,2019-12-31,2020-12-31,baseline,https://www.eba.europa.eu/risk-and-data-analysis/reporting/reporting-frameworks/reporting-framework-29,Last complete pre-3.0 module layout available in the source archive,2.9.1.1_layouts.zip,Annotated Table Layout 290-RES 2.9.xlsx,Z 02.00
RES,Z_02.00,2.10,2020-12-31,2021-09-30,official,https://www.eba.europa.eu/risk-and-data-analysis/reporting/reporting-frameworks/reporting-framework-210,Resolution planning technical amendments applicable from 12/2020,2.10_layouts.zip,Annotated Table Layout 2100-P2-RES 2.10.xlsx,Z 02.00
RES,Z_02.00,3.1,2021-09-30,2022-12-31,official,https://www.eba.europa.eu/risk-and-data-analysis/reporting/reporting-frameworks/reporting-framework-31,Resolution reporting module-specific application 09/2021,3.1_layouts.zip,Annotated Table Layout 311-P2-RES 3.1.1.xlsx,Z 02.00
RES,Z_02.00,3.2,2022-12-31,,official,https://www.eba.europa.eu/risk-and-data-analysis/reporting/reporting-frameworks/reporting-framework-32,3.2.1 resolution-planning package,3.2_layouts.zip,Annotated Table Layout 321-P2-RES 3.2.1.xlsx,Z 02.00
RES,Z_03.00,2.9.1.1,2019-12-31,2020-12-31,baseline,https://www.eba.europa.eu/risk-and-data-analysis/reporting/reporting-frameworks/reporting-framework-29,Last complete pre-3.0 module layout available in the source archive,2.9.1.1_layouts.zip,Annotated Table Layout 290-RES 2.9.xlsx,Z 03.00
RES,Z_03.00,2.10,2020-12-31,2021-09-30,official,https://www.eba.europa.eu/risk-and-data-analysis/reporting/reporting-frameworks/reporting-framework-210,Resolution planning technical amendments applicable from 12/2020,2.10_layouts.zip,Annotated Table Layout 2100-P2-RES 2.10.xlsx,Z 03.00
RES,Z_03.00,3.1,2021-09-30,2022-12-31,official,https://www.eba.europa.eu/risk-and-data-analysis/reporting/reporting-frameworks/reporting-framework-31,Resolution reporting module-specific application 09/2021,3.1_layouts.zip,Annotated Table Layout 311-P2-RES 3.1.1.xlsx,Z 03.00
RES,Z_03.00,3.2,2022-12-31,,official,https://www.eba.europa.eu/risk-and-data-analysis/reporting/reporting-frameworks/reporting-framework-32,3.2.1 resolution-planning package,3.2_layouts.zip,Annotated Table Layout 321-P2-RES 3.2.1.xlsx,Z 03.00
RES,Z_04.00,2.9.1.1,2019-12-31,2020-12-31,baseline,https://www.eba.europa.eu/risk-and-data-analysis/reporting/reporting-frameworks/reporting-framework-29,Last complete pre-3.0 module layout available in the source archive,2.9.1.1_layouts.zip,Annotated Table Layout 290-RES 2.9.xlsx,Z 04.00
RES,Z_04.00,2.10,2020-12-31,2021-09-30,official,https://www.eba.europa.eu/risk-and-data-analysis/reporting/reporting-frameworks/reporting-framework-210,Resolution planning technical amendments applicable from 12/2020,2.10_layouts.zip,Annotated Table Layout 2100-P2-RES 2.10.xlsx,Z 04.00
RES,Z_04.00,3.1,2021-09-30,2022-12-31,official,https://www.eba.europa.eu/risk-and-data-analysis/reporting/reporting-frameworks/reporting-framework-31,Resolution reporting module-specific application 09/2021,3.1_layouts.zip,Annotated Table Layout 311-P2-RES 3.1.1.xlsx,Z 04.00
RES,Z_04.00,3.2,2022-12-31,,official,https://www.eba.europa.eu/risk-and-data-analysis/reporting/reporting-frameworks/reporting-framework-32,3.2.1 resolution-planning package,3.2_layouts.zip,Annotated Table Layout 321-P2-RES 3.2.1.xlsx,Z 04.00
RES,Z_05.01,2.9.1.1,2019-12-31,2020-12-31,baseline,https://www.eba.europa.eu/risk-and-data-analysis/reporting/reporting-frameworks/reporting-framework-29,Last complete pre-3.0 module layout available in the source archive,2.9.1.1_layouts.zip,Annotated Table Layout 290-RES 2.9.xlsx,Z 05.01
RES,Z_05.01,2.10,2020-12-31,2021-09-30,official,https://www.eba.europa.eu/risk-and-data-analysis/reporting/reporting-frameworks/reporting-framework-210,Resolution planning technical amendments applicable from 12/2020,2.10_layouts.zip,Annotated Table Layout 2100-P2-RES 2.10.xlsx,Z 05.01
RES,Z_05.01,3.1,2021-09-30,2022-12-31,official,https://www.eba.europa.eu/risk-and-data-analysis/reporting/reporting-frameworks/reporting-framework-31,Resolution reporting module-specific application 09/2021,3.1_layouts.zip,Annotated Table Layout 311-P2-RES 3.1.1.xlsx,Z 05.01
RES,Z_05.01,3.2,2022-12-31,,official,https://www.eba.europa.eu/risk-and-data-analysis/reporting/reporting-frameworks/reporting-framework-32,3.2.1 resolution-planning package,3.2_layouts.zip,Annotated Table Layout 321-P2-RES 3.2.1.xlsx,Z 05.01
RES,Z_05.02,2.9.1.1,2019-12-31,2020-12-31,baseline,https://www.eba.europa.eu/risk-and-data-analysis/reporting/reporting-frameworks/reporting-framework-29,Last complete pre-3.0 module layout available in the source archive,2.9.1.1_layouts.zip,Annotated Table Layout 290-RES 2.9.xlsx,Z 05.02
RES,Z_05.02,2.10,2020-12-31,2021-09-30,official,https://www.eba.europa.eu/risk-and-data-analysis/reporting/reporting-frameworks/reporting-framework-210,Resolution planning technical amendments applicable from 12/2020,2.10_layouts.zip,Annotated Table Layout 2100-P2-RES 2.10.xlsx,Z 05.02
RES,Z_05.02,3.1,2021-09-30,2022-12-31,official,https://www.eba.europa.eu/risk-and-data-analysis/reporting/reporting-frameworks/reporting-framework-31,Resolution reporting module-specific application 09/2021,3.1_layouts.zip,Annotated Table Layout 311-P2-RES 3.1.1.xlsx,Z 05.02
RES,Z_05.02,3.2,2022-12-31,,official,https://www.eba.europa.eu/risk-and-data-analysis/reporting/reporting-frameworks/reporting-framework-32,3.2.1 resolution-planning package,3.2_layouts.zip,Annotated Table Layout 321-P2-RES 3.2.1.xlsx,Z 05.02
RES,Z_06.00,2.9.1.1,2019-12-31,2020-12-31,baseline,https://www.eba.europa.eu/risk-and-data-analysis/reporting/reporting-frameworks/reporting-framework-29,Last complete pre-3.0 module layout available in the source archive,2.9.1.1_layouts.zip,Annotated Table Layout 290-RES 2.9.xlsx,Z 06.00
RES,Z_06.00,2.10,2020-12-31,2021-09-30,official,https://www.eba.europa.eu/risk-and-data-analysis/reporting/reporting-frameworks/reporting-framework-210,Resolution planning technical amendments applicable from 12/2020,2.10_layouts.zip,Annotated Table Layout 2100-P2-RES 2.10.xlsx,Z 06.00
RES,Z_06.00,3.1,2021-09-30,2022-12-31,official,https://www.eba.europa.eu/risk-and-data-analysis/reporting/reporting-frameworks/reporting-framework-31,Resolution reporting module-specific application 09/2021,3.1_layouts.zip,Annotated Table Layout 311-P2-RES 3.1.1.xlsx,Z 06.00
RES,Z_06.00,3.2,2022-12-31,,official,https://www.eba.europa.eu/risk-and-data-analysis/reporting/reporting-frameworks/reporting-framework-32,3.2.1 resolution-planning package,3.2_layouts.zip,Annotated Table Layout 321-P2-RES 3.2.1.xlsx,Z 06.00
RES,Z_07.01.a,2.9.1.1,2019-12-31,2020-12-31,baseline,https://www.eba.europa.eu/risk-and-data-analysis/reporting/reporting-frameworks/reporting-framework-29,Last complete pre-3.0 module layout available in the source archive,2.9.1.1_layouts.zip,Annotated Table Layout 290-RES 2.9.xlsx,Z 07.01.a
RES,Z_07.01.a,2.10,2020-12-31,2021-09-30,official,https://www.eba.europa.eu/risk-and-data-analysis/reporting/reporting-frameworks/reporting-framework-210,Resolution planning technical amendments applicable from 12/2020,2.10_layouts.zip,Annotated Table Layout 2100-P2-RES 2.10.xlsx,Z 07.01.a
RES,Z_07.01.a,3.1,2021-09-30,2022-12-31,official,https://www.eba.europa.eu/risk-and-data-analysis/reporting/reporting-frameworks/reporting-framework-31,Resolution reporting module-specific application 09/2021,3.1_layouts.zip,Annotated Table Layout 311-P2-RES 3.1.1.xlsx,Z 07.01.a
RES,Z_07.01.a,3.2,2022-12-31,,official,https://www.eba.europa.eu/risk-and-data-analysis/reporting/reporting-frameworks/reporting-framework-32,3.2.1 resolution-planning package,3.2_layouts.zip,Annotated Table Layout 321-P2-RES 3.2.1.xlsx,Z 07.01.a
RES,Z_07.01.b,2.9.1.1,2019-12-31,2020-12-31,baseline,https://www.eba.europa.eu/risk-and-data-analysis/reporting/reporting-frameworks/reporting-framework-29,Last complete pre-3.0 module layout available in the source archive,2.9.1.1_layouts.zip,Annotated Table Layout 290-RES 2.9.xlsx,Z 07.01.b
RES,Z_07.01.b,2.10,2020-12-31,2021-09-30,official,https://www.eba.europa.eu/risk-and-data-analysis/reporting/reporting-frameworks/reporting-framework-210,Resolution planning technical amendments applicable from 12/2020,2.10_layouts.zip,Annotated Table Layout 2100-P2-RES 2.10.xlsx,Z 07.01.b
RES,Z_07.01.b,3.1,2021-09-30,2022-12-31,official,https://www.eba.europa.eu/risk-and-data-analysis/reporting/reporting-frameworks/reporting-framework-31,Resolution reporting module-specific application 09/2021,3.1_layouts.zip,Annotated Table Layout 311-P2-RES 3.1.1.xlsx,Z 07.01.b
RES,Z_07.01.b,3.2,2022-12-31,,official,https://www.eba.europa.eu/risk-and-data-analysis/reporting/reporting-frameworks/reporting-framework-32,3.2.1 resolution-planning package,3.2_layouts.zip,Annotated Table Layout 321-P2-RES 3.2.1.xlsx,Z 07.01.b
RES,Z_07.01.c,2.9.1.1,2019-12-31,2020-12-31,baseline,https://www.eba.europa.eu/risk-and-data-analysis/reporting/reporting-frameworks/reporting-framework-29,Last complete pre-3.0 module layout available in the source archive,2.9.1.1_layouts.zip,Annotated Table Layout 290-RES 2.9.xlsx,Z 07.01.c
RES,Z_07.01.c,2.10,2020-12-31,2021-09-30,official,https://www.eba.europa.eu/risk-and-data-analysis/reporting/reporting-frameworks/reporting-framework-210,Resolution planning technical amendments applicable from 12/2020,2.10_layouts.zip,Annotated Table Layout 2100-P2-RES 2.10.xlsx,Z 07.01.c
RES,Z_07.01.c,3.1,2021-09-30,2022-12-31,official,https://www.eba.europa.eu/risk-and-data-analysis/reporting/reporting-frameworks/reporting-framework-31,Resolution reporting module-specific application 09/2021,3.1_layouts.zip,Annotated Table Layout 311-P2-RES 3.1.1.xlsx,Z 07.01.c
RES,Z_07.01.c,3.2,2022-12-31,,official,https://www.eba.europa.eu/risk-and-data-analysis/reporting/reporting-frameworks/reporting-framework-32,3.2.1 resolution-planning package,3.2_layouts.zip,Annotated Table Layout 321-P2-RES 3.2.1.xlsx,Z 07.01.c
RES,Z_07.02,2.9.1.1,2019-12-31,2020-12-31,baseline,https://www.eba.europa.eu/risk-and-data-analysis/reporting/reporting-frameworks/reporting-framework-29,Last complete pre-3.0 module layout available in the source archive,2.9.1.1_layouts.zip,Annotated Table Layout 290-RES 2.9.xlsx,Z 07.02
RES,Z_07.02,2.10,2020-12-31,2021-09-30,official,https://www.eba.europa.eu/risk-and-data-analysis/reporting/reporting-frameworks/reporting-framework-210,Resolution planning technical amendments applicable from 12/2020,2.10_layouts.zip,Annotated Table Layout 2100-P2-RES 2.10.xlsx,Z 07.02
RES,Z_07.02,3.1,2021-09-30,2022-12-31,official,https://www.eba.europa.eu/risk-and-data-analysis/reporting/reporting-frameworks/reporting-framework-31,Resolution reporting module-specific application 09/2021,3.1_layouts.zip,Annotated Table Layout 311-P2-RES 3.1.1.xlsx,Z 07.02
RES,Z_07.02,3.2,2022-12-31,,official,https://www.eba.europa.eu/risk-and-data-analysis/reporting/reporting-frameworks/reporting-framework-32,3.2.1 resolution-planning package,3.2_layouts.zip,Annotated Table Layout 321-P2-RES 3.2.1.xlsx,Z 07.02
RES,Z_07.03,2.9.1.1,2019-12-31,2020-12-31,baseline,https://www.eba.europa.eu/risk-and-data-analysis/reporting/reporting-frameworks/reporting-framework-29,Last complete pre-3.0 module layout available in the source archive,2.9.1.1_layouts.zip,Annotated Table Layout 290-RES 2.9.xlsx,Z 07.03
RES,Z_07.03,2.10,2020-12-31,2021-09-30,official,https://www.eba.europa.eu/risk-and-data-analysis/reporting/reporting-frameworks/reporting-framework-210,Resolution planning technical amendments applicable from 12/2020,2.10_layouts.zip,Annotated Table Layout 2100-P2-RES 2.10.xlsx,Z 07.03
RES,Z_07.03,3.1,2021-09-30,2022-12-31,official,https://www.eba.europa.eu/risk-and-data-analysis/reporting/reporting-frameworks/reporting-framework-31,Resolution reporting module-specific application 09/2021,3.1_layouts.zip,Annotated Table Layout 311-P2-RES 3.1.1.xlsx,Z 07.03
RES,Z_07.03,3.2,2022-12-31,,official,https://www.eba.europa.eu/risk-and-data-analysis/reporting/reporting-frameworks/reporting-framework-32,3.2.1 resolution-planning package,3.2_layouts.zip,Annotated Table Layout 321-P2-RES 3.2.1.xlsx,Z 07.03
RES,Z_07.04,2.9.1.1,2019-12-31,2020-12-31,baseline,https://www.eba.europa.eu/risk-and-data-analysis/reporting/reporting-frameworks/reporting-framework-29,Last complete pre-3.0 module layout available in the source archive,2.9.1.1_layouts.zip,Annotated Table Layout 290-RES 2.9.xlsx,Z 07.04
RES,Z_07.04,2.10,2020-12-31,2021-09-30,official,https://www.eba.europa.eu/risk-and-data-analysis/reporting/reporting-frameworks/reporting-framework-210,Resolution planning technical amendments applicable from 12/2020,2.10_layouts.zip,Annotated Table Layout 2100-P2-RES 2.10.xlsx,Z 07.04
RES,Z_07.04,3.1,2021-09-30,2022-12-31,official,https://www.eba.europa.eu/risk-and-data-analysis/reporting/reporting-frameworks/reporting-framework-31,Resolution reporting module-specific application 09/2021,3.1_layouts.zip,Annotated Table Layout 311-P2-RES 3.1.1.xlsx,Z 07.04
RES,Z_07.04,3.2,2022-12-31,,official,https://www.eba.europa.eu/risk-and-data-analysis/reporting/reporting-frameworks/reporting-framework-32,3.2.1 resolution-planning package,3.2_layouts.zip,Annotated Table Layout 321-P2-RES 3.2.1.xlsx,Z 07.04
RES,Z_08.00,2.9.1.1,2019-12-31,2020-12-31,baseline,https://www.eba.europa.eu/risk-and-data-analysis/reporting/reporting-frameworks/reporting-framework-29,Last complete pre-3.0 module layout available in the source archive,2.9.1.1_layouts.zip,Annotated Table Layout 290-RES 2.9.xlsx,Z 08.00
RES,Z_08.00,2.10,2020-12-31,2021-09-30,official,https://www.eba.europa.eu/risk-and-data-analysis/reporting/reporting-frameworks/reporting-framework-210,Resolution planning technical amendments applicable from 12/2020,2.10_layouts.zip,Annotated Table Layout 2100-P2-RES 2.10.xlsx,Z 08.00
RES,Z_08.00,3.1,2021-09-30,2022-12-31,official,https://www.eba.europa.eu/risk-and-data-analysis/reporting/reporting-frameworks/reporting-framework-31,Resolution reporting module-specific application 09/2021,3.1_layouts.zip,Annotated Table Layout 311-P2-RES 3.1.1.xlsx,Z 08.00
RES,Z_08.00,3.2,2022-12-31,,official,https://www.eba.europa.eu/risk-and-data-analysis/reporting/reporting-frameworks/reporting-framework-32,3.2.1 resolution-planning package,3.2_layouts.zip,Annotated Table Layout 321-P2-RES 3.2.1.xlsx,Z 08.00
RES,Z_09.00,2.9.1.1,2019-12-31,2020-12-31,baseline,https://www.eba.europa.eu/risk-and-data-analysis/reporting/reporting-frameworks/reporting-framework-29,Last complete pre-3.0 module layout available in the source archive,2.9.1.1_layouts.zip,Annotated Table Layout 290-RES 2.9.xlsx,Z 09.00
RES,Z_09.00,2.10,2020-12-31,2021-09-30,official,https://www.eba.europa.eu/risk-and-data-analysis/reporting/reporting-frameworks/reporting-framework-210,Resolution planning technical amendments applicable from 12/2020,2.10_layouts.zip,Annotated Table Layout 2100-P2-RES 2.10.xlsx,Z 09.00
RES,Z_09.00,3.1,2021-09-30,2022-12-31,official,https://www.eba.europa.eu/risk-and-data-analysis/reporting/reporting-frameworks/reporting-framework-31,Resolution reporting module-specific application 09/2021,3.1_layouts.zip,Annotated Table Layout 311-P2-RES 3.1.1.xlsx,Z 09.00
RES,Z_09.00,3.2,2022-12-31,,official,https://www.eba.europa.eu/risk-and-data-analysis/reporting/reporting-frameworks/reporting-framework-32,3.2.1 resolution-planning package,3.2_layouts.zip,Annotated Table Layout 321-P2-RES 3.2.1.xlsx,Z 09.00
RES,Z_10.01,2.9.1.1,2019-12-31,2020-12-31,baseline,https://www.eba.europa.eu/risk-and-data-analysis/reporting/reporting-frameworks/reporting-framework-29,Last complete pre-3.0 module layout available in the source archive,2.9.1.1_layouts.zip,Annotated Table Layout 290-RES 2.9.xlsx,Z 10.01
RES,Z_10.01,2.10,2020-12-31,2021-09-30,official,https://www.eba.europa.eu/risk-and-data-analysis/reporting/reporting-frameworks/reporting-framework-210,Resolution planning technical amendments applicable from 12/2020,2.10_layouts.zip,Annotated Table Layout 2100-P2-RES 2.10.xlsx,Z 10.01
RES,Z_10.01,3.1,2021-09-30,2022-12-31,official,https://www.eba.europa.eu/risk-and-data-analysis/reporting/reporting-frameworks/reporting-framework-31,Resolution reporting module-specific application 09/2021,3.1_layouts.zip,Annotated Table Layout 311-P2-RES 3.1.1.xlsx,Z 10.01
RES,Z_10.01,3.2,2022-12-31,,official,https://www.eba.europa.eu/risk-and-data-analysis/reporting/reporting-frameworks/reporting-framework-32,3.2.1 resolution-planning package,3.2_layouts.zip,Annotated Table Layout 321-P2-RES 3.2.1.xlsx,Z 10.01
RES,Z_10.02,2.9.1.1,2019-12-31,2020-12-31,baseline,https://www.eba.europa.eu/risk-and-data-analysis/reporting/reporting-frameworks/reporting-framework-29,Last complete pre-3.0 module layout available in the source archive,2.9.1.1_layouts.zip,Annotated Table Layout 290-RES 2.9.xlsx,Z 10.02
RES,Z_10.02,2.10,2020-12-31,2021-09-30,official,https://www.eba.europa.eu/risk-and-data-analysis/reporting/reporting-frameworks/reporting-framework-210,Resolution planning technical amendments applicable from 12/2020,2.10_layouts.zip,Annotated Table Layout 2100-P2-RES 2.10.xlsx,Z 10.02
RES,Z_10.02,3.1,2021-09-30,2022-12-31,official,https://www.eba.europa.eu/risk-and-data-analysis/reporting/reporting-frameworks/reporting-framework-31,Resolution reporting module-specific application 09/2021,3.1_layouts.zip,Annotated Table Layout 311-P2-RES 3.1.1.xlsx,Z 10.02
RES,Z_10.02,3.2,2022-12-31,,official,https://www.eba.europa.eu/risk-and-data-analysis/reporting/reporting-frameworks/reporting-framework-32,3.2.1 resolution-planning package,3.2_layouts.zip,Annotated Table Layout 321-P2-RES 3.2.1.xlsx,Z 10.02
RESOL1,Z_01.01,4.2,2025-12-31,,official,https://www.eba.europa.eu/risk-and-data-analysis/reporting-frameworks/reporting-framework-42,Resolution planning first reference date 12/2025,4.2_layouts.zip,260106 Annotated templates/RES/20260106 Annotated Table Layout  RES 4.2 RESOL1RES 4.2.xlsx,Z_01.01
RESOL1,Z_01.02,4.2,2025-12-31,,official,https://www.eba.europa.eu/risk-and-data-analysis/reporting-frameworks/reporting-framework-42,Resolution planning first reference date 12/2025,4.2_layouts.zip,260106 Annotated templates/RES/20260106 Annotated Table Layout  RES 4.2 RESOL1RES 4.2.xlsx,Z_01.02
RESOL1,Z_02.00.a,4.2,2025-12-31,,official,https://www.eba.europa.eu/risk-and-data-analysis/reporting-frameworks/reporting-framework-42,Resolution planning first reference date 12/2025,4.2_layouts.zip,260106 Annotated templates/RES/20260106 Annotated Table Layout  RES 4.2 RESOL1RES 4.2.xlsx,Z_02.00.a
RESOL1,Z_02.00.b,4.2,2025-12-31,,official,https://www.eba.europa.eu/risk-and-data-analysis/reporting-frameworks/reporting-framework-42,Resolution planning first reference date 12/2025,4.2_layouts.zip,260106 Annotated templates/RES/20260106 Annotated Table Layout  RES 4.2 RESOL1RES 4.2.xlsx,Z_02.00.b
RESOL1,Z_03.01,4.2,2025-12-31,,official,https://www.eba.europa.eu/risk-and-data-analysis/reporting-frameworks/reporting-framework-42,Resolution planning first reference date 12/2025,4.2_layouts.zip,260106 Annotated templates/RES/20260106 Annotated Table Layout  RES 4.2 RESOL1RES 4.2.xlsx,Z_03.01
RESOL1,Z_03.02,4.2,2025-12-31,,official,https://www.eba.europa.eu/risk-and-data-analysis/reporting-frameworks/reporting-framework-42,Resolution planning first reference date 12/2025,4.2_layouts.zip,260106 Annotated templates/RES/20260106 Annotated Table Layout  RES 4.2 RESOL1RES 4.2.xlsx,Z_03.02
RESOL1,Z_04.00,4.2,2025-12-31,,official,https://www.eba.europa.eu/risk-and-data-analysis/reporting-frameworks/reporting-framework-42,Resolution planning first reference date 12/2025,4.2_layouts.zip,260106 Annotated templates/RES/20260106 Annotated Table Layout  RES 4.2 RESOL1RES 4.2.xlsx,Z_04.00
RESOL1,Z_05.01,4.2,2025-12-31,,official,https://www.eba.europa.eu/risk-and-data-analysis/reporting-frameworks/reporting-framework-42,Resolution planning first reference date 12/2025,4.2_layouts.zip,260106 Annotated templates/RES/20260106 Annotated Table Layout  RES 4.2 RESOL1RES 4.2.xlsx,Z_05.01
RESOL1,Z_05.02,4.2,2025-12-31,,official,https://www.eba.europa.eu/risk-and-data-analysis/reporting-frameworks/reporting-framework-42,Resolution planning first reference date 12/2025,4.2_layouts.zip,260106 Annotated templates/RES/20260106 Annotated Table Layout  RES 4.2 RESOL1RES 4.2.xlsx,Z_05.02
RESOL1,Z_06.00,4.2,2025-12-31,,official,https://www.eba.europa.eu/risk-and-data-analysis/reporting-frameworks/reporting-framework-42,Resolution planning first reference date 12/2025,4.2_layouts.zip,260106 Annotated templates/RES/20260106 Annotated Table Layout  RES 4.2 RESOL1RES 4.2.xlsx,Z_06.00
RESOL1,Z_11.00,4.2,2025-12-31,,official,https://www.eba.europa.eu/risk-and-data-analysis/reporting-frameworks/reporting-framework-42,Resolution planning first reference date 12/2025,4.2_layouts.zip,260106 Annotated templates/RES/20260106 Annotated Table Layout  RES 4.2 RESOL1RES 4.2.xlsx,Z_11.00
RESOL1,Z_12.00,4.2,2025-12-31,,official,https://www.eba.europa.eu/risk-and-data-analysis/reporting-frameworks/reporting-framework-42,Resolution planning first reference date 12/2025,4.2_layouts.zip,260106 Annotated templates/RES/20260106 Annotated Table Layout  RES 4.2 RESOL1RES 4.2.xlsx,Z_12.00
RESOL1,Z_13.00,4.2,2025-12-31,,official,https://www.eba.europa.eu/risk-and-data-analysis/reporting-frameworks/reporting-framework-42,Resolution planning first reference date 12/2025,4.2_layouts.zip,260106 Annotated templates/RES/20260106 Annotated Table Layout  RES 4.2 RESOL1RES 4.2.xlsx,Z_13.00
RESOL1,Z_14.00,4.2,2025-12-31,,official,https://www.eba.europa.eu/risk-and-data-analysis/reporting-frameworks/reporting-framework-42,Resolution planning first reference date 12/2025,4.2_layouts.zip,260106 Annotated templates/RES/20260106 Annotated Table Layout  RES 4.2 RESOL1RES 4.2.xlsx,Z_14.00
RESOL1,Z_15.00,4.2,2025-12-31,,official,https://www.eba.europa.eu/risk-and-data-analysis/reporting-frameworks/reporting-framework-42,Resolution planning first reference date 12/2025,4.2_layouts.zip,260106 Annotated templates/RES/20260106 Annotated Table Layout  RES 4.2 RESOL1RES 4.2.xlsx,Z_15.00
RESOL1,Z_16.00,4.2,2025-12-31,,official,https://www.eba.europa.eu/risk-and-data-analysis/reporting-frameworks/reporting-framework-42,Resolution planning first reference date 12/2025,4.2_layouts.zip,260106 Annotated templates/RES/20260106 Annotated Table Layout  RES 4.2 RESOL1RES 4.2.xlsx,Z_16.00
RESOL1,Z_17.00,4.2,2025-12-31,,official,https://www.eba.europa.eu/risk-and-data-analysis/reporting-frameworks/reporting-framework-42,Resolution planning first reference date 12/2025,4.2_layouts.zip,260106 Annotated templates/RES/20260106 Annotated Table Layout  RES 4.2 RESOL1RES 4.2.xlsx,Z_17.00
RESOL2,Z_07.01.1,4.2,2025-12-31,,official,https://www.eba.europa.eu/risk-and-data-analysis/reporting-frameworks/reporting-framework-42,Resolution planning first reference date 12/2025,4.2_layouts.zip,260106 Annotated templates/RES/20260106 Annotated Table Layout  RES 4.2 RESOL2RES 4.2.xlsx,Z_07.01.1
RESOL2,Z_07.01.2,4.2,2025-12-31,,official,https://www.eba.europa.eu/risk-and-data-analysis/reporting-frameworks/reporting-framework-42,Resolution planning first reference date 12/2025,4.2_layouts.zip,260106 Annotated templates/RES/20260106 Annotated Table Layout  RES 4.2 RESOL2RES 4.2.xlsx,Z_07.01.2
RESOL2,Z_07.01.3.a,4.2,2025-12-31,,official,https://www.eba.europa.eu/risk-and-data-analysis/reporting-frameworks/reporting-framework-42,Resolution planning first reference date 12/2025,4.2_layouts.zip,260106 Annotated templates/RES/20260106 Annotated Table Layout  RES 4.2 RESOL2RES 4.2.xlsx,Z_07.01.3.a
RESOL2,Z_07.01.3.b,4.2,2025-12-31,,official,https://www.eba.europa.eu/risk-and-data-analysis/reporting-frameworks/reporting-framework-42,Resolution planning first reference date 12/2025,4.2_layouts.zip,260106 Annotated templates/RES/20260106 Annotated Table Layout  RES 4.2 RESOL2RES 4.2.xlsx,Z_07.01.3.b
RESOL2,Z_07.01.3.c,4.2,2025-12-31,,official,https://www.eba.europa.eu/risk-and-data-analysis/reporting-frameworks/reporting-framework-42,Resolution planning first reference date 12/2025,4.2_layouts.zip,260106 Annotated templates/RES/20260106 Annotated Table Layout  RES 4.2 RESOL2RES 4.2.xlsx,Z_07.01.3.c
RESOL2,Z_07.01.4,4.2,2025-12-31,,official,https://www.eba.europa.eu/risk-and-data-analysis/reporting-frameworks/reporting-framework-42,Resolution planning first reference date 12/2025,4.2_layouts.zip,260106 Annotated templates/RES/20260106 Annotated Table Layout  RES 4.2 RESOL2RES 4.2.xlsx,Z_07.01.4
RESOL2,Z_07.01.5.a,4.2,2025-12-31,,official,https://www.eba.europa.eu/risk-and-data-analysis/reporting-frameworks/reporting-framework-42,Resolution planning first reference date 12/2025,4.2_layouts.zip,260106 Annotated templates/RES/20260106 Annotated Table Layout  RES 4.2 RESOL2RES 4.2.xlsx,Z_07.01.5.a
RESOL2,Z_07.01.5.b,4.2,2025-12-31,,official,https://www.eba.europa.eu/risk-and-data-analysis/reporting-frameworks/reporting-framework-42,Resolution planning first reference date 12/2025,4.2_layouts.zip,260106 Annotated templates/RES/20260106 Annotated Table Layout  RES 4.2 RESOL2RES 4.2.xlsx,Z_07.01.5.b
RESOL2,Z_07.01.5.c,4.2,2025-12-31,,official,https://www.eba.europa.eu/risk-and-data-analysis/reporting-frameworks/reporting-framework-42,Resolution planning first reference date 12/2025,4.2_layouts.zip,260106 Annotated templates/RES/20260106 Annotated Table Layout  RES 4.2 RESOL2RES 4.2.xlsx,Z_07.01.5.c
RESOL2,Z_07.02,4.2,2025-12-31,,official,https://www.eba.europa.eu/risk-and-data-analysis/reporting-frameworks/reporting-framework-42,Resolution planning first reference date 12/2025,4.2_layouts.zip,260106 Annotated templates/RES/20260106 Annotated Table Layout  RES 4.2 RESOL2RES 4.2.xlsx,Z_07.02
RESOL2,Z_07.03,4.2,2025-12-31,,official,https://www.eba.europa.eu/risk-and-data-analysis/reporting-frameworks/reporting-framework-42,Resolution planning first reference date 12/2025,4.2_layouts.zip,260106 Annotated templates/RES/20260106 Annotated Table Layout  RES 4.2 RESOL2RES 4.2.xlsx,Z_07.03
RESOL2,Z_07.04,4.2,2025-12-31,,official,https://www.eba.europa.eu/risk-and-data-analysis/reporting-frameworks/reporting-framework-42,Resolution planning first reference date 12/2025,4.2_layouts.zip,260106 Annotated templates/RES/20260106 Annotated Table Layout  RES 4.2 RESOL2RES 4.2.xlsx,Z_07.04
RESOL2,Z_08.01,4.2,2025-12-31,,official,https://www.eba.europa.eu/risk-and-data-analysis/reporting-frameworks/reporting-framework-42,Resolution planning first reference date 12/2025,4.2_layouts.zip,260106 Annotated templates/RES/20260106 Annotated Table Layout  RES 4.2 RESOL2RES 4.2.xlsx,Z_08.01
RESOL2,Z_08.02,4.2,2025-12-31,,official,https://www.eba.europa.eu/risk-and-data-analysis/reporting-frameworks/reporting-framework-42,Resolution planning first reference date 12/2025,4.2_layouts.zip,260106 Annotated templates/RES/20260106 Annotated Table Layout  RES 4.2 RESOL2RES 4.2.xlsx,Z_08.02
RESOL2,Z_08.03,4.2,2025-12-31,,official,https://www.eba.europa.eu/risk-and-data-analysis/reporting-frameworks/reporting-framework-42,Resolution planning first reference date 12/2025,4.2_layouts.zip,260106 Annotated templates/RES/20260106 Annotated Table Layout  RES 4.2 RESOL2RES 4.2.xlsx,Z_08.03
RESOL2,Z_08.04,4.2,2025-12-31,,official,https://www.eba.europa.eu/risk-and-data-analysis/reporting-frameworks/reporting-framework-42,Resolution planning first reference date 12/2025,4.2_layouts.zip,260106 Annotated templates/RES/20260106 Annotated Table Layout  RES 4.2 RESOL2RES 4.2.xlsx,Z_08.04
RESOL2,Z_08.05,4.2,2025-12-31,,official,https://www.eba.europa.eu/risk-and-data-analysis/reporting-frameworks/reporting-framework-42,Resolution planning first reference date 12/2025,4.2_layouts.zip,260106 Annotated templates/RES/20260106 Annotated Table Layout  RES 4.2 RESOL2RES 4.2.xlsx,Z_08.05
RESOL2,Z_09.01,4.2,2025-12-31,,official,https://www.eba.europa.eu/risk-and-data-analysis/reporting-frameworks/reporting-framework-42,Resolution planning first reference date 12/2025,4.2_layouts.zip,260106 Annotated templates/RES/20260106 Annotated Table Layout  RES 4.2 RESOL2RES 4.2.xlsx,Z_09.01
RESOL2,Z_09.02,4.2,2025-12-31,,official,https://www.eba.europa.eu/risk-and-data-analysis/reporting-frameworks/reporting-framework-42,Resolution planning first reference date 12/2025,4.2_layouts.zip,260106 Annotated templates/RES/20260106 Annotated Table Layout  RES 4.2 RESOL2RES 4.2.xlsx,Z_09.02
RESOL2,Z_09.03,4.2,2025-12-31,,official,https://www.eba.europa.eu/risk-and-data-analysis/reporting-frameworks/reporting-framework-42,Resolution planning first reference date 12/2025,4.2_layouts.zip,260106 Annotated templates/RES/20260106 Annotated Table Layout  RES 4.2 RESOL2RES 4.2.xlsx,Z_09.03
RESOL2,Z_09.04,4.2,2025-12-31,,official,https://www.eba.europa.eu/risk-and-data-analysis/reporting-frameworks/reporting-framework-42,Resolution planning first reference date 12/2025,4.2_layouts.zip,260106 Annotated templates/RES/20260106 Annotated Table Layout  RES 4.2 RESOL2RES 4.2.xlsx,Z_09.04
SBP,C_101.00,2.9.1.1,2019-12-31,2020-12-31,baseline,https://www.eba.europa.eu/risk-and-data-analysis/reporting/reporting-frameworks/reporting-framework-29,Last complete pre-3.0 module layout available in the source archive,2.9.1.1_layouts.zip,Annotated Table Layout 290-P2-SBP 2.9.xlsx,C 101.00
SBP,C_101.00,2.10,2020-12-31,2021-09-30,official,https://www.eba.europa.eu/risk-and-data-analysis/reporting/reporting-frameworks/reporting-framework-210,Other Supervisory Benchmarking templates first apply from 12/2020,2.10_layouts.zip,Annotated Table Layout 2100-P2-SBP 2.10.xlsx,C 101.00
SBP,C_101.00,3.1,2021-09-30,2022-12-31,official,https://www.eba.europa.eu/risk-and-data-analysis/reporting/reporting-frameworks/reporting-framework-31,Supervisory benchmarking module-specific application 09/2021,3.1_layouts.zip,Annotated Table Layout 311-P2-SBP 3.1.1.xlsx,C 101.00
SBP,C_101.00,3.2,2022-12-31,2023-09-30,official,https://www.eba.europa.eu/risk-and-data-analysis/reporting/reporting-frameworks/reporting-framework-32,Other supervisory benchmarking template families first reference date 12/2022,3.2_layouts.zip,Annotated Table Layout 321-P2-SBP 3.2.1.xlsx,C 101.00
SBP,C_101.00,3.3,2023-09-30,,official,https://www.eba.europa.eu/risk-and-data-analysis/reporting/reporting-frameworks/reporting-framework-33,Supervisory Benchmarking first reference date 09/2023,3.3_layouts.zip,Annotated Table Layout 331-P1-IWD1-SBP 3.3.1.xlsx,C 101.00
SBP,C_102.00,2.9.1.1,2019-12-31,2020-12-31,baseline,https://www.eba.europa.eu/risk-and-data-analysis/reporting/reporting-frameworks/reporting-framework-29,Last complete pre-3.0 module layout available in the source archive,2.9.1.1_layouts.zip,Annotated Table Layout 290-P2-SBP 2.9.xlsx,C 102.00
SBP,C_102.00,2.10,2020-12-31,2021-09-30,official,https://www.eba.europa.eu/risk-and-data-analysis/reporting/reporting-frameworks/reporting-framework-210,Other Supervisory Benchmarking templates first apply from 12/2020,2.10_layouts.zip,Annotated Table Layout 2100-P2-SBP 2.10.xlsx,C 102.00
SBP,C_102.00,3.1,2021-09-30,2022-12-31,official,https://www.eba.europa.eu/risk-and-data-analysis/reporting/reporting-frameworks/reporting-framework-31,Supervisory benchmarking module-specific application 09/2021,3.1_layouts.zip,Annotated Table Layout 311-P2-SBP 3.1.1.xlsx,C 102.00
SBP,C_102.00,3.2,2022-12-31,2023-09-30,official,https://www.eba.europa.eu/risk-and-data-analysis/reporting/reporting-frameworks/reporting-framework-32,Other supervisory benchmarking template families first reference date 12/2022,3.2_layouts.zip,Annotated Table Layout 321-P2-SBP 3.2.1.xlsx,C 102.00
SBP,C_102.00,3.3,2023-09-30,,official,https://www.eba.europa.eu/risk-and-data-analysis/reporting/reporting-frameworks/reporting-framework-33,Supervisory Benchmarking first reference date 09/2023,3.3_layouts.zip,Annotated Table Layout 331-P1-IWD1-SBP 3.3.1.xlsx,C 102.00
SBP,C_103.00,2.9.1.1,2019-12-31,2020-12-31,baseline,https://www.eba.europa.eu/risk-and-data-analysis/reporting/reporting-frameworks/reporting-framework-29,Last complete pre-3.0 module layout available in the source archive,2.9.1.1_layouts.zip,Annotated Table Layout 290-P2-SBP 2.9.xlsx,C 103.00
SBP,C_103.00,2.10,2020-12-31,2021-09-30,official,https://www.eba.europa.eu/risk-and-data-analysis/reporting/reporting-frameworks/reporting-framework-210,Other Supervisory Benchmarking templates first apply from 12/2020,2.10_layouts.zip,Annotated Table Layout 2100-P2-SBP 2.10.xlsx,C 103.00
SBP,C_103.00,3.1,2021-09-30,2022-12-31,official,https://www.eba.europa.eu/risk-and-data-analysis/reporting/reporting-frameworks/reporting-framework-31,Supervisory benchmarking module-specific application 09/2021,3.1_layouts.zip,Annotated Table Layout 311-P2-SBP 3.1.1.xlsx,C 103.00
SBP,C_103.00,3.2,2022-12-31,2023-09-30,official,https://www.eba.europa.eu/risk-and-data-analysis/reporting/reporting-frameworks/reporting-framework-32,Other supervisory benchmarking template families first reference date 12/2022,3.2_layouts.zip,Annotated Table Layout 321-P2-SBP 3.2.1.xlsx,C 103.00
SBP,C_103.00,3.3,2023-09-30,,official,https://www.eba.europa.eu/risk-and-data-analysis/reporting/reporting-frameworks/reporting-framework-33,Supervisory Benchmarking first reference date 09/2023,3.3_layouts.zip,Annotated Table Layout 331-P1-IWD1-SBP 3.3.1.xlsx,C 103.00
SBP,C_105.01,2.9.1.1,2019-12-31,2020-12-31,baseline,https://www.eba.europa.eu/risk-and-data-analysis/reporting/reporting-frameworks/reporting-framework-29,Last complete pre-3.0 module layout available in the source archive,2.9.1.1_layouts.zip,Annotated Table Layout 290-P2-SBP 2.9.xlsx,C 105.01
SBP,C_105.01,2.10,2020-12-31,2021-09-30,official,https://www.eba.europa.eu/risk-and-data-analysis/reporting/reporting-frameworks/reporting-framework-210,Other Supervisory Benchmarking templates first apply from 12/2020,2.10_layouts.zip,Annotated Table Layout 2100-P2-SBP 2.10.xlsx,C 105.01
SBP,C_105.01,3.1,2021-09-30,2022-12-31,official,https://www.eba.europa.eu/risk-and-data-analysis/reporting/reporting-frameworks/reporting-framework-31,Supervisory benchmarking module-specific application 09/2021,3.1_layouts.zip,Annotated Table Layout 311-P2-SBP 3.1.1.xlsx,C 105.01
SBP,C_105.01,3.2,2022-12-31,2023-09-30,official,https://www.eba.europa.eu/risk-and-data-analysis/reporting/reporting-frameworks/reporting-framework-32,Other supervisory benchmarking template families first reference date 12/2022,3.2_layouts.zip,Annotated Table Layout 321-P2-SBP 3.2.1.xlsx,C 105.01
SBP,C_105.01,3.3,2023-09-30,,official,https://www.eba.europa.eu/risk-and-data-analysis/reporting/reporting-frameworks/reporting-framework-33,Supervisory Benchmarking first reference date 09/2023,3.3_layouts.zip,Annotated Table Layout 331-P1-IWD1-SBP 3.3.1.xlsx,C 105.01
SBP,C_105.02,2.9.1.1,2019-12-31,2020-12-31,baseline,https://www.eba.europa.eu/risk-and-data-analysis/reporting/reporting-frameworks/reporting-framework-29,Last complete pre-3.0 module layout available in the source archive,2.9.1.1_layouts.zip,Annotated Table Layout 290-P2-SBP 2.9.xlsx,C 105.02
SBP,C_105.02,2.10,2020-12-31,2021-09-30,official,https://www.eba.europa.eu/risk-and-data-analysis/reporting/reporting-frameworks/reporting-framework-210,Other Supervisory Benchmarking templates first apply from 12/2020,2.10_layouts.zip,Annotated Table Layout 2100-P2-SBP 2.10.xlsx,C 105.02
SBP,C_105.02,3.1,2021-09-30,2022-12-31,official,https://www.eba.europa.eu/risk-and-data-analysis/reporting/reporting-frameworks/reporting-framework-31,Supervisory benchmarking module-specific application 09/2021,3.1_layouts.zip,Annotated Table Layout 311-P2-SBP 3.1.1.xlsx,C 105.02
SBP,C_105.02,3.2,2022-12-31,2023-09-30,official,https://www.eba.europa.eu/risk-and-data-analysis/reporting/reporting-frameworks/reporting-framework-32,Other supervisory benchmarking template families first reference date 12/2022,3.2_layouts.zip,Annotated Table Layout 321-P2-SBP 3.2.1.xlsx,C 105.02
SBP,C_105.02,3.3,2023-09-30,,official,https://www.eba.europa.eu/risk-and-data-analysis/reporting/reporting-frameworks/reporting-framework-33,Supervisory Benchmarking first reference date 09/2023,3.3_layouts.zip,Annotated Table Layout 331-P1-IWD1-SBP 3.3.1.xlsx,C 105.02
SBP,C_105.03,2.9.1.1,2019-12-31,2020-12-31,baseline,https://www.eba.europa.eu/risk-and-data-analysis/reporting/reporting-frameworks/reporting-framework-29,Last complete pre-3.0 module layout available in the source archive,2.9.1.1_layouts.zip,Annotated Table Layout 290-P2-SBP 2.9.xlsx,C 105.03
SBP,C_105.03,2.10,2020-12-31,2021-09-30,official,https://www.eba.europa.eu/risk-and-data-analysis/reporting/reporting-frameworks/reporting-framework-210,Other Supervisory Benchmarking templates first apply from 12/2020,2.10_layouts.zip,Annotated Table Layout 2100-P2-SBP 2.10.xlsx,C 105.03
SBP,C_105.03,3.1,2021-09-30,2022-12-31,official,https://www.eba.europa.eu/risk-and-data-analysis/reporting/reporting-frameworks/reporting-framework-31,Supervisory benchmarking module-specific application 09/2021,3.1_layouts.zip,Annotated Table Layout 311-P2-SBP 3.1.1.xlsx,C 105.03
SBP,C_105.03,3.2,2022-12-31,2023-09-30,official,https://www.eba.europa.eu/risk-and-data-analysis/reporting/reporting-frameworks/reporting-framework-32,Other supervisory benchmarking template families first reference date 12/2022,3.2_layouts.zip,Annotated Table Layout 321-P2-SBP 3.2.1.xlsx,C 105.03
SBP,C_105.03,3.3,2023-09-30,,official,https://www.eba.europa.eu/risk-and-data-analysis/reporting/reporting-frameworks/reporting-framework-33,Supervisory Benchmarking first reference date 09/2023,3.3_layouts.zip,Annotated Table Layout 331-P1-IWD1-SBP 3.3.1.xlsx,C 105.03
SBP,C_106.00,2.9.1.1,2019-12-31,2020-09-30,baseline,https://www.eba.europa.eu/risk-and-data-analysis/reporting/reporting-frameworks/reporting-framework-29,Last complete pre-3.0 module layout available in the source archive,2.9.1.1_layouts.zip,Annotated Table Layout 290-P2-SBP 2.9.xlsx,C 106.00
SBP,C_106.00,2.10,2020-09-30,2021-09-30,official_with_module_split,https://www.eba.europa.eu/risk-and-data-analysis/reporting/reporting-frameworks/reporting-framework-210,Supervisory Benchmarking IMV first reference date 09/2020,2.10_layouts.zip,Annotated Table Layout 2100-P2-SBP 2.10.xlsx,C 106.00
SBP,C_106.00,3.1,2021-09-30,2022-09-30,official,https://www.eba.europa.eu/risk-and-data-analysis/reporting/reporting-frameworks/reporting-framework-31,Supervisory benchmarking module-specific application 09/2021,3.1_layouts.zip,Annotated Table Layout 311-P2-SBP 3.1.1.xlsx,C 106.00
SBP,C_106.00,3.2,2022-09-30,2023-09-30,official,https://www.eba.europa.eu/risk-and-data-analysis/reporting/reporting-frameworks/reporting-framework-32,Initial Market Valuation (IMV) template family first reference date 09/2022,3.2_layouts.zip,Annotated Table Layout 321-P2-SBP 3.2.1.xlsx,C 106.00
SBP,C_106.00,3.3,2023-09-30,,official,https://www.eba.europa.eu/risk-and-data-analysis/reporting/reporting-frameworks/reporting-framework-33,Supervisory Benchmarking first reference date 09/2023,3.3_layouts.zip,Annotated Table Layout 331-P1-IWD1-SBP 3.3.1.xlsx,C 106.00
SBP,C_106.01,3.1,2021-09-30,2022-09-30,official,https://www.eba.europa.eu/risk-and-data-analysis/reporting/reporting-frameworks/reporting-framework-31,Supervisory benchmarking module-specific application 09/2021,3.1_layouts.zip,Annotated Table Layout 311-P2-SBP 3.1.1.xlsx,C 106.01
SBP,C_106.01,3.2,2022-09-30,2023-09-30,official,https://www.eba.europa.eu/risk-and-data-analysis/reporting/reporting-frameworks/reporting-framework-32,Initial Market Valuation (IMV) template family first reference date 09/2022,3.2_layouts.zip,Annotated Table Layout 321-P2-SBP 3.2.1.xlsx,C 106.01
SBP,C_106.01,3.3,2023-09-30,,official,https://www.eba.europa.eu/risk-and-data-analysis/reporting/reporting-frameworks/reporting-framework-33,Supervisory Benchmarking first reference date 09/2023,3.3_layouts.zip,Annotated Table Layout 331-P1-IWD1-SBP 3.3.1.xlsx,C 106.01
SBP,C_107.01.a,2.9.1.1,2019-12-31,2020-12-31,baseline,https://www.eba.europa.eu/risk-and-data-analysis/reporting/reporting-frameworks/reporting-framework-29,Last complete pre-3.0 module layout available in the source archive,2.9.1.1_layouts.zip,Annotated Table Layout 290-P2-SBP 2.9.xlsx,C 107.01.a
SBP,C_107.01.a,2.10,2020-12-31,2021-09-30,official,https://www.eba.europa.eu/risk-and-data-analysis/reporting/reporting-frameworks/reporting-framework-210,Other Supervisory Benchmarking templates first apply from 12/2020,2.10_layouts.zip,Annotated Table Layout 2100-P2-SBP 2.10.xlsx,C 107.01.a
SBP,C_107.01.a,3.1,2021-09-30,2022-12-31,official,https://www.eba.europa.eu/risk-and-data-analysis/reporting/reporting-frameworks/reporting-framework-31,Supervisory benchmarking module-specific application 09/2021,3.1_layouts.zip,Annotated Table Layout 311-P2-SBP 3.1.1.xlsx,C 107.01.a
SBP,C_107.01.a,3.2,2022-12-31,2023-09-30,official,https://www.eba.europa.eu/risk-and-data-analysis/reporting/reporting-frameworks/reporting-framework-32,Other supervisory benchmarking template families first reference date 12/2022,3.2_layouts.zip,Annotated Table Layout 321-P2-SBP 3.2.1.xlsx,C 107.01.a
SBP,C_107.01.a,3.3,2023-09-30,,official,https://www.eba.europa.eu/risk-and-data-analysis/reporting/reporting-frameworks/reporting-framework-33,Supervisory Benchmarking first reference date 09/2023,3.3_layouts.zip,Annotated Table Layout 331-P1-IWD1-SBP 3.3.1.xlsx,C 107.01.a
SBP,C_107.01.b,2.9.1.1,2019-12-31,2020-12-31,baseline,https://www.eba.europa.eu/risk-and-data-analysis/reporting/reporting-frameworks/reporting-framework-29,Last complete pre-3.0 module layout available in the source archive,2.9.1.1_layouts.zip,Annotated Table Layout 290-P2-SBP 2.9.xlsx,C 107.01.b
SBP,C_107.01.b,2.10,2020-12-31,2021-09-30,official,https://www.eba.europa.eu/risk-and-data-analysis/reporting/reporting-frameworks/reporting-framework-210,Other Supervisory Benchmarking templates first apply from 12/2020,2.10_layouts.zip,Annotated Table Layout 2100-P2-SBP 2.10.xlsx,C 107.01.b
SBP,C_107.01.b,3.1,2021-09-30,2022-12-31,official,https://www.eba.europa.eu/risk-and-data-analysis/reporting/reporting-frameworks/reporting-framework-31,Supervisory benchmarking module-specific application 09/2021,3.1_layouts.zip,Annotated Table Layout 311-P2-SBP 3.1.1.xlsx,C 107.01.b
SBP,C_107.01.b,3.2,2022-12-31,2023-09-30,official,https://www.eba.europa.eu/risk-and-data-analysis/reporting/reporting-frameworks/reporting-framework-32,Other supervisory benchmarking template families first reference date 12/2022,3.2_layouts.zip,Annotated Table Layout 321-P2-SBP 3.2.1.xlsx,C 107.01.b
SBP,C_107.01.b,3.3,2023-09-30,,official,https://www.eba.europa.eu/risk-and-data-analysis/reporting/reporting-frameworks/reporting-framework-33,Supervisory Benchmarking first reference date 09/2023,3.3_layouts.zip,Annotated Table Layout 331-P1-IWD1-SBP 3.3.1.xlsx,C 107.01.b
SBP,C_107.02,2.9.1.1,2019-12-31,2020-12-31,baseline,https://www.eba.europa.eu/risk-and-data-analysis/reporting/reporting-frameworks/reporting-framework-29,Last complete pre-3.0 module layout available in the source archive,2.9.1.1_layouts.zip,Annotated Table Layout 290-P2-SBP 2.9.xlsx,C 107.02
SBP,C_107.02,2.10,2020-12-31,2021-09-30,official,https://www.eba.europa.eu/risk-and-data-analysis/reporting/reporting-frameworks/reporting-framework-210,Other Supervisory Benchmarking templates first apply from 12/2020,2.10_layouts.zip,Annotated Table Layout 2100-P2-SBP 2.10.xlsx,C 107.02
SBP,C_107.02,3.1,2021-09-30,2022-12-31,official,https://www.eba.europa.eu/risk-and-data-analysis/reporting/reporting-frameworks/reporting-framework-31,Supervisory benchmarking module-specific application 09/2021,3.1_layouts.zip,Annotated Table Layout 311-P2-SBP 3.1.1.xlsx,C 107.02
SBP,C_107.02,3.2,2022-12-31,2023-09-30,official,https://www.eba.europa.eu/risk-and-data-analysis/reporting/reporting-frameworks/reporting-framework-32,Other supervisory benchmarking template families first reference date 12/2022,3.2_layouts.zip,Annotated Table Layout 321-P2-SBP 3.2.1.xlsx,C 107.02
SBP,C_107.02,3.3,2023-09-30,,official,https://www.eba.europa.eu/risk-and-data-analysis/reporting/reporting-frameworks/reporting-framework-33,Supervisory Benchmarking first reference date 09/2023,3.3_layouts.zip,Annotated Table Layout 331-P1-IWD1-SBP 3.3.1.xlsx,C 107.02
SBP,C_108.00,2.9.1.1,2019-12-31,2020-12-31,baseline,https://www.eba.europa.eu/risk-and-data-analysis/reporting/reporting-frameworks/reporting-framework-29,Last complete pre-3.0 module layout available in the source archive,2.9.1.1_layouts.zip,Annotated Table Layout 290-P2-SBP 2.9.xlsx,C 108.00
SBP,C_108.00,2.10,2020-12-31,2021-09-30,official,https://www.eba.europa.eu/risk-and-data-analysis/reporting/reporting-frameworks/reporting-framework-210,Other Supervisory Benchmarking templates first apply from 12/2020,2.10_layouts.zip,Annotated Table Layout 2100-P2-SBP 2.10.xlsx,C 108.00
SBP,C_108.00,3.1,2021-09-30,2022-12-31,official,https://www.eba.europa.eu/risk-and-data-analysis/reporting/reporting-frameworks/reporting-framework-31,Supervisory benchmarking module-specific application 09/2021,3.1_layouts.zip,Annotated Table Layout 311-P2-SBP 3.1.1.xlsx,C 108.00
SBP,C_108.00,3.2,2022-12-31,2023-09-30,official,https://www.eba.europa.eu/risk-and-data-analysis/reporting/reporting-frameworks/reporting-framework-32,Other supervisory benchmarking template families first reference date 12/2022,3.2_layouts.zip,Annotated Table Layout 321-P2-SBP 3.2.1.xlsx,C 108.00
SBP,C_108.00,3.3,2023-09-30,,official,https://www.eba.europa.eu/risk-and-data-analysis/reporting/reporting-frameworks/reporting-framework-33,Supervisory Benchmarking first reference date 09/2023,3.3_layouts.zip,Annotated Table Layout 331-P1-IWD1-SBP 3.3.1.xlsx,C 108.00
SBP,C_109.01.a,2.9.1.1,2019-12-31,2020-12-31,baseline,https://www.eba.europa.eu/risk-and-data-analysis/reporting/reporting-frameworks/reporting-framework-29,Last complete pre-3.0 module layout available in the source archive,2.9.1.1_layouts.zip,Annotated Table Layout 290-P2-SBP 2.9.xlsx,C 109.01.a
SBP,C_109.01.a,2.10,2020-12-31,2021-09-30,official,https://www.eba.europa.eu/risk-and-data-analysis/reporting/reporting-frameworks/reporting-framework-210,Other Supervisory Benchmarking templates first apply from 12/2020,2.10_layouts.zip,Annotated Table Layout 2100-P2-SBP 2.10.xlsx,C 109.01.a
SBP,C_109.01.a,3.1,2021-09-30,2022-12-31,official,https://www.eba.europa.eu/risk-and-data-analysis/reporting/reporting-frameworks/reporting-framework-31,Supervisory benchmarking module-specific application 09/2021,3.1_layouts.zip,Annotated Table Layout 311-P2-SBP 3.1.1.xlsx,C 109.01.a
SBP,C_109.01.a,3.2,2022-12-31,2023-09-30,official,https://www.eba.europa.eu/risk-and-data-analysis/reporting/reporting-frameworks/reporting-framework-32,Other supervisory benchmarking template families first reference date 12/2022,3.2_layouts.zip,Annotated Table Layout 321-P2-SBP 3.2.1.xlsx,C 109.01.a
SBP,C_109.01.a,3.3,2023-09-30,,official,https://www.eba.europa.eu/risk-and-data-analysis/reporting/reporting-frameworks/reporting-framework-33,Supervisory Benchmarking first reference date 09/2023,3.3_layouts.zip,Annotated Table Layout 331-P1-IWD1-SBP 3.3.1.xlsx,C 109.01.a
SBP,C_109.01.b,2.9.1.1,2019-12-31,2020-12-31,baseline,https://www.eba.europa.eu/risk-and-data-analysis/reporting/reporting-frameworks/reporting-framework-29,Last complete pre-3.0 module layout available in the source archive,2.9.1.1_layouts.zip,Annotated Table Layout 290-P2-SBP 2.9.xlsx,C 109.01.b
SBP,C_109.01.b,2.10,2020-12-31,2021-09-30,official,https://www.eba.europa.eu/risk-and-data-analysis/reporting/reporting-frameworks/reporting-framework-210,Other Supervisory Benchmarking templates first apply from 12/2020,2.10_layouts.zip,Annotated Table Layout 2100-P2-SBP 2.10.xlsx,C 109.01.b
SBP,C_109.01.b,3.1,2021-09-30,2022-12-31,official,https://www.eba.europa.eu/risk-and-data-analysis/reporting/reporting-frameworks/reporting-framework-31,Supervisory benchmarking module-specific application 09/2021,3.1_layouts.zip,Annotated Table Layout 311-P2-SBP 3.1.1.xlsx,C 109.01.b
SBP,C_109.01.b,3.2,2022-12-31,2023-09-30,official,https://www.eba.europa.eu/risk-and-data-analysis/reporting/reporting-frameworks/reporting-framework-32,Other supervisory benchmarking template families first reference date 12/2022,3.2_layouts.zip,Annotated Table Layout 321-P2-SBP 3.2.1.xlsx,C 109.01.b
SBP,C_109.01.b,3.3,2023-09-30,,official,https://www.eba.europa.eu/risk-and-data-analysis/reporting/reporting-frameworks/reporting-framework-33,Supervisory Benchmarking first reference date 09/2023,3.3_layouts.zip,Annotated Table Layout 331-P1-IWD1-SBP 3.3.1.xlsx,C 109.01.b
SBP,C_109.02.a,2.9.1.1,2019-12-31,2020-12-31,baseline,https://www.eba.europa.eu/risk-and-data-analysis/reporting/reporting-frameworks/reporting-framework-29,Last complete pre-3.0 module layout available in the source archive,2.9.1.1_layouts.zip,Annotated Table Layout 290-P2-SBP 2.9.xlsx,C 109.02.a
SBP,C_109.02.a,2.10,2020-12-31,2021-09-30,official,https://www.eba.europa.eu/risk-and-data-analysis/reporting/reporting-frameworks/reporting-framework-210,Other Supervisory Benchmarking templates first apply from 12/2020,2.10_layouts.zip,Annotated Table Layout 2100-P2-SBP 2.10.xlsx,C 109.02.a
SBP,C_109.02.a,3.1,2021-09-30,2022-12-31,official,https://www.eba.europa.eu/risk-and-data-analysis/reporting/reporting-frameworks/reporting-framework-31,Supervisory benchmarking module-specific application 09/2021,3.1_layouts.zip,Annotated Table Layout 311-P2-SBP 3.1.1.xlsx,C 109.02.a
SBP,C_109.02.a,3.2,2022-12-31,2023-09-30,official,https://www.eba.europa.eu/risk-and-data-analysis/reporting/reporting-frameworks/reporting-framework-32,Other supervisory benchmarking template families first reference date 12/2022,3.2_layouts.zip,Annotated Table Layout 321-P2-SBP 3.2.1.xlsx,C 109.02.a
SBP,C_109.02.a,3.3,2023-09-30,,official,https://www.eba.europa.eu/risk-and-data-analysis/reporting/reporting-frameworks/reporting-framework-33,Supervisory Benchmarking first reference date 09/2023,3.3_layouts.zip,Annotated Table Layout 331-P1-IWD1-SBP 3.3.1.xlsx,C 109.02.a
SBP,C_109.02.b,2.9.1.1,2019-12-31,2020-12-31,baseline,https://www.eba.europa.eu/risk-and-data-analysis/reporting/reporting-frameworks/reporting-framework-29,Last complete pre-3.0 module layout available in the source archive,2.9.1.1_layouts.zip,Annotated Table Layout 290-P2-SBP 2.9.xlsx,C 109.02.b
SBP,C_109.02.b,2.10,2020-12-31,2021-09-30,official,https://www.eba.europa.eu/risk-and-data-analysis/reporting/reporting-frameworks/reporting-framework-210,Other Supervisory Benchmarking templates first apply from 12/2020,2.10_layouts.zip,Annotated Table Layout 2100-P2-SBP 2.10.xlsx,C 109.02.b
SBP,C_109.02.b,3.1,2021-09-30,2022-12-31,official,https://www.eba.europa.eu/risk-and-data-analysis/reporting/reporting-frameworks/reporting-framework-31,Supervisory benchmarking module-specific application 09/2021,3.1_layouts.zip,Annotated Table Layout 311-P2-SBP 3.1.1.xlsx,C 109.02.b
SBP,C_109.02.b,3.2,2022-12-31,2023-09-30,official,https://www.eba.europa.eu/risk-and-data-analysis/reporting/reporting-frameworks/reporting-framework-32,Other supervisory benchmarking template families first reference date 12/2022,3.2_layouts.zip,Annotated Table Layout 321-P2-SBP 3.2.1.xlsx,C 109.02.b
SBP,C_109.02.b,3.3,2023-09-30,,official,https://www.eba.europa.eu/risk-and-data-analysis/reporting/reporting-frameworks/reporting-framework-33,Supervisory Benchmarking first reference date 09/2023,3.3_layouts.zip,Annotated Table Layout 331-P1-IWD1-SBP 3.3.1.xlsx,C 109.02.b
SBP,C_109.03,2.9.1.1,2019-12-31,2020-12-31,baseline,https://www.eba.europa.eu/risk-and-data-analysis/reporting/reporting-frameworks/reporting-framework-29,Last complete pre-3.0 module layout available in the source archive,2.9.1.1_layouts.zip,Annotated Table Layout 290-P2-SBP 2.9.xlsx,C 109.03
SBP,C_109.03,2.10,2020-12-31,2021-09-30,official,https://www.eba.europa.eu/risk-and-data-analysis/reporting/reporting-frameworks/reporting-framework-210,Other Supervisory Benchmarking templates first apply from 12/2020,2.10_layouts.zip,Annotated Table Layout 2100-P2-SBP 2.10.xlsx,C 109.03
SBP,C_109.03,3.1,2021-09-30,2022-12-31,official,https://www.eba.europa.eu/risk-and-data-analysis/reporting/reporting-frameworks/reporting-framework-31,Supervisory benchmarking module-specific application 09/2021,3.1_layouts.zip,Annotated Table Layout 311-P2-SBP 3.1.1.xlsx,C 109.03
SBP,C_109.03,3.2,2022-12-31,2023-09-30,official,https://www.eba.europa.eu/risk-and-data-analysis/reporting/reporting-frameworks/reporting-framework-32,Other supervisory benchmarking template families first reference date 12/2022,3.2_layouts.zip,Annotated Table Layout 321-P2-SBP 3.2.1.xlsx,C 109.03
SBP,C_109.03,3.3,2023-09-30,,official,https://www.eba.europa.eu/risk-and-data-analysis/reporting/reporting-frameworks/reporting-framework-33,Supervisory Benchmarking first reference date 09/2023,3.3_layouts.zip,Annotated Table Layout 331-P1-IWD1-SBP 3.3.1.xlsx,C 109.03
SBP,C_110.01.a,2.9.1.1,2019-12-31,2020-12-31,baseline,https://www.eba.europa.eu/risk-and-data-analysis/reporting/reporting-frameworks/reporting-framework-29,Last complete pre-3.0 module layout available in the source archive,2.9.1.1_layouts.zip,Annotated Table Layout 290-P2-SBP 2.9.xlsx,C 110.01.a
SBP,C_110.01.a,2.10,2020-12-31,2021-09-30,official,https://www.eba.europa.eu/risk-and-data-analysis/reporting/reporting-frameworks/reporting-framework-210,Other Supervisory Benchmarking templates first apply from 12/2020,2.10_layouts.zip,Annotated Table Layout 2100-P2-SBP 2.10.xlsx,C 110.01.a
SBP,C_110.01.a,3.1,2021-09-30,2022-12-31,official,https://www.eba.europa.eu/risk-and-data-analysis/reporting/reporting-frameworks/reporting-framework-31,Supervisory benchmarking module-specific application 09/2021,3.1_layouts.zip,Annotated Table Layout 311-P2-SBP 3.1.1.xlsx,C 110.01.a
SBP,C_110.01.a,3.2,2022-12-31,2023-09-30,official,https://www.eba.europa.eu/risk-and-data-analysis/reporting/reporting-frameworks/reporting-framework-32,Other supervisory benchmarking template families first reference date 12/2022,3.2_layouts.zip,Annotated Table Layout 321-P2-SBP 3.2.1.xlsx,C 110.01.a
SBP,C_110.01.a,3.3,2023-09-30,,official,https://www.eba.europa.eu/risk-and-data-analysis/reporting/reporting-frameworks/reporting-framework-33,Supervisory Benchmarking first reference date 09/2023,3.3_layouts.zip,Annotated Table Layout 331-P1-IWD1-SBP 3.3.1.xlsx,C 110.01.a
SBP,C_110.01.b,2.9.1.1,2019-12-31,2020-12-31,baseline,https://www.eba.europa.eu/risk-and-data-analysis/reporting/reporting-frameworks/reporting-framework-29,Last complete pre-3.0 module layout available in the source archive,2.9.1.1_layouts.zip,Annotated Table Layout 290-P2-SBP 2.9.xlsx,C 110.01.b
SBP,C_110.01.b,2.10,2020-12-31,2021-09-30,official,https://www.eba.europa.eu/risk-and-data-analysis/reporting/reporting-frameworks/reporting-framework-210,Other Supervisory Benchmarking templates first apply from 12/2020,2.10_layouts.zip,Annotated Table Layout 2100-P2-SBP 2.10.xlsx,C 110.01.b
SBP,C_110.01.b,3.1,2021-09-30,2022-12-31,official,https://www.eba.europa.eu/risk-and-data-analysis/reporting/reporting-frameworks/reporting-framework-31,Supervisory benchmarking module-specific application 09/2021,3.1_layouts.zip,Annotated Table Layout 311-P2-SBP 3.1.1.xlsx,C 110.01.b
SBP,C_110.01.b,3.2,2022-12-31,2023-09-30,official,https://www.eba.europa.eu/risk-and-data-analysis/reporting/reporting-frameworks/reporting-framework-32,Other supervisory benchmarking template families first reference date 12/2022,3.2_layouts.zip,Annotated Table Layout 321-P2-SBP 3.2.1.xlsx,C 110.01.b
SBP,C_110.01.b,3.3,2023-09-30,,official,https://www.eba.europa.eu/risk-and-data-analysis/reporting/reporting-frameworks/reporting-framework-33,Supervisory Benchmarking first reference date 09/2023,3.3_layouts.zip,Annotated Table Layout 331-P1-IWD1-SBP 3.3.1.xlsx,C 110.01.b
SBP,C_110.02.a,2.9.1.1,2019-12-31,2020-12-31,baseline,https://www.eba.europa.eu/risk-and-data-analysis/reporting/reporting-frameworks/reporting-framework-29,Last complete pre-3.0 module layout available in the source archive,2.9.1.1_layouts.zip,Annotated Table Layout 290-P2-SBP 2.9.xlsx,C 110.02.a
SBP,C_110.02.a,2.10,2020-12-31,2021-09-30,official,https://www.eba.europa.eu/risk-and-data-analysis/reporting/reporting-frameworks/reporting-framework-210,Other Supervisory Benchmarking templates first apply from 12/2020,2.10_layouts.zip,Annotated Table Layout 2100-P2-SBP 2.10.xlsx,C 110.02.a
SBP,C_110.02.a,3.1,2021-09-30,2022-12-31,official,https://www.eba.europa.eu/risk-and-data-analysis/reporting/reporting-frameworks/reporting-framework-31,Supervisory benchmarking module-specific application 09/2021,3.1_layouts.zip,Annotated Table Layout 311-P2-SBP 3.1.1.xlsx,C 110.02.a
SBP,C_110.02.a,3.2,2022-12-31,2023-09-30,official,https://www.eba.europa.eu/risk-and-data-analysis/reporting/reporting-frameworks/reporting-framework-32,Other supervisory benchmarking template families first reference date 12/2022,3.2_layouts.zip,Annotated Table Layout 321-P2-SBP 3.2.1.xlsx,C 110.02.a
SBP,C_110.02.a,3.3,2023-09-30,,official,https://www.eba.europa.eu/risk-and-data-analysis/reporting/reporting-frameworks/reporting-framework-33,Supervisory Benchmarking first reference date 09/2023,3.3_layouts.zip,Annotated Table Layout 331-P1-IWD1-SBP 3.3.1.xlsx,C 110.02.a
SBP,C_110.02.b,2.9.1.1,2019-12-31,2020-12-31,baseline,https://www.eba.europa.eu/risk-and-data-analysis/reporting/reporting-frameworks/reporting-framework-29,Last complete pre-3.0 module layout available in the source archive,2.9.1.1_layouts.zip,Annotated Table Layout 290-P2-SBP 2.9.xlsx,C 110.02.b
SBP,C_110.02.b,2.10,2020-12-31,2021-09-30,official,https://www.eba.europa.eu/risk-and-data-analysis/reporting/reporting-frameworks/reporting-framework-210,Other Supervisory Benchmarking templates first apply from 12/2020,2.10_layouts.zip,Annotated Table Layout 2100-P2-SBP 2.10.xlsx,C 110.02.b
SBP,C_110.02.b,3.1,2021-09-30,2022-12-31,official,https://www.eba.europa.eu/risk-and-data-analysis/reporting/reporting-frameworks/reporting-framework-31,Supervisory benchmarking module-specific application 09/2021,3.1_layouts.zip,Annotated Table Layout 311-P2-SBP 3.1.1.xlsx,C 110.02.b
SBP,C_110.02.b,3.2,2022-12-31,2023-09-30,official,https://www.eba.europa.eu/risk-and-data-analysis/reporting/reporting-frameworks/reporting-framework-32,Other supervisory benchmarking template families first reference date 12/2022,3.2_layouts.zip,Annotated Table Layout 321-P2-SBP 3.2.1.xlsx,C 110.02.b
SBP,C_110.02.b,3.3,2023-09-30,,official,https://www.eba.europa.eu/risk-and-data-analysis/reporting/reporting-frameworks/reporting-framework-33,Supervisory Benchmarking first reference date 09/2023,3.3_layouts.zip,Annotated Table Layout 331-P1-IWD1-SBP 3.3.1.xlsx,C 110.02.b
SBP,C_110.03,2.9.1.1,2019-12-31,2020-12-31,baseline,https://www.eba.europa.eu/risk-and-data-analysis/reporting/reporting-frameworks/reporting-framework-29,Last complete pre-3.0 module layout available in the source archive,2.9.1.1_layouts.zip,Annotated Table Layout 290-P2-SBP 2.9.xlsx,C 110.03
SBP,C_110.03,2.10,2020-12-31,2021-09-30,official,https://www.eba.europa.eu/risk-and-data-analysis/reporting/reporting-frameworks/reporting-framework-210,Other Supervisory Benchmarking templates first apply from 12/2020,2.10_layouts.zip,Annotated Table Layout 2100-P2-SBP 2.10.xlsx,C 110.03
SBP,C_110.03,3.1,2021-09-30,2022-12-31,official,https://www.eba.europa.eu/risk-and-data-analysis/reporting/reporting-frameworks/reporting-framework-31,Supervisory benchmarking module-specific application 09/2021,3.1_layouts.zip,Annotated Table Layout 311-P2-SBP 3.1.1.xlsx,C 110.03
SBP,C_110.03,3.2,2022-12-31,2023-09-30,official,https://www.eba.europa.eu/risk-and-data-analysis/reporting/reporting-frameworks/reporting-framework-32,Other supervisory benchmarking template families first reference date 12/2022,3.2_layouts.zip,Annotated Table Layout 321-P2-SBP 3.2.1.xlsx,C 110.03
SBP,C_110.03,3.3,2023-09-30,,official,https://www.eba.europa.eu/risk-and-data-analysis/reporting/reporting-frameworks/reporting-framework-33,Supervisory Benchmarking first reference date 09/2023,3.3_layouts.zip,Annotated Table Layout 331-P1-IWD1-SBP 3.3.1.xlsx,C 110.03
SBP,C_111.00,2.10,2020-12-31,2021-09-30,official,https://www.eba.europa.eu/risk-and-data-analysis/reporting/reporting-frameworks/reporting-framework-210,Other Supervisory Benchmarking templates first apply from 12/2020,2.10_layouts.zip,Annotated Table Layout 2100-P2-SBP 2.10.xlsx,C 111.00
SBP,C_111.00,3.1,2021-09-30,2022-12-31,official,https://www.eba.europa.eu/risk-and-data-analysis/reporting/reporting-frameworks/reporting-framework-31,Supervisory benchmarking module-specific application 09/2021,3.1_layouts.zip,Annotated Table Layout 311-P2-SBP 3.1.1.xlsx,C 111.00
SBP,C_111.00,3.2,2022-12-31,2023-09-30,official,https://www.eba.europa.eu/risk-and-data-analysis/reporting/reporting-frameworks/reporting-framework-32,Other supervisory benchmarking template families first reference date 12/2022,3.2_layouts.zip,Annotated Table Layout 321-P2-SBP 3.2.1.xlsx,C 111.00
SBP,C_111.00,3.3,2023-09-30,,official,https://www.eba.europa.eu/risk-and-data-analysis/reporting/reporting-frameworks/reporting-framework-33,Supervisory Benchmarking first reference date 09/2023,3.3_layouts.zip,Annotated Table Layout 331-P1-IWD1-SBP 3.3.1.xlsx,C 111.00
SBP,C_112.00,2.10,2020-12-31,2021-09-30,official,https://www.eba.europa.eu/risk-and-data-analysis/reporting/reporting-frameworks/reporting-framework-210,Other Supervisory Benchmarking templates first apply from 12/2020,2.10_layouts.zip,Annotated Table Layout 2100-P2-SBP 2.10.xlsx,C 112.00
SBP,C_112.00,3.1,2021-09-30,2022-12-31,official,https://www.eba.europa.eu/risk-and-data-analysis/reporting/reporting-frameworks/reporting-framework-31,Supervisory benchmarking module-specific application 09/2021,3.1_layouts.zip,Annotated Table Layout 311-P2-SBP 3.1.1.xlsx,C 112.00
SBP,C_112.00,3.2,2022-12-31,2023-09-30,official,https://www.eba.europa.eu/risk-and-data-analysis/reporting/reporting-frameworks/reporting-framework-32,Other supervisory benchmarking template families first reference date 12/2022,3.2_layouts.zip,Annotated Table Layout 321-P2-SBP 3.2.1.xlsx,C 112.00
SBP,C_112.00,3.3,2023-09-30,,official,https://www.eba.europa.eu/risk-and-data-analysis/reporting/reporting-frameworks/reporting-framework-33,Supervisory Benchmarking first reference date 09/2023,3.3_layouts.zip,Annotated Table Layout 331-P1-IWD1-SBP 3.3.1.xlsx,C 112.00
SBP,C_113.00,2.10,2020-12-31,2021-09-30,official,https://www.eba.europa.eu/risk-and-data-analysis/reporting/reporting-frameworks/reporting-framework-210,Other Supervisory Benchmarking templates first apply from 12/2020,2.10_layouts.zip,Annotated Table Layout 2100-P2-SBP 2.10.xlsx,C 113.00
SBP,C_113.00,3.1,2021-09-30,2022-12-31,official,https://www.eba.europa.eu/risk-and-data-analysis/reporting/reporting-frameworks/reporting-framework-31,Supervisory benchmarking module-specific application 09/2021,3.1_layouts.zip,Annotated Table Layout 311-P2-SBP 3.1.1.xlsx,C 113.00
SBP,C_113.00,3.2,2022-12-31,2023-09-30,official,https://www.eba.europa.eu/risk-and-data-analysis/reporting/reporting-frameworks/reporting-framework-32,Other supervisory benchmarking template families first reference date 12/2022,3.2_layouts.zip,Annotated Table Layout 321-P2-SBP 3.2.1.xlsx,C 113.00
SBP,C_113.00,3.3,2023-09-30,,official,https://www.eba.europa.eu/risk-and-data-analysis/reporting/reporting-frameworks/reporting-framework-33,Supervisory Benchmarking first reference date 09/2023,3.3_layouts.zip,Annotated Table Layout 331-P1-IWD1-SBP 3.3.1.xlsx,C 113.00
SBP,C_114.00,2.10,2020-12-31,2021-09-30,official,https://www.eba.europa.eu/risk-and-data-analysis/reporting/reporting-frameworks/reporting-framework-210,Other Supervisory Benchmarking templates first apply from 12/2020,2.10_layouts.zip,Annotated Table Layout 2100-P2-SBP 2.10.xlsx,C 114.00
SBP,C_114.00,3.1,2021-09-30,2022-12-31,official,https://www.eba.europa.eu/risk-and-data-analysis/reporting/reporting-frameworks/reporting-framework-31,Supervisory benchmarking module-specific application 09/2021,3.1_layouts.zip,Annotated Table Layout 311-P2-SBP 3.1.1.xlsx,C 114.00
SBP,C_114.00,3.2,2022-12-31,2023-09-30,official,https://www.eba.europa.eu/risk-and-data-analysis/reporting/reporting-frameworks/reporting-framework-32,Other supervisory benchmarking template families first reference date 12/2022,3.2_layouts.zip,Annotated Table Layout 321-P2-SBP 3.2.1.xlsx,C 114.00
SBP,C_114.00,3.3,2023-09-30,,official,https://www.eba.europa.eu/risk-and-data-analysis/reporting/reporting-frameworks/reporting-framework-33,Supervisory Benchmarking first reference date 09/2023,3.3_layouts.zip,Annotated Table Layout 331-P1-IWD1-SBP 3.3.1.xlsx,C 114.00
SBP,C_115.00,3.3,2023-09-30,,official,https://www.eba.europa.eu/risk-and-data-analysis/reporting/reporting-frameworks/reporting-framework-33,Supervisory Benchmarking first reference date 09/2023,3.3_layouts.zip,Annotated Table Layout 331-P1-IWD1-SBP 3.3.1.xlsx,C 115.00
SBP,C_116.00,3.3,2023-09-30,,official,https://www.eba.europa.eu/risk-and-data-analysis/reporting/reporting-frameworks/reporting-framework-33,Supervisory Benchmarking first reference date 09/2023,3.3_layouts.zip,Annotated Table Layout 331-P1-IWD1-SBP 3.3.1.xlsx,C 116.00
SBP,C_117.00,3.3,2023-09-30,,official,https://www.eba.europa.eu/risk-and-data-analysis/reporting/reporting-frameworks/reporting-framework-33,Supervisory Benchmarking first reference date 09/2023,3.3_layouts.zip,Annotated Table Layout 331-P1-IWD1-SBP 3.3.1.xlsx,C 117.00
SBP,C_118.00,3.3,2023-09-30,,official,https://www.eba.europa.eu/risk-and-data-analysis/reporting/reporting-frameworks/reporting-framework-33,Supervisory Benchmarking first reference date 09/2023,3.3_layouts.zip,Annotated Table Layout 331-P1-IWD1-SBP 3.3.1.xlsx,C 118.00
SBP,C_120.01,3.1,2021-09-30,2022-12-31,official,https://www.eba.europa.eu/risk-and-data-analysis/reporting/reporting-frameworks/reporting-framework-31,Supervisory benchmarking module-specific application 09/2021,3.1_layouts.zip,Annotated Table Layout 311-P2-SBP 3.1.1.xlsx,C 120.01
SBP,C_120.01,3.2,2022-12-31,2023-09-30,official,https://www.eba.europa.eu/risk-and-data-analysis/reporting/reporting-frameworks/reporting-framework-32,Other supervisory benchmarking template families first reference date 12/2022,3.2_layouts.zip,Annotated Table Layout 321-P2-SBP 3.2.1.xlsx,C 120.01
SBP,C_120.01,3.3,2023-09-30,,official,https://www.eba.europa.eu/risk-and-data-analysis/reporting/reporting-frameworks/reporting-framework-33,Supervisory Benchmarking first reference date 09/2023,3.3_layouts.zip,Annotated Table Layout 331-P1-IWD1-SBP 3.3.1.xlsx,C 120.01
SBP,C_120.02,3.1,2021-09-30,2022-12-31,official,https://www.eba.europa.eu/risk-and-data-analysis/reporting/reporting-frameworks/reporting-framework-31,Supervisory benchmarking module-specific application 09/2021,3.1_layouts.zip,Annotated Table Layout 311-P2-SBP 3.1.1.xlsx,C 120.02
SBP,C_120.02,3.2,2022-12-31,2023-09-30,official,https://www.eba.europa.eu/risk-and-data-analysis/reporting/reporting-frameworks/reporting-framework-32,Other supervisory benchmarking template families first reference date 12/2022,3.2_layouts.zip,Annotated Table Layout 321-P2-SBP 3.2.1.xlsx,C 120.02
SBP,C_120.02,3.3,2023-09-30,,official,https://www.eba.europa.eu/risk-and-data-analysis/reporting/reporting-frameworks/reporting-framework-33,Supervisory Benchmarking first reference date 09/2023,3.3_layouts.zip,Annotated Table Layout 331-P1-IWD1-SBP 3.3.1.xlsx,C 120.02
SBP,C_120.03,3.1,2021-09-30,2022-12-31,official,https://www.eba.europa.eu/risk-and-data-analysis/reporting/reporting-frameworks/reporting-framework-31,Supervisory benchmarking module-specific application 09/2021,3.1_layouts.zip,Annotated Table Layout 311-P2-SBP 3.1.1.xlsx,C 120.03
SBP,C_120.03,3.2,2022-12-31,,official,https://www.eba.europa.eu/risk-and-data-analysis/reporting/reporting-frameworks/reporting-framework-32,Other supervisory benchmarking template families first reference date 12/2022,3.2_layouts.zip,Annotated Table Layout 321-P2-SBP 3.2.1.xlsx,C 120.03
SBP,C_120.04,3.3,2023-09-30,,official,https://www.eba.europa.eu/risk-and-data-analysis/reporting/reporting-frameworks/reporting-framework-33,Supervisory Benchmarking first reference date 09/2023,3.3_layouts.zip,Annotated Table Layout 331-P1-IWD1-SBP 3.3.1.xlsx,C 120.04
SBP,C_120.05,3.3,2023-09-30,,official,https://www.eba.europa.eu/risk-and-data-analysis/reporting/reporting-frameworks/reporting-framework-33,Supervisory Benchmarking first reference date 09/2023,3.3_layouts.zip,Annotated Table Layout 331-P1-IWD1-SBP 3.3.1.xlsx,C 120.05
SBP,C_120.06,3.3,2023-09-30,,official,https://www.eba.europa.eu/risk-and-data-analysis/reporting/reporting-frameworks/reporting-framework-33,Supervisory Benchmarking first reference date 09/2023,3.3_layouts.zip,Annotated Table Layout 331-P1-IWD1-SBP 3.3.1.xlsx,C 120.06
SBP,S_00.01,2.9.1.1,2019-12-31,2020-12-31,baseline,https://www.eba.europa.eu/risk-and-data-analysis/reporting/reporting-frameworks/reporting-framework-29,Last complete pre-3.0 module layout available in the source archive,2.9.1.1_layouts.zip,Annotated Table Layout 290-P2-SBP 2.9.xlsx,S 00.01
SBP,S_00.01,2.10,2020-12-31,2021-09-30,official,https://www.eba.europa.eu/risk-and-data-analysis/reporting/reporting-frameworks/reporting-framework-210,Other Supervisory Benchmarking templates first apply from 12/2020,2.10_layouts.zip,Annotated Table Layout 2100-P2-SBP 2.10.xlsx,S 00.01
SBP,S_00.01,3.1,2021-09-30,2022-12-31,official,https://www.eba.europa.eu/risk-and-data-analysis/reporting/reporting-frameworks/reporting-framework-31,Supervisory benchmarking module-specific application 09/2021,3.1_layouts.zip,Annotated Table Layout 311-P2-SBP 3.1.1.xlsx,S 00.01
SBP,S_00.01,3.2,2022-12-31,2023-09-30,official,https://www.eba.europa.eu/risk-and-data-analysis/reporting/reporting-frameworks/reporting-framework-32,Other supervisory benchmarking template families first reference date 12/2022,3.2_layouts.zip,Annotated Table Layout 321-P2-SBP 3.2.1.xlsx,S 00.01
SBP,S_00.01,3.3,2023-09-30,,official,https://www.eba.europa.eu/risk-and-data-analysis/reporting/reporting-frameworks/reporting-framework-33,Supervisory Benchmarking first reference date 09/2023,3.3_layouts.zip,Annotated Table Layout 331-P1-IWD1-SBP 3.3.1.xlsx,S 00.01
SBPIMV,C_106.00,4.2,2026-02-28,,official,https://www.eba.europa.eu/reporting-time-traveller/reporting-by-release?framework_release=5551,EBA reporting time traveller marks 4.2 SBPIMV effective from February 2026; normalized to the month-end reference date,4.2_layouts.zip,260106 Annotated templates/SBP/20260106 Annotated Table Layout  SBP 4.2 SBPIMVSBP 4.2.xlsx,C_106.00
SBPIMV,C_106.01,4.2,2026-02-28,,official,https://www.eba.europa.eu/reporting-time-traveller/reporting-by-release?framework_release=5551,EBA reporting time traveller marks 4.2 SBPIMV effective from February 2026; normalized to the month-end reference date,4.2_layouts.zip,260106 Annotated templates/SBP/20260106 Annotated Table Layout  SBP 4.2 SBPIMVSBP 4.2.xlsx,C_106.01
SBPIMV,C_106.02,4.2,2026-02-28,,official,https://www.eba.europa.eu/reporting-time-traveller/reporting-by-release?framework_release=5551,EBA reporting time traveller marks 4.2 SBPIMV effective from February 2026; normalized to the month-end reference date,4.2_layouts.zip,260106 Annotated templates/SBP/20260106 Annotated Table Layout  SBP 4.2 SBPIMVSBP 4.2.xlsx,C_106.02
SBPIMV,S_00.01,4.2,2026-02-28,,official,https://www.eba.europa.eu/reporting-time-traveller/reporting-by-release?framework_release=5551,EBA reporting time traveller marks 4.2 SBPIMV effective from February 2026; normalized to the month-end reference date,4.2_layouts.zip,260106 Annotated templates/SBP/20260106 Annotated Table Layout  SBP 4.2 SBPIMVSBP 4.2.xlsx,S_00.01
SBP_CR,C_101.00,4.2,2025-12-31,,official,https://www.eba.europa.eu/reporting-time-traveller/reporting-by-release?framework_release=5551,EBA reporting time traveller marks SBP_CR current under 4.2 from 31/12/2025,4.2_layouts.zip,260106 Annotated templates/SBP/20260106 Annotated Table Layout  SBP 4.2 SBP_CRSBP 4.2.xlsx,C_101.00
SBP_CR,C_102.00,4.2,2025-12-31,,official,https://www.eba.europa.eu/reporting-time-traveller/reporting-by-release?framework_release=5551,EBA reporting time traveller marks SBP_CR current under 4.2 from 31/12/2025,4.2_layouts.zip,260106 Annotated templates/SBP/20260106 Annotated Table Layout  SBP 4.2 SBP_CRSBP 4.2.xlsx,C_102.00
SBP_CR,C_103.00,4.2,2025-12-31,,official,https://www.eba.europa.eu/reporting-time-traveller/reporting-by-release?framework_release=5551,EBA reporting time traveller marks SBP_CR current under 4.2 from 31/12/2025,4.2_layouts.zip,260106 Annotated templates/SBP/20260106 Annotated Table Layout  SBP 4.2 SBP_CRSBP 4.2.xlsx,C_103.00
SBP_CR,C_105.01,4.2,2025-12-31,,official,https://www.eba.europa.eu/reporting-time-traveller/reporting-by-release?framework_release=5551,EBA reporting time traveller marks SBP_CR current under 4.2 from 31/12/2025,4.2_layouts.zip,260106 Annotated templates/SBP/20260106 Annotated Table Layout  SBP 4.2 SBP_CRSBP 4.2.xlsx,C_105.01
SBP_CR,C_105.02,4.2,2025-12-31,,official,https://www.eba.europa.eu/reporting-time-traveller/reporting-by-release?framework_release=5551,EBA reporting time traveller marks SBP_CR current under 4.2 from 31/12/2025,4.2_layouts.zip,260106 Annotated templates/SBP/20260106 Annotated Table Layout  SBP 4.2 SBP_CRSBP 4.2.xlsx,C_105.02
SBP_CR,C_105.03,4.2,2025-12-31,,official,https://www.eba.europa.eu/reporting-time-traveller/reporting-by-release?framework_release=5551,EBA reporting time traveller marks SBP_CR current under 4.2 from 31/12/2025,4.2_layouts.zip,260106 Annotated templates/SBP/20260106 Annotated Table Layout  SBP 4.2 SBP_CRSBP 4.2.xlsx,C_105.03
SBP_CR,S_00.01,4.2,2025-12-31,,official,https://www.eba.europa.eu/reporting-time-traveller/reporting-by-release?framework_release=5551,EBA reporting time traveller marks SBP_CR current under 4.2 from 31/12/2025,4.2_layouts.zip,260106 Annotated templates/SBP/20260106 Annotated Table Layout  SBP 4.2 SBP_CRSBP 4.2.xlsx,S_00.01
SBP_IFRS9,C_111.00,4.2,2026-03-31,,official_except_explicit_overrides,https://www.eba.europa.eu/risk-and-data-analysis/reporting-frameworks/reporting-framework-42,All other modules use the completed DPM 2.0 glossary from 03/2026; DORA excluded,4.2_layouts.zip,260106 Annotated templates/SBP/20260106 Annotated Table Layout  SBP 4.2 SBP_IFRS9SBP 4.2.xlsx,C_111.00
SBP_IFRS9,C_112.00,4.2,2026-03-31,,official_except_explicit_overrides,https://www.eba.europa.eu/risk-and-data-analysis/reporting-frameworks/reporting-framework-42,All other modules use the completed DPM 2.0 glossary from 03/2026; DORA excluded,4.2_layouts.zip,260106 Annotated templates/SBP/20260106 Annotated Table Layout  SBP 4.2 SBP_IFRS9SBP 4.2.xlsx,C_112.00
SBP_IFRS9,C_113.00,4.2,2026-03-31,,official_except_explicit_overrides,https://www.eba.europa.eu/risk-and-data-analysis/reporting-frameworks/reporting-framework-42,All other modules use the completed DPM 2.0 glossary from 03/2026; DORA excluded,4.2_layouts.zip,260106 Annotated templates/SBP/20260106 Annotated Table Layout  SBP 4.2 SBP_IFRS9SBP 4.2.xlsx,C_113.00
SBP_IFRS9,C_114.00,4.2,2026-03-31,,official_except_explicit_overrides,https://www.eba.europa.eu/risk-and-data-analysis/reporting-frameworks/reporting-framework-42,All other modules use the completed DPM 2.0 glossary from 03/2026; DORA excluded,4.2_layouts.zip,260106 Annotated templates/SBP/20260106 Annotated Table Layout  SBP 4.2 SBP_IFRS9SBP 4.2.xlsx,C_114.00
SBP_IFRS9,C_115.00,4.2,2026-03-31,,official_except_explicit_overrides,https://www.eba.europa.eu/risk-and-data-analysis/reporting-frameworks/reporting-framework-42,All other modules use the completed DPM 2.0 glossary from 03/2026; DORA excluded,4.2_layouts.zip,260106 Annotated templates/SBP/20260106 Annotated Table Layout  SBP 4.2 SBP_IFRS9SBP 4.2.xlsx,C_115.00
SBP_IFRS9,C_116.00,4.2,2026-03-31,,official_except_explicit_overrides,https://www.eba.europa.eu/risk-and-data-analysis/reporting-frameworks/reporting-framework-42,All other modules use the completed DPM 2.0 glossary from 03/2026; DORA excluded,4.2_layouts.zip,260106 Annotated templates/SBP/20260106 Annotated Table Layout  SBP 4.2 SBP_IFRS9SBP 4.2.xlsx,C_116.00
SBP_IFRS9,C_117.00,4.2,2026-03-31,,official_except_explicit_overrides,https://www.eba.europa.eu/risk-and-data-analysis/reporting-frameworks/reporting-framework-42,All other modules use the completed DPM 2.0 glossary from 03/2026; DORA excluded,4.2_layouts.zip,260106 Annotated templates/SBP/20260106 Annotated Table Layout  SBP 4.2 SBP_IFRS9SBP 4.2.xlsx,C_117.00
SBP_IFRS9,C_118.00,4.2,2026-03-31,,official_except_explicit_overrides,https://www.eba.europa.eu/risk-and-data-analysis/reporting-frameworks/reporting-framework-42,All other modules use the completed DPM 2.0 glossary from 03/2026; DORA excluded,4.2_layouts.zip,260106 Annotated templates/SBP/20260106 Annotated Table Layout  SBP 4.2 SBP_IFRS9SBP 4.2.xlsx,C_118.00
SBP_IFRS9,S_00.01,4.2,2026-03-31,,official_except_explicit_overrides,https://www.eba.europa.eu/risk-and-data-analysis/reporting-frameworks/reporting-framework-42,All other modules use the completed DPM 2.0 glossary from 03/2026; DORA excluded,4.2_layouts.zip,260106 Annotated templates/SBP/20260106 Annotated Table Layout  SBP 4.2 SBP_IFRS9SBP 4.2.xlsx,S_00.01
SBP_RM,C_107.01.a,4.2,2026-03-31,,official_except_explicit_overrides,https://www.eba.europa.eu/risk-and-data-analysis/reporting-frameworks/reporting-framework-42,All other modules use the completed DPM 2.0 glossary from 03/2026; DORA excluded,4.2_layouts.zip,260106 Annotated templates/SBP/20260106 Annotated Table Layout  SBP 4.2 SBP_RMSBP 4.2.xlsx,C_107.01.a
SBP_RM,C_107.01.b,4.2,2026-03-31,,official_except_explicit_overrides,https://www.eba.europa.eu/risk-and-data-analysis/reporting-frameworks/reporting-framework-42,All other modules use the completed DPM 2.0 glossary from 03/2026; DORA excluded,4.2_layouts.zip,260106 Annotated templates/SBP/20260106 Annotated Table Layout  SBP 4.2 SBP_RMSBP 4.2.xlsx,C_107.01.b
SBP_RM,C_107.02,4.2,2026-03-31,,official_except_explicit_overrides,https://www.eba.europa.eu/risk-and-data-analysis/reporting-frameworks/reporting-framework-42,All other modules use the completed DPM 2.0 glossary from 03/2026; DORA excluded,4.2_layouts.zip,260106 Annotated templates/SBP/20260106 Annotated Table Layout  SBP 4.2 SBP_RMSBP 4.2.xlsx,C_107.02
SBP_RM,C_108.00,4.2,2026-03-31,,official_except_explicit_overrides,https://www.eba.europa.eu/risk-and-data-analysis/reporting-frameworks/reporting-framework-42,All other modules use the completed DPM 2.0 glossary from 03/2026; DORA excluded,4.2_layouts.zip,260106 Annotated templates/SBP/20260106 Annotated Table Layout  SBP 4.2 SBP_RMSBP 4.2.xlsx,C_108.00
SBP_RM,C_109.01.a,4.2,2026-03-31,,official_except_explicit_overrides,https://www.eba.europa.eu/risk-and-data-analysis/reporting-frameworks/reporting-framework-42,All other modules use the completed DPM 2.0 glossary from 03/2026; DORA excluded,4.2_layouts.zip,260106 Annotated templates/SBP/20260106 Annotated Table Layout  SBP 4.2 SBP_RMSBP 4.2.xlsx,C_109.01.a
SBP_RM,C_109.01.b,4.2,2026-03-31,,official_except_explicit_overrides,https://www.eba.europa.eu/risk-and-data-analysis/reporting-frameworks/reporting-framework-42,All other modules use the completed DPM 2.0 glossary from 03/2026; DORA excluded,4.2_layouts.zip,260106 Annotated templates/SBP/20260106 Annotated Table Layout  SBP 4.2 SBP_RMSBP 4.2.xlsx,C_109.01.b
SBP_RM,C_109.02.a,4.2,2026-03-31,,official_except_explicit_overrides,https://www.eba.europa.eu/risk-and-data-analysis/reporting-frameworks/reporting-framework-42,All other modules use the completed DPM 2.0 glossary from 03/2026; DORA excluded,4.2_layouts.zip,260106 Annotated templates/SBP/20260106 Annotated Table Layout  SBP 4.2 SBP_RMSBP 4.2.xlsx,C_109.02.a
SBP_RM,C_109.02.b,4.2,2026-03-31,,official_except_explicit_overrides,https://www.eba.europa.eu/risk-and-data-analysis/reporting-frameworks/reporting-framework-42,All other modules use the completed DPM 2.0 glossary from 03/2026; DORA excluded,4.2_layouts.zip,260106 Annotated templates/SBP/20260106 Annotated Table Layout  SBP 4.2 SBP_RMSBP 4.2.xlsx,C_109.02.b
SBP_RM,C_109.03,4.2,2026-03-31,,official_except_explicit_overrides,https://www.eba.europa.eu/risk-and-data-analysis/reporting-frameworks/reporting-framework-42,All other modules use the completed DPM 2.0 glossary from 03/2026; DORA excluded,4.2_layouts.zip,260106 Annotated templates/SBP/20260106 Annotated Table Layout  SBP 4.2 SBP_RMSBP 4.2.xlsx,C_109.03
SBP_RM,C_110.01.a,4.2,2026-03-31,,official_except_explicit_overrides,https://www.eba.europa.eu/risk-and-data-analysis/reporting-frameworks/reporting-framework-42,All other modules use the completed DPM 2.0 glossary from 03/2026; DORA excluded,4.2_layouts.zip,260106 Annotated templates/SBP/20260106 Annotated Table Layout  SBP 4.2 SBP_RMSBP 4.2.xlsx,C_110.01.a
SBP_RM,C_110.01.b,4.2,2026-03-31,,official_except_explicit_overrides,https://www.eba.europa.eu/risk-and-data-analysis/reporting-frameworks/reporting-framework-42,All other modules use the completed DPM 2.0 glossary from 03/2026; DORA excluded,4.2_layouts.zip,260106 Annotated templates/SBP/20260106 Annotated Table Layout  SBP 4.2 SBP_RMSBP 4.2.xlsx,C_110.01.b
SBP_RM,C_110.02.a,4.2,2026-03-31,,official_except_explicit_overrides,https://www.eba.europa.eu/risk-and-data-analysis/reporting-frameworks/reporting-framework-42,All other modules use the completed DPM 2.0 glossary from 03/2026; DORA excluded,4.2_layouts.zip,260106 Annotated templates/SBP/20260106 Annotated Table Layout  SBP 4.2 SBP_RMSBP 4.2.xlsx,C_110.02.a
SBP_RM,C_110.02.b,4.2,2026-03-31,,official_except_explicit_overrides,https://www.eba.europa.eu/risk-and-data-analysis/reporting-frameworks/reporting-framework-42,All other modules use the completed DPM 2.0 glossary from 03/2026; DORA excluded,4.2_layouts.zip,260106 Annotated templates/SBP/20260106 Annotated Table Layout  SBP 4.2 SBP_RMSBP 4.2.xlsx,C_110.02.b
SBP_RM,C_110.03,4.2,2026-03-31,,official_except_explicit_overrides,https://www.eba.europa.eu/risk-and-data-analysis/reporting-frameworks/reporting-framework-42,All other modules use the completed DPM 2.0 glossary from 03/2026; DORA excluded,4.2_layouts.zip,260106 Annotated templates/SBP/20260106 Annotated Table Layout  SBP 4.2 SBP_RMSBP 4.2.xlsx,C_110.03
SBP_RM,C_120.01,4.2,2026-03-31,,official_except_explicit_overrides,https://www.eba.europa.eu/risk-and-data-analysis/reporting-frameworks/reporting-framework-42,All other modules use the completed DPM 2.0 glossary from 03/2026; DORA excluded,4.2_layouts.zip,260106 Annotated templates/SBP/20260106 Annotated Table Layout  SBP 4.2 SBP_RMSBP 4.2.xlsx,C_120.01
SBP_RM,C_120.02,4.2,2026-03-31,,official_except_explicit_overrides,https://www.eba.europa.eu/risk-and-data-analysis/reporting-frameworks/reporting-framework-42,All other modules use the completed DPM 2.0 glossary from 03/2026; DORA excluded,4.2_layouts.zip,260106 Annotated templates/SBP/20260106 Annotated Table Layout  SBP 4.2 SBP_RMSBP 4.2.xlsx,C_120.02
SBP_RM,C_120.04,4.2,2026-03-31,,official_except_explicit_overrides,https://www.eba.europa.eu/risk-and-data-analysis/reporting-frameworks/reporting-framework-42,All other modules use the completed DPM 2.0 glossary from 03/2026; DORA excluded,4.2_layouts.zip,260106 Annotated templates/SBP/20260106 Annotated Table Layout  SBP 4.2 SBP_RMSBP 4.2.xlsx,C_120.04
SBP_RM,C_120.05,4.2,2026-03-31,,official_except_explicit_overrides,https://www.eba.europa.eu/risk-and-data-analysis/reporting-frameworks/reporting-framework-42,All other modules use the completed DPM 2.0 glossary from 03/2026; DORA excluded,4.2_layouts.zip,260106 Annotated templates/SBP/20260106 Annotated Table Layout  SBP 4.2 SBP_RMSBP 4.2.xlsx,C_120.05
SBP_RM,C_120.06,4.2,2026-03-31,,official_except_explicit_overrides,https://www.eba.europa.eu/risk-and-data-analysis/reporting-frameworks/reporting-framework-42,All other modules use the completed DPM 2.0 glossary from 03/2026; DORA excluded,4.2_layouts.zip,260106 Annotated templates/SBP/20260106 Annotated Table Layout  SBP 4.2 SBP_RMSBP 4.2.xlsx,C_120.06
SBP_RM,S_00.01,4.2,2026-03-31,,official_except_explicit_overrides,https://www.eba.europa.eu/risk-and-data-analysis/reporting-frameworks/reporting-framework-42,All other modules use the completed DPM 2.0 glossary from 03/2026; DORA excluded,4.2_layouts.zip,260106 Annotated templates/SBP/20260106 Annotated Table Layout  SBP 4.2 SBP_RMSBP 4.2.xlsx,S_00.01
SEPA_IPR,S_01.01,4.2,2022-12-31,,official_retroactive_reporting,https://www.eba.europa.eu/risk-and-data-analysis/reporting-frameworks/reporting-framework-42,4.2 package covers historical data from 2022; first PSP-to-NCA remittance is 2026-04-09,4.2_layouts.zip,260106 Annotated templates/PAY/20260106 Annotated Table Layout  PAY 4.2 SEPA_IPRPAY 4.2.xlsx,S_01.01
SEPA_IPR,S_01.01,4.1,,,not_applicable_deferred,https://www.eba.europa.eu/risk-and-data-analysis/reporting-frameworks/reporting-framework-42,IPR reporting was deferred from 4.1 to 4.2; EBA states the first remittance date is in April 2026,4.1_layouts.zip,20250519 Annotated Table Layout  SEPA_IPRPAY 4.1.xlsx,S_01.01
SEPA_IPR,S_01.02,4.2,2022-12-31,,official_retroactive_reporting,https://www.eba.europa.eu/risk-and-data-analysis/reporting-frameworks/reporting-framework-42,4.2 package covers historical data from 2022; first PSP-to-NCA remittance is 2026-04-09,4.2_layouts.zip,260106 Annotated templates/PAY/20260106 Annotated Table Layout  PAY 4.2 SEPA_IPRPAY 4.2.xlsx,S_01.02
SEPA_IPR,S_01.02,4.1,,,not_applicable_deferred,https://www.eba.europa.eu/risk-and-data-analysis/reporting-frameworks/reporting-framework-42,IPR reporting was deferred from 4.1 to 4.2; EBA states the first remittance date is in April 2026,4.1_layouts.zip,20250519 Annotated Table Layout  SEPA_IPRPAY 4.1.xlsx,S_01.02
SEPA_IPR,S_02.01,4.2,2022-12-31,,official_retroactive_reporting,https://www.eba.europa.eu/risk-and-data-analysis/reporting-frameworks/reporting-framework-42,4.2 package covers historical data from 2022; first PSP-to-NCA remittance is 2026-04-09,4.2_layouts.zip,260106 Annotated templates/PAY/20260106 Annotated Table Layout  PAY 4.2 SEPA_IPRPAY 4.2.xlsx,S_02.01
SEPA_IPR,S_02.01,4.1,,,not_applicable_deferred,https://www.eba.europa.eu/risk-and-data-analysis/reporting-frameworks/reporting-framework-42,IPR reporting was deferred from 4.1 to 4.2; EBA states the first remittance date is in April 2026,4.1_layouts.zip,20250519 Annotated Table Layout  SEPA_IPRPAY 4.1.xlsx,S_02.01
SEPA_IPR,S_02.02,4.2,2022-12-31,,official_retroactive_reporting,https://www.eba.europa.eu/risk-and-data-analysis/reporting-frameworks/reporting-framework-42,4.2 package covers historical data from 2022; first PSP-to-NCA remittance is 2026-04-09,4.2_layouts.zip,260106 Annotated templates/PAY/20260106 Annotated Table Layout  PAY 4.2 SEPA_IPRPAY 4.2.xlsx,S_02.02
SEPA_IPR,S_02.02,4.1,,,not_applicable_deferred,https://www.eba.europa.eu/risk-and-data-analysis/reporting-frameworks/reporting-framework-42,IPR reporting was deferred from 4.1 to 4.2; EBA states the first remittance date is in April 2026,4.1_layouts.zip,20250519 Annotated Table Layout  SEPA_IPRPAY 4.1.xlsx,S_02.02
SEPA_IPR,S_03.00,4.2,2022-12-31,,official_retroactive_reporting,https://www.eba.europa.eu/risk-and-data-analysis/reporting-frameworks/reporting-framework-42,4.2 package covers historical data from 2022; first PSP-to-NCA remittance is 2026-04-09,4.2_layouts.zip,260106 Annotated templates/PAY/20260106 Annotated Table Layout  PAY 4.2 SEPA_IPRPAY 4.2.xlsx,S_03.00
SEPA_IPR,S_03.00,4.1,,,not_applicable_deferred,https://www.eba.europa.eu/risk-and-data-analysis/reporting-frameworks/reporting-framework-42,IPR reporting was deferred from 4.1 to 4.2; EBA states the first remittance date is in April 2026,4.1_layouts.zip,20250519 Annotated Table Layout  SEPA_IPRPAY 4.1.xlsx,S_03.00
SEPA_IPR,S_04.00,4.2,2022-12-31,,official_retroactive_reporting,https://www.eba.europa.eu/risk-and-data-analysis/reporting-frameworks/reporting-framework-42,4.2 package covers historical data from 2022; first PSP-to-NCA remittance is 2026-04-09,4.2_layouts.zip,260106 Annotated templates/PAY/20260106 Annotated Table Layout  PAY 4.2 SEPA_IPRPAY 4.2.xlsx,S_04.00
SEPA_IPR,S_04.00,4.1,,,not_applicable_deferred,https://www.eba.europa.eu/risk-and-data-analysis/reporting-frameworks/reporting-framework-42,IPR reporting was deferred from 4.1 to 4.2; EBA states the first remittance date is in April 2026,4.1_layouts.zip,20250519 Annotated Table Layout  SEPA_IPRPAY 4.1.xlsx,S_04.00
