table_id;description;framework;source_archive;module_codes;source_template_id;source_workbook;source_sheet
A_00.01;Nature of Report (AE);4.2;4.2_layouts.zip;AE;A_00.01;260106 Annotated templates/AE/20260106 Annotated Table Layout  AE 4.2 AEAE 4.2.xlsx;A_00.01
B_01.01;Entity maintaining the register of information;4.2;4.2_layouts.zip;DORA;B_01.01;260106 Annotated templates/DORA/20260106 Annotated Table Layout  DORA 4.2 DORADORA 4.2.xlsx;B_01.01
B_01.02;List of entities within the scope of the register of information;4.2;4.2_layouts.zip;DORA;B_01.02;260106 Annotated templates/DORA/20260106 Annotated Table Layout  DORA 4.2 DORADORA 4.2.xlsx;B_01.02
B_01.03;List of branches;4.2;4.2_layouts.zip;DORA;B_01.03;260106 Annotated templates/DORA/20260106 Annotated Table Layout  DORA 4.2 DORADORA 4.2.xlsx;B_01.03
B_02.01;Contractual arrangements – General Information;4.2;4.2_layouts.zip;DORA;B_02.01;260106 Annotated templates/DORA/20260106 Annotated Table Layout  DORA 4.2 DORADORA 4.2.xlsx;B_02.01
B_02.02;Contractual arrangements – Specific information;4.2;4.2_layouts.zip;DORA;B_02.02;260106 Annotated templates/DORA/20260106 Annotated Table Layout  DORA 4.2 DORADORA 4.2.xlsx;B_02.02
B_02.03;List of intra-group contractual arrangements;4.2;4.2_layouts.zip;DORA;B_02.03;260106 Annotated templates/DORA/20260106 Annotated Table Layout  DORA 4.2 DORADORA 4.2.xlsx;B_02.03
B_03.01;Entities signing the Contractual arrangements for receiving ICT service(s) or on behalf of the entities making use of the ICT service(s);4.2;4.2_layouts.zip;DORA;B_03.01;260106 Annotated templates/DORA/20260106 Annotated Table Layout  DORA 4.2 DORADORA 4.2.xlsx;B_03.01
B_03.02;ICT third-party service providers signing the Contractual arrangements for providing ICT service(s);4.2;4.2_layouts.zip;DORA;B_03.02;260106 Annotated templates/DORA/20260106 Annotated Table Layout  DORA 4.2 DORADORA 4.2.xlsx;B_03.02
B_03.03;Entities signing the Contractual arrangements for providing ICT service(s) to other entity within the scope of consolidation;4.2;4.2_layouts.zip;DORA;B_03.03;260106 Annotated templates/DORA/20260106 Annotated Table Layout  DORA 4.2 DORADORA 4.2.xlsx;B_03.03
B_04.01;Entities making use of the ICT services;4.2;4.2_layouts.zip;DORA;B_04.01;260106 Annotated templates/DORA/20260106 Annotated Table Layout  DORA 4.2 DORADORA 4.2.xlsx;B_04.01
B_05.01;ICT third-party service providers;4.2;4.2_layouts.zip;DORA;B_05.01;260106 Annotated templates/DORA/20260106 Annotated Table Layout  DORA 4.2 DORADORA 4.2.xlsx;B_05.01
B_05.02;ICT service supply chains;4.2;4.2_layouts.zip;DORA;B_05.02;260106 Annotated templates/DORA/20260106 Annotated Table Layout  DORA 4.2 DORADORA 4.2.xlsx;B_05.02
B_06.01;Functions identification;4.2;4.2_layouts.zip;DORA;B_06.01;260106 Annotated templates/DORA/20260106 Annotated Table Layout  DORA 4.2 DORADORA 4.2.xlsx;B_06.01
B_07.01;Assessment of the ICT services;4.2;4.2_layouts.zip;DORA;B_07.01;260106 Annotated templates/DORA/20260106 Annotated Table Layout  DORA 4.2 DORADORA 4.2.xlsx;B_07.01
B_99.01;Definitions from Entities making use of the ICT Services;4.2;4.2_layouts.zip;DORA;B_99.01;260106 Annotated templates/DORA/20260106 Annotated Table Layout  DORA 4.2 DORADORA 4.2.xlsx;B_99.01
C_00.01;Nature of Report (COREP);4.2;4.2_layouts.zip;COREP_ALM,COREP_FRTB,COREP_LCR_DA,COREP_LE,COREP_LR,COREP_NSFR,COREP_OF;C_00.01;260106 Annotated templates/COREP/20260106 Annotated Table Layout  COREP 4.2 COREP_ALMCOREP 4.2.xlsx;C_00.01
C_01.00;Capital Adequacy - Own funds definition;4.2;4.2_layouts.zip;COREP_OF;C_01.00;260106 Annotated templates/COREP/20260106 Annotated Table Layout  COREP 4.2 COREP_OFCOREP 4.2.xlsx;C_01.00
C_02.00;Capital Adequacy - Risk Exposure Amounts;4.2;4.2_layouts.zip;COREP_OF;C_02.00.a;260106 Annotated templates/COREP/20260106 Annotated Table Layout  COREP 4.2 COREP_OFCOREP 4.2.xlsx;C_02.00.a
C_03.00;Capital Adequacy - Ratios;4.2;4.2_layouts.zip;COREP_OF;C_03.00;260106 Annotated templates/COREP/20260106 Annotated Table Layout  COREP 4.2 COREP_OFCOREP 4.2.xlsx;C_03.00
C_04.00;Capital Adequacy - Memorandum Items;4.2;4.2_layouts.zip;COREP_OF;C_04.00;260106 Annotated templates/COREP/20260106 Annotated Table Layout  COREP 4.2 COREP_OFCOREP 4.2.xlsx;C_04.00
C_05.01;Capital Adequacy - Transitional provisions: Summary;4.2;4.2_layouts.zip;COREP_OF;C_05.01;260106 Annotated templates/COREP/20260106 Annotated Table Layout  COREP 4.2 COREP_OFCOREP 4.2.xlsx;C_05.01
C_05.02;Capital Adequacy - Transitional provisions: Grandfathered instruments not constituting State aid;4.2;4.2_layouts.zip;COREP_OF;C_05.02;260106 Annotated templates/COREP/20260106 Annotated Table Layout  COREP 4.2 COREP_OFCOREP 4.2.xlsx;C_05.02
C_06.01;Group Solvency - Total;4.2;4.2_layouts.zip;COREP_OF;C_06.01;260106 Annotated templates/COREP/20260106 Annotated Table Layout  COREP 4.2 COREP_OFCOREP 4.2.xlsx;C_06.01
C_06.02;Group Solvency;4.2;4.2_layouts.zip;COREP_OF;C_06.02;260106 Annotated templates/COREP/20260106 Annotated Table Layout  COREP 4.2 COREP_OFCOREP 4.2.xlsx;C_06.02
C_07.00;Credit and counterparty credit risks and free deliveries: Standardised Approach to capital requirements;4.2;4.2_layouts.zip;COREP_OF;C_07.00.a;260106 Annotated templates/COREP/20260106 Annotated Table Layout  COREP 4.2 COREP_OFCOREP 4.2.xlsx;C_07.00.a
C_08.01;Credit and counterparty credit risks and free deliveries: IRB Approach to capital requirements - TOTAL;4.2;4.2_layouts.zip;COREP_OF;C_08.01.a;260106 Annotated templates/COREP/20260106 Annotated Table Layout  COREP 4.2 COREP_OFCOREP 4.2.xlsx;C_08.01.a
C_08.02;Credit and counterparty credit risks and free deliveries: IRB Approach to capital requirements - Breakdown of exposures assigned to obligor grades or pools by obligor grades;4.2;4.2_layouts.zip;COREP_OF;C_08.02;260106 Annotated templates/COREP/20260106 Annotated Table Layout  COREP 4.2 COREP_OFCOREP 4.2.xlsx;C_08.02
C_08.03;Credit risk and free deliveries: IRB approach to capital requirements: breakdown by PD ranges (CR IRB 3);4.2;4.2_layouts.zip;COREP_OF;C_08.03;260106 Annotated templates/COREP/20260106 Annotated Table Layout  COREP 4.2 COREP_OFCOREP 4.2.xlsx;C_08.03
C_08.04;Credit risk and free deliveries: IRB approach to capital requirements: RWEA flow statements (CR IRB 4);4.2;4.2_layouts.zip;COREP_OF;C_08.04;260106 Annotated templates/COREP/20260106 Annotated Table Layout  COREP 4.2 COREP_OFCOREP 4.2.xlsx;C_08.04
C_08.05;Credit risk and free deliveries: IRB approach to capital requirements: back-testing of PD (CR IRB 5);4.2;4.2_layouts.zip;COREP_OF;C_08.05;260106 Annotated templates/COREP/20260106 Annotated Table Layout  COREP 4.2 COREP_OFCOREP 4.2.xlsx;C_08.05
C_08.05.1;Credit risk and free deliveries: IRB approach to capital requirements: back-testing of PD in accordance with Article 180(1), point (f) of Regulation (EU) No 575/2013 (CR IRB 5B);4.2;4.2_layouts.zip;COREP_OF;C_08.05.1.a;260106 Annotated templates/COREP/20260106 Annotated Table Layout  COREP 4.2 COREP_OFCOREP 4.2.xlsx;C_08.05.1.a
C_08.06;Credit risk and free deliveries: IRB approach to capital requirements: specialised lending slotting approach (CR IRB 6);4.2;4.2_layouts.zip;COREP_OF;C_08.06;260106 Annotated templates/COREP/20260106 Annotated Table Layout  COREP 4.2 COREP_OFCOREP 4.2.xlsx;C_08.06
C_08.07;Credit risk and free deliveries: IRB approach to capital requirements: scope of use of IRB and SA approaches (CR IRB 7);4.2;4.2_layouts.zip;COREP_OF;C_08.07;260106 Annotated templates/COREP/20260106 Annotated Table Layout  COREP 4.2 COREP_OFCOREP 4.2.xlsx;C_08.07
C_09.01;Geographical breakdown of exposures by residence of the obligor (SA exposures);4.2;4.2_layouts.zip;COREP_OF;C_09.01.a;260106 Annotated templates/COREP/20260106 Annotated Table Layout  COREP 4.2 COREP_OFCOREP 4.2.xlsx;C_09.01.a
C_09.02;Geographical breakdown of exposures by residence of the obligor (IRB exposures);4.2;4.2_layouts.zip;COREP_OF;C_09.02;260106 Annotated templates/COREP/20260106 Annotated Table Layout  COREP 4.2 COREP_OFCOREP 4.2.xlsx;C_09.02
C_09.04;Breakdown of credit exposures relevant for the calculation of the countercyclical buffer by country and institution-specific countercyclical buffer rate;4.2;4.2_layouts.zip;COREP_OF;C_09.04;260106 Annotated templates/COREP/20260106 Annotated Table Layout  COREP 4.2 COREP_OFCOREP 4.2.xlsx;C_09.04
C_10.00;Credit and counterparty credit risks and free deliveries: IRB exposures subject to output floor;4.2;4.2_layouts.zip;COREP_OF;C_10.00;260106 Annotated templates/COREP/20260106 Annotated Table Layout  COREP 4.2 COREP_OFCOREP 4.2.xlsx;C_10.00
C_10.01;Credit risk: Equity - IRB approaches to capital requirements - TOTAL;4.2;4.2_layouts.zip;COREP_OF;C_10.01;260106 Annotated templates/COREP/20260106 Annotated Table Layout  COREP 4.2 COREP_OFCOREP 4.2.xlsx;C_10.01
C_10.02;Credit risk: Equity - IRB approaches to capital requirements - Breakdown of total exposures under the PD/LGD Approach by obligor grades;4.2;4.2_layouts.zip;COREP_OF;C_10.02;260106 Annotated templates/COREP/20260106 Annotated Table Layout  COREP 4.2 COREP_OFCOREP 4.2.xlsx;C_10.02
C_101.00;Details on exposures in Low Default Portfolios by counterparty;4.2;4.2_layouts.zip;SBP_CR;C_101.00;260106 Annotated templates/SBP/20260106 Annotated Table Layout  SBP 4.2 SBP_CRSBP 4.2.xlsx;C_101.00
C_102.00;Details on exposures in Low Default Portfolios;4.2;4.2_layouts.zip;SBP_CR;C_102.00;260106 Annotated templates/SBP/20260106 Annotated Table Layout  SBP 4.2 SBP_CRSBP 4.2.xlsx;C_102.00
C_103.00;Details on exposures in High Default Portfolios;4.2;4.2_layouts.zip;SBP_CR;C_103.00;260106 Annotated templates/SBP/20260106 Annotated Table Layout  SBP 4.2 SBP_CRSBP 4.2.xlsx;C_103.00
C_105.01;Definition of internal models;4.2;4.2_layouts.zip;SBP_CR;C_105.01;260106 Annotated templates/SBP/20260106 Annotated Table Layout  SBP 4.2 SBP_CRSBP 4.2.xlsx;C_105.01
C_105.02;Mapping of internal models to portfolios;4.2;4.2_layouts.zip;SBP_CR;C_105.02;260106 Annotated templates/SBP/20260106 Annotated Table Layout  SBP 4.2 SBP_CRSBP 4.2.xlsx;C_105.02
C_105.03;Mapping of internal models to countries;4.2;4.2_layouts.zip;SBP_CR;C_105.03;260106 Annotated templates/SBP/20260106 Annotated Table Layout  SBP 4.2 SBP_CRSBP 4.2.xlsx;C_105.03
C_106.00;Initial Market Valuation and exclusion justification;4.2;4.2_layouts.zip;SBPIMV;C_106.00;260106 Annotated templates/SBP/20260106 Annotated Table Layout  SBP 4.2 SBPIMVSBP 4.2.xlsx;C_106.00
C_106.01;Risk sensitivities by Instrument;4.2;4.2_layouts.zip;SBPIMV;C_106.01;260106 Annotated templates/SBP/20260106 Annotated Table Layout  SBP 4.2 SBPIMVSBP 4.2.xlsx;C_106.01
C_106.02;SBM. OFR composition by SBM validation portfolio;4.2;4.2_layouts.zip;SBPIMV;C_106.02;260106 Annotated templates/SBP/20260106 Annotated Table Layout  SBP 4.2 SBPIMVSBP 4.2.xlsx;C_106.02
C_107.01;VaR, SVaR and PV. Details;4.2;4.2_layouts.zip;SBP_RM;C_107.01.a;260106 Annotated templates/SBP/20260106 Annotated Table Layout  SBP 4.2 SBP_RMSBP 4.2.xlsx;C_107.01.a
C_107.02;VaR and SVaR non-CTP. EBA Portfolio currency results;4.2;4.2_layouts.zip;SBP_RM;C_107.02;260106 Annotated templates/SBP/20260106 Annotated Table Layout  SBP 4.2 SBP_RMSBP 4.2.xlsx;C_107.02
C_108.00;One year profit & loss VaR non-CTP;4.2;4.2_layouts.zip;SBP_RM;C_108.00;260106 Annotated templates/SBP/20260106 Annotated Table Layout  SBP 4.2 SBP_RMSBP 4.2.xlsx;C_108.00
C_109.01;IRC. Details of the model;4.2;4.2_layouts.zip;SBP_RM;C_109.01.a;260106 Annotated templates/SBP/20260106 Annotated Table Layout  SBP 4.2 SBP_RMSBP 4.2.xlsx;C_109.01.a
C_109.02;IRC. Details by portfolio;4.2;4.2_layouts.zip;SBP_RM;C_109.02.a;260106 Annotated templates/SBP/20260106 Annotated Table Layout  SBP 4.2 SBP_RMSBP 4.2.xlsx;C_109.02.a
C_109.03;IRC. Amount by portfolio/date;4.2;4.2_layouts.zip;SBP_RM;C_109.03;260106 Annotated templates/SBP/20260106 Annotated Table Layout  SBP 4.2 SBP_RMSBP 4.2.xlsx;C_109.03
C_11.00;Settlement/Delivery risk;4.2;4.2_layouts.zip;COREP_OF;C_11.00;260106 Annotated templates/COREP/20260106 Annotated Table Layout  COREP 4.2 COREP_OFCOREP 4.2.xlsx;C_11.00
C_110.01;CT. Details of the model;4.2;4.2_layouts.zip;SBP_RM;C_110.01.a;260106 Annotated templates/SBP/20260106 Annotated Table Layout  SBP 4.2 SBP_RMSBP 4.2.xlsx;C_110.01.a
C_110.02;CT. Details by portfolio;4.2;4.2_layouts.zip;SBP_RM;C_110.02.a;260106 Annotated templates/SBP/20260106 Annotated Table Layout  SBP 4.2 SBP_RMSBP 4.2.xlsx;C_110.02.a
C_110.03;CT. APR by portfolio/date;4.2;4.2_layouts.zip;SBP_RM;C_110.03;260106 Annotated templates/SBP/20260106 Annotated Table Layout  SBP 4.2 SBP_RMSBP 4.2.xlsx;C_110.03
C_111.00;Details on exposures in Low Default Portfolios by counterparty;4.2;4.2_layouts.zip;SBP_IFRS9;C_111.00;260106 Annotated templates/SBP/20260106 Annotated Table Layout  SBP 4.2 SBP_IFRS9SBP 4.2.xlsx;C_111.00
C_112.00;Details on exposures in Low Default Portfolios by counterparty by economic scenario;4.2;4.2_layouts.zip;SBP_IFRS9;C_112.00;260106 Annotated templates/SBP/20260106 Annotated Table Layout  SBP 4.2 SBP_IFRS9SBP 4.2.xlsx;C_112.00
C_113.00;Details on exposures in Low Default Portfolios by counterparty by facility;4.2;4.2_layouts.zip;SBP_IFRS9;C_113.00;260106 Annotated templates/SBP/20260106 Annotated Table Layout  SBP 4.2 SBP_IFRS9SBP 4.2.xlsx;C_113.00
C_114.00;Details on macroeconomic scenarios per country;4.2;4.2_layouts.zip;SBP_IFRS9;C_114.00;260106 Annotated templates/SBP/20260106 Annotated Table Layout  SBP 4.2 SBP_IFRS9SBP 4.2.xlsx;C_114.00
C_115.00;Details on exposures in High Default Portfolios;4.2;4.2_layouts.zip;SBP_IFRS9;C_115.00;260106 Annotated templates/SBP/20260106 Annotated Table Layout  SBP 4.2 SBP_IFRS9SBP 4.2.xlsx;C_115.00
C_116.00;Details on exposures in High Default Portfolios by economic scenario;4.2;4.2_layouts.zip;SBP_IFRS9;C_116.00;260106 Annotated templates/SBP/20260106 Annotated Table Layout  SBP 4.2 SBP_IFRS9SBP 4.2.xlsx;C_116.00
C_117.00;Details on exposures in High Default Portfolios by staging;4.2;4.2_layouts.zip;SBP_IFRS9;C_117.00;260106 Annotated templates/SBP/20260106 Annotated Table Layout  SBP 4.2 SBP_IFRS9SBP 4.2.xlsx;C_117.00
C_118.00;Details on macroeconomic scenarios per GDP Area code;4.2;4.2_layouts.zip;SBP_IFRS9;C_118.00;260106 Annotated templates/SBP/20260106 Annotated Table Layout  SBP 4.2 SBP_IFRS9SBP 4.2.xlsx;C_118.00
C_120.01;SBM. Risk sensitivities by Instrument/Portfolio;4.2;4.2_layouts.zip;SBP_RM;C_120.01;260106 Annotated templates/SBP/20260106 Annotated Table Layout  SBP 4.2 SBP_RMSBP 4.2.xlsx;C_120.01
C_120.02;SBM. OFR Composition by Portfolio;4.2;4.2_layouts.zip;SBP_RM;C_120.02;260106 Annotated templates/SBP/20260106 Annotated Table Layout  SBP 4.2 SBP_RMSBP 4.2.xlsx;C_120.02
C_120.03;SBM. OFR;3.2;3.2_layouts.zip;SBP;C_120.03;Annotated Table Layout 321-P2-SBP 3.2.1.xlsx;C 120.03
C_120.04;DRC. Market values and gross JTD amounts by Instrument/Portfolio;4.2;4.2_layouts.zip;SBP_RM;C_120.04;260106 Annotated templates/SBP/20260106 Annotated Table Layout  SBP 4.2 SBP_RMSBP 4.2.xlsx;C_120.04
C_120.05;DRC. OFR Composition by Portfolio;4.2;4.2_layouts.zip;SBP_RM;C_120.05;260106 Annotated templates/SBP/20260106 Annotated Table Layout  SBP 4.2 SBP_RMSBP 4.2.xlsx;C_120.05
C_120.06;ASA. OFR;4.2;4.2_layouts.zip;SBP_RM;C_120.06;260106 Annotated templates/SBP/20260106 Annotated Table Layout  SBP 4.2 SBP_RMSBP 4.2.xlsx;C_120.06
C_13.01;(CR SEC) Credit risk: Securitisations;4.2;4.2_layouts.zip;COREP_OF;C_13.01;260106 Annotated templates/COREP/20260106 Annotated Table Layout  COREP 4.2 COREP_OFCOREP 4.2.xlsx;C_13.01
C_14.00;Detailed information on securitisations;4.2;4.2_layouts.zip;COREP_OF;C_14.00;260106 Annotated templates/COREP/20260106 Annotated Table Layout  COREP 4.2 COREP_OFCOREP 4.2.xlsx;C_14.00
C_14.01;(CR SEC Details) Detailed information on securitisations by approach;4.2;4.2_layouts.zip;COREP_OF;C_14.01;260106 Annotated templates/COREP/20260106 Annotated Table Layout  COREP 4.2 COREP_OFCOREP 4.2.xlsx;C_14.01(0010)
C_15.00;Exposures and losses from lending collateralised immovable property;4.2;4.2_layouts.zip;COREP_OF;C_15.00;260106 Annotated templates/COREP/20260106 Annotated Table Layout  COREP 4.2 COREP_OFCOREP 4.2.xlsx;C_15.00
C_16.00;Operational risk - Excluding AMA;3.2;3.2_layouts.zip;COREP;C_16.00.a;Annotated Table Layout 320-P1-COREP 3.2.xlsx;C 16.00.a
C_16.01;OPERATIONAL RISK - Own Funds Requirements (OPR OF);4.2;4.2_layouts.zip;COREP_OF;C_16.01.a;260106 Annotated templates/COREP/20260106 Annotated Table Layout  COREP 4.2 COREP_OFCOREP 4.2.xlsx;C_16.01.a
C_16.02;OPERATIONAL RISK - Business Indicator Component (OPR BIC);4.2;4.2_layouts.zip;COREP_OF;C_16.02;260106 Annotated templates/COREP/20260106 Annotated Table Layout  COREP 4.2 COREP_OFCOREP 4.2.xlsx;C_16.02
C_16.03;OPERATIONAL RISK BREAKDOWN - Losses, expenses, provisions and other financial impacts resulting from operational risk events (OPR BD);4.2;4.2_layouts.zip;COREP_OF;C_16.03;260106 Annotated templates/COREP/20260106 Annotated Table Layout  COREP 4.2 COREP_OFCOREP 4.2.xlsx;C_16.03
C_16.04;OPERATIONAL RISK - Information on subsidiaries subject to Article 314(3) CRR (OPR ILDC);4.2;4.2_layouts.zip;COREP_OF;C_16.04;260106 Annotated templates/COREP/20260106 Annotated Table Layout  COREP 4.2 COREP_OFCOREP 4.2.xlsx;C_16.04
C_17.01;OPERATIONAL RISK - Losses and recoveries by business lines and event types in the last year (OPR Details 1);4.2;4.2_layouts.zip;COREP_OF;C_17.01.a;260106 Annotated templates/COREP/20260106 Annotated Table Layout  COREP 4.2 COREP_OFCOREP 4.2.xlsx;C_17.01.a
C_17.02;OPERATIONAL RISK - Large loss events (OPR Details 2);4.2;4.2_layouts.zip;COREP_OF;C_17.02;260106 Annotated templates/COREP/20260106 Annotated Table Layout  COREP 4.2 COREP_OFCOREP 4.2.xlsx;C_17.02
C_18.00;Market risk: Standardised Approach for traded debt instruments;4.2;4.2_layouts.zip;COREP_OF,IF_CLASS2;C_18.00;260106 Annotated templates/COREP/20260106 Annotated Table Layout  COREP 4.2 COREP_OFCOREP 4.2.xlsx;C_18.00(0001)
C_19.00;Market risk: Standardised Approach for specific risk in securitisations;4.2;4.2_layouts.zip;COREP_OF,IF_CLASS2;C_19.00;260106 Annotated templates/COREP/20260106 Annotated Table Layout  COREP 4.2 COREP_OFCOREP 4.2.xlsx;C_19.00
C_20.00;Market risk: Standardised Approach for specific risk in the correlation trading portfolio;4.2;4.2_layouts.zip;COREP_OF,IF_CLASS2;C_20.00;260106 Annotated templates/COREP/20260106 Annotated Table Layout  COREP 4.2 COREP_OFCOREP 4.2.xlsx;C_20.00
C_21.00;Market risk: Standardised Approach for position risk in equities;4.2;4.2_layouts.zip;COREP_OF,IF_CLASS2;C_21.00;260106 Annotated templates/COREP/20260106 Annotated Table Layout  COREP 4.2 COREP_OFCOREP 4.2.xlsx;C_21.00(0001)
C_22.00;Market risk: Standardised Approaches for foreign exchange risk;4.2;4.2_layouts.zip;COREP_OF,IF_CLASS2;C_22.00;260106 Annotated templates/COREP/20260106 Annotated Table Layout  COREP 4.2 COREP_OFCOREP 4.2.xlsx;C_22.00
C_23.00;Market risk: Standardised Approach for position risk in commodities;4.2;4.2_layouts.zip;COREP_OF,IF_CLASS2;C_23.00;260106 Annotated templates/COREP/20260106 Annotated Table Layout  COREP 4.2 COREP_OFCOREP 4.2.xlsx;C_23.00
C_24.00;Market risk: Internal models - Total;4.2;4.2_layouts.zip;COREP_OF,IF_CLASS2;C_24.00;260106 Annotated templates/COREP/20260106 Annotated Table Layout  COREP 4.2 COREP_OFCOREP 4.2.xlsx;C_24.00
C_24.01;Trading book-Banking book boundary: Reclassifications between books (MKR MOV);3.5;3.5_layouts.zip;COREP;C_24.01;Annotated Table Layout 3.5-COREP 3.5.xlsx;C 24.01
C_25.00;CVA risk;3.2;3.2_layouts.zip;COREP,IF;C_25.00;Annotated Table Layout 320-P1-COREP 3.2.xlsx;C 25.00
C_25.01;Credit valuation adjustment risk (CVA);4.2;4.2_layouts.zip;COREP_OF,IF_CLASS2;C_25.01.a;260106 Annotated templates/COREP/20260106 Annotated Table Layout  COREP 4.2 COREP_OFCOREP 4.2.xlsx;C_25.01.a
C_26.00;Large exposures limits;4.2;4.2_layouts.zip;COREP_LE;C_26.00;260106 Annotated templates/COREP/20260106 Annotated Table Layout  COREP 4.2 COREP_LECOREP 4.2.xlsx;C_26.00
C_27.00;Identification of the counterparty;4.2;4.2_layouts.zip;COREP_LE;C_27.00;260106 Annotated templates/COREP/20260106 Annotated Table Layout  COREP 4.2 COREP_LECOREP 4.2.xlsx;C_27.00
C_28.00;Exposures in the non-trading and trading book;4.2;4.2_layouts.zip;COREP_LE;C_28.00;260106 Annotated templates/COREP/20260106 Annotated Table Layout  COREP 4.2 COREP_LECOREP 4.2.xlsx;C_28.00
C_29.00;Detail of the exposures to individual clients within groups of connected clients;4.2;4.2_layouts.zip;COREP_LE;C_29.00;260106 Annotated templates/COREP/20260106 Annotated Table Layout  COREP 4.2 COREP_LECOREP 4.2.xlsx;C_29.00
C_30.00;Maturity buckets of the 10 largest exposures to institutions and the 10 largest exposures to unregulated financial entities;2.9.1.1;2.9.1.1_layouts.zip;COREP;C_30.00;Annotated Table Layout 291-COREP 2.9.1.xlsx;C 30.00
C_31.00;Maturity buckets of the 10 largest exposures to institutions and the 10 largest exposures to unregulated financial entities: detail of the exposures to individual clients within groups of connected clients;2.9.1.1;2.9.1.1_layouts.zip;COREP;C_31.00;Annotated Table Layout 291-COREP 2.9.1.xlsx;C 31.00
C_32.01;Prudent valuation. Fair-Valued assets and liabilities;4.2;4.2_layouts.zip;COREP_OF;C_32.01;260106 Annotated templates/COREP/20260106 Annotated Table Layout  COREP 4.2 COREP_OFCOREP 4.2.xlsx;C_32.01
C_32.02;Prudent valuation: Core approach – Pre and post diversification;4.2;4.2_layouts.zip;COREP_OF;C_32.02.a;260106 Annotated templates/COREP/20260106 Annotated Table Layout  COREP 4.2 COREP_OFCOREP 4.2.xlsx;C_32.02.a
C_32.03;Prudent valuation. Model risk AVA;4.2;4.2_layouts.zip;COREP_OF;C_32.03;260106 Annotated templates/COREP/20260106 Annotated Table Layout  COREP 4.2 COREP_OFCOREP 4.2.xlsx;C_32.03
C_32.04;Prudent valuation. Concentrated positions AVA;4.2;4.2_layouts.zip;COREP_OF;C_32.04;260106 Annotated templates/COREP/20260106 Annotated Table Layout  COREP 4.2 COREP_OFCOREP 4.2.xlsx;C_32.04
C_33.00;General governments exposures by country of the counterparty and regulatory approach (Gov);4.2;4.2_layouts.zip;COREP_OF;C_33.00.a;260106 Annotated templates/COREP/20260106 Annotated Table Layout  COREP 4.2 COREP_OFCOREP 4.2.xlsx;C_33.00.a
C_34.01;Size of the derivative business (CCR 1);4.2;4.2_layouts.zip;COREP_OF;C_34.01.a;260106 Annotated templates/COREP/20260106 Annotated Table Layout  COREP 4.2 COREP_OFCOREP 4.2.xlsx;C_34.01.a
C_34.02;CCR exposures by approach (CCR 2) .a;4.2;4.2_layouts.zip;COREP_OF,IF_CLASS2;C_34.02.a;260106 Annotated templates/COREP/20260106 Annotated Table Layout  COREP 4.2 COREP_OFCOREP 4.2.xlsx;C_34.02.a(0001)
C_34.03;CCR exposures treated with standardised approaches: SA-CCR or simplified SA-CCR (CCR 3);4.2;4.2_layouts.zip;COREP_OF;C_34.03;260106 Annotated templates/COREP/20260106 Annotated Table Layout  COREP 4.2 COREP_OFCOREP 4.2.xlsx;C_34.03(0001)
C_34.04;CCR exposures treated with the original exposure method (OEM) (CCR 4);4.2;4.2_layouts.zip;COREP_OF;C_34.04;260106 Annotated templates/COREP/20260106 Annotated Table Layout  COREP 4.2 COREP_OFCOREP 4.2.xlsx;C_34.04
C_34.05;CCR exposures treated with the internal model method (IMM) (CCR 5);4.2;4.2_layouts.zip;COREP_OF;C_34.05;260106 Annotated templates/COREP/20260106 Annotated Table Layout  COREP 4.2 COREP_OFCOREP 4.2.xlsx;C_34.05
C_34.06;Top twenty counterparties (CCR 6);4.2;4.2_layouts.zip;COREP_OF;C_34.06;260106 Annotated templates/COREP/20260106 Annotated Table Layout  COREP 4.2 COREP_OFCOREP 4.2.xlsx;C_34.06
C_34.07;IRB approach – CCR exposures by exposure class and PD scale (CCR 7);4.2;4.2_layouts.zip;COREP_OF;C_34.07;260106 Annotated templates/COREP/20260106 Annotated Table Layout  COREP 4.2 COREP_OFCOREP 4.2.xlsx;C_34.07
C_34.08;Composition of collateral for CCR exposures (CCR 8);4.2;4.2_layouts.zip;COREP_OF;C_34.08.a;260106 Annotated templates/COREP/20260106 Annotated Table Layout  COREP 4.2 COREP_OFCOREP 4.2.xlsx;C_34.08.a
C_34.09;Credit derivatives exposures (CCR 9);4.2;4.2_layouts.zip;COREP_OF;C_34.09;260106 Annotated templates/COREP/20260106 Annotated Table Layout  COREP 4.2 COREP_OFCOREP 4.2.xlsx;C_34.09
C_34.10;Exposures to CCPs (CCR 10);4.2;4.2_layouts.zip;COREP_OF;C_34.10;260106 Annotated templates/COREP/20260106 Annotated Table Layout  COREP 4.2 COREP_OFCOREP 4.2.xlsx;C_34.10
C_34.11;RWEA flow statements of CCR exposures under the IMM (CCR 11);4.2;4.2_layouts.zip;COREP_OF;C_34.11;260106 Annotated templates/COREP/20260106 Annotated Table Layout  COREP 4.2 COREP_OFCOREP 4.2.xlsx;C_34.11
C_35.01;NPE loss coverage: Calculation of deductions for non-performing exposures (NPE LC1);4.2;4.2_layouts.zip;COREP_OF;C_35.01;260106 Annotated templates/COREP/20260106 Annotated Table Layout  COREP 4.2 COREP_OFCOREP 4.2.xlsx;C_35.01
C_35.02;NPE loss coverage: Minimum coverage requirements and exposure values of non-performing exposure excluding forborne exposures that fall under article 47c (6) CRR (NPE LC2);4.2;4.2_layouts.zip;COREP_OF;C_35.02;260106 Annotated templates/COREP/20260106 Annotated Table Layout  COREP 4.2 COREP_OFCOREP 4.2.xlsx;C_35.02
C_35.03;NPE loss coverage: Minimum coverage requirements and exposure values of non-performing forborne exposures that fall under article 47c (6) CRR (NPE LC3);4.2;4.2_layouts.zip;COREP_OF;C_35.03;260106 Annotated templates/COREP/20260106 Annotated Table Layout  COREP 4.2 COREP_OFCOREP 4.2.xlsx;C_35.03
C_36.00;Exposures to crypto-assets;4.2;4.2_layouts.zip;COREP_OF;C_36.00.a;260106 Annotated templates/COREP/20260106 Annotated Table Layout  COREP 4.2 COREP_OFCOREP 4.2.xlsx;C_36.00.a
C_40.00;Alternative treatment of the Exposure Measure;4.2;4.2_layouts.zip;COREP_LR;C_40.00.a;260106 Annotated templates/COREP/20260106 Annotated Table Layout  COREP 4.2 COREP_LRCOREP 4.2.xlsx;C_40.00.a
C_41.00;On- and off-balance sheet items – additional breakdown of exposures;2.9.1.1;2.9.1.1_layouts.zip;COREP;C_41.00;Annotated Table Layout 291-COREP 2.9.1.xlsx;C 41.00
C_42.00;Alternative definition of capital;2.9.1.1;2.9.1.1_layouts.zip;COREP;C_42.00;Annotated Table Layout 291-COREP 2.9.1.xlsx;C 42.00
C_43.00;Breakdown of leverage ratio exposure measure components: Off-balance sheet items, derivatives, SFTs and trading book;4.2;4.2_layouts.zip;COREP_LR;C_43.00.a;260106 Annotated templates/COREP/20260106 Annotated Table Layout  COREP 4.2 COREP_LRCOREP 4.2.xlsx;C_43.00.a
C_44.00;General Information;4.2;4.2_layouts.zip;COREP_LR;C_44.00;260106 Annotated templates/COREP/20260106 Annotated Table Layout  COREP 4.2 COREP_LRCOREP 4.2.xlsx;C_44.00
C_47.00;Leverage ratio calculation;4.2;4.2_layouts.zip;COREP_LR;C_47.00;260106 Annotated templates/COREP/20260106 Annotated Table Layout  COREP 4.2 COREP_LRCOREP 4.2.xlsx;C_47.00
C_48.01;Leverage ratio volatility: mean value for the reporting period (LR6.1);4.2;4.2_layouts.zip;COREP_LR;C_48.01;260106 Annotated templates/COREP/20260106 Annotated Table Layout  COREP 4.2 COREP_LRCOREP 4.2.xlsx;C_48.01
C_48.02;Leverage ratio volatility: daily values for the reporting period (LR6.2);4.2;4.2_layouts.zip;COREP_LR;C_48.02;260106 Annotated templates/COREP/20260106 Annotated Table Layout  COREP 4.2 COREP_LRCOREP 4.2.xlsx;C_48.02
C_51.00;Liquidity Coverage. Liquid assets (I). Total;2.9.1.1;2.9.1.1_layouts.zip;COREP;C_51.00.a;Annotated Table Layout 291-COREP 2.9.1.xlsx;C 51.00.a
C_52.00;Liquidity Coverage. Outflows (I). Total;2.9.1.1;2.9.1.1_layouts.zip;COREP;C_52.00.a;Annotated Table Layout 291-COREP 2.9.1.xlsx;C 52.00.a
C_53.00;Liquidity Coverage. Inflows (I). Total;2.9.1.1;2.9.1.1_layouts.zip;COREP;C_53.00.a;Annotated Table Layout 291-COREP 2.9.1.xlsx;C 53.00.a
C_54.00;Liquidity Coverage. Collateral swaps. Total;2.9.1.1;2.9.1.1_layouts.zip;COREP;C_54.00.a;Annotated Table Layout 291-COREP 2.9.1.xlsx;C 54.00.a
C_60.00;Stable funding. Items requiring stable funding (I). Total;2.9.1.1;2.9.1.1_layouts.zip;COREP;C_60.00.a;Annotated Table Layout 291-COREP 2.9.1.xlsx;C 60.00.a
C_61.00;Stable funding. Items providing stable funding (I). Total;2.9.1.1;2.9.1.1_layouts.zip;COREP;C_61.00.a;Annotated Table Layout 291-COREP 2.9.1.xlsx;C 61.00.a
C_66.01;Maturity ladder. Total. Overnight and higher maturity;4.2;4.2_layouts.zip;COREP_ALM;C_66.01.a;260106 Annotated templates/COREP/20260106 Annotated Table Layout  COREP 4.2 COREP_ALMCOREP 4.2.xlsx;C_66.01.a
C_66.01.a;Maturity ladder. Total. Overnight and higher maturity;3.2;3.2_layouts.zip;COREP;C_66.01.a;Annotated Table Layout 320-P1-COREP 3.2.xlsx;C 66.01.a
C_66.01.b;Maturity ladder. Total. Initial stock;3.2;3.2_layouts.zip;COREP;C_66.01.b;Annotated Table Layout 320-P1-COREP 3.2.xlsx;C 66.01.b
C_66.01.c;Maturity ladder. Total. Behavioural flows;3.2;3.2_layouts.zip;COREP;C_66.01.c;Annotated Table Layout 320-P1-COREP 3.2.xlsx;C 66.01.c
C_66.01.w;Maturity ladder. Significant currencies. Overnight and higher maturity;3.2;3.2_layouts.zip;COREP;C_66.01.w;Annotated Table Layout 320-P1-COREP 3.2.xlsx;C 66.01.w
C_66.01.x;Maturity ladder. Significant currencies. Initial stock;3.2;3.2_layouts.zip;COREP;C_66.01.x;Annotated Table Layout 320-P1-COREP 3.2.xlsx;C 66.01.x
C_66.01.y;Maturity ladder. Significant currencies. Behavioural flows;3.2;3.2_layouts.zip;COREP;C_66.01.y;Annotated Table Layout 320-P1-COREP 3.2.xlsx;C 66.01.y
C_67.00;Concentration of funding by counterparty. Total;4.2;4.2_layouts.zip;COREP_ALM;C_67.00.a;260106 Annotated templates/COREP/20260106 Annotated Table Layout  COREP 4.2 COREP_ALMCOREP 4.2.xlsx;C_67.00.a
C_68.00;Concentration of funding by product type. Total;4.2;4.2_layouts.zip;COREP_ALM;C_68.00.a;260106 Annotated templates/COREP/20260106 Annotated Table Layout  COREP 4.2 COREP_ALMCOREP 4.2.xlsx;C_68.00.a
C_69.00;Prices for various lengths of funding. Total;4.2;4.2_layouts.zip;COREP_ALM;C_69.00.a;260106 Annotated templates/COREP/20260106 Annotated Table Layout  COREP 4.2 COREP_ALMCOREP 4.2.xlsx;C_69.00.a
C_70.00;Roll-over of funding. Total;4.2;4.2_layouts.zip;COREP_ALM;C_70.00.a;260106 Annotated templates/COREP/20260106 Annotated Table Layout  COREP 4.2 COREP_ALMCOREP 4.2.xlsx;C_70.00.a
C_71.00;Concentration of counterbalancing capacity by counterparty. Total;4.2;4.2_layouts.zip;COREP_ALM;C_71.00.a;260106 Annotated templates/COREP/20260106 Annotated Table Layout  COREP 4.2 COREP_ALMCOREP 4.2.xlsx;C_71.00.a
C_72.00;Liquidity Coverage . Liquid assets. Total (DA);4.2;4.2_layouts.zip;COREP_LCR_DA;C_72.00.a;260106 Annotated templates/COREP/20260106 Annotated Table Layout  COREP 4.2 COREP_LCR_DACOREP 4.2.xlsx;C_72.00.a
C_73.00;Liquidity Coverage. Outflows. Total (DA);4.2;4.2_layouts.zip;COREP_LCR_DA;C_73.00.a;260106 Annotated templates/COREP/20260106 Annotated Table Layout  COREP 4.2 COREP_LCR_DACOREP 4.2.xlsx;C_73.00.a
C_74.00;Liquidity Coverage. Inflows. Total (DA);4.2;4.2_layouts.zip;COREP_LCR_DA;C_74.00.a;260106 Annotated templates/COREP/20260106 Annotated Table Layout  COREP 4.2 COREP_LCR_DACOREP 4.2.xlsx;C_74.00.a
C_75.01;Liquidity Coverage. Collateral swaps. Total (DA);4.2;4.2_layouts.zip;COREP_LCR_DA;C_75.01.a;260106 Annotated templates/COREP/20260106 Annotated Table Layout  COREP 4.2 COREP_LCR_DACOREP 4.2.xlsx;C_75.01.a
C_76.00;Liquidity Coverage. Calculations. Total (DA) .a;4.2;4.2_layouts.zip;COREP_LCR_DA;C_76.00.a;260106 Annotated templates/COREP/20260106 Annotated Table Layout  COREP 4.2 COREP_LCR_DACOREP 4.2.xlsx;C_76.00.a
C_77.00;Liquidity coverage - Perimeter of consolidation;4.2;4.2_layouts.zip;COREP_LCR_DA;C_77.00;260106 Annotated templates/COREP/20260106 Annotated Table Layout  COREP 4.2 COREP_LCR_DACOREP 4.2.xlsx;C_77.00
C_80.00;NSFR - Required stable funding (I). Total;4.2;4.2_layouts.zip;COREP_NSFR;C_80.00.a;260106 Annotated templates/COREP/20260106 Annotated Table Layout  COREP 4.2 COREP_NSFRCOREP 4.2.xlsx;C_80.00.a
C_81.00;NSFR - Available stable funding (I). Total;4.2;4.2_layouts.zip;COREP_NSFR;C_81.00.a;260106 Annotated templates/COREP/20260106 Annotated Table Layout  COREP 4.2 COREP_NSFRCOREP 4.2.xlsx;C_81.00.a
C_82.00;NSFR - Simplified required stable funding (I). Total;4.2;4.2_layouts.zip;COREP_NSFR;C_82.00.a;260106 Annotated templates/COREP/20260106 Annotated Table Layout  COREP 4.2 COREP_NSFRCOREP 4.2.xlsx;C_82.00.a
C_83.00;NSFR - Simplified available stable funding (I). Total;4.2;4.2_layouts.zip;COREP_NSFR;C_83.00.a;260106 Annotated templates/COREP/20260106 Annotated Table Layout  COREP 4.2 COREP_NSFRCOREP 4.2.xlsx;C_83.00.a
C_84.00;NSFR - Summary.Total;4.2;4.2_layouts.zip;COREP_NSFR;C_84.00.a;260106 Annotated templates/COREP/20260106 Annotated Table Layout  COREP 4.2 COREP_NSFRCOREP 4.2.xlsx;C_84.00.a
C_90.00;Trading book and market risk thresholds (TBT);4.2;4.2_layouts.zip;COREP_FRTB;C_90.00;260106 Annotated templates/COREP/20260106 Annotated Table Layout  COREP 4.2 COREP_FRTBCOREP 4.2.xlsx;C_90.00
C_91.00;Alternative Standardised Approach: Summary (MKR ASA SUM);4.2;4.2_layouts.zip;COREP_FRTB;C_91.00;260106 Annotated templates/COREP/20260106 Annotated Table Layout  COREP 4.2 COREP_FRTBCOREP 4.2.xlsx;C_91.00
C_91.01;Alternative Standardised Approach: Summary (MKR ASA SUM);3.5;3.5_layouts.zip;COREP;C_91.01;Annotated Table Layout 3.5-COREP 3.5.xlsx;C 91.01
C_92.01;Alternative standardised approach: SBM - GENERAL INTEREST RATE RISK (GIRR) (MKR SBM GIRR);3.5;3.5_layouts.zip;COREP;C_92.01;Annotated Table Layout 3.5-COREP 3.5.xlsx;C 92.01
C_92.02;Alternative standardised approach: SBM - CREDIT SPREAD RISK FOR NON-SECURITISATIONS (MKR SBM CSR);3.5;3.5_layouts.zip;COREP;C_92.02;Annotated Table Layout 3.5-COREP 3.5.xlsx;C 92.02
C_92.03;ALTERNATIVE STANDARDISED APPROACH: SBM - CREDIT SPREAD RISK FOR SECURITISATION NOT INCLUDED IN THE ALTERNATIVE CORRELATION TRADING PORTFOLIO (NON-ACTP CSR) (MKR SBM non-ACTP CSR);3.5;3.5_layouts.zip;COREP;C_92.03;Annotated Table Layout 3.5-COREP 3.5.xlsx;C 92.03
C_92.04;Alternative standardised approach: SBM credit spread risk for securitisation included in the alternative correlation trading;3.5;3.5_layouts.zip;COREP;C_92.04;Annotated Table Layout 3.5-COREP 3.5.xlsx;C 92.04
C_92.05;Alternative standardised approach: SBM - equity risk (EQU) (MKR SBM EQU);3.5;3.5_layouts.zip;COREP;C_92.05;Annotated Table Layout 3.5-COREP 3.5.xlsx;C 92.05
C_92.06;C 92.06 alternative standardised approach: SBM - commodity risk (COM) (MKR SBM COM);3.5;3.5_layouts.zip;COREP;C_92.06;Annotated Table Layout 3.5-COREP 3.5.xlsx;C 92.06
C_92.07.1;Alternative standardised approach: SBM - foreign exchange risk (FX) - delta and curvature risk (MKR SBM FX1);3.5;3.5_layouts.zip;COREP;C_92.07.1;Annotated Table Layout 3.5-COREP 3.5.xlsx;C 92.07.1
C_92.07.2;Alternative standardised approach: SBM - foreign exchange risk (FX) - vega risk (MKR SBM FX2);3.5;3.5_layouts.zip;COREP;C_92.07.2;Annotated Table Layout 3.5-COREP 3.5.xlsx;C 92.07.2
C_93.00;Alternative Standardised Approach: Residual Risk Add-On (MKR ASA RRAO);3.5;3.5_layouts.zip;COREP;C_93.00.a;Annotated Table Layout 3.5-COREP 3.5.xlsx;C 93.00.a
C_94.01;Alternative Standardised Approach: Default risk charge - Instruments other than securitisations, not included in the alternative correlation trading portfolio (MKR ASA DRC1);3.5;3.5_layouts.zip;COREP;C_94.01;Annotated Table Layout 3.5-COREP 3.5.xlsx;C 94.01
C_94.02;Alternative Standardised Approach: Default risk charge - Securitisations, not included in the alternative correlation trading portfolio (non-ACTP) (MKR ASA DRC2);3.5;3.5_layouts.zip;COREP;C_94.02;Annotated Table Layout 3.5-COREP 3.5.xlsx;C 94.02
C_94.03;Alternative Standardised Approach: Default risk charge - Instruments included in the alternative correlation trading portfolio (MKR ASA DRC3);3.5;3.5_layouts.zip;COREP;C_94.03;Annotated Table Layout 3.5-COREP 3.5.xlsx;C 94.03
C_95.00;Alternative internal model approach: Summary of own funds requirements (MKR AIMA SUM);3.5;3.5_layouts.zip;COREP;C_95.00.a;Annotated Table Layout 3.5-COREP 3.5.xlsx;C 95.00.a
C_96.01.1;Alternative internal model approach: Risk factor eligibility test (MKR AIMA RFET);3.5;3.5_layouts.zip;COREP;C_96.01.1;Annotated Table Layout 3.5-COREP 3.5.xlsx;C 96.01.1
C_96.01.2;Alternative internal model approach: Stress periods for the calculation of the risk measures (MKR AIMA SP);3.5;3.5_layouts.zip;COREP;C_96.01.2;Annotated Table Layout 3.5-COREP 3.5.xlsx;C 96.01.2
C_96.02;Alternative internal model approach: Daily risk measures (MKR AIMA DRM);3.5;3.5_layouts.zip;COREP;C_96.02;Annotated Table Layout 3.5-COREP 3.5.xlsx;C 96.02
C_96.03;Alternative internal model approach: Partial expected shortfalls (MKR AIMA PES);3.5;3.5_layouts.zip;COREP;C_96.03;Annotated Table Layout 3.5-COREP 3.5.xlsx;C 96.03
C_96.04.1;Alternative internal model approach: Back-testing at institution level (MKR AIMA BTI);3.5;3.5_layouts.zip;COREP;C_96.04.1;Annotated Table Layout 3.5-COREP 3.5.xlsx;C 96.04.1
C_96.04.2;Alternative internal model approach: Back-testing at trading desk level and profit and loss attribution test (PLAT) (MKR AIMA BTTD);3.5;3.5_layouts.zip;COREP;C_96.04.2;Annotated Table Layout 3.5-COREP 3.5.xlsx;C 96.04.2
C_96.05.1;Alternative internal model approach: Stress scenario risk measure (SSRM) - Own funds requirements (MKR AIMA SSRM1);3.5;3.5_layouts.zip;COREP;C_96.05.1;Annotated Table Layout 3.5-COREP 3.5.xlsx;C 96.05.1
C_96.05.2;Alternative internal model approach: Stress scenario risk measure (SSRM) - Number of risk measures by SSRM method (MKR AIMA SSRM2);3.5;3.5_layouts.zip;COREP;C_96.05.2;Annotated Table Layout 3.5-COREP 3.5.xlsx;C 96.05.2
C_97.00;Alternative internal model approach: Trading desk structure (MKR AIMA TDS);3.5;3.5_layouts.zip;COREP;C_97.00;Annotated Table Layout 3.5-COREP 3.5.xlsx;C 97.00
C_98.01.1;Alternative internal model approach: Default risk charge - Breakdown by probability of default (MKR AIMA DRC1);3.5;3.5_layouts.zip;COREP;C_98.01.1;Annotated Table Layout 3.5-COREP 3.5.xlsx;C 98.01.1
C_98.01.2;Alternative internal model approach: Default risk charge - Breakdown by LGD (MKR AIMA DRC2);3.5;3.5_layouts.zip;COREP;C_98.01.2;Annotated Table Layout 3.5-COREP 3.5.xlsx;C 98.01.2
C_98.02.1;Alternative internal model approach: Default risk charge - 25 most significant issuers (MKR AIMA CORR1);3.5;3.5_layouts.zip;COREP;C_98.02.1;Annotated Table Layout 3.5-COREP 3.5.xlsx;C 98.02.1
C_98.02.2;Alternative internal model approach: Default risk charge - 25 most significant issuers - Correlations (MKR AIMA CORR1);3.5;3.5_layouts.zip;COREP;C_98.02.2;Annotated Table Layout 3.5-COREP 3.5.xlsx;C 98.02.2
C_99.00;Market risk: P&L information (MKR PL);3.5;3.5_layouts.zip;COREP;C_99.00;Annotated Table Layout 3.5-COREP 3.5.xlsx;C 99.00
D_01.00;Banking book- Indicators of potential climate Change transition risk: Credit quality of exposures by sector, emissions and residual maturity;4.2;4.2_layouts.zip;ESG;D_01.00;260106 Annotated templates/ESG/20260106 Annotated Table Layout  ESG 4.2 ESGESG 4.2.xlsx;D_01.00
D_02.00;Banking book - Indicators of potential climate change transition risk: Loans collateralised by immovable property - Energy efficiency of the collateral;4.2;4.2_layouts.zip;ESG;D_02.00.a;260106 Annotated templates/ESG/20260106 Annotated Table Layout  ESG 4.2 ESGESG 4.2.xlsx;D_02.00.a
D_03.01;Banking book - Indicators of potential climate change transition risk: Alignment metrics (IAE/NACE codes);4.2;4.2_layouts.zip;ESG;D_03.01;260106 Annotated templates/ESG/20260106 Annotated Table Layout  ESG 4.2 ESGESG 4.2.xlsx;D_03.01
D_03.02;Banking book - Indicators of potential climate change transition risk: Alignment metrics;4.2;4.2_layouts.zip;ESG;D_03.02;260106 Annotated templates/ESG/20260106 Annotated Table Layout  ESG 4.2 ESGESG 4.2.xlsx;D_03.02
D_04.00;Banking book - Indicators of potential climate change transition risk: Exposures to top 20 carbon-intensive firms;4.2;4.2_layouts.zip;ESG;D_04.00;260106 Annotated templates/ESG/20260106 Annotated Table Layout  ESG 4.2 ESGESG 4.2.xlsx;D_04.00
D_05.00;Banking book - Indicators of potential climate change physical risk: Exposures subject to physical risk;4.2;4.2_layouts.zip;ESG;D_05.00.a;260106 Annotated templates/ESG/20260106 Annotated Table Layout  ESG 4.2 ESGESG 4.2.xlsx;D_05.00.a
D_06.00;Summary of GAR KPIs (gar);4.2;4.2_layouts.zip;ESG;D_06.00.a;260106 Annotated templates/ESG/20260106 Annotated Table Layout  ESG 4.2 ESGESG 4.2.xlsx;D_06.00.a
D_07.00;Mitigating actions: Assets for the calculation of GAR;4.2;4.2_layouts.zip;ESG;D_07.00.a;260106 Annotated templates/ESG/20260106 Annotated Table Layout  ESG 4.2 ESGESG 4.2.xlsx;D_07.00.a
D_08.00;GAR (%) (stock) (I).;4.2;4.2_layouts.zip;ESG;D_08.00.a;260106 Annotated templates/ESG/20260106 Annotated Table Layout  ESG 4.2 ESGESG 4.2.xlsx;D_08.00.a
D_09.01;Mitigating actions: Assets for the calculation of BTAR.;4.2;4.2_layouts.zip;ESG;D_09.01;260106 Annotated templates/ESG/20260106 Annotated Table Layout  ESG 4.2 ESGESG 4.2.xlsx;D_09.01
D_09.02;BTAR % (stock) (I).;4.2;4.2_layouts.zip;ESG;D_09.02.a;260106 Annotated templates/ESG/20260106 Annotated Table Layout  ESG 4.2 ESGESG 4.2.xlsx;D_09.02.a
D_09.03;Summary table - BTAR % (btar);4.2;4.2_layouts.zip;ESG;D_09.03.a;260106 Annotated templates/ESG/20260106 Annotated Table Layout  ESG 4.2 ESGESG 4.2.xlsx;D_09.03.a
D_10.00;Other climate change mitigating actions that are not covered in the EU Taxonomy;4.2;4.2_layouts.zip;ESG;D_10.00;260106 Annotated templates/ESG/20260106 Annotated Table Layout  ESG 4.2 ESGESG 4.2.xlsx;D_10.00
E_00.01;Nature of Report - FINREP COVID19;3.2;3.2_layouts.zip;COVID19;E_00.01;Annotated Table Layout 321-P2-COVID19 3.2.1.xlsx;E 00.01
F_00.01;Nature of Report (FINREP);4.2.1;4.2_layouts.zip;FINREP9DP;F_00.01;260106 Annotated templates/FINREP/20260210 Annotated Table Layout  FINREP 4.2.1 FINREP9DPFINREP 4.2.1.xlsx;F_00.01
F_01.01;Balance Sheet Statement [Statement of Financial Position]: Assets;4.2.1;4.2_layouts.zip;FINREP9DP;F_01.01;260106 Annotated templates/FINREP/20260210 Annotated Table Layout  FINREP 4.2.1 FINREP9DPFINREP 4.2.1.xlsx;F_01.01
F_01.01.dp;Balance Sheet Statement [Statement of Financial Position]: Assets DP;4.2.1;4.2_layouts.zip;FINREP9DP;F_01.01.dp;260106 Annotated templates/FINREP/20260210 Annotated Table Layout  FINREP 4.2.1 FINREP9DPFINREP 4.2.1.xlsx;F_01.01.dp
F_01.02;Balance Sheet Statement [Statement of Financial Position]: Liabilities;4.2.1;4.2_layouts.zip;FINREP9DP;F_01.02;260106 Annotated templates/FINREP/20260210 Annotated Table Layout  FINREP 4.2.1 FINREP9DPFINREP 4.2.1.xlsx;F_01.02
F_01.02.dp;Data points Balance Sheet Statement [Statement of Financial Position]: Liabilities;4.2.1;4.2_layouts.zip;FINREP9DP;F_01.02.dp;260106 Annotated templates/FINREP/20260210 Annotated Table Layout  FINREP 4.2.1 FINREP9DPFINREP 4.2.1.xlsx;F_01.02.dp
F_01.03;Balance Sheet Statement [Statement of Financial Position]: Equity;4.2.1;4.2_layouts.zip;FINREP9DP;F_01.03;260106 Annotated templates/FINREP/20260210 Annotated Table Layout  FINREP 4.2.1 FINREP9DPFINREP 4.2.1.xlsx;F_01.03
F_01.03.dp;Data points Balance Sheet Statement [Statement of Financial Position]: Equity;4.2.1;4.2_layouts.zip;FINREP9DP;F_01.03.dp;260106 Annotated templates/FINREP/20260210 Annotated Table Layout  FINREP 4.2.1 FINREP9DPFINREP 4.2.1.xlsx;F_01.03.dp
F_02.00;Statement of profit or loss;4.2.1;4.2_layouts.zip;FINREP9DP;F_02.00;260106 Annotated templates/FINREP/20260210 Annotated Table Layout  FINREP 4.2.1 FINREP9DPFINREP 4.2.1.xlsx;F_02.00
F_02.00.dp;Data points Statement of profit or loss;4.2.1;4.2_layouts.zip;FINREP9DP;F_02.00.dp;260106 Annotated templates/FINREP/20260210 Annotated Table Layout  FINREP 4.2.1 FINREP9DPFINREP 4.2.1.xlsx;F_02.00.dp
F_03.00;Statement of comprehensive income;4.2.1;4.2_layouts.zip;FINREP9DP;F_03.00;260106 Annotated templates/FINREP/20260210 Annotated Table Layout  FINREP 4.2.1 FINREP9DPFINREP 4.2.1.xlsx;F_03.00
F_04.01;Breakdown of financial assets by instrument and by counterparty sector: financial assets held for trading;4.2.1;4.2_layouts.zip;FINREP9DP;F_04.01;260106 Annotated templates/FINREP/20260210 Annotated Table Layout  FINREP 4.2.1 FINREP9DPFINREP 4.2.1.xlsx;F_04.01
F_04.02.1;Breakdown of financial assets by instrument and by counterparty sector: non-trading financial assets mandatorily at fair value through profit or loss;4.2.1;4.2_layouts.zip;FINREP9DP;F_04.02.1;260106 Annotated templates/FINREP/20260210 Annotated Table Layout  FINREP 4.2.1 FINREP9DPFINREP 4.2.1.xlsx;F_04.02.1
F_04.02.2;Breakdown of financial assets by instrument and by counterparty sector: financial assets designated at fair value through profit or loss;4.2.1;4.2_layouts.zip;FINREP9DP;F_04.02.2;260106 Annotated templates/FINREP/20260210 Annotated Table Layout  FINREP 4.2.1 FINREP9DPFINREP 4.2.1.xlsx;F_04.02.2
F_04.03.1;Breakdown of financial assets by instrument and by counterparty sector: financial assets at fair value through other comprehensive income;4.2.1;4.2_layouts.zip;FINREP9DP;F_04.03.1;260106 Annotated templates/FINREP/20260210 Annotated Table Layout  FINREP 4.2.1 FINREP9DPFINREP 4.2.1.xlsx;F_04.03.1
F_04.04.1;Breakdown of financial assets by instrument and by counterparty sector: financial assets at amortised cost;4.2.1;4.2_layouts.zip;FINREP9DP;F_04.04.1;260106 Annotated templates/FINREP/20260210 Annotated Table Layout  FINREP 4.2.1 FINREP9DPFINREP 4.2.1.xlsx;F_04.04.1
F_04.05;Subordinated financial assets;4.2.1;4.2_layouts.zip;FINREP9DP;F_04.05;260106 Annotated templates/FINREP/20260210 Annotated Table Layout  FINREP 4.2.1 FINREP9DPFINREP 4.2.1.xlsx;F_04.05
F_04.06;Breakdown of financial assets by instrument and by counterparty sector: trading financial assets;4.2.1;4.2_layouts.zip;FINREP9DP;F_04.06;260106 Annotated templates/FINREP/20260210 Annotated Table Layout  FINREP 4.2.1 FINREP9DPFINREP 4.2.1.xlsx;F_04.06
F_04.07;Breakdown of financial assets by instrument and by counterparty sector: non-trading non-derivative financial assets measured at fair value through profit or loss;4.2.1;4.2_layouts.zip;FINREP9DP;F_04.07;260106 Annotated templates/FINREP/20260210 Annotated Table Layout  FINREP 4.2.1 FINREP9DPFINREP 4.2.1.xlsx;F_04.07
F_04.08;Breakdown of financial assets by instrument and by counterparty sector: non-trading non-derivative financial assets measured at fair value to equity;4.2.1;4.2_layouts.zip;FINREP9DP;F_04.08;260106 Annotated templates/FINREP/20260210 Annotated Table Layout  FINREP 4.2.1 FINREP9DPFINREP 4.2.1.xlsx;F_04.08
F_04.09;Breakdown of financial assets by instrument and by counterparty sector: non-trading non-derivative financial assets measured at a cost-based method;4.2.1;4.2_layouts.zip;FINREP9DP;F_04.09;260106 Annotated templates/FINREP/20260210 Annotated Table Layout  FINREP 4.2.1 FINREP9DPFINREP 4.2.1.xlsx;F_04.09
F_04.10;Breakdown of financial assets by instrument and by counterparty sector: other non-trading non-derivative financial assets;4.2.1;4.2_layouts.zip;FINREP9DP;F_04.10;260106 Annotated templates/FINREP/20260210 Annotated Table Layout  FINREP 4.2.1 FINREP9DPFINREP 4.2.1.xlsx;F_04.10
F_05.01;Breakdown of non-trading loans and advances by product: Loans and advances other than held for trading, trading or held for sale assets by product;4.2.1;4.2_layouts.zip;FINREP9DP;F_05.01;260106 Annotated templates/FINREP/20260210 Annotated Table Layout  FINREP 4.2.1 FINREP9DPFINREP 4.2.1.xlsx;F_05.01
F_05.01.dp;Data points Breakdown of non-trading loans and advances by product;4.2.1;4.2_layouts.zip;FINREP9DP;F_05.01.dp;260106 Annotated templates/FINREP/20260210 Annotated Table Layout  FINREP 4.2.1 FINREP9DPFINREP 4.2.1.xlsx;F_05.01.dp
F_06.01;Breakdown of loans and advances other than held for trading, trading or held for sale assets to non-financial corporations by NACE codes;4.2.1;4.2_layouts.zip;FINREP9DP;F_06.01;260106 Annotated templates/FINREP/20260210 Annotated Table Layout  FINREP 4.2.1 FINREP9DPFINREP 4.2.1.xlsx;F_06.01
F_07.01;Financial assets subject to impairment that are past due;4.2.1;4.2_layouts.zip;FINREP9DP;F_07.01;260106 Annotated templates/FINREP/20260210 Annotated Table Layout  FINREP 4.2.1 FINREP9DPFINREP 4.2.1.xlsx;F_07.01
F_07.02;Financial assets subject to impairment that are past due under national GAAP;4.2.1;4.2_layouts.zip;FINREP9DP;F_07.02;260106 Annotated templates/FINREP/20260210 Annotated Table Layout  FINREP 4.2.1 FINREP9DPFINREP 4.2.1.xlsx;F_07.02
F_08.01;Breakdown of financial liabilities by product and by counterparty;4.2.1;4.2_layouts.zip;FINREP9DP;F_08.01.a;260106 Annotated templates/FINREP/20260210 Annotated Table Layout  FINREP 4.2.1 FINREP9DPFINREP 4.2.1.xlsx;F_08.01.a
F_08.01.dp;Data points Breakdown of financial liabilities by product and by counterparty (a);4.2.1;4.2_layouts.zip;FINREP9DP;F_08.01.dp;260106 Annotated templates/FINREP/20260210 Annotated Table Layout  FINREP 4.2.1 FINREP9DPFINREP 4.2.1.xlsx;F_08.01.dp
F_08.02;Subordinated liabilities;4.2.1;4.2_layouts.zip;FINREP9DP;F_08.02;260106 Annotated templates/FINREP/20260210 Annotated Table Layout  FINREP 4.2.1 FINREP9DPFINREP 4.2.1.xlsx;F_08.02
F_08.02.dp;Data points Subordinated financial liabilities;4.2.1;4.2_layouts.zip;FINREP9DP;F_08.02.dp;260106 Annotated templates/FINREP/20260210 Annotated Table Layout  FINREP 4.2.1 FINREP9DPFINREP 4.2.1.xlsx;F_08.02.dp
F_09.01;Off-balance sheet exposures under national GAAP: Loan commitments, financial guarantees and other commitments given;4.2.1;4.2_layouts.zip;FINREP9DP;F_09.01;260106 Annotated templates/FINREP/20260210 Annotated Table Layout  FINREP 4.2.1 FINREP9DPFINREP 4.2.1.xlsx;F_09.01
F_09.01.1;Off-balance sheet exposures : Loan commitments, financial guarantees and other commitments given;4.2.1;4.2_layouts.zip;FINREP9DP;F_09.01.1;260106 Annotated templates/FINREP/20260210 Annotated Table Layout  FINREP 4.2.1 FINREP9DPFINREP 4.2.1.xlsx;F_09.01.1
F_09.02;Loan commitments, financial guarantees and other commitments received;4.2.1;4.2_layouts.zip;FINREP9DP;F_09.02;260106 Annotated templates/FINREP/20260210 Annotated Table Layout  FINREP 4.2.1 FINREP9DPFINREP 4.2.1.xlsx;F_09.02
F_10.00;Derivatives: Trading and economic hedges;4.2.1;4.2_layouts.zip;FINREP9DP;F_10.00;260106 Annotated templates/FINREP/20260210 Annotated Table Layout  FINREP 4.2.1 FINREP9DPFINREP 4.2.1.xlsx;F_10.00
F_10.00.dp;Data points Derivatives: Trading and economic hedges;4.2.1;4.2_layouts.zip;FINREP9DP;F_10.00.dp;260106 Annotated templates/FINREP/20260210 Annotated Table Layout  FINREP 4.2.1 FINREP9DPFINREP 4.2.1.xlsx;F_10.00.dp
F_11.01;Derivatives - Hedge accounting: Breakdown by type of risk and type of hedge;4.2.1;4.2_layouts.zip;FINREP9DP;F_11.01;260106 Annotated templates/FINREP/20260210 Annotated Table Layout  FINREP 4.2.1 FINREP9DPFINREP 4.2.1.xlsx;F_11.01
F_11.01.dp;Data points Derivatives - Hedge accounting: Breakdown by type of risk and type of hedge;4.2.1;4.2_layouts.zip;FINREP9DP;F_11.01.dp;260106 Annotated templates/FINREP/20260210 Annotated Table Layout  FINREP 4.2.1 FINREP9DPFINREP 4.2.1.xlsx;F_11.01.dp
F_11.02;Derivatives - Hedge accounting under National GAAP: Breakdown by type of risk;4.2.1;4.2_layouts.zip;FINREP9DP;F_11.02;260106 Annotated templates/FINREP/20260210 Annotated Table Layout  FINREP 4.2.1 FINREP9DPFINREP 4.2.1.xlsx;F_11.02
F_11.02.dp;Derivatives - Hedge accounting under National GAAP: Breakdown by type of risk data points;4.2.1;4.2_layouts.zip;FINREP9DP;F_11.02.dp;260106 Annotated templates/FINREP/20260210 Annotated Table Layout  FINREP 4.2.1 FINREP9DPFINREP 4.2.1.xlsx;F_11.02.dp
F_11.03;Non-derivative hedging instruments: Breakdown by accounting portfolio and type of hedge;4.2.1;4.2_layouts.zip;FINREP9DP;F_11.03;260106 Annotated templates/FINREP/20260210 Annotated Table Layout  FINREP 4.2.1 FINREP9DPFINREP 4.2.1.xlsx;F_11.03
F_11.03.1;Non-derivative hedging instruments under national GAAP: breakdown by accounting portfolio;4.2.1;4.2_layouts.zip;FINREP9DP;F_11.03.1;260106 Annotated templates/FINREP/20260210 Annotated Table Layout  FINREP 4.2.1 FINREP9DPFINREP 4.2.1.xlsx;F_11.03.1
F_11.04;Hedged items in fair value hedges;4.2.1;4.2_layouts.zip;FINREP9DP;F_11.04;260106 Annotated templates/FINREP/20260210 Annotated Table Layout  FINREP 4.2.1 FINREP9DPFINREP 4.2.1.xlsx;F_11.04
F_12.00;Movements in allowances for credit losses and impairment of equity instruments under national GAAP;4.2.1;4.2_layouts.zip;FINREP9DP;F_12.00;260106 Annotated templates/FINREP/20260210 Annotated Table Layout  FINREP 4.2.1 FINREP9DPFINREP 4.2.1.xlsx;F_12.00
F_12.01;Movements in allowances and provisions for credit losses;4.2.1;4.2_layouts.zip;FINREP9DP;F_12.01.a;260106 Annotated templates/FINREP/20260210 Annotated Table Layout  FINREP 4.2.1 FINREP9DPFINREP 4.2.1.xlsx;F_12.01.a
F_12.02;Transfers between impairment stages (gross basis presentation);4.2.1;4.2_layouts.zip;FINREP9DP;F_12.02;260106 Annotated templates/FINREP/20260210 Annotated Table Layout  FINREP 4.2.1 FINREP9DPFINREP 4.2.1.xlsx;F_12.02
F_13.01;Breakdown of collateral and guarantees by loans and advances other than held for trading;4.2.1;4.2_layouts.zip;FINREP9DP;F_13.01;260106 Annotated templates/FINREP/20260210 Annotated Table Layout  FINREP 4.2.1 FINREP9DPFINREP 4.2.1.xlsx;F_13.01
F_13.02.1;Collateral obtained by taking possession during the period (held at the reference date);4.2.1;4.2_layouts.zip;FINREP9DP;F_13.02.1.a;260106 Annotated templates/FINREP/20260210 Annotated Table Layout  FINREP 4.2.1 FINREP9DPFINREP 4.2.1.xlsx;F_13.02.1.a
F_13.03.1;Collateral obtained by taking possession accumulated;4.2.1;4.2_layouts.zip;FINREP9DP;F_13.03.1.a;260106 Annotated templates/FINREP/20260210 Annotated Table Layout  FINREP 4.2.1 FINREP9DPFINREP 4.2.1.xlsx;F_13.03.1.a
F_14.00;Fair value hierarchy: financial instruments at fair value;4.2.1;4.2_layouts.zip;FINREP9DP;F_14.00;260106 Annotated templates/FINREP/20260210 Annotated Table Layout  FINREP 4.2.1 FINREP9DPFINREP 4.2.1.xlsx;F_14.00
F_15.00;Derecognition and financial liabilities associated with transferred financial assets: Equity instruments, debt securities, loans and advances;4.2.1;4.2_layouts.zip;FINREP9DP;F_15.00.a;260106 Annotated templates/FINREP/20260210 Annotated Table Layout  FINREP 4.2.1 FINREP9DPFINREP 4.2.1.xlsx;F_15.00.a
F_16.01;Breakdown of selected statement of profit or loss items: Interest income and expenses by instrument and counterparty sector(a);4.2.1;4.2_layouts.zip;FINREP9DP;F_16.01;260106 Annotated templates/FINREP/20260210 Annotated Table Layout  FINREP 4.2.1 FINREP9DPFINREP 4.2.1.xlsx;F_16.01
F_16.02;Breakdown of selected statement of profit or loss items: Gains or losses on derecognition of financial assets and liabilities not measured at fair value through profit or loss by instrument;4.2.1;4.2_layouts.zip;FINREP9DP;F_16.02;260106 Annotated templates/FINREP/20260210 Annotated Table Layout  FINREP 4.2.1 FINREP9DPFINREP 4.2.1.xlsx;F_16.02
F_16.03;Breakdown of selected statement of profit or loss items: Gains or losses on financial assets and liabilities held for trading and trading financial assets and trading financial liabilities by instrument;4.2.1;4.2_layouts.zip;FINREP9DP;F_16.03;260106 Annotated templates/FINREP/20260210 Annotated Table Layout  FINREP 4.2.1 FINREP9DPFINREP 4.2.1.xlsx;F_16.03
F_16.04;Breakdown of selected statement of profit or loss items: Gains or losses on financial assets and liabilities held for trading and trading financial assets and trading financial liabilities by risk;4.2.1;4.2_layouts.zip;FINREP9DP;F_16.04;260106 Annotated templates/FINREP/20260210 Annotated Table Layout  FINREP 4.2.1 FINREP9DPFINREP 4.2.1.xlsx;F_16.04
F_16.04.1;Breakdown of selected statement of profit or loss items: Gains or losses on non-trading financial assets mandatorily at fair value through profit or loss by instrument;4.2.1;4.2_layouts.zip;FINREP9DP;F_16.04.1;260106 Annotated templates/FINREP/20260210 Annotated Table Layout  FINREP 4.2.1 FINREP9DPFINREP 4.2.1.xlsx;F_16.04.1
F_16.05;Breakdown of selected statement of profit or loss items: Gains or losses on financial assets and liabilities designated at fair value through profit or loss by instrument;4.2.1;4.2_layouts.zip;FINREP9DP;F_16.05;260106 Annotated templates/FINREP/20260210 Annotated Table Layout  FINREP 4.2.1 FINREP9DPFINREP 4.2.1.xlsx;F_16.05
F_16.06;Breakdown of selected statement of profit or loss items: Gains and losses from hedge accounting;4.2.1;4.2_layouts.zip;FINREP9DP;F_16.06;260106 Annotated templates/FINREP/20260210 Annotated Table Layout  FINREP 4.2.1 FINREP9DPFINREP 4.2.1.xlsx;F_16.06
F_16.07;Breakdown of selected statement of profit or loss items: Impairment on non-financial assets;4.2.1;4.2_layouts.zip;FINREP9DP;F_16.07.a;260106 Annotated templates/FINREP/20260210 Annotated Table Layout  FINREP 4.2.1 FINREP9DPFINREP 4.2.1.xlsx;F_16.07.a
F_16.08;Breakdown of selected statement of profit or loss items: Other administrative expenses;4.2.1;4.2_layouts.zip;FINREP9DP;F_16.08;260106 Annotated templates/FINREP/20260210 Annotated Table Layout  FINREP 4.2.1 FINREP9DPFINREP 4.2.1.xlsx;F_16.08
F_17.01;Reconciliation between IFRS and CRR scope of consolidation: Assets;4.2.1;4.2_layouts.zip;FINREP9DP;F_17.01;260106 Annotated templates/FINREP/20260210 Annotated Table Layout  FINREP 4.2.1 FINREP9DPFINREP 4.2.1.xlsx;F_17.01
F_17.02;Reconciliation between IFRS and CRR scope of consolidation: Off-balance sheet exposures - loan commitments, financial guarantees and other commitments given;4.2.1;4.2_layouts.zip;FINREP9DP;F_17.02;260106 Annotated templates/FINREP/20260210 Annotated Table Layout  FINREP 4.2.1 FINREP9DPFINREP 4.2.1.xlsx;F_17.02
F_17.03;Reconciliation between IFRS and CRR scope of consolidation: Liabilities;4.2.1;4.2_layouts.zip;FINREP9DP;F_17.03;260106 Annotated templates/FINREP/20260210 Annotated Table Layout  FINREP 4.2.1 FINREP9DPFINREP 4.2.1.xlsx;F_17.03
F_18.00;Information on performing and non-performing exposures;4.2.1;4.2_layouts.zip;FINREP9DP;F_18.00.a;260106 Annotated templates/FINREP/20260210 Annotated Table Layout  FINREP 4.2.1 FINREP9DPFINREP 4.2.1.xlsx;F_18.00.a
F_18.00.a.dp;Data points Information on performing and non-performing exposures (I);4.2.1;4.2_layouts.zip;FINREP9DP;F_18.00.a.dp;260106 Annotated templates/FINREP/20260210 Annotated Table Layout  FINREP 4.2.1 FINREP9DPFINREP 4.2.1.xlsx;F_18.00.a.dp
F_18.00.b.dp;Data points Information on performing and non performing exposures;4.2.1;4.2_layouts.zip;FINREP9DP;F_18.00.b.dp;260106 Annotated templates/FINREP/20260210 Annotated Table Layout  FINREP 4.2.1 FINREP9DPFINREP 4.2.1.xlsx;F_18.00.b.dp
F_18.00.e.dp;Information on performing and non-performing exposures (V) data points;4.2.1;4.2_layouts.zip;FINREP9DP;F_18.00.e.dp;260106 Annotated templates/FINREP/20260210 Annotated Table Layout  FINREP 4.2.1 FINREP9DPFINREP 4.2.1.xlsx;F_18.00.e.dp
F_18.01;Inflows and outflows of non-performing exposures - loans and advances by counterparty sector;4.2.1;4.2_layouts.zip;FINREP9DP;F_18.01;260106 Annotated templates/FINREP/20260210 Annotated Table Layout  FINREP 4.2.1 FINREP9DPFINREP 4.2.1.xlsx;F_18.01
F_18.02;Commercial Real Estate (CRE) loans and additional information on loans secured by immovable property;4.2.1;4.2_layouts.zip;FINREP9DP;F_18.02.a;260106 Annotated templates/FINREP/20260210 Annotated Table Layout  FINREP 4.2.1 FINREP9DPFINREP 4.2.1.xlsx;F_18.02.a
F_19.00;Information on forborne exposures;4.2.1;4.2_layouts.zip;FINREP9DP;F_19.00.a;260106 Annotated templates/FINREP/20260210 Annotated Table Layout  FINREP 4.2.1 FINREP9DPFINREP 4.2.1.xlsx;F_19.00.a
F_19.00.a.dp;Data points Information on forborne exposures (I);4.2.1;4.2_layouts.zip;FINREP9DP;F_19.00.a.dp;260106 Annotated templates/FINREP/20260210 Annotated Table Layout  FINREP 4.2.1 FINREP9DPFINREP 4.2.1.xlsx;F_19.00.a.dp
F_19.00.d.dp;Information on forborne exposures (IV) data points;4.2.1;4.2_layouts.zip;FINREP9DP;F_19.00.d.dp;260106 Annotated templates/FINREP/20260210 Annotated Table Layout  FINREP 4.2.1 FINREP9DPFINREP 4.2.1.xlsx;F_19.00.d.dp
F_20.01;Geographical breakdown of assets by location of the activities;4.2.1;4.2_layouts.zip;FINREP9DP;F_20.01;260106 Annotated templates/FINREP/20260210 Annotated Table Layout  FINREP 4.2.1 FINREP9DPFINREP 4.2.1.xlsx;F_20.01
F_20.02;Geographical breakdown of liabilities by location of the activities;4.2.1;4.2_layouts.zip;FINREP9DP;F_20.02;260106 Annotated templates/FINREP/20260210 Annotated Table Layout  FINREP 4.2.1 FINREP9DPFINREP 4.2.1.xlsx;F_20.02
F_20.03;Geographical breakdown of main income statement items by location of the activities;4.2.1;4.2_layouts.zip;FINREP9DP;F_20.03;260106 Annotated templates/FINREP/20260210 Annotated Table Layout  FINREP 4.2.1 FINREP9DPFINREP 4.2.1.xlsx;F_20.03
F_20.04;Geographical breakdown of assets by residence of the counterparty;4.2.1;4.2_layouts.zip;FINREP9DP;F_20.04;260106 Annotated templates/FINREP/20260210 Annotated Table Layout  FINREP 4.2.1 FINREP9DPFINREP 4.2.1.xlsx;F_20.04
F_20.05;Geographical breakdown of off-balance sheet exposures by residence of the counterparty;4.2.1;4.2_layouts.zip;FINREP9DP;F_20.05.a;260106 Annotated templates/FINREP/20260210 Annotated Table Layout  FINREP 4.2.1 FINREP9DPFINREP 4.2.1.xlsx;F_20.05.a
F_20.06;Geographical breakdown of liabilities by residence of the counterparty;4.2.1;4.2_layouts.zip;FINREP9DP;F_20.06;260106 Annotated templates/FINREP/20260210 Annotated Table Layout  FINREP 4.2.1 FINREP9DPFINREP 4.2.1.xlsx;F_20.06
F_20.07.1;Geographical breakdown by residence of the counterparty of loans and advances other than held for trading to non-financial corporations by NACE codes;4.2.1;4.2_layouts.zip;FINREP9DP;F_20.07.1;260106 Annotated templates/FINREP/20260210 Annotated Table Layout  FINREP 4.2.1 FINREP9DPFINREP 4.2.1.xlsx;F_20.07.1
F_21.00;Tangible and intangible assets: assets subject to operating lease;4.2.1;4.2_layouts.zip;FINREP9DP;F_21.00;260106 Annotated templates/FINREP/20260210 Annotated Table Layout  FINREP 4.2.1 FINREP9DPFINREP 4.2.1.xlsx;F_21.00
F_22.01;Fee and commission income and expenses by activity;4.2.1;4.2_layouts.zip;FINREP9DP;F_22.01;260106 Annotated templates/FINREP/20260210 Annotated Table Layout  FINREP 4.2.1 FINREP9DPFINREP 4.2.1.xlsx;F_22.01
F_22.02;Assets involved in the services provided;4.2.1;4.2_layouts.zip;FINREP9DP;F_22.02;260106 Annotated templates/FINREP/20260210 Annotated Table Layout  FINREP 4.2.1 FINREP9DPFINREP 4.2.1.xlsx;F_22.02
F_23.01;Loans and advances: Number of instruments;4.2.1;4.2_layouts.zip;FINREP9DP;F_23.01;260106 Annotated templates/FINREP/20260210 Annotated Table Layout  FINREP 4.2.1 FINREP9DPFINREP 4.2.1.xlsx;F_23.01
F_23.02;Loans and advances: Additional information on gross carrying amounts;4.2.1;4.2_layouts.zip;FINREP9DP;F_23.02;260106 Annotated templates/FINREP/20260210 Annotated Table Layout  FINREP 4.2.1 FINREP9DPFINREP 4.2.1.xlsx;F_23.02
F_23.03;Loans and advances collateralised by immovable property: Breakdown by LTV ratios;4.2.1;4.2_layouts.zip;FINREP9DP;F_23.03;260106 Annotated templates/FINREP/20260210 Annotated Table Layout  FINREP 4.2.1 FINREP9DPFINREP 4.2.1.xlsx;F_23.03
F_23.04;Loans and advances: Additional information on accumulated impairments and accumulated negative changes in fair value due to credit risk;4.2.1;4.2_layouts.zip;FINREP9DP;F_23.04;260106 Annotated templates/FINREP/20260210 Annotated Table Layout  FINREP 4.2.1 FINREP9DPFINREP 4.2.1.xlsx;F_23.04
F_23.05;Loans and advances: Collateral received and financial guarantees received;4.2.1;4.2_layouts.zip;FINREP9DP;F_23.05;260106 Annotated templates/FINREP/20260210 Annotated Table Layout  FINREP 4.2.1 FINREP9DPFINREP 4.2.1.xlsx;F_23.05
F_23.06;Loans and advances: Accumulated partial write-offs;4.2.1;4.2_layouts.zip;FINREP9DP;F_23.06;260106 Annotated templates/FINREP/20260210 Annotated Table Layout  FINREP 4.2.1 FINREP9DPFINREP 4.2.1.xlsx;F_23.06
F_24.01;Loans and advances: Inflows and outflows of non-performing exposures;4.2.1;4.2_layouts.zip;FINREP9DP;F_24.01;260106 Annotated templates/FINREP/20260210 Annotated Table Layout  FINREP 4.2.1 FINREP9DPFINREP 4.2.1.xlsx;F_24.01
F_24.02;Loans and advances: Flow of impairments and accumulated negative changes in fair value due to credit risk on non-performing exposures;4.2.1;4.2_layouts.zip;FINREP9DP;F_24.02;260106 Annotated templates/FINREP/20260210 Annotated Table Layout  FINREP 4.2.1 FINREP9DPFINREP 4.2.1.xlsx;F_24.02
F_24.03;Loans and advances: Write-offs of non-performing exposures during the period;4.2.1;4.2_layouts.zip;FINREP9DP;F_24.03;260106 Annotated templates/FINREP/20260210 Annotated Table Layout  FINREP 4.2.1 FINREP9DPFINREP 4.2.1.xlsx;F_24.03
F_25.01;Collateral obtained by taking possession other than collateral classified as Property Plant and Equipment (PP&E): Inflows and outflows;4.2.1;4.2_layouts.zip;FINREP9DP;F_25.01.a;260106 Annotated templates/FINREP/20260210 Annotated Table Layout  FINREP 4.2.1 FINREP9DPFINREP 4.2.1.xlsx;F_25.01.a
F_25.02;Collateral obtained by taking possession other than collateral classified as Property Plant and Equipment (PP&E): Type of collateral obtained;4.2.1;4.2_layouts.zip;FINREP9DP;F_25.02.a;260106 Annotated templates/FINREP/20260210 Annotated Table Layout  FINREP 4.2.1 FINREP9DPFINREP 4.2.1.xlsx;F_25.02.a
F_25.03;Collateral obtained by taking possession classified as Property Plant and Equipment (PP&E);4.2.1;4.2_layouts.zip;FINREP9DP;F_25.03.a;260106 Annotated templates/FINREP/20260210 Annotated Table Layout  FINREP 4.2.1 FINREP9DPFINREP 4.2.1.xlsx;F_25.03.a
F_26.00;Forbearance management and quality of forbearance;4.2.1;4.2_layouts.zip;FINREP9DP;F_26.00.a;260106 Annotated templates/FINREP/20260210 Annotated Table Layout  FINREP 4.2.1 FINREP9DPFINREP 4.2.1.xlsx;F_26.00.a
F_30.01;Interests in unconsolidated structured entities;4.2.1;4.2_layouts.zip;FINREP9DP;F_30.01;260106 Annotated templates/FINREP/20260210 Annotated Table Layout  FINREP 4.2.1 FINREP9DPFINREP 4.2.1.xlsx;F_30.01
F_30.02;Breakdown of interests in unconsolidated structured entities by nature of the activities;4.2.1;4.2_layouts.zip;FINREP9DP;F_30.02;260106 Annotated templates/FINREP/20260210 Annotated Table Layout  FINREP 4.2.1 FINREP9DPFINREP 4.2.1.xlsx;F_30.02
F_31.01;Related parties: amounts payable to and amounts receivable from;4.2.1;4.2_layouts.zip;FINREP9DP;F_31.01;260106 Annotated templates/FINREP/20260210 Annotated Table Layout  FINREP 4.2.1 FINREP9DPFINREP 4.2.1.xlsx;F_31.01
F_31.02;Related parties: expenses and income generated by transactions with;4.2.1;4.2_layouts.zip;FINREP9DP;F_31.02;260106 Annotated templates/FINREP/20260210 Annotated Table Layout  FINREP 4.2.1 FINREP9DPFINREP 4.2.1.xlsx;F_31.02
F_32.01;Asset encumbrance: Encumbrance overview - Assets;4.2;4.2_layouts.zip;AE;F_32.01;260106 Annotated templates/AE/20260106 Annotated Table Layout  AE 4.2 AEAE 4.2.xlsx;F_32.01
F_32.02;Asset encumbrance: Encumbrance overview - Collateral;4.2;4.2_layouts.zip;AE;F_32.02.a;260106 Annotated templates/AE/20260106 Annotated Table Layout  AE 4.2 AEAE 4.2.xlsx;F_32.02.a
F_32.03;Asset encumbrance: Not pledged. Own covered bonds and ABS issued and not yet pledged;4.2;4.2_layouts.zip;AE;F_32.03.a;260106 Annotated templates/AE/20260106 Annotated Table Layout  AE 4.2 AEAE 4.2.xlsx;F_32.03.a
F_32.04;Asset encumbrance: Sources of encumbrance;4.2;4.2_layouts.zip;AE;F_32.04.a;260106 Annotated templates/AE/20260106 Annotated Table Layout  AE 4.2 AEAE 4.2.xlsx;F_32.04.a
F_33.00;Asset encumbrance: Maturity data;4.2;4.2_layouts.zip;AE;F_33.00.a;260106 Annotated templates/AE/20260106 Annotated Table Layout  AE 4.2 AEAE 4.2.xlsx;F_33.00.a
F_34.00;Asset encumbrance: Contingent encumbrance;4.2;4.2_layouts.zip;AE;F_34.00.a;260106 Annotated templates/AE/20260106 Annotated Table Layout  AE 4.2 AEAE 4.2.xlsx;F_34.00.a
F_35.00;Asset encumbrance: Covered bonds issuance;4.2;4.2_layouts.zip;AE;F_35.00.a;260106 Annotated templates/AE/20260106 Annotated Table Layout  AE 4.2 AEAE 4.2.xlsx;F_35.00.a
F_36.01;Asset encumbrance: Advance template for assets of the reporting institution;4.2;4.2_layouts.zip;AE;F_36.01.a;260106 Annotated templates/AE/20260106 Annotated Table Layout  AE 4.2 AEAE 4.2.xlsx;F_36.01.a
F_36.02;Asset encumbrance: Advance template for colllateral and own debt secrities issued other than covered bonds or ABSs;4.2;4.2_layouts.zip;AE;F_36.02.a;260106 Annotated templates/AE/20260106 Annotated Table Layout  AE 4.2 AEAE 4.2.xlsx;F_36.02.a
F_40.01;Scope of the group: “entity-by-entity”;4.2.1;4.2_layouts.zip;FINREP9DP;F_40.01;260106 Annotated templates/FINREP/20260210 Annotated Table Layout  FINREP 4.2.1 FINREP9DPFINREP 4.2.1.xlsx;F_40.01
F_40.02;"Scope of the group: ""instrument-by-instrument""";4.2.1;4.2_layouts.zip;FINREP9DP;F_40.02;260106 Annotated templates/FINREP/20260210 Annotated Table Layout  FINREP 4.2.1 FINREP9DPFINREP 4.2.1.xlsx;F_40.02
F_41.01;Fair value hierarchy: financial instruments at amortised cost;4.2.1;4.2_layouts.zip;FINREP9DP;F_41.01;260106 Annotated templates/FINREP/20260210 Annotated Table Layout  FINREP 4.2.1 FINREP9DPFINREP 4.2.1.xlsx;F_41.01
F_41.02;Use of the Fair Value Option;4.2.1;4.2_layouts.zip;FINREP9DP;F_41.02;260106 Annotated templates/FINREP/20260210 Annotated Table Layout  FINREP 4.2.1 FINREP9DPFINREP 4.2.1.xlsx;F_41.02
F_42.00;Tangible and intangible assets: carrying amount by measurement method;4.2.1;4.2_layouts.zip;FINREP9DP;F_42.00;260106 Annotated templates/FINREP/20260210 Annotated Table Layout  FINREP 4.2.1 FINREP9DPFINREP 4.2.1.xlsx;F_42.00
F_43.00;Provisions;4.2.1;4.2_layouts.zip;FINREP9DP;F_43.00;260106 Annotated templates/FINREP/20260210 Annotated Table Layout  FINREP 4.2.1 FINREP9DPFINREP 4.2.1.xlsx;F_43.00
F_44.01;Components of net defined benefit plan assets and liabilities;4.2.1;4.2_layouts.zip;FINREP9DP;F_44.01;260106 Annotated templates/FINREP/20260210 Annotated Table Layout  FINREP 4.2.1 FINREP9DPFINREP 4.2.1.xlsx;F_44.01
F_44.02;Movements in defined benefit plans and employee benefits;4.2.1;4.2_layouts.zip;FINREP9DP;F_44.02;260106 Annotated templates/FINREP/20260210 Annotated Table Layout  FINREP 4.2.1 FINREP9DPFINREP 4.2.1.xlsx;F_44.02
F_44.03;Staff expenses by type of benefits;4.2.1;4.2_layouts.zip;FINREP9DP;F_44.03;260106 Annotated templates/FINREP/20260210 Annotated Table Layout  FINREP 4.2.1 FINREP9DPFINREP 4.2.1.xlsx;F_44.03
F_44.04;Staff expenses by category of remuneration and category of staff;4.2.1;4.2_layouts.zip;FINREP9DP;F_44.04;260106 Annotated templates/FINREP/20260210 Annotated Table Layout  FINREP 4.2.1 FINREP9DPFINREP 4.2.1.xlsx;F_44.04
F_45.01;Gains and losses on financial assets and liabilities designated at fair value through profit or loss by accounting portfolio;4.2.1;4.2_layouts.zip;FINREP9DP;F_45.01;260106 Annotated templates/FINREP/20260210 Annotated Table Layout  FINREP 4.2.1 FINREP9DPFINREP 4.2.1.xlsx;F_45.01
F_45.02;Gains or losses on derecognition of non-financial assets;4.2.1;4.2_layouts.zip;FINREP9DP;F_45.02;260106 Annotated templates/FINREP/20260210 Annotated Table Layout  FINREP 4.2.1 FINREP9DPFINREP 4.2.1.xlsx;F_45.02
F_45.03;Other operating income and expenses;4.2.1;4.2_layouts.zip;FINREP9DP;F_45.03;260106 Annotated templates/FINREP/20260210 Annotated Table Layout  FINREP 4.2.1 FINREP9DPFINREP 4.2.1.xlsx;F_45.03
F_46.00;Statement of changes in equity;4.2.1;4.2_layouts.zip;FINREP9DP;F_46.00;260106 Annotated templates/FINREP/20260210 Annotated Table Layout  FINREP 4.2.1 FINREP9DPFINREP 4.2.1.xlsx;F_46.00
F_47.00;Loans and advances: Average duration and recovery periods;4.2.1;4.2_layouts.zip;FINREP9DP;F_47.00;260106 Annotated templates/FINREP/20260210 Annotated Table Layout  FINREP 4.2.1 FINREP9DPFINREP 4.2.1.xlsx;F_47.00
F_90.01;Overview of EBA-compliant moratoria (legislative and non-legislative);3.2;3.2_layouts.zip;COVID19;F_90.01;Annotated Table Layout 321-P2-COVID19 3.2.1.xlsx;F 90.01
F_90.02;Overview of other COVID-19-related forbearance measures;3.2;3.2_layouts.zip;COVID19;F_90.02;Annotated Table Layout 321-P2-COVID19 3.2.1.xlsx;F 90.02
F_90.03;Overview of newly originated loans and advances subject to public guarantee schemes in the context of the COVID-19 crisis;3.2;3.2_layouts.zip;COVID19;F_90.03;Annotated Table Layout 321-P2-COVID19 3.2.1.xlsx;F 90.03
F_91.01;Information on loans and advances subject to EBA-compliant moratoria (legislative and non-legislative);3.2;3.2_layouts.zip;COVID19;F_91.01.a;Annotated Table Layout 321-P2-COVID19 3.2.1.xlsx;F 91.01.a
F_91.02;Information on other loans and advances subject to COVID-19-related forbearance measures;3.2;3.2_layouts.zip;COVID19;F_91.02;Annotated Table Layout 321-P2-COVID19 3.2.1.xlsx;F 91.02
F_91.03;Loans and advances with expired EBA-compliant moratoria (legislative and non-legislative);3.2;3.2_layouts.zip;COVID19;F_91.03.a;Annotated Table Layout 321-P2-COVID19 3.2.1.xlsx;F 91.03.a
F_91.04;Other loans and advances with expired COVID-19-related forbearance measures (grace period/payment moratorium);3.2;3.2_layouts.zip;COVID19;F_91.04;Annotated Table Layout 321-P2-COVID19 3.2.1.xlsx;F 91.04
F_91.05;Information on newly originated loans and advances subject to public guarantee schemes in the context of the COVID-19 crisis;3.2;3.2_layouts.zip;COVID19;F_91.05.a;Annotated Table Layout 321-P2-COVID19 3.2.1.xlsx;F 91.05.a
F_92.01;Measures applied in response to the COVID-19 crisis: breakdown by NACE codes;3.2;3.2_layouts.zip;COVID19;F_92.01;Annotated Table Layout 321-P2-COVID19 3.2.1.xlsx;F 92.01
F_93.01;Interest income and fee and commission income from loans and advances subject to COVID-19-related measures;3.2;3.2_layouts.zip;COVID19;F_93.01;Annotated Table Layout 321-P2-COVID19 3.2.1.xlsx;F 93.01
F_93.02;Prudential information on loans and advances subject to public guarantee schemes in the context of the COVID-19 crisis;3.2;3.2_layouts.zip;COVID19;F_93.02.a;Annotated Table Layout 321-P2-COVID19 3.2.1.xlsx;F 93.02.a
G_01.00;G-SII indicators and EBU items (G-SII);4.2;4.2_layouts.zip;GSII;G_01.00;260106 Annotated templates/GSII/20260106 Annotated Table Layout  GSII 4.2 GSIIGSII 4.2.xlsx;G_01.00
I_01.00;Own funds composition;4.2;4.2_layouts.zip;IF_CLASS2;I_01.00;260106 Annotated templates/IF/20260106 Annotated Table Layout  IF 4.2 IF_CLASS2IF 4.2.xlsx;I_01.00
I_01.01;Own Funds composition (Class 3 IF);4.2;4.2_layouts.zip;IF_CLASS3;I_01.01;260106 Annotated templates/IF/20260106 Annotated Table Layout  IF 4.2 IF_CLASS3IF 4.2.xlsx;I_01.01
I_02.01;Own funds requirements;4.2;4.2_layouts.zip;IF_CLASS2;I_02.01;260106 Annotated templates/IF/20260106 Annotated Table Layout  IF 4.2 IF_CLASS2IF 4.2.xlsx;I_02.01
I_02.02;Capital ratios;4.2;4.2_layouts.zip;IF_CLASS2;I_02.02;260106 Annotated templates/IF/20260106 Annotated Table Layout  IF 4.2 IF_CLASS2IF 4.2.xlsx;I_02.02
I_02.03;Own Funds requirements (Class 3 IF);4.2;4.2_layouts.zip;IF_CLASS3;I_02.03;260106 Annotated templates/IF/20260106 Annotated Table Layout  IF 4.2 IF_CLASS3IF 4.2.xlsx;I_02.03
I_02.04;Capital ratios (Class 3 IF);4.2;4.2_layouts.zip;IF_CLASS3;I_02.04;260106 Annotated templates/IF/20260106 Annotated Table Layout  IF 4.2 IF_CLASS3IF 4.2.xlsx;I_02.04
I_03.00;Fixed overheads requirements calculation;4.2;4.2_layouts.zip;IF_CLASS2;I_03.00;260106 Annotated templates/IF/20260106 Annotated Table Layout  IF 4.2 IF_CLASS2IF 4.2.xlsx;I_03.00
I_03.01;Fixed Overheads requirement calculation (Class 3 IF);4.2;4.2_layouts.zip;IF_CLASS3;I_03.01;260106 Annotated templates/IF/20260106 Annotated Table Layout  IF 4.2 IF_CLASS3IF 4.2.xlsx;I_03.01
I_04.00;K-Factor requirement calculations;4.2;4.2_layouts.zip;IF_CLASS2;I_04.00;260106 Annotated templates/IF/20260106 Annotated Table Layout  IF 4.2 IF_CLASS2IF 4.2.xlsx;I_04.00
I_05.00;Level of activity - Thresholds review;4.2;4.2_layouts.zip;IF_CLASS2,IF_CLASS3;I_05.00;260106 Annotated templates/IF/20260106 Annotated Table Layout  IF 4.2 IF_CLASS2IF 4.2.xlsx;I_05.00
I_06.01;Assets under management - AUM additional detail;4.2;4.2_layouts.zip;IF_CLASS2;I_06.01;260106 Annotated templates/IF/20260106 Annotated Table Layout  IF 4.2 IF_CLASS2IF 4.2.xlsx;I_06.01
I_06.02;Average value of total monthly AUM;4.2;4.2_layouts.zip;IF_CLASS2;I_06.02;260106 Annotated templates/IF/20260106 Annotated Table Layout  IF 4.2 IF_CLASS2IF 4.2.xlsx;I_06.02
I_06.03;Client money held - CMH additional detail;4.2;4.2_layouts.zip;IF_CLASS2;I_06.03;260106 Annotated templates/IF/20260106 Annotated Table Layout  IF 4.2 IF_CLASS2IF 4.2.xlsx;I_06.03
I_06.04;Average value of total daily CMH;4.2;4.2_layouts.zip;IF_CLASS2;I_06.04;260106 Annotated templates/IF/20260106 Annotated Table Layout  IF 4.2 IF_CLASS2IF 4.2.xlsx;I_06.04
I_06.05;Assets safeguarded and administered - ASA additional detail;4.2;4.2_layouts.zip;IF_CLASS2;I_06.05;260106 Annotated templates/IF/20260106 Annotated Table Layout  IF 4.2 IF_CLASS2IF 4.2.xlsx;I_06.05
I_06.06;Average value of total daily ASA;4.2;4.2_layouts.zip;IF_CLASS2;I_06.06;260106 Annotated templates/IF/20260106 Annotated Table Layout  IF 4.2 IF_CLASS2IF 4.2.xlsx;I_06.06
I_06.07;Client orders handled - COH additional detail;4.2;4.2_layouts.zip;IF_CLASS2;I_06.07;260106 Annotated templates/IF/20260106 Annotated Table Layout  IF 4.2 IF_CLASS2IF 4.2.xlsx;I_06.07
I_06.08;Average value of total daily COH;4.2;4.2_layouts.zip;IF_CLASS2;I_06.08;260106 Annotated templates/IF/20260106 Annotated Table Layout  IF 4.2 IF_CLASS2IF 4.2.xlsx;I_06.08
I_06.09;K-Net position risk - K-NPR additional detail;4.2;4.2_layouts.zip;IF_CLASS2;I_06.09;260106 Annotated templates/IF/20260106 Annotated Table Layout  IF 4.2 IF_CLASS2IF 4.2.xlsx;I_06.09
I_06.10;Clearing Margin given - CMG additional detail;4.2;4.2_layouts.zip;IF_CLASS2;I_06.10;260106 Annotated templates/IF/20260106 Annotated Table Layout  IF 4.2 IF_CLASS2IF 4.2.xlsx;I_06.10
I_06.11;Trading counterparty default - TCD additional detail;4.2;4.2_layouts.zip;IF_CLASS2;I_06.11;260106 Annotated templates/IF/20260106 Annotated Table Layout  IF 4.2 IF_CLASS2IF 4.2.xlsx;I_06.11
I_06.12;Daily trading flow - DTF additional detail;4.2;4.2_layouts.zip;IF_CLASS2;I_06.12;260106 Annotated templates/IF/20260106 Annotated Table Layout  IF 4.2 IF_CLASS2IF 4.2.xlsx;I_06.12
I_06.13;Average value of total daily DTF;4.2;4.2_layouts.zip;IF_CLASS2;I_06.13;260106 Annotated templates/IF/20260106 Annotated Table Layout  IF 4.2 IF_CLASS2IF 4.2.xlsx;I_06.13
I_07.00;K-CON - additional detail;4.2;4.2_layouts.zip;IF_CLASS2;I_07.00;260106 Annotated templates/IF/20260106 Annotated Table Layout  IF 4.2 IF_CLASS2IF 4.2.xlsx;I_07.00
I_08.01;Level of concentration risk - Client money held;4.2;4.2_layouts.zip;IF_CLASS2;I_08.01;260106 Annotated templates/IF/20260106 Annotated Table Layout  IF 4.2 IF_CLASS2IF 4.2.xlsx;I_08.01
I_08.02;Level of concentration risk - Assets seafeguarded and administered;4.2;4.2_layouts.zip;IF_CLASS2;I_08.02;260106 Annotated templates/IF/20260106 Annotated Table Layout  IF 4.2 IF_CLASS2IF 4.2.xlsx;I_08.02
I_08.03;Level of concentration risk -Total own cash deposited;4.2;4.2_layouts.zip;IF_CLASS2;I_08.03;260106 Annotated templates/IF/20260106 Annotated Table Layout  IF 4.2 IF_CLASS2IF 4.2.xlsx;I_08.03
I_08.04;Level of concentration risk - Total earnings;4.2;4.2_layouts.zip;IF_CLASS2;I_08.04;260106 Annotated templates/IF/20260106 Annotated Table Layout  IF 4.2 IF_CLASS2IF 4.2.xlsx;I_08.04
I_08.05;Trading book exposures;4.2;4.2_layouts.zip;IF_CLASS2;I_08.05;260106 Annotated templates/IF/20260106 Annotated Table Layout  IF 4.2 IF_CLASS2IF 4.2.xlsx;I_08.05
I_08.06;Non-trading book and off-balance sheet items;4.2;4.2_layouts.zip;IF_CLASS2;I_08.06;260106 Annotated templates/IF/20260106 Annotated Table Layout  IF 4.2 IF_CLASS2IF 4.2.xlsx;I_08.06
I_09.00;Liquidity requirements;4.2;4.2_layouts.zip;IF_CLASS2;I_09.00;260106 Annotated templates/IF/20260106 Annotated Table Layout  IF 4.2 IF_CLASS2IF 4.2.xlsx;I_09.00
I_09.01;Liquidity requirements (Class 3 IF);4.2;4.2_layouts.zip;IF_CLASS3;I_09.01;260106 Annotated templates/IF/20260106 Annotated Table Layout  IF 4.2 IF_CLASS3IF 4.2.xlsx;I_09.01
I_10.01;Verification of total assets at individual level and group test (CI TEST 1);4.2;4.2_layouts.zip;IF_TM;I_10.01;260106 Annotated templates/IF/20260106 Annotated Table Layout  IF 4.2 IF_TMIF 4.2.xlsx;I_10.01
I_10.02;Total assets for group test broken down by entity (CI TEST 2);4.2;4.2_layouts.zip;IF_TM;I_10.02;260106 Annotated templates/IF/20260106 Annotated Table Layout  IF 4.2 IF_TMIF 4.2.xlsx;I_10.02
I_11.01;Own funds composition - Group capital test;4.2;4.2_layouts.zip;IF_GROUPTEST;I_11.01;260106 Annotated templates/IF/20260106 Annotated Table Layout  IF 4.2 IF_GROUPTESTIF 4.2.xlsx;I_11.01
I_11.02;Own funds instruments - Group capital test;4.2;4.2_layouts.zip;IF_GROUPTEST;I_11.02;260106 Annotated templates/IF/20260106 Annotated Table Layout  IF 4.2 IF_GROUPTESTIF 4.2.xlsx;I_11.02
I_11.03;Information on subsidiaries undertakings;4.2;4.2_layouts.zip;IF_GROUPTEST;I_11.03;260106 Annotated templates/IF/20260106 Annotated Table Layout  IF 4.2 IF_GROUPTESTIF 4.2.xlsx;I_11.03
J_01.00;Evaluation of the IRRBB: EVE/NII SOT and MV changes;4.2;4.2_layouts.zip;IRRBB;J_01.00;260106 Annotated templates/IRRBB/20260106 Annotated Table Layout  IRRBB 4.2 IRRBBIRRBB 4.2.xlsx;J_01.00
J_02.00;Breakdown of sensitivity estimates;4.2;4.2_layouts.zip;IRRBB;J_02.00;260106 Annotated templates/IRRBB/20260106 Annotated Table Layout  IRRBB 4.2 IRRBBIRRBB 4.2.xlsx;J_02.00
J_03.00;Breakdown of sensitivity estimates (simplified for 'other' institutions);4.2;4.2_layouts.zip;IRRBB;J_03.00;260106 Annotated templates/IRRBB/20260106 Annotated Table Layout  IRRBB 4.2 IRRBBIRRBB 4.2.xlsx;J_03.00
J_04.00;Breakdown of sensitivity estimates (simplified for SNCIS);4.2;4.2_layouts.zip;IRRBB;J_04.00;260106 Annotated templates/IRRBB/20260106 Annotated Table Layout  IRRBB 4.2 IRRBBIRRBB 4.2.xlsx;J_04.00
J_05.00;Repricing cash flows;4.2;4.2_layouts.zip;IRRBB;J_05.00.a;260106 Annotated templates/IRRBB/20260106 Annotated Table Layout  IRRBB 4.2 IRRBBIRRBB 4.2.xlsx;J_05.00.a
J_06.00;Repricing cash flows (simplified for 'other' institutions);4.2;4.2_layouts.zip;IRRBB;J_06.00.a;260106 Annotated templates/IRRBB/20260106 Annotated Table Layout  IRRBB 4.2 IRRBBIRRBB 4.2.xlsx;J_06.00.a
J_07.00;Repricing cash flows (simplified for SNCIS);4.2;4.2_layouts.zip;IRRBB;J_07.00.a;260106 Annotated templates/IRRBB/20260106 Annotated Table Layout  IRRBB 4.2 IRRBBIRRBB 4.2.xlsx;J_07.00.a
J_08.00;Relevant parameters;4.2;4.2_layouts.zip;IRRBB;J_08.00.a;260106 Annotated templates/IRRBB/20260106 Annotated Table Layout  IRRBB 4.2 IRRBBIRRBB 4.2.xlsx;J_08.00.a
J_09.00;Relevant parameters (simplified for SNCIS and 'other' institutions);4.2;4.2_layouts.zip;IRRBB;J_09.00.a;260106 Annotated templates/IRRBB/20260106 Annotated Table Layout  IRRBB 4.2 IRRBBIRRBB 4.2.xlsx;J_09.00.a
J_10.01;General qualitative information;4.2;4.2_layouts.zip;IRRBB;J_10.01;260106 Annotated templates/IRRBB/20260106 Annotated Table Layout  IRRBB 4.2 IRRBBIRRBB 4.2.xlsx;J_10.01
J_10.02;"Qualitative information ""currency by currency""";4.2;4.2_layouts.zip;IRRBB;J_10.02;260106 Annotated templates/IRRBB/20260106 Annotated Table Layout  IRRBB 4.2 IRRBBIRRBB 4.2.xlsx;J_10.02
J_11.01;General qualitative information (simplified for SNCIS and 'other' institutions);4.2;4.2_layouts.zip;IRRBB;J_11.01;260106 Annotated templates/IRRBB/20260106 Annotated Table Layout  IRRBB 4.2 IRRBBIRRBB 4.2.xlsx;J_11.01
J_11.02;"Qualitative information ""currency by currency"" (simplified for SNCIS and 'other' institutions)";4.2;4.2_layouts.zip;IRRBB;J_11.02;260106 Annotated templates/IRRBB/20260106 Annotated Table Layout  IRRBB 4.2 IRRBBIRRBB 4.2.xlsx;J_11.02
K_00.01;Accompanying narrative FINDIS;4.2;4.2_layouts.zip;FINDIS;K_00.01;260106 Annotated templates/PILLAR3/20260106 Annotated Table Layout  PILLAR3 4.2 FINDISPILLAR3 4.2.xlsx;K_00.01
K_00.02;Accompanying narrative CODIS;4.2;4.2_layouts.zip;CODIS;K_00.02;260106 Annotated templates/PILLAR3/20260106 Annotated Table Layout  PILLAR3 4.2 CODISPILLAR3 4.2.xlsx;K_00.02
K_00.03;Accompanying narrative ESGDIS;4.2;4.2_layouts.zip;ESGDIS;K_00.03;260106 Annotated templates/PILLAR3/20260106 Annotated Table Layout  PILLAR3 4.2 ESGDISPILLAR3 4.2.xlsx;K_00.03
K_00.04;Accompanying narrative IRRBBDIS;4.2;4.2_layouts.zip;IRRBBDIS;K_00.04;260106 Annotated templates/PILLAR3/20260106 Annotated Table Layout  PILLAR3 4.2 IRRBBDISPILLAR3 4.2.xlsx;K_00.04
K_00.05;Accompanying narrative MREL/TLACDIS;4.2;4.2_layouts.zip;MRELTLACDIS;K_00.05;260106 Annotated templates/PILLAR3/20260106 Annotated Table Layout  PILLAR3 4.2 MRELTLACDISPILLAR3 4.2.xlsx;K_00.05
K_00.06;Accompanying narrative G-SIIs;4.2;4.2_layouts.zip;GSIIDIS;K_00.06;260106 Annotated templates/PILLAR3/20260106 Annotated Table Layout  PILLAR3 4.2 GSIIDISPILLAR3 4.2.xlsx;K_00.06
K_01.00;EU CAE1 – Exposures to crypto-assets;4.2;4.2_layouts.zip;CODIS;K_01.00.a;260106 Annotated templates/PILLAR3/20260106 Annotated Table Layout  PILLAR3 4.2 CODISPILLAR3 4.2.xlsx;K_01.00.a
K_02.00;EU CCR1 – Analysis of CCR exposure by approach;4.2;4.2_layouts.zip;CODIS;K_02.00;260106 Annotated templates/PILLAR3/20260106 Annotated Table Layout  PILLAR3 4.2 CODISPILLAR3 4.2.xlsx;K_02.00
K_03.00;EU CCR3 – Standardised approach – CCR exposures by regulatory exposure class and risk weights;4.2;4.2_layouts.zip;CODIS;K_03.00;260106 Annotated templates/PILLAR3/20260106 Annotated Table Layout  PILLAR3 4.2 CODISPILLAR3 4.2.xlsx;K_03.00
K_04.00;EU CCR4 – IRB approach – CCR exposures by exposure class and PD scale;4.2;4.2_layouts.zip;CODIS;K_04.00.a;260106 Annotated templates/PILLAR3/20260106 Annotated Table Layout  PILLAR3 4.2 CODISPILLAR3 4.2.xlsx;K_04.00.a
K_05.00;EU CCR5 – Composition of collateral for CCR exposures;4.2;4.2_layouts.zip;CODIS;K_05.00.a;260106 Annotated templates/PILLAR3/20260106 Annotated Table Layout  PILLAR3 4.2 CODISPILLAR3 4.2.xlsx;K_05.00.a
K_06.00;EU CCR6 – Credit derivatives exposures;4.2;4.2_layouts.zip;CODIS;K_06.00;260106 Annotated templates/PILLAR3/20260106 Annotated Table Layout  PILLAR3 4.2 CODISPILLAR3 4.2.xlsx;K_06.00
K_07.00;EU CCR7 – RWEA flow statements of CCR exposures under the IMM;4.2;4.2_layouts.zip;CODIS;K_07.00;260106 Annotated templates/PILLAR3/20260106 Annotated Table Layout  PILLAR3 4.2 CODISPILLAR3 4.2.xlsx;K_07.00
K_08.00;EU CCR8 – Exposures to CCPs;4.2;4.2_layouts.zip;CODIS;K_08.00;260106 Annotated templates/PILLAR3/20260106 Annotated Table Layout  PILLAR3 4.2 CODISPILLAR3 4.2.xlsx;K_08.00
K_09.01;EU-SEC1 - Securitisation exposures in the non-trading book;4.2;4.2_layouts.zip;CODIS;K_09.01;260106 Annotated templates/PILLAR3/20260106 Annotated Table Layout  PILLAR3 4.2 CODISPILLAR3 4.2.xlsx;K_09.01
K_09.02;EU-SEC2 - Securitisation exposures in the trading book;4.2;4.2_layouts.zip;CODIS;K_09.02;260106 Annotated templates/PILLAR3/20260106 Annotated Table Layout  PILLAR3 4.2 CODISPILLAR3 4.2.xlsx;K_09.02
K_09.03;EU-SEC3 - Securitisation exposures in the non-trading book and associated regulatory capital requirements - institution acting as originator or as sponsor;4.2;4.2_layouts.zip;CODIS;K_09.03;260106 Annotated templates/PILLAR3/20260106 Annotated Table Layout  PILLAR3 4.2 CODISPILLAR3 4.2.xlsx;K_09.03
K_09.04;EU-SEC4 - Securitisation exposures in the non-trading book and associated regulatory capital requirements - institution acting as investor;4.2;4.2_layouts.zip;CODIS;K_09.04;260106 Annotated templates/PILLAR3/20260106 Annotated Table Layout  PILLAR3 4.2 CODISPILLAR3 4.2.xlsx;K_09.04
K_09.05;EU-SEC5 - Exposures securitised by the institution - Exposures in default and specific credit risk adjustments;4.2;4.2_layouts.zip;CODIS;K_09.05;260106 Annotated templates/PILLAR3/20260106 Annotated Table Layout  PILLAR3 4.2 CODISPILLAR3 4.2.xlsx;K_09.05
K_10.00;EU MR1 - Market risk under the standardised approach;4.2;4.2_layouts.zip;CODIS;K_10.00;260106 Annotated templates/PILLAR3/20260106 Annotated Table Layout  PILLAR3 4.2 CODISPILLAR3 4.2.xlsx;K_10.00
K_100.00;Section 1 - General Information;4.2;4.2_layouts.zip;GSIIDIS;K_100.00;260106 Annotated templates/PILLAR3/20260106 Annotated Table Layout  PILLAR3 4.2 GSIIDISPILLAR3 4.2.xlsx;K_100.00
K_101.00;Section 2- total exposures;4.2;4.2_layouts.zip;GSIIDIS;K_101.00;260106 Annotated templates/PILLAR3/20260106 Annotated Table Layout  PILLAR3 4.2 GSIIDISPILLAR3 4.2.xlsx;K_101.00
K_102.00;Section 3 - Intra-Financial System Assets;4.2;4.2_layouts.zip;GSIIDIS;K_102.00;260106 Annotated templates/PILLAR3/20260106 Annotated Table Layout  PILLAR3 4.2 GSIIDISPILLAR3 4.2.xlsx;K_102.00
K_103.00;Section 4 - Intra-Financial System Liabilities;4.2;4.2_layouts.zip;GSIIDIS;K_103.00;260106 Annotated templates/PILLAR3/20260106 Annotated Table Layout  PILLAR3 4.2 GSIIDISPILLAR3 4.2.xlsx;K_103.00
K_104.00;Section 5 - Securities Outstanding;4.2;4.2_layouts.zip;GSIIDIS;K_104.00;260106 Annotated templates/PILLAR3/20260106 Annotated Table Layout  PILLAR3 4.2 GSIIDISPILLAR3 4.2.xlsx;K_104.00
K_105.00;Section 6 - Payments made in the reporting year excluding intragroup payments;4.2;4.2_layouts.zip;GSIIDIS;K_105.00;260106 Annotated templates/PILLAR3/20260106 Annotated Table Layout  PILLAR3 4.2 GSIIDISPILLAR3 4.2.xlsx;K_105.00
K_106.00;Section 7 - Assets Under Custody;4.2;4.2_layouts.zip;GSIIDIS;K_106.00;260106 Annotated templates/PILLAR3/20260106 Annotated Table Layout  PILLAR3 4.2 GSIIDISPILLAR3 4.2.xlsx;K_106.00
K_107.00;Section 8 - Underwritten Transactions in Debt and Equity Markets;4.2;4.2_layouts.zip;GSIIDIS;K_107.00;260106 Annotated templates/PILLAR3/20260106 Annotated Table Layout  PILLAR3 4.2 GSIIDISPILLAR3 4.2.xlsx;K_107.00
K_108.00;Section 9 - Trading Volume;4.2;4.2_layouts.zip;GSIIDIS;K_108.00;260106 Annotated templates/PILLAR3/20260106 Annotated Table Layout  PILLAR3 4.2 GSIIDISPILLAR3 4.2.xlsx;K_108.00
K_109.00;Section 10 - Notional Amount of Over-the-Counter OTC Derivatives;4.2;4.2_layouts.zip;GSIIDIS;K_109.00;260106 Annotated templates/PILLAR3/20260106 Annotated Table Layout  PILLAR3 4.2 GSIIDISPILLAR3 4.2.xlsx;K_109.00
K_11.00;EU MR2-A - Market risk under the internal Model Approach (IMA) - RWEA;4.2;4.2_layouts.zip;CODIS;K_11.00.a;260106 Annotated templates/PILLAR3/20260106 Annotated Table Layout  PILLAR3 4.2 CODISPILLAR3 4.2.xlsx;K_11.00.a
K_110.00;Section 11 - Trading and Available-for-Sale Securities;4.2;4.2_layouts.zip;GSIIDIS;K_110.00;260106 Annotated templates/PILLAR3/20260106 Annotated Table Layout  PILLAR3 4.2 GSIIDISPILLAR3 4.2.xlsx;K_110.00
K_111.00;Section 12 - Level 3 Assets;4.2;4.2_layouts.zip;GSIIDIS;K_111.00;260106 Annotated templates/PILLAR3/20260106 Annotated Table Layout  PILLAR3 4.2 GSIIDISPILLAR3 4.2.xlsx;K_111.00
K_112.00;Section 13 - Cross-Jurisdictional Claims;4.2;4.2_layouts.zip;GSIIDIS;K_112.00;260106 Annotated templates/PILLAR3/20260106 Annotated Table Layout  PILLAR3 4.2 GSIIDISPILLAR3 4.2.xlsx;K_112.00
K_113.00;Section 14 - Cross-Jurisdictional Liabilities;4.2;4.2_layouts.zip;GSIIDIS;K_113.00;260106 Annotated templates/PILLAR3/20260106 Annotated Table Layout  PILLAR3 4.2 GSIIDISPILLAR3 4.2.xlsx;K_113.00
K_12.00;EU MR2-B - RWA flow statements of market risk exposures under the IMA;4.2;4.2_layouts.zip;CODIS;K_12.00;260106 Annotated templates/PILLAR3/20260106 Annotated Table Layout  PILLAR3 4.2 CODISPILLAR3 4.2.xlsx;K_12.00
K_13.00;EU MR3 - IMA values for trading portfolios;4.2;4.2_layouts.zip;CODIS;K_13.00;260106 Annotated templates/PILLAR3/20260106 Annotated Table Layout  PILLAR3 4.2 CODISPILLAR3 4.2.xlsx;K_13.00
K_18.01;EU CVA 1 – Credit valuation adjustment risk under the Reduced Basic Approach - OFR components;4.2;4.2_layouts.zip;CODIS;K_18.01.a;260106 Annotated templates/PILLAR3/20260106 Annotated Table Layout  PILLAR3 4.2 CODISPILLAR3 4.2.xlsx;K_18.01.a
K_18.02;EU CVA 2 – Credit valuation adjustment risk under the Full Basic Approach - OFRs;4.2;4.2_layouts.zip;CODIS;K_18.02.a;260106 Annotated templates/PILLAR3/20260106 Annotated Table Layout  PILLAR3 4.2 CODISPILLAR3 4.2.xlsx;K_18.02.a
K_18.03;EU CVA3 – Credit valuation adjustment risk under the Standardised Approach;4.2;4.2_layouts.zip;CODIS;K_18.03;260106 Annotated templates/PILLAR3/20260106 Annotated Table Layout  PILLAR3 4.2 CODISPILLAR3 4.2.xlsx;K_18.03
K_18.04;EU CVA4 – RWEA flow statements of credit valuation adjustment risk under the Standardised Approach;4.2;4.2_layouts.zip;CODIS;K_18.04;260106 Annotated templates/PILLAR3/20260106 Annotated Table Layout  PILLAR3 4.2 CODISPILLAR3 4.2.xlsx;K_18.04
K_19.01;EU OR1 -Operational risk losses;4.2;4.2_layouts.zip;CODIS;K_19.01;260106 Annotated templates/PILLAR3/20260106 Annotated Table Layout  PILLAR3 4.2 CODISPILLAR3 4.2.xlsx;K_19.01
K_19.02;EU OR2 - Business Indicator, components and subcomponents .a;4.2;4.2_layouts.zip;CODIS;K_19.02.a;260106 Annotated templates/PILLAR3/20260106 Annotated Table Layout  PILLAR3 4.2 CODISPILLAR3 4.2.xlsx;K_19.02.a
K_19.03;EU OR3 - Operational risk own funds requirements and risk exposure amounts;4.2;4.2_layouts.zip;CODIS;K_19.03;260106 Annotated templates/PILLAR3/20260106 Annotated Table Layout  PILLAR3 4.2 CODISPILLAR3 4.2.xlsx;K_19.03
K_20.01;EU AE1 - Encumbered and unencumbered assets;4.2;4.2_layouts.zip;FINDIS;K_20.01;260106 Annotated templates/PILLAR3/20260106 Annotated Table Layout  PILLAR3 4.2 FINDISPILLAR3 4.2.xlsx;K_20.01
K_20.02;EU AE2 - Collateral received and own debt securities issued;4.2;4.2_layouts.zip;FINDIS;K_20.02;260106 Annotated templates/PILLAR3/20260106 Annotated Table Layout  PILLAR3 4.2 FINDISPILLAR3 4.2.xlsx;K_20.02
K_20.03;EU AE3 - Sources of encumbrance;4.2;4.2_layouts.zip;FINDIS;K_20.03;260106 Annotated templates/PILLAR3/20260106 Annotated Table Layout  PILLAR3 4.2 FINDISPILLAR3 4.2.xlsx;K_20.03
K_21.01.a;EU CR1: Performing and non-performing exposures and related provisions;4.2;4.2_layouts.zip;FINDIS;K_21.01.a;260106 Annotated templates/PILLAR3/20260106 Annotated Table Layout  PILLAR3 4.2 FINDISPILLAR3 4.2.xlsx;K_21.01.a
K_21.01.b;EU CR1: Performing and non-performing exposures and related provisions;4.2;4.2_layouts.zip;FINDIS;K_21.01.b;260106 Annotated templates/PILLAR3/20260106 Annotated Table Layout  PILLAR3 4.2 FINDISPILLAR3 4.2.xlsx;K_21.01.b
K_21.01.c;EU CR1: Performing and non-performing exposures and related provisions;4.2;4.2_layouts.zip;FINDIS;K_21.01.c;260106 Annotated templates/PILLAR3/20260106 Annotated Table Layout  PILLAR3 4.2 FINDISPILLAR3 4.2.xlsx;K_21.01.c
K_21.01.d;EU CR1: Performing and non-performing exposures and related provisions;4.2;4.2_layouts.zip;FINDIS;K_21.01.d;260106 Annotated templates/PILLAR3/20260106 Annotated Table Layout  PILLAR3 4.2 FINDISPILLAR3 4.2.xlsx;K_21.01.d
K_21.01.e;EU CR1: Performing and non-performing exposures and related provisions;4.2;4.2_layouts.zip;FINDIS;K_21.01.e;260106 Annotated templates/PILLAR3/20260106 Annotated Table Layout  PILLAR3 4.2 FINDISPILLAR3 4.2.xlsx;K_21.01.e
K_21.01.f;EU CR1: Performing and non-performing exposures and related provisions;4.2;4.2_layouts.zip;FINDIS;K_21.01.f;260106 Annotated templates/PILLAR3/20260106 Annotated Table Layout  PILLAR3 4.2 FINDISPILLAR3 4.2.xlsx;K_21.01.f
K_21.02;EU CR1-A: Maturity of exposures;4.2;4.2_layouts.zip;FINDIS;K_21.02;260106 Annotated templates/PILLAR3/20260106 Annotated Table Layout  PILLAR3 4.2 FINDISPILLAR3 4.2.xlsx;K_21.02
K_22.01;EU CR2: Changes in the stock of non-performing loans and advances;4.2;4.2_layouts.zip;FINDIS;K_22.01;260106 Annotated templates/PILLAR3/20260106 Annotated Table Layout  PILLAR3 4.2 FINDISPILLAR3 4.2.xlsx;K_22.01
K_22.02.a;EU CR2a: Changes in the stock of non-performing loans and advances and related net accumulated recoveries;4.2;4.2_layouts.zip;FINDIS;K_22.02.a;260106 Annotated templates/PILLAR3/20260106 Annotated Table Layout  PILLAR3 4.2 FINDISPILLAR3 4.2.xlsx;K_22.02.a
K_22.02.b;EU CR2a: Changes in the stock of non-performing loans and advances and related net accumulated recoveries;4.2;4.2_layouts.zip;FINDIS;K_22.02.b;260106 Annotated templates/PILLAR3/20260106 Annotated Table Layout  PILLAR3 4.2 FINDISPILLAR3 4.2.xlsx;K_22.02.b
K_23.00;EU CR3 – CRM techniques overview: Disclosure of the use of credit risk mitigation techniques;4.2;4.2_layouts.zip;FINDIS;K_23.00;260106 Annotated templates/PILLAR3/20260106 Annotated Table Layout  PILLAR3 4.2 FINDISPILLAR3 4.2.xlsx;K_23.00
K_24.00;EU CR4 – standardised approach – Credit risk exposure and CRM effects;4.2;4.2_layouts.zip;CODIS;K_24.00;260106 Annotated templates/PILLAR3/20260106 Annotated Table Layout  PILLAR3 4.2 CODISPILLAR3 4.2.xlsx;K_24.00
K_25.00;EU CR5 – standardised approach;4.2;4.2_layouts.zip;CODIS;K_25.00;260106 Annotated templates/PILLAR3/20260106 Annotated Table Layout  PILLAR3 4.2 CODISPILLAR3 4.2.xlsx;K_25.00
K_26.00;EU CR6 – IRB approach – Credit risk exposures by exposure class and PD range;4.2;4.2_layouts.zip;CODIS;K_26.00.a;260106 Annotated templates/PILLAR3/20260106 Annotated Table Layout  PILLAR3 4.2 CODISPILLAR3 4.2.xlsx;K_26.00.a
K_26.01;EU CR6-A – Scope of the use of IRB and SA approaches;4.2;4.2_layouts.zip;CODIS;K_26.01;260106 Annotated templates/PILLAR3/20260106 Annotated Table Layout  PILLAR3 4.2 CODISPILLAR3 4.2.xlsx;K_26.01
K_27.01;EU CR7 – IRB approach – Effect on the RWEAs of credit derivatives used as CRM techniques;4.2;4.2_layouts.zip;CODIS;K_27.01;260106 Annotated templates/PILLAR3/20260106 Annotated Table Layout  PILLAR3 4.2 CODISPILLAR3 4.2.xlsx;K_27.01
K_27.02.a;EU CR7-A – IRB approach – Disclosure of the extent of the use of CRM techniques;4.2;4.2_layouts.zip;CODIS;K_27.02.a;260106 Annotated templates/PILLAR3/20260106 Annotated Table Layout  PILLAR3 4.2 CODISPILLAR3 4.2.xlsx;K_27.02.a
K_27.02.b;EU CR7-A – IRB approach – Disclosure of the extent of the use of CRM techniques;4.2;4.2_layouts.zip;CODIS;K_27.02.b;260106 Annotated templates/PILLAR3/20260106 Annotated Table Layout  PILLAR3 4.2 CODISPILLAR3 4.2.xlsx;K_27.02.b
K_28.00;EU CR8 – RWEA flow statements of credit risk exposures under the IRB approach;4.2;4.2_layouts.zip;CODIS;K_28.00;260106 Annotated templates/PILLAR3/20260106 Annotated Table Layout  PILLAR3 4.2 CODISPILLAR3 4.2.xlsx;K_28.00
K_29.00;EU CR9 –IRB approach – Back-testing of PD per exposure class (fixed PD scale);4.2;4.2_layouts.zip;CODIS;K_29.00;260106 Annotated templates/PILLAR3/20260106 Annotated Table Layout  PILLAR3 4.2 CODISPILLAR3 4.2.xlsx;K_29.00
K_29.01;EU CR9.1 –IRB approach – Back-testing of PD per exposure class (only for PD estimates according to point (f) of Article 180(1) CRR);4.2;4.2_layouts.zip;CODIS;K_29.01.a;260106 Annotated templates/PILLAR3/20260106 Annotated Table Layout  PILLAR3 4.2 CODISPILLAR3 4.2.xlsx;K_29.01.a
K_29.02.a;EU CR10 – Specialised lending and equity exposures under the simple riskweighted approach (i);4.2;4.2_layouts.zip;CODIS;K_29.02.a;260106 Annotated templates/PILLAR3/20260106 Annotated Table Layout  PILLAR3 4.2 CODISPILLAR3 4.2.xlsx;K_29.02.a
K_29.02.b;EU CR10 – Specialised lending and equity exposures under the simple riskweighted approach (ii);4.2;4.2_layouts.zip;CODIS;K_29.02.b;260106 Annotated templates/PILLAR3/20260106 Annotated Table Layout  PILLAR3 4.2 CODISPILLAR3 4.2.xlsx;K_29.02.b
K_29.02.c;EU CR10 – Specialised lending and equity exposures under the simple riskweighted approach (iii);4.2;4.2_layouts.zip;CODIS;K_29.02.c;260106 Annotated templates/PILLAR3/20260106 Annotated Table Layout  PILLAR3 4.2 CODISPILLAR3 4.2.xlsx;K_29.02.c
K_30.01;EU REM1 - Remuneration awarded for the financial year;4.2;4.2_layouts.zip;REMDIS;K_30.01;260106 Annotated templates/PILLAR3/20260106 Annotated Table Layout  PILLAR3 4.2 REMDISPILLAR3 4.2.xlsx;K_30.01
K_30.02;EU REM2 - Special payments to staff whose professional activities have a material impact on institutions’ risk profile (identified staff);4.2;4.2_layouts.zip;REMDIS;K_30.02;260106 Annotated templates/PILLAR3/20260106 Annotated Table Layout  PILLAR3 4.2 REMDISPILLAR3 4.2.xlsx;K_30.02
K_30.03;EU REM3 - Deferred remuneration;4.2;4.2_layouts.zip;REMDIS;K_30.03;260106 Annotated templates/PILLAR3/20260106 Annotated Table Layout  PILLAR3 4.2 REMDISPILLAR3 4.2.xlsx;K_30.03
K_30.04;EU REM4 - Remuneration of 1 million EUR or more per year;4.2;4.2_layouts.zip;REMDIS;K_30.04;260106 Annotated templates/PILLAR3/20260106 Annotated Table Layout  PILLAR3 4.2 REMDISPILLAR3 4.2.xlsx;K_30.04
K_30.05;EU REM5 - Information on remuneration of staff whose professional activities have a material impact on institutions’ risk profile (identified staff);4.2;4.2_layouts.zip;REMDIS;K_30.05.a;260106 Annotated templates/PILLAR3/20260106 Annotated Table Layout  PILLAR3 4.2 REMDISPILLAR3 4.2.xlsx;K_30.05.a
K_41.00;Template 1 - Banking book- Indicators of potential climate Change transition risk: Credit quality of exposures by sector, emissions and residual maturity;4.2;4.2_layouts.zip;ESGDIS;K_41.00;260106 Annotated templates/PILLAR3/20260106 Annotated Table Layout  PILLAR3 4.2 ESGDISPILLAR3 4.2.xlsx;K_41.00
K_42.00;Template 2 - Banking book - Indicators of potential climate change transition risk: Loans collateralised by immovable property - Energy efficiency of the collateral;4.2;4.2_layouts.zip;ESGDIS;K_42.00.a;260106 Annotated templates/PILLAR3/20260106 Annotated Table Layout  PILLAR3 4.2 ESGDISPILLAR3 4.2.xlsx;K_42.00.a
K_43.00;Template 3 - Banking book - Indicators of potential climate change transition risk: Alignment metrics (IAE/NACE codes);4.2;4.2_layouts.zip;ESGDIS;K_43.00.a;260106 Annotated templates/PILLAR3/20260106 Annotated Table Layout  PILLAR3 4.2 ESGDISPILLAR3 4.2.xlsx;K_43.00.a
K_43.01;Template 3 - Banking book - Indicators of potential climate change transition risk: Alignment metrics (IAE/NACE codes);3.3;3.3_layouts.zip;PILLAR3;K_43.01;Annotated Table Layout 330-P1-PILLAR3 3.3.xlsx;K 43.01
K_43.02;Template 3 - Banking book - Indicators of potential climate change transition risk: Alignment metrics;3.3;3.3_layouts.zip;PILLAR3;K_43.02;Annotated Table Layout 330-P1-PILLAR3 3.3.xlsx;K 43.02
K_44.00;Template 4 - Banking book - Indicators of potential climate change transition risk: Exposures to top 20 carbon-intensive firms;4.2;4.2_layouts.zip;ESGDIS;K_44.00;260106 Annotated templates/PILLAR3/20260106 Annotated Table Layout  PILLAR3 4.2 ESGDISPILLAR3 4.2.xlsx;K_44.00
K_45.00;Template 5 - Banking book - Indicators of potential climate change physical risk: Exposures subject to physical risk;4.2;4.2_layouts.zip;ESGDIS;K_45.00.a;260106 Annotated templates/PILLAR3/20260106 Annotated Table Layout  PILLAR3 4.2 ESGDISPILLAR3 4.2.xlsx;K_45.00.a
K_46.00;Template 6 - Summary of GAR KPIs;4.2;4.2_layouts.zip;ESGDIS;K_46.00.a;260106 Annotated templates/PILLAR3/20260106 Annotated Table Layout  PILLAR3 4.2 ESGDISPILLAR3 4.2.xlsx;K_46.00.a
K_47.00;Template 7 - Mitigating actions: Assets for the calculation of GAR;4.2;4.2_layouts.zip;ESGDIS;K_47.00.a;260106 Annotated templates/PILLAR3/20260106 Annotated Table Layout  PILLAR3 4.2 ESGDISPILLAR3 4.2.xlsx;K_47.00.a
K_48.00;Template 8 - GAR (%);4.2;4.2_layouts.zip;ESGDIS;K_48.00.a;260106 Annotated templates/PILLAR3/20260106 Annotated Table Layout  PILLAR3 4.2 ESGDISPILLAR3 4.2.xlsx;K_48.00.a
K_49.01;Template 9.1 - Mitigating actions: Assets for the calculation of BTAR;4.2;4.2_layouts.zip;ESGDIS;K_49.01;260106 Annotated templates/PILLAR3/20260106 Annotated Table Layout  PILLAR3 4.2 ESGDISPILLAR3 4.2.xlsx;K_49.01
K_49.02;Template 9.2 - BTAR %;4.2;4.2_layouts.zip;ESGDIS;K_49.02.a;260106 Annotated templates/PILLAR3/20260106 Annotated Table Layout  PILLAR3 4.2 ESGDISPILLAR3 4.2.xlsx;K_49.02.a
K_49.03;Template 9.3 - Summary table - BTAR %;4.2;4.2_layouts.zip;ESGDIS;K_49.03.a;260106 Annotated templates/PILLAR3/20260106 Annotated Table Layout  PILLAR3 4.2 ESGDISPILLAR3 4.2.xlsx;K_49.03.a
K_50.00;Template 10 - Other climate change mitigating actions that are not covered in the EU Taxonomy;4.2;4.2_layouts.zip;ESGDIS;K_50.00;260106 Annotated templates/PILLAR3/20260106 Annotated Table Layout  PILLAR3 4.2 ESGDISPILLAR3 4.2.xlsx;K_50.00
K_60.00;EU OV1 – Overview of total risk exposure amounts;4.2;4.2_layouts.zip;CODIS;K_60.00.a;260106 Annotated templates/PILLAR3/20260106 Annotated Table Layout  PILLAR3 4.2 CODISPILLAR3 4.2.xlsx;K_60.00.a
K_61.00;EU KM1 - Key metrics template;4.2;4.2_layouts.zip;CODIS;K_61.00;260106 Annotated templates/PILLAR3/20260106 Annotated Table Layout  PILLAR3 4.2 CODISPILLAR3 4.2.xlsx;K_61.00
K_62.01;EU INS1 - Insurance participations;4.2;4.2_layouts.zip;CODIS;K_62.01;260106 Annotated templates/PILLAR3/20260106 Annotated Table Layout  PILLAR3 4.2 CODISPILLAR3 4.2.xlsx;K_62.01
K_62.02;EU INS2 - Financial conglomerates information on own funds and capital adequacy ratio;4.2;4.2_layouts.zip;CODIS;K_62.02;260106 Annotated templates/PILLAR3/20260106 Annotated Table Layout  PILLAR3 4.2 CODISPILLAR3 4.2.xlsx;K_62.02
K_63.01;EU CMS1 – Comparison of modelled and standardised risk weighted exposure amounts at risk level;4.2;4.2_layouts.zip;CODIS;K_63.01.a;260106 Annotated templates/PILLAR3/20260106 Annotated Table Layout  PILLAR3 4.2 CODISPILLAR3 4.2.xlsx;K_63.01.a
K_63.02;EU CMS2 – Comparison of modelled and standardised risk weighted exposure amounts for credit risk at asset class level;4.2;4.2_layouts.zip;CODIS;K_63.02.a;260106 Annotated templates/PILLAR3/20260106 Annotated Table Layout  PILLAR3 4.2 CODISPILLAR3 4.2.xlsx;K_63.02.a
K_64.01.a;EU LI1 - Differences between the accounting scope and the scope of prudential consolidation and mapping of financial statement categories with regulatory risk categories;4.2;4.2_layouts.zip;CODIS;K_64.01.a;260106 Annotated templates/PILLAR3/20260106 Annotated Table Layout  PILLAR3 4.2 CODISPILLAR3 4.2.xlsx;K_64.01.a
K_64.01.b;EU LI1 - Differences between the accounting scope and the scope of prudential consolidation and mapping of financial statement categories with regulatory risk categories;4.2;4.2_layouts.zip;CODIS;K_64.01.b;260106 Annotated templates/PILLAR3/20260106 Annotated Table Layout  PILLAR3 4.2 CODISPILLAR3 4.2.xlsx;K_64.01.b
K_64.01.c;EU LI1 - Differences between the accounting scope and the scope of prudential consolidation and mapping of financial statement categories with regulatory risk categories;4.2;4.2_layouts.zip;CODIS;K_64.01.c;260106 Annotated templates/PILLAR3/20260106 Annotated Table Layout  PILLAR3 4.2 CODISPILLAR3 4.2.xlsx;K_64.01.c
K_64.01.d;EU LI1 - Differences between the accounting scope and the scope of prudential consolidation and mapping of financial statement categories with regulatory risk categories;4.2;4.2_layouts.zip;CODIS;K_64.01.d;260106 Annotated templates/PILLAR3/20260106 Annotated Table Layout  PILLAR3 4.2 CODISPILLAR3 4.2.xlsx;K_64.01.d
K_64.02;EU LI3 - Outline of the differences in the scopes of consolidation (entity by entity);4.2;4.2_layouts.zip;CODIS;K_64.02;260106 Annotated templates/PILLAR3/20260106 Annotated Table Layout  PILLAR3 4.2 CODISPILLAR3 4.2.xlsx;K_64.02
K_64.03.a;EU LI2 - Main sources of differences between regulatory exposure amounts and carrying values in financial statements;4.2;4.2_layouts.zip;CODIS;K_64.03.a;260106 Annotated templates/PILLAR3/20260106 Annotated Table Layout  PILLAR3 4.2 CODISPILLAR3 4.2.xlsx;K_64.03.a
K_64.03.b;EU LI2 - Main sources of differences between regulatory exposure amounts and carrying values in financial statements;4.2;4.2_layouts.zip;CODIS;K_64.03.b;260106 Annotated templates/PILLAR3/20260106 Annotated Table Layout  PILLAR3 4.2 CODISPILLAR3 4.2.xlsx;K_64.03.b
K_65.00;EU PV1: Prudent valuation adjustments (PVA);4.2;4.2_layouts.zip;CODIS;K_65.00;260106 Annotated templates/PILLAR3/20260106 Annotated Table Layout  PILLAR3 4.2 CODISPILLAR3 4.2.xlsx;K_65.00
K_66.01.a;EU CC1 - Composition of regulatory own funds;4.2;4.2_layouts.zip;CODIS;K_66.01.a;260106 Annotated templates/PILLAR3/20260106 Annotated Table Layout  PILLAR3 4.2 CODISPILLAR3 4.2.xlsx;K_66.01.a
K_66.01.b;EU CC1 - Composition of regulatory own funds;4.2;4.2_layouts.zip;CODIS;K_66.01.b;260106 Annotated templates/PILLAR3/20260106 Annotated Table Layout  PILLAR3 4.2 CODISPILLAR3 4.2.xlsx;K_66.01.b
K_66.02.a;EU CC2 - reconciliation of regulatory own funds to balance sheet in the audited financial statements;4.2;4.2_layouts.zip;CODIS;K_66.02.a;260106 Annotated templates/PILLAR3/20260106 Annotated Table Layout  PILLAR3 4.2 CODISPILLAR3 4.2.xlsx;K_66.02.a
K_66.02.b;EU CC2 - reconciliation of regulatory own funds to balance sheet in the audited financial statements;4.2;4.2_layouts.zip;CODIS;K_66.02.b;260106 Annotated templates/PILLAR3/20260106 Annotated Table Layout  PILLAR3 4.2 CODISPILLAR3 4.2.xlsx;K_66.02.b
K_66.02.c;EU CC2 - reconciliation of regulatory own funds to balance sheet in the audited financial statements;4.2;4.2_layouts.zip;CODIS;K_66.02.c;260106 Annotated templates/PILLAR3/20260106 Annotated Table Layout  PILLAR3 4.2 CODISPILLAR3 4.2.xlsx;K_66.02.c
K_66.02.d;EU CC2 - reconciliation of regulatory own funds to balance sheet in the audited financial statements;4.2;4.2_layouts.zip;CODIS;K_66.02.d;260106 Annotated templates/PILLAR3/20260106 Annotated Table Layout  PILLAR3 4.2 CODISPILLAR3 4.2.xlsx;K_66.02.d
K_66.02.e;EU CC2 - reconciliation of regulatory own funds to balance sheet in the audited financial statements;4.2;4.2_layouts.zip;CODIS;K_66.02.e;260106 Annotated templates/PILLAR3/20260106 Annotated Table Layout  PILLAR3 4.2 CODISPILLAR3 4.2.xlsx;K_66.02.e
K_66.02.f;EU CC2 - reconciliation of regulatory own funds to balance sheet in the audited financial statements;4.2;4.2_layouts.zip;CODIS;K_66.02.f;260106 Annotated templates/PILLAR3/20260106 Annotated Table Layout  PILLAR3 4.2 CODISPILLAR3 4.2.xlsx;K_66.02.f
K_67.01;EU CCyB1 - Geographical distribution of credit exposures relevant for the calculation of the countercyclical buffer;4.2;4.2_layouts.zip;CODIS;K_67.01.a;260106 Annotated templates/PILLAR3/20260106 Annotated Table Layout  PILLAR3 4.2 CODISPILLAR3 4.2.xlsx;K_67.01.a
K_67.02;EU CCyB2 - Amount of institution-specific countercyclical capital buffer;4.2;4.2_layouts.zip;CODIS;K_67.02;260106 Annotated templates/PILLAR3/20260106 Annotated Table Layout  PILLAR3 4.2 CODISPILLAR3 4.2.xlsx;K_67.02
K_68.00;EU IRRBB1 - Interest rate risks of non-trading book activities;4.2;4.2_layouts.zip;IRRBBDIS;K_68.00;260106 Annotated templates/PILLAR3/20260106 Annotated Table Layout  PILLAR3 4.2 IRRBBDISPILLAR3 4.2.xlsx;K_68.00
K_70.00;EU LR1 - LRSum: Summary reconciliation of accounting assets and leverage ratio exposures;4.2;4.2_layouts.zip;CODIS;K_70.00;260106 Annotated templates/PILLAR3/20260106 Annotated Table Layout  PILLAR3 4.2 CODISPILLAR3 4.2.xlsx;K_70.00
K_71.00;EU LR2 - LRCom: Leverage ratio common disclosure;4.2;4.2_layouts.zip;CODIS;K_71.00;260106 Annotated templates/PILLAR3/20260106 Annotated Table Layout  PILLAR3 4.2 CODISPILLAR3 4.2.xlsx;K_71.00
K_72.00;EU LR3 - LRSpl: Split-up of on balance sheet exposures (excluding derivatives, SFTs and exempted exposures);4.2;4.2_layouts.zip;CODIS;K_72.00;260106 Annotated templates/PILLAR3/20260106 Annotated Table Layout  PILLAR3 4.2 CODISPILLAR3 4.2.xlsx;K_72.00
K_73.00;EU LIQ1 - Quantitative information of LCR;4.2;4.2_layouts.zip;CODIS;K_73.00.a;260106 Annotated templates/PILLAR3/20260106 Annotated Table Layout  PILLAR3 4.2 CODISPILLAR3 4.2.xlsx;K_73.00.a
K_74.00;EU LIQ2: Net Stable Funding Ratio;4.2;4.2_layouts.zip;CODIS;K_74.00.a;260106 Annotated templates/PILLAR3/20260106 Annotated Table Layout  PILLAR3 4.2 CODISPILLAR3 4.2.xlsx;K_74.00.a(0010)
K_80.00.a;EU CQ1: Credit quality of forborne exposures;4.2;4.2_layouts.zip;FINDIS;K_80.00.a;260106 Annotated templates/PILLAR3/20260106 Annotated Table Layout  PILLAR3 4.2 FINDISPILLAR3 4.2.xlsx;K_80.00.a
K_80.00.b;EU CQ1: Credit quality of forborne exposures;4.2;4.2_layouts.zip;FINDIS;K_80.00.b;260106 Annotated templates/PILLAR3/20260106 Annotated Table Layout  PILLAR3 4.2 FINDISPILLAR3 4.2.xlsx;K_80.00.b
K_80.00.c;EU CQ1: Credit quality of forborne exposures;4.2;4.2_layouts.zip;FINDIS;K_80.00.c;260106 Annotated templates/PILLAR3/20260106 Annotated Table Layout  PILLAR3 4.2 FINDISPILLAR3 4.2.xlsx;K_80.00.c
K_80.00.d;EU CQ1: Credit quality of forborne exposures;4.2;4.2_layouts.zip;FINDIS;K_80.00.d;260106 Annotated templates/PILLAR3/20260106 Annotated Table Layout  PILLAR3 4.2 FINDISPILLAR3 4.2.xlsx;K_80.00.d
K_80.00.e;EU CQ1: Credit quality of forborne exposures;4.2;4.2_layouts.zip;FINDIS;K_80.00.e;260106 Annotated templates/PILLAR3/20260106 Annotated Table Layout  PILLAR3 4.2 FINDISPILLAR3 4.2.xlsx;K_80.00.e
K_81.00;EU CQ2: Quality of forbearance;4.2;4.2_layouts.zip;FINDIS;K_81.00;260106 Annotated templates/PILLAR3/20260106 Annotated Table Layout  PILLAR3 4.2 FINDISPILLAR3 4.2.xlsx;K_81.00
K_82.00.a;EU CQ3: Credit quality of performing and non-performing exposures by past due days;4.2;4.2_layouts.zip;FINDIS;K_82.00.a;260106 Annotated templates/PILLAR3/20260106 Annotated Table Layout  PILLAR3 4.2 FINDISPILLAR3 4.2.xlsx;K_82.00.a
K_82.00.b;EU CQ3: Credit quality of performing and non-performing exposures by past due days;4.2;4.2_layouts.zip;FINDIS;K_82.00.b;260106 Annotated templates/PILLAR3/20260106 Annotated Table Layout  PILLAR3 4.2 FINDISPILLAR3 4.2.xlsx;K_82.00.b
K_82.00.c;EU CQ3: Credit quality of performing and non-performing exposures by past due days;4.2;4.2_layouts.zip;FINDIS;K_82.00.c;260106 Annotated templates/PILLAR3/20260106 Annotated Table Layout  PILLAR3 4.2 FINDISPILLAR3 4.2.xlsx;K_82.00.c
K_83.01.a;EU CQ4: Quality of non-performing exposures by geography;4.2;4.2_layouts.zip;FINDIS;K_83.01.a;260106 Annotated templates/PILLAR3/20260106 Annotated Table Layout  PILLAR3 4.2 FINDISPILLAR3 4.2.xlsx;K_83.01.a
K_83.01.b;EU CQ4: Quality of non-performing exposures by geography;4.2;4.2_layouts.zip;FINDIS;K_83.01.b;260106 Annotated templates/PILLAR3/20260106 Annotated Table Layout  PILLAR3 4.2 FINDISPILLAR3 4.2.xlsx;K_83.01.b
K_83.01.c;EU CQ4: Quality of non-performing exposures by geography;4.2;4.2_layouts.zip;FINDIS;K_83.01.c;260106 Annotated templates/PILLAR3/20260106 Annotated Table Layout  PILLAR3 4.2 FINDISPILLAR3 4.2.xlsx;K_83.01.c
K_83.01.d;EU CQ4: Quality of non-performing exposures by geography;4.2;4.2_layouts.zip;FINDIS;K_83.01.d;260106 Annotated templates/PILLAR3/20260106 Annotated Table Layout  PILLAR3 4.2 FINDISPILLAR3 4.2.xlsx;K_83.01.d
K_83.01.e;EU CQ4: Quality of non-performing exposures by geography;4.2;4.2_layouts.zip;FINDIS;K_83.01.e;260106 Annotated templates/PILLAR3/20260106 Annotated Table Layout  PILLAR3 4.2 FINDISPILLAR3 4.2.xlsx;K_83.01.e
K_84.01;EU CQ5: Credit quality of loans and advances by industry;4.2;4.2_layouts.zip;FINDIS;K_84.01;260106 Annotated templates/PILLAR3/20260106 Annotated Table Layout  PILLAR3 4.2 FINDISPILLAR3 4.2.xlsx;K_84.01
K_85.00;EU CQ6: Collateral valuation - loans and advances;4.2;4.2_layouts.zip;FINDIS;K_85.00;260106 Annotated templates/PILLAR3/20260106 Annotated Table Layout  PILLAR3 4.2 FINDISPILLAR3 4.2.xlsx;K_85.00
K_86.00;EU CQ7: Collateral obtained by taking possession and execution processes;4.2;4.2_layouts.zip;FINDIS;K_86.00;260106 Annotated templates/PILLAR3/20260106 Annotated Table Layout  PILLAR3 4.2 FINDISPILLAR3 4.2.xlsx;K_86.00
K_87.00.a;EU CQ8: Collateral obtained by taking possession and execution processes – vintage breakdown;4.2;4.2_layouts.zip;FINDIS;K_87.00.a;260106 Annotated templates/PILLAR3/20260106 Annotated Table Layout  PILLAR3 4.2 FINDISPILLAR3 4.2.xlsx;K_87.00.a
K_87.00.b;EU CQ8: Collateral obtained by taking possession and execution processes – vintage breakdown;4.2;4.2_layouts.zip;FINDIS;K_87.00.b;260106 Annotated templates/PILLAR3/20260106 Annotated Table Layout  PILLAR3 4.2 FINDISPILLAR3 4.2.xlsx;K_87.00.b
K_90.01;EU KM2 - Key metrics - MREL and, where applicable, G-SII requirement for own funds and eligible liabilities;4.2;4.2_layouts.zip;MRELTLACDIS;K_90.01;260106 Annotated templates/PILLAR3/20260106 Annotated Table Layout  PILLAR3 4.2 MRELTLACDISPILLAR3 4.2.xlsx;K_90.01
K_91.00;EU TLAC1 - Composition - MREL and, where applicable, G-SII requirement for own funds and eligible liabilities;4.2;4.2_layouts.zip;MRELTLACDIS;K_91.00.a;260106 Annotated templates/PILLAR3/20260106 Annotated Table Layout  PILLAR3 4.2 MRELTLACDISPILLAR3 4.2.xlsx;K_91.00.a
K_93.00;EU ILAC - Internal loss absorbing capacity: internal MREL and, where applicable, requirement for own funds and eligible liabilities for non-EU G-SIIs;4.2;4.2_layouts.zip;MRELTLACDIS;K_93.00;260106 Annotated templates/PILLAR3/20260106 Annotated Table Layout  PILLAR3 4.2 MRELTLACDISPILLAR3 4.2.xlsx;K_93.00
K_95.00;EU TLAC2a - Creditor ranking - Entity that is not a resolution entity;4.2;4.2_layouts.zip;MRELTLACDIS;K_95.00.a;260106 Annotated templates/PILLAR3/20260106 Annotated Table Layout  PILLAR3 4.2 MRELTLACDISPILLAR3 4.2.xlsx;K_95.00.a
K_96.00;EU TLAC2b: Creditor ranking - Entity that is not a resolution entity;4.2;4.2_layouts.zip;MRELTLACDIS;K_96.00.a;260106 Annotated templates/PILLAR3/20260106 Annotated Table Layout  PILLAR3 4.2 MRELTLACDISPILLAR3 4.2.xlsx;K_96.00.a
K_97.00;EU TLAC3a - creditor ranking - resolution entity;4.2;4.2_layouts.zip;MRELTLACDIS;K_97.00.a;260106 Annotated templates/PILLAR3/20260106 Annotated Table Layout  PILLAR3 4.2 MRELTLACDISPILLAR3 4.2.xlsx;K_97.00.a
K_98.00;EU TLAC3b: creditor ranking - resolution entity;4.2;4.2_layouts.zip;MRELTLACDIS;K_98.00.a;260106 Annotated templates/PILLAR3/20260106 Annotated Table Layout  PILLAR3 4.2 MRELTLACDISPILLAR3 4.2.xlsx;K_98.00.a
L_00.02;Summary template;4.2;4.2_layouts.zip;FC;L_00.02;260106 Annotated templates/FC/20260106 Annotated Table Layout  FC 4.2 FCFC 4.2.xlsx;L_00.02
L_00.03;Summary template;4.2;4.2_layouts.zip;FC;L_00.03;260106 Annotated templates/FC/20260106 Annotated Table Layout  FC 4.2 FCFC 4.2.xlsx;L_00.03
L_01.00;Equity-type transactions, debt and asset transfers;4.2;4.2_layouts.zip;FC;L_01.00;260106 Annotated templates/FC/20260106 Annotated Table Layout  FC 4.2 FCFC 4.2.xlsx;L_01.00
L_02.00;Derivatives;4.2;4.2_layouts.zip;FC;L_02.00;260106 Annotated templates/FC/20260106 Annotated Table Layout  FC 4.2 FCFC 4.2.xlsx;L_02.00
L_03.00;Off-balance sheet and contingent liabilities;4.2;4.2_layouts.zip;FC;L_03.00;260106 Annotated templates/FC/20260106 Annotated Table Layout  FC 4.2 FCFC 4.2.xlsx;L_03.00
L_04.00;Insurance-reinsurance;4.2;4.2_layouts.zip;FC;L_04.00;260106 Annotated templates/FC/20260106 Annotated Table Layout  FC 4.2 FCFC 4.2.xlsx;L_04.00
L_05.00;P&L;4.2;4.2_layouts.zip;FC;L_05.00;260106 Annotated templates/FC/20260106 Annotated Table Layout  FC 4.2 FCFC 4.2.xlsx;L_05.00
L_06.00;Risk Concentration - Exposure by counterparties;4.2;4.2_layouts.zip;FC;L_06.00;260106 Annotated templates/FC/20260106 Annotated Table Layout  FC 4.2 FCFC 4.2.xlsx;L_06.00
L_07.01;Risk Concentration – Exposure by currency;4.2;4.2_layouts.zip;FC;L_07.01;260106 Annotated templates/FC/20260106 Annotated Table Layout  FC 4.2 FCFC 4.2.xlsx;L_07.01
L_07.02;Risk Concentration – Exposure by sector;4.2;4.2_layouts.zip;FC;L_07.02;260106 Annotated templates/FC/20260106 Annotated Table Layout  FC 4.2 FCFC 4.2.xlsx;L_07.02
L_07.03;Risk Concentration – Exposure by country;4.2;4.2_layouts.zip;FC;L_07.03;260106 Annotated templates/FC/20260106 Annotated Table Layout  FC 4.2 FCFC 4.2.xlsx;L_07.03
L_08.01;Risk Concentration – Exposure by asset class and rating;4.2;4.2_layouts.zip;FC;L_08.01;260106 Annotated templates/FC/20260106 Annotated Table Layout  FC 4.2 FCFC 4.2.xlsx;L_08.01
L_08.02;Risk Concentration – Exposure by asset class and rating;4.2;4.2_layouts.zip;FC;L_08.02;260106 Annotated templates/FC/20260106 Annotated Table Layout  FC 4.2 FCFC 4.2.xlsx;L_08.02(0001)
M_01.00;MREL and TLAC key metrics (resolution groups / entities) (KM2);4.2;4.2_layouts.zip;MREL_TLAC;M_01.00;260106 Annotated templates/MREL/20260106 Annotated Table Layout  MREL 4.2 MREL_TLACMREL 4.2.xlsx;M_01.00
M_02.00;MREL and TLAC capacity and composition (resolution groups / entities) (TLAC1);4.2;4.2_layouts.zip;MREL_TLAC;M_02.00.a;260106 Annotated templates/MREL/20260106 Annotated Table Layout  MREL 4.2 MREL_TLACMREL 4.2.xlsx;M_02.00.a
M_03.00;Internal MREL and internal TLAC (ILAC);4.2;4.2_layouts.zip;MREL_TLAC;M_03.00;260106 Annotated templates/MREL/20260106 Annotated Table Layout  MREL 4.2 MREL_TLACMREL 4.2.xlsx;M_03.00
M_04.00;Funding structure of eligible liabilities (LIAB MREL);4.2;4.2_layouts.zip;MREL_TLAC;M_04.00;260106 Annotated templates/MREL/20260106 Annotated Table Layout  MREL 4.2 MREL_TLACMREL 4.2.xlsx;M_04.00
M_05.00;Creditor ranking (entity that is not a resolution entity) (TLAC2);4.2;4.2_layouts.zip;MREL_TLAC;M_05.00;260106 Annotated templates/MREL/20260106 Annotated Table Layout  MREL 4.2 MREL_TLACMREL 4.2.xlsx;M_05.00
M_06.00;Creditor ranking (resolution entities) (TLAC3);4.2;4.2_layouts.zip;MREL_TLAC;M_06.00;260106 Annotated templates/MREL/20260106 Annotated Table Layout  MREL 4.2 MREL_TLACMREL 4.2.xlsx;M_06.00
M_07.00;Instruments governed by third-country law (MTCI);4.2;4.2_layouts.zip;MREL_TLAC;M_07.00;260106 Annotated templates/MREL/20260106 Annotated Table Layout  MREL 4.2 MREL_TLACMREL 4.2.xlsx;M_07.00
M_20.00;Reporting of MREL decisions;4.2;4.2_layouts.zip;MREL_DECISIONS;M_20.00;260106 Annotated templates/MREL/20260106 Annotated Table Layout  MREL 4.2 MREL_DECISIONSMREL 4.2.xlsx;M_20.00
N_01.00;Notification Identification;4.2;4.2_layouts.zip;NOTIF_IMPRACTICABILITY;N_01.00;260106 Annotated templates/IMPRAC/20260109 Annotated Table Layout  IMPRAC 4.2 NOTIF_IMPRACTICABILITYIMPRAC 4.2.xlsx;N_01.00
N_01.01;Impracticability of contractual recognition of bail-in by contract/instrument;4.2;4.2_layouts.zip;NOTIF_IMPRACTICABILITY;N_01.01;260106 Annotated templates/IMPRAC/20260109 Annotated Table Layout  IMPRAC 4.2 NOTIF_IMPRACTICABILITYIMPRAC 4.2.xlsx;N_01.01(0001)
N_01.02;Impracticability of contractual recognition of bail-in by category;4.2;4.2_layouts.zip;NOTIF_IMPRACTICABILITY;N_01.02;260106 Annotated templates/IMPRAC/20260109 Annotated Table Layout  IMPRAC 4.2 NOTIF_IMPRACTICABILITYIMPRAC 4.2.xlsx;N_01.02
N_02.00;Liability Insolvency Classes;4.2;4.2_layouts.zip;NOTIF_IMPRACTICABILITY;N_02.00;260106 Annotated templates/IMPRAC/20260109 Annotated Table Layout  IMPRAC 4.2 NOTIF_IMPRACTICABILITYIMPRAC 4.2.xlsx;N_02.00
P_00.01;Nature of Report (FP);4.2;4.2_layouts.zip;FP;P_00.01;260106 Annotated templates/FP/20260106 Annotated Table Layout  FP 4.2 FPFP 4.2.xlsx;P_00.01
P_01.01;Assets;4.2;4.2_layouts.zip;FP;P_01.01;260106 Annotated templates/FP/20260106 Annotated Table Layout  FP 4.2 FPFP 4.2.xlsx;P_01.01
P_01.02;Liabilities;4.2;4.2_layouts.zip;FP;P_01.02;260106 Annotated templates/FP/20260106 Annotated Table Layout  FP 4.2 FPFP 4.2.xlsx;P_01.02
P_01.03;Liquidity Ratios;4.2;4.2_layouts.zip;FP;P_01.03;260106 Annotated templates/FP/20260106 Annotated Table Layout  FP 4.2 FPFP 4.2.xlsx;P_01.03
P_02.01;Insured and uninsured deposits and uninsured deposit-like financial instruments;4.2;4.2_layouts.zip;FP;P_02.01;260106 Annotated templates/FP/20260106 Annotated Table Layout  FP 4.2 FPFP 4.2.xlsx;P_02.01
P_02.02;Public sector and Central Bank sources of funding;4.2;4.2_layouts.zip;FP;P_02.02;260106 Annotated templates/FP/20260106 Annotated Table Layout  FP 4.2 FPFP 4.2.xlsx;P_02.02
P_02.03;Innovative funding structures;4.2;4.2_layouts.zip;FP;P_02.03;260106 Annotated templates/FP/20260106 Annotated Table Layout  FP 4.2 FPFP 4.2.xlsx;P_02.03
P_02.04;Pricing: Loan Assets;4.2;4.2_layouts.zip;FP;P_02.04;260106 Annotated templates/FP/20260106 Annotated Table Layout  FP 4.2 FPFP 4.2.xlsx;P_02.04
P_02.05;Pricing: Deposit and other Liabilities;4.2;4.2_layouts.zip;FP;P_02.05;260106 Annotated templates/FP/20260106 Annotated Table Layout  FP 4.2 FPFP 4.2.xlsx;P_02.05
P_02.06;Two Largest Significant Currencies and Reporting Currency;4.2;4.2_layouts.zip;FP;P_02.06;260106 Annotated templates/FP/20260106 Annotated Table Layout  FP 4.2 FPFP 4.2.xlsx;P_02.06
P_02.07;Loan Assets Acquisitions, Run-Offs and Disposals Plans;4.2;4.2_layouts.zip;FP;P_02.07;260106 Annotated templates/FP/20260106 Annotated Table Layout  FP 4.2 FPFP 4.2.xlsx;P_02.07
P_02.08;Deposit Liabilities Acquisition and Disposal Plans;4.2;4.2_layouts.zip;FP;P_02.08;260106 Annotated templates/FP/20260106 Annotated Table Layout  FP 4.2 FPFP 4.2.xlsx;P_02.08
P_04.01;Statement of profit or loss;4.2;4.2_layouts.zip;FP;P_04.01;260106 Annotated templates/FP/20260106 Annotated Table Layout  FP 4.2 FPFP 4.2.xlsx;P_04.01
P_04.02;Statement of profit or loss for small and non complex credit institutions;4.2;4.2_layouts.zip;FP;P_04.02;260106 Annotated templates/FP/20260106 Annotated Table Layout  FP 4.2 FPFP 4.2.xlsx;P_04.02
P_05.00;Debt securities: issuances and redemptions;4.2;4.2_layouts.zip;FP;P_05.00;260106 Annotated templates/FP/20260106 Annotated Table Layout  FP 4.2 FPFP 4.2.xlsx;P_05.00
Q_00.01;General information;4.2;4.2_layouts.zip;MICA;Q_00.01;260106 Annotated templates/MICA/20260106 Annotated Table Layout  MICA 4.2 MICAMICA 4.2.xlsx;Q_00.01
Q_01.00;S_01.00: number of holders - at reference date;4.2;4.2_layouts.zip;MICA;Q_01.00;260106 Annotated templates/MICA/20260106 Annotated Table Layout  MICA 4.2 MICAMICA 4.2.xlsx;Q_01.00
Q_02.00;S_02.00: value of the token issued and the size of the reserve of assets;4.2;4.2_layouts.zip;MICA;Q_02.00;260106 Annotated templates/MICA/20260106 Annotated Table Layout  MICA 4.2 MICAMICA 4.2.xlsx;Q_02.00
Q_03.01;S_03.01: composition of the reserve of assets by type of assets and maturities;4.2;4.2_layouts.zip;MICA;Q_03.01;260106 Annotated templates/MICA/20260106 Annotated Table Layout  MICA 4.2 MICAMICA 4.2.xlsx;Q_03.01
Q_03.02;S_03.02.a: COMPOSITION OF THE RESERVE OF ASSETS BY COUNTERPARTY/ISSUER;4.2;4.2_layouts.zip;MICA;Q_03.02.a;260106 Annotated templates/MICA/20260106 Annotated Table Layout  MICA 4.2 MICAMICA 4.2.xlsx;Q_03.02.a
Q_03.03;S 03.03 - maturity ladder for the composition of the reserve of assets;4.2;4.2_layouts.zip;MICA;Q_03.03;260106 Annotated templates/MICA/20260106 Annotated Table Layout  MICA 4.2 MICAMICA 4.2.xlsx;Q_03.03
Q_04.01;S_04.01: transactions per day - average;4.2;4.2_layouts.zip;MICA;Q_04.01;260106 Annotated templates/MICA/20260106 Annotated Table Layout  MICA 4.2 MICAMICA 4.2.xlsx;Q_04.01
Q_04.02;S_04.02: transactions per day - average_eu;4.2;4.2_layouts.zip;MICA;Q_04.02;260106 Annotated templates/MICA/20260106 Annotated Table Layout  MICA 4.2 MICAMICA 4.2.xlsx;Q_04.02
Q_04.03;S_04.03.a: TRANSACTIONS AND TRANSFERS PER DAY BETWEEN NON-CUSTODIAL WALLETS - AVERAGE;4.2;4.2_layouts.zip;MICA;Q_04.03.a;260106 Annotated templates/MICA/20260106 Annotated Table Layout  MICA 4.2 MICAMICA 4.2.xlsx;Q_04.03.a
Q_04.04;S_04.04: Methodology used for template S 04.03;4.2;4.2_layouts.zip;MICA;Q_04.04;260106 Annotated templates/MICA/20260106 Annotated Table Layout  MICA 4.2 MICAMICA 4.2.xlsx;Q_04.04
Q_05.00;S_05.00: transactions per day that are associated to its uses as a means of exchange within a single currency area - average;4.2;4.2_layouts.zip;MICA;Q_05.00;260106 Annotated templates/MICA/20260106 Annotated Table Layout  MICA 4.2 MICAMICA 4.2.xlsx;Q_05.00
Q_09.01;S 09.01 - own funds requirements;4.2;4.2_layouts.zip;MICA_OF;Q_09.01;260106 Annotated templates/MICA/20260106 Annotated Table Layout  MICA 4.2 MICA_OFMICA 4.2.xlsx;Q_09.01
Q_09.02;S 09.02 - composition of available own funds CET1;4.2;4.2_layouts.zip;MICA_OF;Q_09.02;260106 Annotated templates/MICA/20260106 Annotated Table Layout  MICA 4.2 MICA_OFMICA 4.2.xlsx;Q_09.02
Q_10.01;S 10.01 - additional information for significance assessment;4.2;4.2_layouts.zip;MICA;Q_10.01.a;260106 Annotated templates/MICA/20260106 Annotated Table Layout  MICA 4.2 MICAMICA 4.2.xlsx;Q_10.01.a
Q_10.02;S 10.02 - ADDITIONAL INFORMATION FOR SIGNIFICANCE ASSESSMENT - Holder of qualifying holdings;4.2;4.2_layouts.zip;MICA;Q_10.02;260106 Annotated templates/MICA/20260106 Annotated Table Layout  MICA 4.2 MICAMICA 4.2.xlsx;Q_10.02(0010)
Q_10.03;S 10.03 - transactions per day that are associated to its uses as a means of exchange - average;4.2;4.2_layouts.zip;MICA;Q_10.03;260106 Annotated templates/MICA/20260106 Annotated Table Layout  MICA 4.2 MICAMICA 4.2.xlsx;Q_10.03
R_01.00;General information and information on remuneration of all staff;4.2;4.2_layouts.zip;REM_BM_CI;R_01.00;260106 Annotated templates/REM/20260106 Annotated Table Layout  REM 4.2 REM_BM_CIREM 4.2.xlsx;R_01.00
R_01.01;General information and information on remuneration for all staff in investment firms;4.2;4.2_layouts.zip;REM_BM_IF;R_01.01;260106 Annotated templates/REM/20260106 Annotated Table Layout  REM 4.2 REM_BM_IFREM 4.2.xlsx;R_01.01
R_02.00;Additional information on remuneration of identified staff;4.2;4.2_layouts.zip;REM_BM_CI;R_02.00;260106 Annotated templates/REM/20260106 Annotated Table Layout  REM 4.2 REM_BM_CIREM 4.2.xlsx;R_02.00
R_02.01;Information on remuneration of identified staff in investment firms;4.2;4.2_layouts.zip;REM_BM_IF;R_02.01;260106 Annotated templates/REM/20260106 Annotated Table Layout  REM 4.2 REM_BM_IFREM 4.2.xlsx;R_02.01
R_02.02;Information on remuneration of identified staff per business area;4.2;4.2_layouts.zip;REM_BM_IF;R_02.02;260106 Annotated templates/REM/20260106 Annotated Table Layout  REM 4.2 REM_BM_IFREM 4.2.xlsx;R_02.02
R_03.00;Information on identified staff remunerated EUR 1 million or more per financial year;4.2;4.2_layouts.zip;REM_BM_CI;R_03.00;260106 Annotated templates/REM/20260106 Annotated Table Layout  REM 4.2 REM_BM_CIREM 4.2.xlsx;R_03.00
R_04.00;Information on the remuneration of high earners;4.2;4.2_layouts.zip;REM_HE_CI;R_04.00.a;260106 Annotated templates/REM/20260106 Annotated Table Layout  REM 4.2 REM_HE_CIREM 4.2.xlsx;R_04.00.a
R_04.01;Information on the remuneration of high earners - IFD;4.2;4.2_layouts.zip;REM_HE_IF;R_04.01.a;260106 Annotated templates/REM/20260106 Annotated Table Layout  REM 4.2 REM_HE_IFREM 4.2.xlsx;R_04.01.a
R_05.00;Derogations from the application of requirements to pay out parts of variable remuneration deferred and in instruments under Directive 2013/36/EU (CRD);4.2;4.2_layouts.zip;REM_BM_CI;R_05.00;260106 Annotated templates/REM/20260106 Annotated Table Layout  REM 4.2 REM_BM_CIREM 4.2.xlsx;R_05.00
R_05.01;Derogations from the application of requirement to pay out a part of variable remuneration deferred and in instruments for investment firms under Directive (EU) 2019/2034;4.2;4.2_layouts.zip;REM_BM_IF;R_05.01;260106 Annotated templates/REM/20260106 Annotated Table Layout  REM 4.2 REM_BM_IFREM 4.2.xlsx;R_05.01
R_06.00;Information on the gender pay gap;4.2;4.2_layouts.zip;REM_GAP_CI;R_06.00.a;260106 Annotated templates/REM/20260106 Annotated Table Layout  REM 4.2 REM_GAP_CIREM 4.2.xlsx;R_06.00.a
R_06.01;Information on the gender pay gap for IF;4.2;4.2_layouts.zip;REM_GAP_IF;R_06.01.a;260106 Annotated templates/REM/20260106 Annotated Table Layout  REM 4.2 REM_GAP_IFREM 4.2.xlsx;R_06.01.a
R_07.00;Approved higher ratios between variable and fixed remuneration – institutions;4.2;4.2_layouts.zip;REM;R_07.00;260106 Annotated templates/REM/20260106 Annotated Table Layout  REM 4.2 REM_HR_InstitutionREM 4.2.xlsx;R_07.00
R_08.00;Approved higher ratios between variable and fixed remuneration – aggregation by competent authorities;4.2;4.2_layouts.zip;REM;R_08.00;260106 Annotated templates/REM/20260106 Annotated Table Layout  REM 4.2 REM_HR_CountryREM 4.2.xlsx;R_08.00
R_09.00;Remuneration awarded for the financial year;4.2;4.2_layouts.zip;REM_BM_CI;R_09.00;260106 Annotated templates/REM/20260106 Annotated Table Layout  REM 4.2 REM_BM_CIREM 4.2.xlsx;R_09.00
R_10.00;Special payments to staff whose professional activities have a material impact on institutions’ risk profile (identified staff);4.2;4.2_layouts.zip;REM_BM_CI;R_10.00;260106 Annotated templates/REM/20260106 Annotated Table Layout  REM 4.2 REM_BM_CIREM 4.2.xlsx;R_10.00
R_11.00;Deferred remuneration;4.2;4.2_layouts.zip;REM_BM_CI;R_11.00;260106 Annotated templates/REM/20260106 Annotated Table Layout  REM 4.2 REM_BM_CIREM 4.2.xlsx;R_11.00
R_12.00;Information on remuneration of staff whose professional activities have a material impact on institutions’ risk profile (identified staff);4.2;4.2_layouts.zip;REM_BM_CI;R_12.00.a;260106 Annotated templates/REM/20260106 Annotated Table Layout  REM 4.2 REM_BM_CIREM 4.2.xlsx;R_12.00.a
R_13.00;Corporate information;4.2;4.2_layouts.zip;REM_DBM;R_13.00.a;260106 Annotated templates/REM/20260106 Annotated Table Layout  REM 4.2 REM_DBMREM 4.2.xlsx;R_13.00.a
R_14.00;Executive directors age and gender;4.2;4.2_layouts.zip;REM_DBM;R_14.00;260106 Annotated templates/REM/20260106 Annotated Table Layout  REM 4.2 REM_DBMREM 4.2.xlsx;R_14.00
R_15.00;Composition of specific committees of the management body in its supervisory function;4.2;4.2_layouts.zip;REM_DBM;R_15.00;260106 Annotated templates/REM/20260106 Annotated Table Layout  REM 4.2 REM_DBMREM 4.2.xlsx;R_15.00
R_16.00;Non executive directors age and gender;4.2;4.2_layouts.zip;REM_DBM;R_16.00;260106 Annotated templates/REM/20260106 Annotated Table Layout  REM 4.2 REM_DBMREM 4.2.xlsx;R_16.00
R_17.00;Newly appointed executive directors (including CEO);4.2;4.2_layouts.zip;REM_DBM;R_17.00;260106 Annotated templates/REM/20260106 Annotated Table Layout  REM 4.2 REM_DBMREM 4.2.xlsx;R_17.00
R_18.00;Newly appointed non-executive directors (including Chairperson);4.2;4.2_layouts.zip;REM_DBM;R_18.00;260106 Annotated templates/REM/20260106 Annotated Table Layout  REM 4.2 REM_DBMREM 4.2.xlsx;R_18.00
R_19.00;Business regions/Geographical provenance;4.2;4.2_layouts.zip;REM_DBM;R_19.00;260106 Annotated templates/REM/20260106 Annotated Table Layout  REM 4.2 REM_DBMREM 4.2.xlsx;R_19.00
R_20.00;Educational background of members of the management body;4.2;4.2_layouts.zip;REM_DBM;R_20.00;260106 Annotated templates/REM/20260106 Annotated Table Layout  REM 4.2 REM_DBMREM 4.2.xlsx;R_20.00
R_21.00;Professional background of members of the management body;4.2;4.2_layouts.zip;REM_DBM;R_21.00;260106 Annotated templates/REM/20260106 Annotated Table Layout  REM 4.2 REM_DBMREM 4.2.xlsx;R_21.00
R_22.01;Diversity policy. Nomination and gender diversity;4.2;4.2_layouts.zip;REM_DBM;R_22.01;260106 Annotated templates/REM/20260106 Annotated Table Layout  REM 4.2 REM_DBMREM 4.2.xlsx;R_22.01
R_22.02;Diversity policy. Quantitative targets set within the diversity policy;4.2;4.2_layouts.zip;REM_DBM;R_22.02;260106 Annotated templates/REM/20260106 Annotated Table Layout  REM 4.2 REM_DBMREM 4.2.xlsx;R_22.02
R_22.03;Diversity policy. Other aspects than gender included in the diversity policy;4.2;4.2_layouts.zip;REM_DBM;R_22.03;260106 Annotated templates/REM/20260106 Annotated Table Layout  REM 4.2 REM_DBMREM 4.2.xlsx;R_22.03
R_23.00;Gender Pay Gap Benchmarking;4.2;4.2_layouts.zip;REM_DBM;R_23.00;260106 Annotated templates/REM/20260106 Annotated Table Layout  REM 4.2 REM_DBMREM 4.2.xlsx;R_23.00
S_00.01;Nature of Report (SBP);4.2;4.2_layouts.zip;SBPIMV,SBP_CR,SBP_IFRS9,SBP_RM;S_00.01;260106 Annotated templates/SBP/20260106 Annotated Table Layout  SBP 4.2 SBPIMVSBP 4.2.xlsx;S_00.01
S_01.01;S 01.01 - number and value of credit transfers and instant credit transfers (national currency);4.2;4.2_layouts.zip;SEPA_IPR;S_01.01;260106 Annotated templates/PAY/20260106 Annotated Table Layout  PAY 4.2 SEPA_IPRPAY 4.2.xlsx;S_01.01
S_01.02;S 01.02 - number and value of credit transfers and instant credit transfers (euro);4.2;4.2_layouts.zip;SEPA_IPR;S_01.02;260106 Annotated templates/PAY/20260106 Annotated Table Layout  PAY 4.2 SEPA_IPRPAY 4.2.xlsx;S_01.02
S_02.01;S 02.01 - charges for credit transfers and instant credit transfers (national currency);4.2;4.2_layouts.zip;SEPA_IPR;S_02.01;260106 Annotated templates/PAY/20260106 Annotated Table Layout  PAY 4.2 SEPA_IPRPAY 4.2.xlsx;S_02.01
S_02.02;S 02.02 - charges for credit transfers and instant credit transfers (euro);4.2;4.2_layouts.zip;SEPA_IPR;S_02.02;260106 Annotated templates/PAY/20260106 Annotated Table Layout  PAY 4.2 SEPA_IPRPAY 4.2.xlsx;S_02.02
S_03.00;S 03.00 - number of payment accounts and total charges (national currency);4.2;4.2_layouts.zip;SEPA_IPR;S_03.00;260106 Annotated templates/PAY/20260106 Annotated Table Layout  PAY 4.2 SEPA_IPRPAY 4.2.xlsx;S_03.00
S_04.00;S 04.00 - number of rejected instant credit transfers;4.2;4.2_layouts.zip;SEPA_IPR;S_04.00;260106 Annotated templates/PAY/20260106 Annotated Table Layout  PAY 4.2 SEPA_IPRPAY 4.2.xlsx;S_04.00
T_01.00;Liability structure - outstanding amount;3.2;3.2_layouts.zip;RES;T_01.00.a;Annotated Table Layout 321-P2-RES 3.2.1.xlsx;T 01.00.a
T_02.00;Own funds - regulatory requirements excluding leverage ratio;3.2;3.2_layouts.zip;RES;T_02.00.a;Annotated Table Layout 321-P2-RES 3.2.1.xlsx;T 02.00.a
T_03.01;Intragroup liabilities;3.2;3.2_layouts.zip;RES;T_03.01;Annotated Table Layout 321-P2-RES 3.2.1.xlsx;T 03.01
T_03.02;Intragroup guarantees - received;3.2;3.2_layouts.zip;RES;T_03.02;Annotated Table Layout 321-P2-RES 3.2.1.xlsx;T 03.02
T_03.03;Intragroup guarantees - provided;3.2;3.2_layouts.zip;RES;T_03.03;Annotated Table Layout 321-P2-RES 3.2.1.xlsx;T 03.03
T_04.00;"Securities (including CET1, AT1 & Tier 2 instruments; excluding intragroup)";3.2;3.2_layouts.zip;RES;T_04.00;Annotated Table Layout 321-P2-RES 3.2.1.xlsx;T 04.00
T_05.01;All deposits (excluding intra-group);3.2;3.2_layouts.zip;RES;T_05.01;Annotated Table Layout 321-P2-RES 3.2.1.xlsx;T 05.01
T_06.01;Other financial Liabilities (not included in other tabs, excluding intragroup);3.2;3.2_layouts.zip;RES;T_06.01;Annotated Table Layout 321-P2-RES 3.2.1.xlsx;T 06.01
T_07.00;Derivatives;3.2;3.2_layouts.zip;RES;T_07.00;Annotated Table Layout 321-P2-RES 3.2.1.xlsx;T 07.00
T_08.00;Secured finance, excluding intragroup;3.2;3.2_layouts.zip;RES;T_08.00;Annotated Table Layout 321-P2-RES 3.2.1.xlsx;T 08.00
T_09.00;Other non-financial liabilities (not included in other tabs, excluding intragroup);3.2;3.2_layouts.zip;RES;T_09.00;Annotated Table Layout 321-P2-RES 3.2.1.xlsx;T 09.00
T_12.00;Major counterparties (derivatives, commitments received);3.2;3.2_layouts.zip;RES;T_12.00;Annotated Table Layout 321-P2-RES 3.2.1.xlsx;T 12.00
T_20.01;Critical functions - Deposits;3.2;3.2_layouts.zip;RES;T_20.01.a;Annotated Table Layout 321-P2-RES 3.2.1.xlsx;T 20.01.a
T_20.02;Critical functions - Lending;3.2;3.2_layouts.zip;RES;T_20.02.a;Annotated Table Layout 321-P2-RES 3.2.1.xlsx;T 20.02.a
T_20.03;Critical functions - Payments, Cash, Settlement, Clearing, Custody;3.2;3.2_layouts.zip;RES;T_20.03.a;Annotated Table Layout 321-P2-RES 3.2.1.xlsx;T 20.03.a
T_20.04;Critical functions - Capital Markets;3.2;3.2_layouts.zip;RES;T_20.04.a;Annotated Table Layout 321-P2-RES 3.2.1.xlsx;T 20.04.a
T_20.05;Critical functions - Wholesale funding;3.2;3.2_layouts.zip;RES;T_20.05.a;Annotated Table Layout 321-P2-RES 3.2.1.xlsx;T 20.05.a
T_30.00;FMI services - Providers and users;3.2;3.2_layouts.zip;RES;T_30.00;Annotated Table Layout 321-P2-RES 3.2.1.xlsx;T 30.00
T_31.00;FMI services - Mapping to critical functions;3.2;3.2_layouts.zip;RES;T_31.00;Annotated Table Layout 321-P2-RES 3.2.1.xlsx;T 31.00
T_32.00;FMI services - Mapping to core business lines;3.2;3.2_layouts.zip;RES;T_32.00;Annotated Table Layout 321-P2-RES 3.2.1.xlsx;T 32.00
T_33.00;FMI services - Key metrics;3.2;3.2_layouts.zip;RES;T_33.00;Annotated Table Layout 321-P2-RES 3.2.1.xlsx;T 33.00
T_98.00;General information (critical functions) I;3.2;3.2_layouts.zip;RES;T_98.00.a;Annotated Table Layout 321-P2-RES 3.2.1.xlsx;T 98.00.a
T_99.00;Identification of entities and other reporting details;3.2;3.2_layouts.zip;RES;T_99.00;Annotated Table Layout 321-P2-RES 3.2.1.xlsx;T 99.00
U_01.00;Intermediate Parent Undertaking (Annex II);4.2;4.2_layouts.zip;IPU;U_01.00;260106 Annotated templates/IPU/20260106 Annotated Table Layout  IPU 4.2 IPUIPU 4.2.xlsx;U_01.00
U_02.00;Intermediate Parent Undertaking (Annex III);3.3;3.3_layouts.zip;IPU;U_02.00;Annotated Table Layout 330-P1-IPU 3.3.xlsx;U 02.00
X_01.00;Institution's contact person for Pillar 3 Data Hub Process;4.2;4.2_layouts.zip;P3DH;X_01.00;260106 Annotated templates/PILLAR3/20260106 Annotated Table Layout  PILLAR3 4.2 P3DHPILLAR3 4.2.xlsx;X_01.00
Y_01.01;Credit transfers transactions;4.2;4.2_layouts.zip;PSD_FRP;Y_01.01;260106 Annotated templates/PAY/20260106 Annotated Table Layout  PAY 4.2 PSD_FRPPAY 4.2.xlsx;Y_01.01(0010)
Y_01.02;Losses due to fraud for credit transfers;4.2;4.2_layouts.zip;PSD_FRP;Y_01.02;260106 Annotated templates/PAY/20260106 Annotated Table Layout  PAY 4.2 PSD_FRPPAY 4.2.xlsx;Y_01.02
Y_02.01;Direct debits transactions;4.2;4.2_layouts.zip;PSD_FRP;Y_02.01;260106 Annotated templates/PAY/20260106 Annotated Table Layout  PAY 4.2 PSD_FRPPAY 4.2.xlsx;Y_02.01(0010)
Y_02.02;Losses due to fraud for direct debits;4.2;4.2_layouts.zip;PSD_FRP;Y_02.02;260106 Annotated templates/PAY/20260106 Annotated Table Layout  PAY 4.2 PSD_FRPPAY 4.2.xlsx;Y_02.02
Y_03.01;Card-based payment transactions reported by the issuing payment service provider;4.2;4.2_layouts.zip;PSD_FRP;Y_03.01;260106 Annotated templates/PAY/20260106 Annotated Table Layout  PAY 4.2 PSD_FRPPAY 4.2.xlsx;Y_03.01(0010)
Y_03.02;Losses due to fraud for card-based payment reported by the issuing payment service provider;4.2;4.2_layouts.zip;PSD_FRP;Y_03.02;260106 Annotated templates/PAY/20260106 Annotated Table Layout  PAY 4.2 PSD_FRPPAY 4.2.xlsx;Y_03.02
Y_04.01;Card-based payments transactions reported by the acquiring payment service provider;4.2;4.2_layouts.zip;PSD_FRP;Y_04.01;260106 Annotated templates/PAY/20260106 Annotated Table Layout  PAY 4.2 PSD_FRPPAY 4.2.xlsx;Y_04.01(0010)
Y_04.02;Losses due to fraud for card-based payments reported by the acquiring payment service provider;4.2;4.2_layouts.zip;PSD_FRP;Y_04.02;260106 Annotated templates/PAY/20260106 Annotated Table Layout  PAY 4.2 PSD_FRPPAY 4.2.xlsx;Y_04.02
Y_05.01;Cash withdrawals using cards transactions reported by the card issuer’s payment service provider;4.2;4.2_layouts.zip;PSD_FRP;Y_05.01;260106 Annotated templates/PAY/20260106 Annotated Table Layout  PAY 4.2 PSD_FRPPAY 4.2.xlsx;Y_05.01(0010)
Y_05.02;Losses due to fraud for cash withdrawals using cards reported by the card issuer’s payment service provider;4.2;4.2_layouts.zip;PSD_FRP;Y_05.02;260106 Annotated templates/PAY/20260106 Annotated Table Layout  PAY 4.2 PSD_FRPPAY 4.2.xlsx;Y_05.02
Y_06.01;E-money payment transactions;4.2;4.2_layouts.zip;PSD_FRP;Y_06.01;260106 Annotated templates/PAY/20260106 Annotated Table Layout  PAY 4.2 PSD_FRPPAY 4.2.xlsx;Y_06.01(0010)
Y_06.02;Losses due to fraud for e-money payment transactions;4.2;4.2_layouts.zip;PSD_FRP;Y_06.02;260106 Annotated templates/PAY/20260106 Annotated Table Layout  PAY 4.2 PSD_FRPPAY 4.2.xlsx;Y_06.02
Y_07.01;Money remittance payment transactions;4.2;4.2_layouts.zip;PSD_FRP;Y_07.01;260106 Annotated templates/PAY/20260106 Annotated Table Layout  PAY 4.2 PSD_FRPPAY 4.2.xlsx;Y_07.01(0010)
Y_08.01;Transactions initiated by payment initiation services providers;4.2;4.2_layouts.zip;PSD_FRP;Y_08.01;260106 Annotated templates/PAY/20260106 Annotated Table Layout  PAY 4.2 PSD_FRPPAY 4.2.xlsx;Y_08.01(0010)
Z_01.00;Organisational structure (ORG);3.2;3.2_layouts.zip;RES;Z_01.00;Annotated Table Layout 321-P2-RES 3.2.1.xlsx;Z 01.00
Z_01.01;Legal Entities;4.2;4.2_layouts.zip;RESOL1;Z_01.01;260106 Annotated templates/RES/20260106 Annotated Table Layout  RES 4.2 RESOL1RES 4.2.xlsx;Z_01.01
Z_01.02;Ownership Structure;4.2;4.2_layouts.zip;RESOL1;Z_01.02;260106 Annotated templates/RES/20260106 Annotated Table Layout  RES 4.2 RESOL1RES 4.2.xlsx;Z_01.02
Z_02.00;Liability structure (LIAB) .a;4.2;4.2_layouts.zip;RESOL1;Z_02.00.a;260106 Annotated templates/RES/20260106 Annotated Table Layout  RES 4.2 RESOL1RES 4.2.xlsx;Z_02.00.a
Z_03.00;Own funds requirements (OWN);3.2;3.2_layouts.zip;RES;Z_03.00;Annotated Table Layout 321-P2-RES 3.2.1.xlsx;Z 03.00
Z_03.01;Own funds requirements - Credit Institutions (LIAB 2);4.2;4.2_layouts.zip;RESOL1;Z_03.01;260106 Annotated templates/RES/20260106 Annotated Table Layout  RES 4.2 RESOL1RES 4.2.xlsx;Z_03.01
Z_03.02;Own Funds Requirement - Investment Firms;4.2;4.2_layouts.zip;RESOL1;Z_03.02;260106 Annotated templates/RES/20260106 Annotated Table Layout  RES 4.2 RESOL1RES 4.2.xlsx;Z_03.02
Z_04.00;Intragroup financial interconnections (IFC);4.2;4.2_layouts.zip;RESOL1;Z_04.00;260106 Annotated templates/RES/20260106 Annotated Table Layout  RES 4.2 RESOL1RES 4.2.xlsx;Z_04.00
Z_05.01;Major liability counterparties (MCP 1);4.2;4.2_layouts.zip;RESOL1;Z_05.01;260106 Annotated templates/RES/20260106 Annotated Table Layout  RES 4.2 RESOL1RES 4.2.xlsx;Z_05.01
Z_05.02;Major off-balance sheet counterparties (MCP 2);4.2;4.2_layouts.zip;RESOL1;Z_05.02;260106 Annotated templates/RES/20260106 Annotated Table Layout  RES 4.2 RESOL1RES 4.2.xlsx;Z_05.02
Z_06.00;Deposit insurance (DIS);4.2;4.2_layouts.zip;RESOL1;Z_06.00;260106 Annotated templates/RES/20260106 Annotated Table Layout  RES 4.2 RESOL1RES 4.2.xlsx;Z_06.00
Z_07.01;Criticality assessment of economic functions (FUNC 1);3.2;3.2_layouts.zip;RES;Z_07.01.a;Annotated Table Layout 321-P2-RES 3.2.1.xlsx;Z 07.01.a
Z_07.01.1;Criticality assessment of economic functions (FUNC 1 DEP);4.2;4.2_layouts.zip;RESOL2;Z_07.01.1;260106 Annotated templates/RES/20260106 Annotated Table Layout  RES 4.2 RESOL2RES 4.2.xlsx;Z_07.01.1
Z_07.01.2;Criticality assessment of economic functions (FUNC 1 LEN);4.2;4.2_layouts.zip;RESOL2;Z_07.01.2;260106 Annotated templates/RES/20260106 Annotated Table Layout  RES 4.2 RESOL2RES 4.2.xlsx;Z_07.01.2
Z_07.01.3;Criticality assessment of economic functions (FUNC 1 PAY).a;4.2;4.2_layouts.zip;RESOL2;Z_07.01.3.a;260106 Annotated templates/RES/20260106 Annotated Table Layout  RES 4.2 RESOL2RES 4.2.xlsx;Z_07.01.3.a
Z_07.01.4;Criticality assessment of economic functions (FUNC 1 CM);4.2;4.2_layouts.zip;RESOL2;Z_07.01.4;260106 Annotated templates/RES/20260106 Annotated Table Layout  RES 4.2 RESOL2RES 4.2.xlsx;Z_07.01.4
Z_07.01.5;Criticality assessment of economic functions (FUNC 1 WF).a;4.2;4.2_layouts.zip;RESOL2;Z_07.01.5.a;260106 Annotated templates/RES/20260106 Annotated Table Layout  RES 4.2 RESOL2RES 4.2.xlsx;Z_07.01.5.a
Z_07.02;Mapping of economic functions to legal entities (FUNC 2);4.2;4.2_layouts.zip;RESOL2;Z_07.02;260106 Annotated templates/RES/20260106 Annotated Table Layout  RES 4.2 RESOL2RES 4.2.xlsx;Z_07.02
Z_07.03;Mapping of core business lines to legal entities (FUNC 3);4.2;4.2_layouts.zip;RESOL2;Z_07.03;260106 Annotated templates/RES/20260106 Annotated Table Layout  RES 4.2 RESOL2RES 4.2.xlsx;Z_07.03
Z_07.04;Mapping of economic functions to core business lines (FUNC 4);4.2;4.2_layouts.zip;RESOL2;Z_07.04;260106 Annotated templates/RES/20260106 Annotated Table Layout  RES 4.2 RESOL2RES 4.2.xlsx;Z_07.04
Z_08.00;Critical services (SERV);3.2;3.2_layouts.zip;RES;Z_08.00;Annotated Table Layout 321-P2-RES 3.2.1.xlsx;Z 08.00
Z_08.01;Relevant Services;4.2;4.2_layouts.zip;RESOL2;Z_08.01;260106 Annotated templates/RES/20260106 Annotated Table Layout  RES 4.2 RESOL2RES 4.2.xlsx;Z_08.01
Z_08.02;Relevant Services – mapping to assets;4.2;4.2_layouts.zip;RESOL2;Z_08.02;260106 Annotated templates/RES/20260106 Annotated Table Layout  RES 4.2 RESOL2RES 4.2.xlsx;Z_08.02
Z_08.03;Relevant Services – mapping to roles;4.2;4.2_layouts.zip;RESOL2;Z_08.03;260106 Annotated templates/RES/20260106 Annotated Table Layout  RES 4.2 RESOL2RES 4.2.xlsx;Z_08.03
Z_08.04;Relevant Services – mapping to critical functions;4.2;4.2_layouts.zip;RESOL2;Z_08.04;260106 Annotated templates/RES/20260106 Annotated Table Layout  RES 4.2 RESOL2RES 4.2.xlsx;Z_08.04
Z_08.05;Relevant Services – mapping to core business lines;4.2;4.2_layouts.zip;RESOL2;Z_08.05;260106 Annotated templates/RES/20260106 Annotated Table Layout  RES 4.2 RESOL2RES 4.2.xlsx;Z_08.05
Z_09.00;FMI Services - providers and users - Mapping to Critical Functions (FMI);3.2;3.2_layouts.zip;RES;Z_09.00;Annotated Table Layout 321-P2-RES 3.2.1.xlsx;Z 09.00
Z_09.01;FMI Services – Providers and Users;4.2;4.2_layouts.zip;RESOL2;Z_09.01;260106 Annotated templates/RES/20260106 Annotated Table Layout  RES 4.2 RESOL2RES 4.2.xlsx;Z_09.01
Z_09.02;FMI services - Mapping to Critical and Essential FMIs;4.2;4.2_layouts.zip;RESOL2;Z_09.02;260106 Annotated templates/RES/20260106 Annotated Table Layout  RES 4.2 RESOL2RES 4.2.xlsx;Z_09.02
Z_09.03;FMI services - Key metrics;4.2;4.2_layouts.zip;RESOL2;Z_09.03;260106 Annotated templates/RES/20260106 Annotated Table Layout  RES 4.2 RESOL2RES 4.2.xlsx;Z_09.03
Z_09.04;FMI Services - CCPs- Alternative provider;4.2;4.2_layouts.zip;RESOL2;Z_09.04;260106 Annotated templates/RES/20260106 Annotated Table Layout  RES 4.2 RESOL2RES 4.2.xlsx;Z_09.04
Z_10.01;Critical Information Systems (general information) (CIS 1);3.2;3.2_layouts.zip;RES;Z_10.01;Annotated Table Layout 321-P2-RES 3.2.1.xlsx;Z 10.01
Z_10.02;Mapping of Information Systems (CIS 2);3.2;3.2_layouts.zip;RES;Z_10.02;Annotated Table Layout 321-P2-RES 3.2.1.xlsx;Z 10.02
Z_11.00;Intragroup Liabilities, excluding Derivatives;4.2;4.2_layouts.zip;RESOL1;Z_11.00;260106 Annotated templates/RES/20260106 Annotated Table Layout  RES 4.2 RESOL1RES 4.2.xlsx;Z_11.00
Z_12.00;"Securities (Including CET1, AT1 & Tier 2 Instruments; Excluding intragroup)";4.2;4.2_layouts.zip;RESOL1;Z_12.00;260106 Annotated templates/RES/20260106 Annotated Table Layout  RES 4.2 RESOL1RES 4.2.xlsx;Z_12.00
Z_13.00;All Deposits (excluding intragroup);4.2;4.2_layouts.zip;RESOL1;Z_13.00;260106 Annotated templates/RES/20260106 Annotated Table Layout  RES 4.2 RESOL1RES 4.2.xlsx;Z_13.00
Z_14.00;Other financial Liabilities (not included in other tabs, excluding intragroup);4.2;4.2_layouts.zip;RESOL1;Z_14.00;260106 Annotated templates/RES/20260106 Annotated Table Layout  RES 4.2 RESOL1RES 4.2.xlsx;Z_14.00
Z_15.00;Derivatives (LIAB-G 5);4.2;4.2_layouts.zip;RESOL1;Z_15.00;260106 Annotated templates/RES/20260106 Annotated Table Layout  RES 4.2 RESOL1RES 4.2.xlsx;Z_15.00
Z_16.00;Secured Finance, excluding intragroup;4.2;4.2_layouts.zip;RESOL1;Z_16.00;260106 Annotated templates/RES/20260106 Annotated Table Layout  RES 4.2 RESOL1RES 4.2.xlsx;Z_16.00
Z_17.00;Other Non-Financial (not included in other tabs, excluding intragroup);4.2;4.2_layouts.zip;RESOL1;Z_17.00;260106 Annotated templates/RES/20260106 Annotated Table Layout  RES 4.2 RESOL1RES 4.2.xlsx;Z_17.00
