table_id;x_axis_rc_code;y_axis_rc_code
D_05.00;50;N77_21
C_16.00;100;90
D_05.00;80;J58_11
C_84.00;20;180
F_25.01;120;40
D_05.00;110;M70_21
C_22.00;60;120
C_13.01;70;460
C_75.01;100;900
C_80.00;90;530
C_114.00;209;x414_CH
F_18.00;196;450
F_23.03;140;180
C_74.00;60;260
C_103.00;80;NULL
D_05.00;100;G46_41
C_80.00;110;170
J_06.00;40;620
C_75.01;60;1820
C_81.00;80;10
C_22.00;80;110
C_75.01;60;2670
C_34.03;20;320
F_23.01;50;200
C_18.00;50;390
C_20.00;450;20
C_80.00;40;560
D_09.01;150;40
F_08.01;40;220
C_80.00;40;600
D_05.00;80;C19_2
D_05.00;20;P85_6
F_18.00;70;470
F_19.00;100;222
C_118.00;205;x418_AE
C_114.00;160;x416_AR
C_21.00;70;125
D_05.00;40;N81_21
F_18.00;109;212
F_35.00;20;30
D_07.00;70;500
C_32.01;40;180
C_16.00;71;110
C_75.01;70;1990
C_75.01;70;2630
C_114.00;180;x415_SN
D_05.00;130;G46_12
C_118.00;207;x418_JP
D_05.00;50;M70_21
C_118.00;209;x418_BE
C_66.01;25;90
D_05.00;110;G46_13
F_18.00;900;216
C_120.04;150;x7_x130_x876_x15_x776
C_114.00;170;x416_GG
C_120.04;120;x2_x1285_x876_x16_x775
F_23.03;150;30
C_34.05;160;140
C_81.00;90;330
C_34.05;170;100
D_07.00;40;490
F_25.01;110;20
C_34.01;10;70
D_05.00;40;J59_12
C_40.00;75;300
C_73.00;30;1130
C_80.00;120;810
D_05.00;50;C13_93
C_114.00;170;x415_AM
C_32.02;220;150
F_23.01;50;160
F_18.00;106;480
C_66.01;25;1131
C_32.02;120;60
C_115.00;160;NULL
D_05.00;120;Q87_9
C_66.01;25;540
C_74.00;110;313
R_06.01;20;20
C_80.00;90;810
J_02.00;140;290
C_07.00;240;100
C_13.01;230;640
J_04.00;70;580
C_13.01;40;340
C_17.01;90;945
C_18.00;30;12
C_114.00;150;x417_KY
F_46.00;110;140
C_75.01;80;2800
F_18.00;90;440
C_80.00;100;250
F_09.02;10;170
J_04.00;10;640
C_118.00;180;x416_MU
C_08.01;173;80
C_118.00;170;x416_GH
C_07.00;80;240
C_73.00;20;1210
J_03.00;30;610
C_18.00;10;70
C_80.00;110;80
D_05.00;50;N82_3
D_05.00;30;C32_2
J_02.00;100;210
C_18.00;70;240
C_17.01;100;680
D_05.00;70;G46_49
C_32.02;120;190
C_75.01;20;1330
C_34.02;80;110
D_05.00;40;D35_22
F_12.01;20;600
C_13.01;10;650
C_07.00;80;120
F_18.00;197;370
C_91.00;160;40
F_18.00;122;340
C_75.01;70;280
D_05.00;100;N81_21
F_18.00;160;380
C_18.00;60;160
D_05.00;130;K66_29
C_75.01;40;730
C_80.00;40;1030
C_34.05;140;200
C_118.00;160;x416_MC
J_08.00;10;360
C_120.02;100;x70_x49_x25
D_05.00;70;N82_2
D_05.00;80;Q87_9
C_74.00;30;410
D_05.00;130;A1_62
C_08.01;255;80
C_17.01;90;370
D_05.00;90;A1_62
C_24.00;70;50
C_34.05;140;160
D_05.00;50;J60_2
C_75.01;90;2560
F_18.00;80;340
C_17.01;100;930
C_114.00;150;x415_GR
C_118.00;180;x415_TN
C_13.01;100;580
C_73.00;30;700
D_05.00;110;H53_2
C_75.01;100;1210
C_34.05;160;70
C_118.00;160;x415_GR
D_07.00;70;370
D_05.00;130;G46_41
J_05.00;30;610
D_05.00;70;N81_29
C_13.01;90;450
D_05.00;100;H49_5
C_118.00;201;x419_FR
J_05.00;40;630
C_73.00;30;940
J_04.00;100;590
C_114.00;199;x414_RO
C_35.03;20;100
M_02.00;30;440
C_18.00;30;330
D_05.00;100;C20_59
C_13.01;320;590
F_20.04;25;60
C_29.00;340;NULL
C_82.00;70;70
C_05.01;20;92
F_23.01;50;90
F_18.00;107;510
C_81.00;70;60
C_08.01;100;40
C_118.00;160;x415_GH
D_05.00;130;F42_11
D_05.00;110;C10_83
D_07.00;30;330
C_16.00;80;100
J_07.00;310;380
D_05.00;110;J58_19
D_05.00;80;C23_51
C_118.00;206;x418_FR
J_06.00;60;310
D_07.00;80;440
F_18.00;141;227
C_07.00;211;50
C_08.01;120;60
J_05.00;280;610
C_10.01;50;70
C_114.00;150;x416_NC
C_114.00;199;x414_SK
C_17.01;90;430
D_05.00;70;C10_11
C_74.00;60;303
C_18.00;20;325
C_16.00;10;20
D_03.01;50;B5_1_x90
J_07.00;290;40
C_114.00;205;x415_IL
J_02.00;130;270
J_05.00;290;530
F_12.01;125;550
D_07.00;120;380
C_08.01;150;80
J_03.00;40;590
C_40.00;75;60
C_66.01;25;860
C_74.00;50;540
C_74.00;130;510
C_19.00;530;20
C_13.01;320;550
C_40.00;130;10
D_05.00;90;C10_11
C_13.01;290;630
C_22.00;60;280
C_75.01;60;1010
F_23.02;30;220
F_09.01.1;120;120
C_32.04;30;NULL
D_07.00;90;340
C_74.00;110;20
J_05.00;290;380
C_08.01;310;30
D_05.00;110;J58_11
C_16.00;70;80
C_118.00;150;x417_GH
C_32.04;60;NULL
C_34.02;70;90
F_32.03;10;60
R_01.00;40;31
C_13.01;920;450
C_118.00;208;x418_GR
F_08.01;20;10
C_120.02;100;x71_x50_x26
J_03.00;140;140
C_114.00;209;x418_CN
F_25.01;90;40
C_114.00;160;x415_KY
C_22.00;60;85
D_05.00;70;Q88_9
C_114.00;209;x417_AM
D_05.00;110;C26_6
C_75.01;80;1690
D_05.00;110;C10_52
C_67.00;50;10
C_118.00;208;x414_SK
C_08.01;173;170
C_118.00;150;x416_CI
C_84.00;30;100
F_04.09;41;7
J_02.00;10;100
C_74.00;130;250
C_80.00;10;450
C_75.01;60;2780
C_13.01;100;470
F_18.00;952;212
C_114.00;206;x418_CL
D_09.02;50;30
D_05.00;40;H52_22
C_80.00;90;20
F_10.00;40;60
C_17.01;100;410
C_73.00;20;917
C_73.00;50;1035
F_18.00;55;490
C_18.00;70;120
J_03.00;150;520
J_05.00;280;570
D_05.00;100;G47_52
C_114.00;206;x418_NL
C_80.00;20;430
C_75.01;60;1120
F_23.01;40;120
D_09.01;50;140
C_34.02;110;130
F_18.00;910;420
C_13.01;20;630
C_74.00;90;331
D_05.00;30;Q88_91
C_07.00;100;220
C_75.01;20;790
F_18.00;197;430
C_21.00;40;110
C_75.01;60;330
C_75.01;100;2540
C_29.00;150;NULL
D_05.00;100;K66_21
C_13.01;110;660
C_34.02;180;120
C_114.00;190;x417_VN
C_75.01;100;1940
F_23.03;150;100
C_114.00;170;x415_AR
C_34.03;10;340
D_05.00;30;H49_2
C_32.02;200;170
C_80.00;30;330
C_07.00;60;270
F_04.09;100;6
C_114.00;203;x415_SD
D_05.00;130;B8_99
J_08.00;10;290
C_33.00;280;155
D_05.00;50;L68_2
D_05.00;110;G46_48
D_05.00;60;C10_83
D_05.00;80;S95_23
F_18.00;141;221
C_118.00;170;x415_IL
C_114.00;160;x416_EG
F_18.00;910;360
C_32.02;90;60
C_34.05;150;120
J_03.00;140;220
C_75.01;80;2260
C_13.01;20;210
J_02.00;10;410
C_91.00;200;20
C_75.01;80;1650
C_29.00;30;NULL
D_05.00;110;H51_1
C_66.01;110;740
D_07.00;60;470
C_34.03;70;40
D_03.01;60;B7_2_x90
C_43.00;40;10
C_75.01;70;120
C_13.01;150;253
C_114.00;202;x414_HR
C_74.00;120;80
C_82.00;90;40
J_09.00;30;50
C_33.00;280;30
C_118.00;180;x417_SN
C_13.01;750;470
F_23.03;160;200
D_05.00;20;O84_25
C_07.00;140;100
F_08.01;37;430
C_118.00;170;x417_EG
C_75.01;20;1090
C_10.01;40;100
C_120.01;120;x612
J_05.00;60;300
J_04.00;50;600
J_06.00;40;470
C_34.03;20;210
C_114.00;199;x414_HU
C_75.01;40;220
C_13.01;80;520
C_08.01;70;50
D_07.00;90;110
J_07.00;40;340
C_114.00;170;x417_CY
D_05.00;110;C13_93
C_33.00;280;100
D_05.00;70;G47_43
C_81.00;70;230
C_13.01;240;660
C_05.01;50;100
F_08.01;40;180
C_75.01;90;1060
C_75.01;80;2410
J_02.00;10;520
C_75.01;60;2420
J_08.00;10;130
D_05.00;40;C10_82
C_17.01;90;660
F_18.00;122;530
C_13.01;10;400
D_05.00;100;G46_49
D_05.00;70;H52_24
C_08.01;250;80
C_13.01;10;340
D_05.00;100;N77_39
C_13.01;260;640
C_80.00;40;970
C_75.01;90;2600
R_06.00;10;50
D_05.00;90;B8_99
C_75.01;100;420
C_40.00;85;10
C_10.01;30;10
J_02.00;150;210
D_09.02;130;60
C_75.01;80;2350
C_22.00;50;70
C_103.00;140;NULL
C_114.00;205;x417_AR
C_66.01;25;135
C_13.01;30;250
C_118.00;208;x418_ES
D_05.00;120;H49_2
C_07.00;130;120
C_73.00;20;205
C_118.00;209;x418_AE
C_66.01;10;691
F_18.00;30;370
J_02.00;50;600
F_46.00;80;200
C_08.01;150;170
C_32.01;40;70
C_75.01;40;1640
C_120.04;130;x99_x1286_x1284_x16_x822
C_114.00;202;x414_PL
D_05.00;120;C32_2
C_24.00;100;40
F_15.00;70;126
F_32.01;105;15
C_114.00;208;x415_MZ
D_08.00;80;170
C_80.00;30;1010
C_118.00;207;x414_HR
J_04.00;90;570
D_05.00;130;C20_59
F_18.00;191;350
C_80.00;40;880
D_05.00;80;F43_12
C_13.01;20;254
C_75.01;60;160
C_34.01;80;60
C_118.00;207;x418_CZ
D_05.00;130;H52_24
C_75.01;80;2030
F_18.00;143;223
D_05.00;90;M72_2
J_04.00;90;610
C_73.00;20;510
C_23.00;70;110
C_66.01;10;235
C_34.02;90;60
J_03.00;150;350
D_08.00;60;140
C_13.01;910;660
C_32.02;220;190
R_04.01;80;0320_0320
D_05.00;100;G46_14
D_05.00;50;C10_52
C_13.01;160;390
C_22.00;80;380
C_118.00;190;x418_ES
C_22.00;20;50
C_118.00;208;x414_RO
C_66.01;25;200
C_118.00;150;x414_SI
F_15.00;90;185
C_118.00;190;x415_VN
C_114.00;190;x418_CH
C_73.00;30;980
C_66.01;25;710
D_09.02;80;60
C_120.02;100;x52_x51_x26
D_05.00;30;G46_6
C_05.02;30;120
C_75.01;40;450
C_33.00;270;80
C_75.01;20;660
D_09.01;100;170
C_75.01;40;880
C_114.00;180;x417_KZ
C_80.00;90;270
C_66.01;210;740
C_75.01;80;960
D_05.00;30;C20_42
D_05.00;110;G46_51
C_120.04;130;x2_x1285_x876_x15_x775
C_66.01;25;990
C_118.00;207;x416_AM
F_25.01;70;70
D_05.00;50;S95_25
C_32.04;100;NULL
C_80.00;100;420
C_66.01;50;730
C_08.02;270;NULL
F_23.03;140;140
C_114.00;209;x415_IL
F_32.01;100;15
C_114.00;150;x415_GH
C_73.00;20;1170
D_05.00;130;G46_47
F_13.01;55;20
F_35.00;200;20
C_75.01;90;690
D_05.00;40;P85_32
F_04.03.1;80;30
C_73.00;20;360
C_29.00;220;NULL
J_07.00;310;340
D_05.00;70;P85_2
C_120.01;120;x622
C_34.05;80;140
C_115.00;161;NULL
F_11.04;30;110
F_18.00;142;216
C_120.04;150;x101_x1285_x876_x15_x776
C_73.00;20;130
C_118.00;190;x414_HU
C_106.01;120;x620
F_09.01.1;120;240
C_114.00;140;x415_MY
D_05.00;110;H49_32
F_25.01;30;100
C_118.00;150;x418_HK
C_114.00;170;x418_CA
F_23.03;130;200
C_32.02;50;180
C_07.00;110;100
F_18.00;910;214
D_05.00;120;C10_83
C_13.01;730;640
D_08.00;260;170
C_22.00;90;150
C_91.00;90;130
J_06.00;310;160
D_05.00;90;D35_22
C_35.03;30;140
D_05.00;20;C25_62
C_73.00;20;900
D_05.00;140;A1_61
F_15.00;100;93
D_07.00;100;250
C_120.02;100;x69_x50_x27
R_04.01;40;0010_0010
C_118.00;170;x417_BH
J_07.00;50;570
F_18.00;122;920
C_114.00;201;x414_SK
C_13.01;250;580
D_05.00;20;C17_21
C_75.01;80;720
C_32.02;20;200
C_07.00;90;90
C_74.00;40;240
C_75.01;100;1080
F_15.00;100;121
F_08.01;37;120
J_06.00;310;620
F_04.03.1;70;20
C_32.02;210;130
C_75.01;70;1160
C_74.00;130;130
R_01.00;10;20
C_13.01;160;330
C_13.01;860;610
M_05.00;90;x279_x629
F_18.00;70;520
F_04.03.1;90;10
C_13.01;330;670
D_05.00;140;G46_43
C_75.01;40;1770
C_114.00;160;x417_IR
C_74.00;130;333
D_05.00;30;F42_91
F_18.00;192;500
C_118.00;209;x419_NO
C_32.02;150;40
C_35.03;20;30
C_34.03;20;40
C_13.01;870;40
C_118.00;203;x414_AT
D_05.00;120;F43_12
C_114.00;190;x416_SN
C_75.01;40;1260
D_05.00;120;C19_2
J_07.00;60;290
J_06.00;290;640
C_75.01;100;1340
C_34.02;180;140
F_08.01;35;30
C_80.00;100;440
F_15.00;70;128
C_75.01;20;1050
F_23.03;40;170
F_23.02;30;180
C_17.01;100;770
C_05.01;30;90
C_34.05;120;30
D_05.00;130;C33_2
C_07.00;120;90
C_91.00;100;110
C_40.00;85;370
F_18.00;101;400
D_05.00;70;J59_14
D_05.00;130;H52_22
F_18.00;192;370
J_02.00;140;130
F_46.00;85;200
J_04.00;20;580
C_13.01;310;530
F_15.00;80;181
C_103.00;62;NULL
C_40.00;85;280
D_05.00;100;H52_24
F_11.04;30;20
C_114.00;150;x415_IR
F_18.00;180;500
C_75.01;40;180
C_75.01;90;1230
D_05.00;70;D35_22
C_75.01;40;1030
C_32.02;220;60
C_13.01;670;550
C_75.01;90;1150
D_05.00;50;G46_13
J_03.00;140;490
C_75.01;20;2320
D_05.00;30;A1_43
C_75.01;90;760
C_75.01;60;2250
C_74.00;160;287
D_05.00;70;F42_11
C_75.01;70;430
C_07.00;120;200
D_05.00;30;C19_2
C_66.01;10;410
C_13.01;170;560
J_03.00;150;390
D_05.00;40;G46_41
F_25.01;50;50
D_05.00;30;Q87_9
C_80.00;20;370
F_23.02;40;200
C_80.00;120;650
D_05.00;30;G45_19
C_16.00;80;30
C_29.00;310;NULL
C_13.01;870;630
D_05.00;130;G46_14
C_75.01;60;1910
F_08.01;40;310
D_05.00;90;G46_49
D_08.00;70;100
C_33.00;290;180
C_73.00;20;780
C_13.01;150;135
C_43.00;30;30
D_07.00;20;370
C_07.00;70;230
C_73.00;30;1000
D_07.00;50;350
C_21.00;50;22
C_17.01;100;260
D_05.00;110;K64_3
C_118.00;150;x418_CL
C_73.00;30;270
D_05.00;140;R91_01
C_81.00;70;130
C_66.01;10;90
C_13.01;660;570
F_23.03;160;50
D_09.02;140;40
D_09.01;70;160
J_02.00;40;640
C_40.00;70;230
J_05.00;40;170
C_114.00;170;x417_NC
F_18.00;140;212
C_75.01;80;2100
C_73.00;20;670
C_75.01;10;2810
F_04.03.1;50;10
J_06.00;40;330
C_16.00;40;20
C_13.01;90;560
F_18.00;109;214
D_07.00;90;400
C_81.00;70;150
D_05.00;30;A2_2
C_75.01;70;2550
C_22.00;60;240
C_13.01;860;230
F_25.02;60;120
F_25.01;10;70
J_03.00;130;50
D_05.00;110;G47_19
C_75.01;60;860
F_35.00;130;40
D_07.00;140;460
D_05.00;80;S95_25
C_66.01;10;680
C_118.00;202;x418_NO
C_34.02;130;110
C_24.00;130;20
C_82.00;90;320
C_75.01;20;2040
D_05.00;60;A2_2
C_05.02;20;30
C_13.01;10;380
D_05.00;20;C28_25
C_84.00;30;30
D_09.01;90;150
C_114.00;160;x415_TW
F_35.00;190;30
C_120.04;190;x10_x1286_x876_x15_x777
D_05.00;140;C10_51
D_07.00;30;470
C_34.05;140;90
C_80.00;100;1040
C_118.00;190;x414_SK
C_13.01;150;255
C_74.00;60;341
C_80.00;40;840
C_80.00;120;1060
J_06.00;50;500
C_114.00;150;x417_CR
D_05.00;40;C27_4
C_75.01;70;1620
C_75.01;100;2620
F_23.03;40;80
C_114.00;202;x414_SI
C_33.00;300;200
C_114.00;180;x415_KY
C_118.00;150;x416_DO
J_06.00;300;500
D_05.00;70;K66_29
C_13.01;30;670
C_118.00;170;x417_CI
C_13.01;320;460
D_05.00;40;J61_2
D_05.00;100;P85_32
D_05.00;50;J58_11
C_74.00;50;160
C_80.00;110;550
C_32.02;240;150
C_75.01;20;70
C_21.00;70;20
C_13.01;60;570
C_17.01;90;140
C_05.02;30;70
D_05.00;30;C32_99
C_19.00;530;80
D_05.00;140;C20_3
C_20.00;450;80
D_05.00;110;G46_62
C_103.00;90;NULL
D_07.00;120;460
C_114.00;160;x417_ID
C_75.01;90;2370
C_32.03;110;NULL
J_02.00;150;80
D_05.00;110;G45_4
C_74.00;130;289
D_05.00;110;G46_15
C_10.02;60;NULL
C_05.02;60;120
C_18.00;70;251
C_08.01;255;170
C_82.00;70;450
C_75.01;70;1540
C_80.00;90;110
C_66.01;10;350
C_118.00;130;x414_SK
D_05.00;80;H49_2
C_75.01;80;2640
C_120.04;180;x6_x130_x876_x15_x776
C_114.00;180;x416_UA
D_05.00;100;C25_5
C_120.01;50;x477
C_32.02;270;150
C_08.01;70;160
D_09.02;240;40
C_75.01;70;240
J_02.00;100;590
C_74.00;80;420
C_13.01;300;570
C_114.00;180;x418_AM
C_75.01;90;2310
F_46.00;110;70
C_118.00;207;x418_HK
C_118.00;150;x415_KY
C_34.03;70;210
F_18.00;160;530
C_34.02;100;80
C_74.00;130;281
C_13.01;220;560
C_114.00;150;x415_PH
C_114.00;160;x416_CL
C_118.00;180;x417_VE
F_15.00;100;42
C_118.00;160;x416_NC
D_05.00;100;G46_12
C_13.01;250;540
D_05.00;80;J61_9
D_09.01;50;180
C_91.00;20;100
D_09.02;300;30
C_22.00;60;430
C_114.00;140;x414_CH
J_08.00;40;130
C_13.01;150;90
D_05.00;50;S95_23
D_03.01;50;B8_11_x85
C_75.01;20;1620
C_32.02;70;160
C_74.00;130;420
D_05.00;80;C13_93
C_13.01;870;134
C_75.01;70;1860
D_07.00;90;380
J_02.00;120;570
C_101.00;90;NULL
C_24.00;100;80
C_09.02;80;45
F_23.02;120;360
C_73.00;30;1290
C_66.01;10;1070
C_75.01;100;2050
C_118.00;180;x415_ID
F_35.00;80;40
D_05.00;100;C32_5
C_91.00;180;70
C_66.01;10;195
C_74.00;100;570
C_08.02;150;NULL
C_75.01;20;1470
C_13.01;230;520
D_05.00;90;N81_21
C_105.01;120;NULL
C_114.00;160;x414_HR
C_18.00;70;280
C_80.00;120;20
C_73.00;60;1095
C_114.00;170;x418_IN
D_05.00;70;J59_12
D_05.00;60;G46_46
C_73.00;30;210
C_118.00;207;x414_SI
D_05.00;140;C20_42
C_118.00;205;x418_CA
C_13.01;290;373
C_13.01;730;520
F_18.00;90;510
D_07.00;130;420
D_05.00;40;S94_91
F_11.04;50;20
C_24.00;100;110
J_03.00;100;620
C_13.01;330;610
C_114.00;209;x414_RO
C_75.01;90;1740
C_22.00;80;40
D_05.00;40;N82_91
F_46.00;20;80
D_05.00;100;C10_11
F_12.01;20;730
D_05.00;90;S95_24
C_118.00;205;x418_BE
C_75.01;90;2180
D_05.00;30;C25_21
C_74.00;80;287
C_05.02;50;140
C_114.00;160;x417_GH
F_18.00;191;410
D_05.00;20;A1_28
D_05.00;120;C13_93
D_05.00;30;H49_31
C_114.00;180;x417_IR
R_06.01;40;20
C_13.01;880;540
D_07.00;110;340
C_75.01;60;1880
D_05.00;50;Q87_1
C_73.00;20;731
D_05.00;20;M72_2
C_34.02;210;130
J_02.00;150;170
F_18.00;910;510
C_07.00;10;130
C_34.02;130;20
C_24.00;130;110
C_118.00;170;x418_AU
C_13.01;50;570
D_05.00;70;K66_21
C_13.01;90;600
F_18.00;107;360
D_05.00;80;M73_2
C_13.01;110;500
F_19.00;100;224
F_46.00;110;180
C_118.00;170;x417_AR
D_05.00;100;C33_15
C_120.04;120;x99_x1286_x1284_x15_x822
F_32.04;50;120
C_80.00;20;280
C_34.03;10;20
D_05.00;80;C32_2
F_15.00;80;187
C_17.01;90;750
C_22.00;100;170
C_73.00;20;203
C_74.00;40;500
C_17.01;90;280
C_13.01;890;450
C_13.01;10;270
D_05.00;80;G46_46
D_05.00;80;C10_83
C_73.00;30;913
C_118.00;180;x418_FR
C_13.01;320;630
C_08.01;20;50
C_08.01;250;170
D_05.00;40;N77_39
C_13.01;50;480
J_03.00;80;640
D_07.00;80;420
D_05.00;50;Q86_21
C_73.00;30;1300
C_75.01;70;660
C_22.00;90;440
C_74.00;80;335
D_05.00;140;F43_11
C_66.01;10;100
D_05.00;70;H53_1
C_32.02;70;50
C_118.00;207;x416_AR
R_04.01;10;0010_0010
C_75.01;70;2590
C_66.01;25;50
D_05.00;50;C26_2
C_73.00;30;590
C_05.01;40;70
D_05.00;30;G46_43
F_18.00;30;500
C_18.00;10;180
D_05.00;140;C26_2
F_23.03;40;40
D_07.00;130;440
D_05.00;30;N78_3
C_114.00;180;x418_CL
C_114.00;204;x415_MZ
J_03.00;100;640
D_05.00;50;A1_4
C_75.01;20;430
C_74.00;90;339
D_05.00;140;G46_45
F_18.00;80;400
C_13.01;150;620
C_13.01;900;580
C_114.00;150;x416_CY
D_05.00;100;J59_12
C_83.00;50;110
C_75.01;90;2220
C_75.01;40;2810
F_23.02;130;400
P_01.03;40;36
D_07.00;130;360
C_75.01;100;480
F_18.00;122;400
F_35.00;160;40
C_67.00;17;10
D_05.00;40;H49_1
C_73.00;20;740
C_118.00;205;x418_RU
J_04.00;10;520
J_06.00;60;490
D_09.01;120;150
C_13.01;870;254
C_114.00;170;x418_IT
C_24.00;120;60
C_73.00;20;420
C_91.00;70;100
J_03.00;10;170
D_05.00;30;G47_81
F_18.00;141;933
C_19.00;530;101
C_74.00;120;210
M_02.00;30;60
C_73.00;20;290
C_75.01;40;2380
C_66.01;25;255
C_75.01;80;60
D_05.00;60;A1_49
J_02.00;20;580
D_05.00;140;H49_31
C_13.01;30;510
C_75.01;70;2080
C_75.01;70;2170
C_74.00;150;319
J_03.00;140;560
C_13.01;150;374
C_120.04;190;x101_x1285_x876_x15_x776
C_114.00;180;x417_TN
D_05.00;140;G47_3
C_114.00;206;x418_AM
D_05.00;110;S95_25
C_118.00;203;x419_ES
R_12.00;80;10
C_09.04;10;110
F_23.02;160;400
F_18.00;90;420
C_118.00;180;x415_IR
C_81.00;70;420
J_03.00;30;570
C_05.01;50;111
C_40.00;130;240
C_73.00;60;1420
D_05.00;50;H49_32
C_114.00;150;x417_SN
C_75.01;80;1940
F_18.00;55;430
C_40.00;70;290
D_05.00;70;S96_09
C_102.00;130;NULL
C_66.01;25;470
C_66.01;25;1120
C_74.00;100;263
D_05.00;140;F42_99
F_13.01;55;37
J_06.00;280;600
C_13.01;220;600
C_91.00;40;90
J_03.00;10;630
C_73.00;50;650
C_22.00;100;80
C_16.00;60;130
C_118.00;150;x414_HR
D_05.00;140;G47_41
J_06.00;60;600
C_66.01;10;1220
C_05.02;50;70
R_04.01;30;0020_0020
C_80.00;110;210
J_02.00;90;610
D_07.00;130;480
F_46.00;85;50
C_13.01;20;550
D_05.00;90;P85_32
C_13.01;40;650
C_118.00;150;x418_JP
D_08.00;100;110
C_13.01;240;500
C_75.01;60;2740
D_05.00;140;H49_39
D_05.00;100;H52_22
C_120.02;100;x14_x48_x27
F_18.00;196;490
F_20.04;22;20
J_08.00;20;150
C_07.00;90;160
F_23.03;120;120
D_05.00;80;H49_32
D_05.00;110;N77_21
F_23.02;170;360
C_10.01;60;10
C_75.01;90;2140
J_05.00;270;500
F_23.02;150;400
C_114.00;160;x416_AM
J_04.00;40;580
D_05.00;110;F43_21
D_05.00;40;R91_03
F_20.04;22;40
F_18.00;121;227
D_05.00;140;G47_29
C_80.00;110;400
F_15.00;90;125
F_12.00;90;520
C_07.00;70;190
J_07.00;310;270
D_03.01;70;D35_22_x84
C_74.00;130;263
F_11.04;30;170
D_07.00;30;390
D_05.00;20;Q87_2
C_73.00;50;1130
J_03.00;130;520
J_02.00;130;460
C_114.00;208;x415_AM
F_46.00;120;180
C_13.01;90;660
R_04.01;30;0340_0340
C_73.00;30;80
F_18.00;106;440
D_03.01;70;B8_9_x85
D_05.00;100;G46_7
F_23.03;40;20
C_13.01;130;540
F_08.01;37;180
C_09.04;30;55
C_34.05;70;150
C_32.02;140;190
C_114.00;180;x416_EG
C_80.00;30;260
C_35.02;10;20
C_75.01;80;2520
F_23.03;130;160
J_05.00;60;570
J_02.00;130;380
D_05.00;80;G46_39
J_02.00;130;40
C_21.00;20;125
C_115.00;108;NULL
C_75.01;40;560
C_118.00;190;x416_ID
J_03.00;50;570
C_74.00;40;180
C_18.00;20;140
C_75.01;70;1930
C_24.00;180;70
D_05.00;30;A3_1
C_32.02;170;190
C_18.00;10;140
C_80.00;110;460
C_22.00;70;200
C_75.01;100;250
C_13.01;30;241
D_07.00;100;360
D_05.00;40;K66_29
J_07.00;300;570
C_75.01;100;2680
D_08.00;240;130
C_118.00;205;x418_SG
C_75.01;90;210
F_18.00;58;224
F_23.02;30;240
J_02.00;140;360
C_114.00;170;x416_CR
F_11.02;21;80
C_32.02;200;80
C_18.00;40;385
J_03.00;20;550
C_74.00;50;100
C_07.00;160;70
D_05.00;70;S96_01
C_75.01;20;220
C_20.00;900;110
J_06.00;310;580
D_05.00;100;K66_29
C_114.00;150;x417_VE
F_15.00;80;121
D_05.00;30;G47_29
F_09.01.1;120;40
D_05.00;20;C10_12
C_33.00;290;220
D_05.00;90;J59_12
C_07.00;50;210
J_03.00;10;550
C_34.05;90;30
D_05.00;40;G47_52
D_07.00;90;270
D_08.00;230;170
D_05.00;30;G46_16
C_32.02;150;210
D_05.00;70;S95_24
C_74.00;90;550
F_18.00;57;222
R_06.01;10;40
F_15.00;110;46
D_05.00;100;F42_11
C_118.00;208;x414_DK
C_32.02;190;50
C_34.05;60;80
C_84.00;40;10
F_18.00;142;920
D_05.00;30;G46_32
C_13.01;290;650
F_04.10;40;20
C_13.01;920;500
D_05.00;140;G46_34
C_13.01;910;500
C_13.01;160;350
C_74.00;40;430
D_05.00;50;J58_19
D_09.01;150;170
F_18.00;143;920
C_114.00;209;x417_AR
C_114.00;180;x416_AR
C_75.01;90;2750
C_114.00;180;x416_BH
C_74.00;140;283
C_75.01;60;1970
C_73.00;20;1340
C_16.00;100;30
C_75.01;80;1590
J_04.00;110;610
D_05.00;50;M75
C_13.01;695;370
C_35.02;20;40
C_118.00;160;x416_MU
D_05.00;40;R90_01
D_05.00;70;K66_12
C_07.00;240;90
D_05.00;40;C25_94
R_04.01;80;0190_0190
C_75.01;80;290
J_09.00;30;90
C_114.00;201;x414_RO
C_114.00;160;x415_GG
C_66.01;10;65
D_05.00;140;C25_21
J_05.00;60;610
J_06.00;40;160
C_13.01;40;400
C_32.02;90;190
C_73.00;20;1400
D_05.00;100;N79_9
D_05.00;140;J58_21
D_05.00;140;C25_12
C_16.00;80;50
C_07.00;100;310
C_24.00;160;20
C_13.01;920;560
D_01.00;90;530
C_114.00;190;x417_MU
C_13.01;300;480
F_18.00;170;480
C_75.01;80;1460
R_04.01;80;0020_0020
C_13.01;910;600
F_14.00;60;59
F_25.01;20;70
C_74.00;120;201
C_114.00;209;x415_MY
C_74.00;120;170
C_120.02;100;x12_x48_x27
C_13.01;120;450
D_05.00;30;F43_11
C_07.00;80;180
F_46.00;50;60
C_120.04;180;x7_x130_x876_x15_x776
C_75.01;40;1050
F_20.04;26;20
F_32.01;85;15
D_05.00;40;M72_2
C_13.01;300;510
D_05.00;20;G47_64
J_02.00;100;20
C_66.01;90;740
C_13.01;170;370
F_11.04;40;190
C_118.00;150;x419_ES
C_75.01;20;1390
C_118.00;208;x414_CH
C_82.00;30;390
D_05.00;30;G45_11
C_07.00;50;170
D_05.00;30;F43_22
C_91.00;30;120
C_75.01;100;2350
C_120.04;140;x10_x1286_x876_x16_x775
C_75.01;100;2710
C_40.00;70;300
F_15.00;90;183
C_75.01;80;1920
D_05.00;50;F43_12
D_05.00;40;G46_12
F_32.01;40;100
J_02.00;140;420
C_118.00;130;x414_RO
C_66.01;10;260
D_07.00;120;340
D_05.00;40;C17_22
F_11.01;40;130
C_118.00;130;x414_HU
C_66.01;10;640
C_118.00;160;x416_CY
F_18.00;70;540
D_05.00;50;C20_41
C_120.04;120;x99_x130_x876_x15_x777
F_18.00;80;380
C_73.00;50;885
R_06.01;70;20
C_75.01;80;230
F_18.00;122;225
F_18.00;57;211
C_75.01;90;80
C_75.01;40;2170
J_02.00;140;440
D_05.00;40;B8_99
C_05.01;10;92
C_67.00;17;120
C_34.02;60;10
C_32.02;90;150
R_02.01;10;110
D_05.00;110;G47_11
D_05.00;70;N81_21
C_17.01;100;640
C_07.00;140;260
C_10.01;60;120
C_73.00;20;250
J_08.00;20;230
F_25.01;90;80
C_13.01;20;460
F_18.00;55;450
C_66.01;10;390
C_13.01;860;570
C_106.01;120;x485
F_23.03;140;120
C_18.00;50;30
C_13.01;220;450
C_75.01;40;1410
C_118.00;160;x415_IR
D_05.00;50;A3_1
D_05.00;20;A1_62
C_73.00;60;1055
C_08.02;30;NULL
C_82.00;70;310
C_118.00;170;x415_VN
C_07.00;140;160
C_91.00;140;130
D_05.00;40;G47_78
C_17.01;100;30
C_08.01;270;60
C_75.01;90;920
C_118.00;190;x415_MU
C_118.00;204;x414_DK
C_75.01;60;990
C_33.00;270;40
D_05.00;130;G47_52
C_13.01;30;360
C_32.02;100;210
C_75.01;100;2030
C_08.01;310;160
C_22.00;80;320
D_05.00;70;I55_1
D_05.00;30;C29_31
C_13.01;140;500
C_74.00;10;430
C_120.02;100;x12_x49_x26
D_05.00;130;C10_82
C_33.00;300;160
C_74.00;60;30
C_118.00;203;x414_SE
C_73.00;50;975
C_34.05;130;140
F_23.03;130;50
C_75.01;20;240
D_03.01;70;C33_14_x87
C_74.00;40;120
D_05.00;80;A1_43
C_114.00;140;x415_IL
C_91.00;120;130
C_80.00;100;510
C_114.00;180;x417_BJ
C_75.01;100;2160
C_05.02;40;30
F_18.00;191;520
C_75.01;40;2110
D_05.00;110;C11_05
D_05.00;100;G46_47
J_05.00;40;590
C_75.01;90;380
C_118.00;150;x418_NZ
C_75.01;100;2580
J_06.00;20;640
C_84.00;20;140
D_05.00;90;A1_28
J_04.00;100;630
D_05.00;80;N78_3
F_09.02;10;40
D_09.01;90;190
C_80.00;10;220
C_32.02;250;80
C_114.00;160;x414_PL
C_34.05;60;170
J_03.00;140;310
C_29.00;60;NULL
C_18.00;70;325
C_13.01;80;640
C_118.00;208;x414_HU
C_118.00;202;x414_x33
C_13.01;160;410
C_82.00;30;410
C_13.01;40;530
F_18.00;57;224
C_106.01;100;x611
C_114.00;202;x414_BG
D_08.00;220;130
M_03.00;10;520
J_05.00;310;170
C_13.01;340;530
C_74.00;110;269
C_13.01;750;620
C_32.02;190;200
C_32.02;270;190
C_13.01;250;470
D_05.00;50;C10_83
D_02.00;110;50
C_13.01;160;640
C_24.00;90;60
D_05.00;140;C28_24
C_66.01;25;1240
C_13.01;170;310
C_118.00;150;x416_AM
M_03.00;20;580
C_73.00;30;40
D_05.00;90;H52_24
D_05.00;110;N77_29
D_05.00;20;I55_3
C_34.05;60;210
C_74.00;60;305
C_118.00;205;x418_IN
C_66.01;10;30
C_18.00;60;200
D_05.00;90;K66_21
C_114.00;150;x417_GG
C_75.01;90;1610
F_23.03;130;30
C_22.00;100;400
C_75.01;70;2690
C_114.00;190;x415_AM
C_13.01;170;280
D_05.00;140;C27_11
C_73.00;20;230
C_40.00;20;300
C_13.01;670;590
D_05.00;140;F43
C_18.00;60;90
F_11.04;50;210
C_22.00;90;480
C_66.01;10;1140
M_02.00;30;190
C_75.01;100;1630
J_02.00;100;630
D_05.00;50;A1_61
C_118.00;190;x416_TN
C_75.01;80;890
C_82.00;30;260
C_05.01;50;65
D_05.00;130;G46_49
C_17.01;100;350
J_02.00;90;570
C_75.01;60;1500
F_23.03;130;90
D_05.00;60;F43_12
D_05.00;20;N80_3
D_05.00;40;G46_14
C_114.00;205;x418_AU
C_10.01;10;100
C_13.01;870;590
D_05.00;50;G46_51
F_18.00;102;420
D_07.00;80;480
C_118.00;209;x418_CA
D_05.00;100;C25_3
D_05.00;20;J58_13
C_08.01;130;20
C_72.00;30;485
D_05.00;70;E37
C_114.00;209;x414_TR
D_07.00;70;240
C_118.00;209;x419_DE
C_32.02;270;60
C_32.03;140;NULL
C_08.02;220;NULL
C_13.01;870;375
C_75.01;90;1480
C_82.00;80;290
C_103.00;200;NULL
C_22.00;80;270
C_16.00;110;120
F_09.01.1;120;190
D_05.00;110;M72_11
D_09.01;110;190
C_84.00;20;120
F_18.00;141;214
C_74.00;100;420
C_22.00;40;100
C_75.01;100;2200
C_120.01;120;x617
D_05.00;90;G46_41
C_73.00;30;1360
D_07.00;120;400
C_32.02;200;40
F_23.05;130;220
C_118.00;170;x416_TN
D_05.00;40;C15_12
C_13.01;930;470
F_04.09;45;9
F_46.00;100;90
J_05.00;310;630
C_84.00;40;120
C_07.00;40;130
C_114.00;150;x415_SD
F_12.00;80;490
F_18.00;910;227
J_03.00;70;630
C_32.03;20;NULL
C_32.02;250;40
C_13.01;70;590
D_05.00;80;R91_02
D_09.02;280;30
C_13.01;10;590
C_74.00;130;317
C_08.01;230;80
C_13.01;340;460
C_05.01;20;441
C_13.01;840;460
D_05.00;40;G46_38
D_05.00;120;G46_39
C_14.01;370;NULL
C_13.01;30;480
C_120.04;120;x7_x1286_x876_x16_x777
C_13.01;140;600
C_13.01;340;590
C_114.00;190;x418_CA
C_13.01;70;530
C_118.00;170;x418_GR
C_118.00;160;x417_KY
C_07.00;160;120
C_13.01;150;580
C_74.00;40;299
J_02.00;130;20
F_18.00;56;211
C_13.01;40;270
D_05.00;20;F43_3
D_05.00;90;K66_29
C_75.01;70;1470
C_80.00;120;690
J_07.00;50;610
D_05.00;30;N77_35
D_05.00;100;C10_82
J_04.00;120;610
C_80.00;90;650
D_05.00;130;N80_3
C_24.00;80;20
C_80.00;30;470
C_114.00;205;x417_AM
C_32.02;150;170
D_05.00;80;C20_3
C_74.00;120;339
C_74.00;50;50
J_03.00;150;200
C_118.00;150;x414_SE
C_118.00;150;x415_SN
C_106.01;100;x624
J_02.00;150;550
C_32.02;100;170
J_02.00;150;110
C_118.00;203;x414_HR
C_80.00;100;190
D_05.00;40;G47_61
D_05.00;100;F43_9
F_09.01.1;130;70
C_120.04;120;x101_x1285_x876_x15_x776
D_05.00;90;G47_52
C_13.01;160;374
C_118.00;207;x418_AM
C_07.00;90;260
F_18.00;900;920
C_24.00;150;110
C_80.00;110;650
C_07.00;120;260
D_05.00;20;C33_2
F_09.02;10;210
D_05.00;50;N77_4
C_114.00;160;x418_JP
J_07.00;310;630
C_66.01;25;680
F_15.00;100;181
C_75.01;90;630
C_13.01;930;540
C_75.01;60;100
J_07.00;290;530
C_40.00;85;220
J_02.00;80;590
D_05.00;120;G47_3
C_34.05;150;70
M_05.00;90;x279_x630
R_04.01;40;0043_0043
J_02.00;130;320
C_18.00;70;310
M_03.00;20;410
D_09.01;80;40
D_05.00;90;N82_91
F_32.01;105;110
C_84.00;30;90
F_18.00;122;550
C_10.01;30;70
C_22.00;100;40
C_118.00;208;x414_x33
D_05.00;110;F43_12
C_118.00;205;x419_NO
C_13.01;320;650
J_05.00;60;290
C_74.00;80;319
F_18.00;950;920
D_05.00;100;G46_1
C_13.01;150;540
C_73.00;50;1440
D_07.00;150;360
D_05.00;70;R92
C_13.01;290;460
D_05.00;130;C17_22
C_07.00;130;240
D_05.00;70;K66_3
C_75.01;20;750
C_118.00;160;x417_CR
C_13.01;330;510
C_72.00;30;30
C_13.01;20;373
D_07.00;50;390
C_13.01;750;540
C_07.00;100;140
D_09.01;110;130
F_46.00;40;80
C_23.00;70;20
D_05.00;70;F43_1
C_106.01;100;x621
F_18.00;191;470
D_05.00;70;K64_19
C_73.00;30;650
D_05.00;100;Q88_9
C_118.00;190;x417_DO
C_118.00;190;x418_GR
C_07.00;30;210
C_120.04;130;x101_x1285_x876_x16_x776
C_114.00;180;x415_TW
C_34.02;100;40
J_09.00;20;10
C_80.00;40;730
D_05.00;110;C25_11
J_04.00;60;600
C_114.00;205;x415_MO
C_114.00;140;x415_MO
C_80.00;120;590
C_13.01;920;660
C_13.01;230;580
C_32.02;150;80
C_81.00;80;370
F_18.00;101;340
F_23.05;150;220
F_18.00;143;225
D_05.00;90;C33_2
C_13.01;290;590
F_12.01;90;550
D_05.00;100;A1_42
C_22.00;90;300
F_35.00;100;20
C_13.01;260;520
C_75.01;80;570
C_13.01;290;550
D_05.00;50;F43_29
C_73.00;30;760
C_34.02;70;100
C_74.00;50;303
C_13.01;310;460
F_13.01;55;40
C_17.02;170;NULL
C_114.00;150;x415_SA
D_05.00;50;G47_22
C_75.01;20;2020
D_05.00;50;M72_19
C_22.00;80;80
C_81.00;30;320
F_23.02;40;410
C_17.01;90;840
C_74.00;110;460
D_05.00;40;F43_39
C_75.01;70;490
D_08.00;90;150
C_10.01;50;120
C_118.00;150;x416_MC
C_118.00;209;x415_IL
F_18.00;180;530
C_82.00;10;380
C_114.00;209;x418_RU
D_05.00;120;C32_99
C_13.01;660;480
C_13.01;240;560
C_07.00;130;310
C_73.00;20;850
D_02.00;90;100
C_13.01;660;670
F_18.00;192;530
C_114.00;150;x418_JP
C_34.03;70;220
F_32.02;50;250
C_118.00;170;x415_CI
C_114.00;170;x416_KY
J_02.00;120;610
C_114.00;205;x415_MY
C_18.00;20;10
C_32.02;50;70
C_34.03;20;340
F_32.01;100;110
C_32.02;230;80
C_106.01;120;x619
C_114.00;202;x416_MZ
C_13.01;150;470
F_18.00;122;380
C_114.00;170;x417_MC
J_07.00;40;380
J_03.00;10;590
D_05.00;90;C28_99
F_08.01;37;70
D_05.00;20;G46_77
C_17.01;90;923
C_114.00;180;x416_CL
F_46.00;30;130
F_23.03;120;180
D_05.00;110;G46_75
J_06.00;290;330
C_114.00;206;x418_NZ
C_34.05;130;120
D_05.00;120;G46_73
C_22.00;90;290
C_75.01;40;240
F_18.00;196;500
C_118.00;203;x414_SI
C_34.05;50;80
C_118.00;170;x417_CL
C_75.01;100;1320
C_80.00;20;240
C_118.00;160;x417_VE
C_80.00;20;140
C_13.01;680;620
C_114.00;170;x415_CL
C_10.01;70;50
D_05.00;70;H52_22
C_118.00;190;x417_CI
C_80.00;10;240
J_04.00;10;580
C_102.00;40;NULL
C_73.00;60;975
J_02.00;140;150
C_13.01;60;610
C_73.00;30;885
C_73.00;60;1440
C_75.01;40;2210
D_05.00;100;Q88_1
J_02.00;10;260
C_19.00;530;110
C_118.00;150;x416_BH
F_18.00;121;212
C_05.02;20;50
C_13.01;100;640
C_13.01;160;470
C_13.01;690;660
C_75.01;100;1400
C_75.01;40;790
C_102.00;131;NULL
C_07.00;70;300
C_75.01;80;2680
D_05.00;50;G46_15
J_09.00;30;100
C_40.00;75;290
D_05.00;120;G47_82
D_05.00;70;N77_39
C_114.00;190;x416_VE
C_118.00;160;x418_NO
R_04.01;40;0370_0370
C_118.00;150;x416_EG
C_75.01;40;2340
C_118.00;150;x417_GR
D_05.00;70;S95_22
C_118.00;204;x414_RO
C_75.01;40;600
D_05.00;50;G47_3
C_13.01;650;610
C_13.01;40;380
C_34.01;40;70
C_29.00;270;NULL
C_80.00;10;180
F_41.02;30;40
C_34.05;60;40
C_13.01;900;470
C_13.01;10;530
C_114.00;180;x417_ID
C_66.01;25;1280
D_05.00;40;H52_24
D_05.00;120;A1_43
C_05.01;10;61
D_05.00;110;C23_51
C_34.02;140;130
J_04.00;120;570
C_13.01;650;480
C_32.03;70;NULL
C_13.01;870;373
C_73.00;30;460
C_75.01;100;2090
D_05.00;100;A1_11
C_120.04;100;x6_x130_x876_x15_x776
C_13.01;670;460
R_01.00;80;30
D_09.01;20;160
C_114.00;203;x415_SA
C_13.01;840;650
C_120.04;150;x2_x1285_x1284_x15_x822
C_75.01;90;1570
C_66.01;25;1010
C_75.01;100;290
C_75.01;20;1580
C_114.00;170;x415_EG
C_34.02;10;30
D_05.00;40;C10
D_05.00;130;G47_78
C_80.00;110;110
D_05.00;100;F43_1
C_80.00;120;870
C_75.01;80;2540
D_09.01;90;130
C_118.00;206;x419_GB
C_120.01;50;x523
C_84.00;20;220
D_08.00;240;150
C_114.00;205;x418_CN
D_05.00;30;F43
C_08.01;100;180
C_17.01;100;921
C_34.02;10;100
C_10.01;70;90
C_82.00;20;70
C_82.00;80;250
C_118.00;205;x415_AR
C_13.01;690;560
C_73.00;30;870
C_75.01;70;500
D_05.00;120;G46_46
C_74.00;150;570
C_13.01;690;600
C_21.00;50;130
D_05.00;110;A1_49
C_07.00;100;120
D_05.00;50;J61_1
C_17.01;100;470
C_114.00;205;x418_ES
D_05.00;110;C29_1
C_114.00;206;x418_x1
C_13.01;680;470
C_114.00;190;x418_IN
C_13.01;270;600
C_13.01;880;640
D_09.02;260;60
C_13.01;930;640
C_74.00;110;337
C_75.01;100;2640
C_120.02;100;x12_x50_x26
D_05.00;30;A1_61
C_75.01;90;940
F_23.03;120;140
D_05.00;70;Q88_1
C_118.00;207;x418_NZ
C_32.02;200;210
D_07.00;150;420
C_13.01;270;500
D_03.01;70;B9_x85
J_07.00;310;370
C_13.01;30;260
C_75.01;100;2570
D_05.00;70;A1_41
C_73.00;60;1410
C_13.01;270;590
D_05.00;40;F43_3
C_16.00;40;40
F_08.01;40;10
C_66.01;10;200
F_18.00;140;221
D_05.00;130;G46_74
C_08.01;90;60
C_114.00;203;x414_CZ
C_80.00;90;380
D_05.00;30;N77_33
D_05.00;40;C20_59
C_73.00;30;207
D_05.00;30;C28_24
J_07.00;40;530
J_03.00;60;610
C_75.01;90;2070
C_22.00;20;90
C_21.00;60;21
C_75.01;20;1190
C_118.00;206;x414_AT
C_22.00;60;270
D_05.00;60;G47_71
C_118.00;207;x418_CL
C_24.00;80;40
C_35.03;20;90
C_74.00;120;285
J_02.00;130;400
C_13.01;100;520
C_66.01;25;65
C_66.01;25;30
D_07.00;70;450
C_114.00;180;x415_CR
J_07.00;280;570
C_114.00;180;x415_GG
F_08.01;40;430
F_25.01;30;50
C_21.00;20;110
C_74.00;110;201
F_32.01;55;120
F_09.01.1;130;110
D_05.00;100;C10_72
J_05.00;280;620
C_120.04;120;x10_x1286_x876_x15_x775
C_75.01;90;270
D_05.00;30;Q88_99
C_40.00;10;95
R_04.01;20;0020_0020
D_05.00;140;G46_16
C_118.00;209;x418_IN
C_83.00;50;20
C_118.00;170;x415_NC
F_18.00;160;400
C_91.00;50;110
C_32.02;250;70
C_13.01;890;600
D_05.00;110;C20_41
D_07.00;20;500
C_82.00;30;350
J_02.00;130;550
C_80.00;90;1000
C_114.00;160;x418_AR
F_11.04;30;40
C_13.01;160;620
D_05.00;100;C18_11
F_32.01;80;15
C_80.00;40;910
F_46.00;100;50
C_74.00;90;460
F_20.05;22;30
D_05.00;110;C23_7
C_34.05;30;40
C_114.00;205;x414_CH
C_118.00;190;x414_DK
C_13.01;920;600
C_21.00;70;40
C_118.00;150;x418_AR
D_05.00;50;J63_12
F_18.00;192;450
C_73.00;50;460
F_19.00;130;224
C_74.00;130;60
C_34.10;10;10
C_13.01;110;560
D_05.00;50;S94_12
D_09.02;250;60
F_23.03;170;140
J_06.00;310;350
D_05.00;70;G46_74
C_74.00;100;287
C_75.01;70;2760
C_80.00;110;760
J_06.00;290;580
D_05.00;70;C31_09
C_75.01;70;840
D_02.00;120;100
C_66.01;25;253
C_14.00;75;NULL
C_91.00;130;110
C_13.01;260;580
C_80.00;110;530
C_81.00;90;350
C_32.02;80;40
C_114.00;170;x415_BH
C_13.01;340;650
C_32.02;170;150
C_07.00;60;110
J_08.00;20;130
C_75.01;90;2010
C_13.01;120;560
D_05.00;20;R93_21
C_32.02;70;200
D_05.00;100;G47_43
C_35.02;20;20
C_120.02;100;x14_x49_x26
C_74.00;120;40
C_13.01;30;256
C_118.00;130;x415_IL
C_114.00;160;x416_CI
C_75.01;20;10
C_09.04;20;20
C_13.01;60;510
J_02.00;150;320
C_75.01;60;950
C_114.00;160;x418_NZ
C_114.00;160;x416_BH
C_74.00;140;315
C_118.00;180;x415_KZ
F_04.03.1;71;40
C_75.01;40;2020
C_05.01;40;441
C_32.02;250;210
J_03.00;110;600
C_75.01;60;520
F_18.00;143;216
C_13.01;40;630
R_01.00;90;10
C_32.02;80;80
C_114.00;208;x418_SG
C_75.01;20;2550
F_18.00;101;380
F_32.01;105;20
J_03.00;140;240
F_18.00;952;933
C_22.00;70;100
D_05.00;80;N77_4
F_18.00;191;540
F_18.00;910;440
C_34.05;140;100
D_05.00;50;G47_11
R_06.01;90;10
D_05.00;110;J59_13
F_08.01;34;445
C_13.01;900;540
C_08.02;60;NULL
F_23.05;70;230
C_106.01;100;x576
F_18.00;952;221
D_05.00;70;S94_99
C_14.01;470;NULL
C_22.00;100;20
F_18.00;80;550
C_75.01;90;1420
C_114.00;209;x414_SK
D_05.00;100;C28_99
C_32.02;80;170
F_18.00;102;480
C_118.00;190;x416_GH
J_05.00;40;340
C_120.01;120;x527
C_34.03;70;20
D_05.00;70;P85_52
C_114.00;199;x414_TR
C_80.00;10;490
C_118.00;170;x417_AM
F_05.01;30;120
C_120.01;50;x483
C_114.00;150;x418_NZ
C_18.00;40;13
D_07.00;40;450
C_13.01;250;620
R_12.00;30;40
D_08.00;90;130
D_07.00;100;420
C_75.01;70;1710
C_34.03;20;80
C_75.01;80;1400
D_05.00;30;F42_99
C_80.00;90;340
F_25.01;60;100
C_34.02;220;130
D_05.00;100;G47_76
D_05.00;110;S94_2
C_73.00;20;30
F_25.01;20;80
C_114.00;160;x416_NC
D_05.00;50;I56_3
D_05.00;80;C28_3
R_04.01;40;0350_0350
C_118.00;150;x414_BG
F_09.02;20;110
D_05.00;80;G47_19
F_11.04;40;130
C_75.01;90;400
C_75.01;40;2530
C_22.00;100;210
F_04.09;45;7
C_66.01;25;235
C_74.00;110;210
C_114.00;160;x415_SN
C_75.01;60;2440
C_34.03;20;110
D_05.00;100;G47_78
D_05.00;90;G46_74
J_02.00;40;620
C_07.00;90;100
D_05.00;140;Q87_9
J_08.00;20;360
C_118.00;160;x415_BJ
D_05.00;40;F42_22
C_22.00;60;140
D_09.01;110;150
C_28.00;120;NULL
C_13.01;310;630
C_115.00;52;NULL
D_05.00;130;C28_99
C_75.01;90;2500
C_75.01;100;960
J_03.00;100;580
C_118.00;150;x415_GG
C_114.00;190;x415_UA
C_13.01;130;640
C_05.01;30;425
F_32.04;50;140
D_05.00;110;G47_82
D_05.00;90;F43_3
C_114.00;170;x415_CI
C_13.01;20;375
C_13.01;270;560
C_74.00;120;313
F_09.02;20;80
C_75.01;80;740
D_05.00;70;S94_91
D_05.00;80;A1_61
C_67.00;16;10
D_05.00;140;G47_81
C_114.00;205;x414_TR
J_02.00;20;620
C_18.00;20;370
F_11.04;50;170
C_17.01;90;10
F_04.09;30;5
D_05.00;120;G46_6
C_43.00;30;65
C_80.00;10;120
C_73.00;20;610
D_05.00;20;B8_99
C_114.00;160;x415_CR
C_120.01;50;x526
D_05.00;60;F41
D_05.00;130;G47_43
C_74.00;110;267
C_40.00;70;71
C_118.00;190;x414_RO
R_01.00;71;31
D_05.00;20;N77_34
C_75.01;40;1390
F_20.04;26;40
D_05.00;90;N80_3
C_75.01;70;2210
C_75.01;90;2730
F_23.01;30;100
C_118.00;205;x415_AM
D_05.00;70;C13_3
C_13.01;930;520
D_05.00;50;N77_29
D_05.00;30;C10_51
C_66.01;25;950
C_18.00;50;350
C_66.01;10;520
C_22.00;70;470
F_18.00;952;214
D_05.00;70;F43_9
C_80.00;30;160
D_05.00;80;C20_41
C_118.00;207;x414_BG
C_114.00;160;x418_CZ
C_75.01;70;2460
C_75.01;70;1950
C_13.01;110;600
C_118.00;170;x414_RO
C_22.00;40;50
C_18.00;40;370
C_14.00;287;NULL
J_07.00;290;590
C_07.00;70;150
D_05.00;80;G46_6
D_05.00;40;K66_21
C_13.01;170;220
C_75.01;10;2760
F_11.01;40;360
C_13.01;100;620
C_13.01;120;600
C_118.00;204;x414_HU
D_09.02;210;40
J_03.00;80;580
C_114.00;170;x418_BE
C_11.00;40;90
C_114.00;207;x415_PH
C_114.00;201;x414_HU
D_05.00;40;C10_11
D_05.00;20;G46_42
F_04.03.1;20;40
C_118.00;170;x414_CH
D_07.00;160;440
C_10.01;30;120
C_81.00;70;300
C_07.00;110;260
C_75.01;70;1200
C_118.00;170;x415_MC
C_34.09;10;80
C_118.00;150;x418_CZ
C_13.01;170;600
C_08.02;190;NULL
C_75.01;100;670
R_04.01;30;0190_0190
D_05.00;140;N77_33
D_05.00;50;C23_51
D_05.00;60;H49_32
C_13.01;20;590
C_118.00;170;x415_CY
D_05.00;30;G46_45
C_32.01;40;140
D_01.00;110;550
D_05.00;80;J58_19
C_106.00;40;NULL
C_114.00;140;x414_TR
C_114.00;150;x416_MC
J_06.00;40;580
F_18.00;910;221
F_32.01;50;120
D_05.00;30;N77_4
C_10.01;50;10
C_40.00;130;280
C_13.01;900;620
C_82.00;90;210
C_07.00;170;90
F_10.00;40;300
F_18.00;170;440
F_46.00;50;130
D_05.00;50;G46_46
C_13.01;160;260
D_05.00;50;G47_19
J_02.00;130;110
F_04.03.1;40;30
C_08.01;200;170
D_05.00;110;G45_2
F_23.03;160;160
C_34.05;70;130
F_23.03;170;120
C_118.00;190;x416_KZ
C_23.00;50;130
D_05.00;100;S95_24
F_08.01;37;370
F_08.01;40;70
J_03.00;80;620
F_18.00;109;221
D_07.00;60;350
F_18.00;56;930
C_13.01;870;110
C_43.00;40;70
J_03.00;120;600
C_75.01;90;650
C_32.02;250;170
F_18.00;951;920
C_13.01;10;210
F_18.00;30;430
C_13.01;30;290
D_05.00;40;J59_14
C_75.01;90;1300
D_05.00;50;G47_82
F_11.01;40;510
D_05.00;80;J59_13
C_114.00;150;x414_CZ
D_05.00;130;C25_94
C_66.01;10;1131
F_19.00;130;211
J_08.00;10;250
D_05.00;60;G47_19
C_75.01;60;2290
D_05.00;100;G46_21
D_05.00;130;C31_01
D_05.00;110;G47_22
C_07.00;50;270
C_84.00;40;70
C_75.01;80;2470
D_05.00;70;F42_22
C_13.01;250;520
C_13.01;330;570
C_118.00;150;x418_AM
C_05.01;60;443
C_13.01;150;350
D_05.00;130;E38_32
C_32.02;30;180
D_09.02;90;40
D_05.00;80;K64_92
F_23.01;30;200
D_08.00;100;170
C_13.01;140;450
C_118.00;170;x417_DO
C_114.00;201;x414_CH
C_16.00;110;70
D_05.00;120;R91_04
C_17.01;100;160
F_05.01;10;90
D_08.00;80;110
C_74.00;110;339
C_102.00;120;NULL
F_23.03;150;50
D_05.00;140;C19_2
D_07.00;40;500
F_35.00;230;40
C_114.00;206;x416_MZ
F_46.00;60;150
J_04.00;20;620
C_13.01;170;240
D_05.00;100;G46_38
C_106.01;100;x618
F_23.01;50;100
C_120.04;100;x7_x130_x876_x15_x776
C_18.00;60;50
D_05.00;140;C29_31
C_81.00;80;240
D_05.00;50;C10_85
C_75.01;40;2400
C_13.01;160;670
F_18.00;121;224
D_05.00;40;C26_2
C_34.01;30;60
C_18.00;70;110
C_18.00;10;40
D_05.00;90;K66_11
D_05.00;100;G47_25
D_03.02;70;NULL
D_05.00;100;C26_3
J_06.00;30;170
F_46.00;40;70
C_75.01;80;1010
C_74.00;80;30
F_23.03;170;110
D_05.00;60;C30_92
D_05.00;120;C33_11
D_05.00;110;P85_53
J_03.00;130;390
D_05.00;60;A1_4
C_13.01;860;480
D_05.00;130;G46_21
C_80.00;90;690
J_03.00;40;630
C_118.00;130;x414_DK
F_09.01.1;120;50
C_13.01;70;630
C_74.00;40;450
C_80.00;40;1090
D_05.00;90;S95_12
F_25.01;70;40
C_114.00;205;x415_AM
C_120.04;130;x101_x1286_x876_x15_x775
C_17.01;90;910
C_34.05;130;70
F_18.00;950;216
C_80.00;30;540
C_34.03;10;270
D_07.00;160;480
C_13.01;150;330
D_05.00;30;G46_18
C_73.00;50;270
C_75.01;70;2180
J_03.00;50;640
C_34.02;70;60
C_13.01;890;630
C_13.01;240;650
C_75.01;20;2490
D_05.00;140;F42_91
J_07.00;270;600
C_22.00;80;400
F_18.00;192;430
C_75.01;100;2470
F_46.00;10;80
C_80.00;110;940
F_15.00;100;127
C_103.00;150;NULL
C_75.01;80;1630
D_02.00;140;100
C_114.00;140;x414_RO
C_13.01;150;640
C_75.01;70;970
C_118.00;190;x416_GR
C_13.01;880;580
C_07.00;211;30
J_07.00;40;40
M_01.00;20;260
D_05.00;120;H49_32
C_22.00;100;460
D_05.00;40;F42_11
C_75.01;20;2630
C_67.00;50;120
C_75.01;100;2330
D_05.00;110;C10_85
F_18.00;951;223
C_22.00;80;340
D_05.00;90;N77_39
D_05.00;120;G47_19
C_07.00;100;180
C_75.01;90;2450
D_05.00;30;M73_2
C_118.00;170;x416_GR
C_75.01;90;2430
C_106.01;100;x524
F_23.03;120;70
D_05.00;30;J58_29
C_80.00;20;490
C_75.01;20;2380
C_80.00;110;20
C_13.01;880;620
D_05.00;80;K65_12
D_05.00;30;A1_4
C_75.01;100;1270
C_91.00;70;90
C_80.00;90;550
F_05.01;50;120
C_75.01;70;1800
D_05.00;130;C10
D_09.02;180;30
M_02.00;10;170
C_80.00;90;400
C_105.01;40;NULL
C_75.01;60;1370
D_09.01;100;40
D_05.00;60;C13_93
C_24.00;70;90
J_04.00;70;620
C_68.00;20;120
C_74.00;90;337
D_05.00;50;J59_13
C_75.01;20;280
C_13.01;140;660
D_05.00;30;J58_14
D_05.00;20;G47_91
F_32.01;100;20
C_115.00;133;NULL
C_23.00;70;80
C_75.01;40;2320
D_05.00;130;G46_63
C_13.01;250;640
C_80.00;10;500
C_114.00;208;x414_HU
C_13.01;150;610
C_23.00;30;135
C_13.01;230;510
C_74.00;60;410
C_13.01;860;670
D_05.00;100;G46_9
C_118.00;160;x417_GG
F_18.00;80;530
D_05.00;20;K66_22
C_07.00;240;30
D_05.00;20;S95_21
D_07.00;70;430
C_07.00;180;110
C_114.00;206;x418_AR
F_23.03;160;90
C_118.00;170;x416_ID
C_16.00;40;80
C_75.01;70;1570
J_05.00;30;580
C_17.01;90;920
C_22.00;60;380
C_33.00;290;210
C_75.01;20;810
C_14.01;430;NULL
C_74.00;130;260
J_07.00;60;350
J_04.00;20;570
J_02.00;100;600
D_05.00;50;J58_21
C_80.00;90;500
D_05.00;70;G46_41
F_19.00;100;930
C_75.01;80;480
J_03.00;130;160
F_25.01;120;80
D_08.00;250;110
C_118.00;150;x417_KZ
C_34.05;150;140
D_05.00;130;G47_76
C_66.01;25;800
C_13.01;40;254
D_05.00;30;C33_11
C_74.00;120;267
C_114.00;170;x418_SG
J_02.00;140;60
R_04.01;30;0320_0320
D_05.00;60;G46_39
F_23.03;40;110
F_25.01;110;40
C_17.02;200;NULL
C_118.00;180;x417_CR
D_07.00;60;390
C_14.00;242;NULL
C_74.00;120;110
D_02.00;90;50
D_09.01;80;170
C_114.00;206;x414_BG
C_73.00;20;300
C_83.00;50;80
C_120.04;150;x6_x130_x876_x15_x776
J_03.00;130;350
C_118.00;190;x415_IL
C_114.00;205;x418_GR
D_05.00;40;G46_74
C_75.01;20;1350
F_15.00;110;185
D_05.00;80;C33_11
D_05.00;50;O84_11
C_08.01;240;30
C_80.00;120;820
D_05.00;20;N78_3
C_75.01;40;1510
J_02.00;140;30
C_32.02;260;170
F_25.01;90;110
J_05.00;290;40
C_10.01;70;100
C_24.00;130;80
C_74.00;160;311
C_23.00;40;110
C_40.00;130;310
C_114.00;208;x418_BE
C_120.04;150;x99_x1286_x1284_x15_x822
D_05.00;100;E38_32
D_05.00;20;C10_72
C_75.01;20;2450
C_07.00;40;100
D_07.00;160;330
D_09.02;200;30
C_18.00;10;10
C_73.00;30;340
D_05.00;30;G47_72
C_34.02;130;80
D_05.00;30;G46_34
F_11.04;50;110
F_32.04;40;90
F_23.03;150;200
C_91.00;110;130
D_05.00;140;H49_2
C_114.00;207;x415_SD
F_18.00;58;222
C_114.00;207;x418_FR
C_24.00;100;20
J_03.00;140;500
C_05.01;50;425
C_18.00;30;350
J_03.00;130;470
C_74.00;60;100
F_18.00;951;225
C_74.00;100;311
F_23.05;20;230
C_101.00;150;NULL
C_13.01;870;210
C_16.00;50;60
D_07.00;60;330
C_91.00;170;130
C_75.01;80;1120
J_03.00;10;490
C_80.00;40;1000
C_75.01;20;2070
C_13.01;170;630
C_75.01;70;2220
C_114.00;190;x415_MO
C_75.01;80;440
C_08.01;190;160
C_34.02;60;120
C_75.01;80;2390
C_07.00;120;160
D_05.00;60;G47_82
C_13.01;30;371
C_118.00;209;x415_AM
J_02.00;150;40
C_75.01;90;1250
C_118.00;190;x417_BH
D_05.00;70;G47_61
C_106.01;120;x666
J_02.00;80;630
D_05.00;100;K64_19
J_06.00;50;600
F_18.00;122;216
D_05.00;100;F43_31
F_08.01;30;30
J_05.00;50;570
C_118.00;205;x418_CH
C_114.00;209;x415_MO
C_118.00;206;x418_NO
C_34.03;10;320
R_01.00;70;31
C_120.02;100;x70_x50_x25
D_05.00;50;G46_73
C_120.02;100;x71_x48_x27
C_28.00;290;NULL
C_07.00;211;100
C_118.00;209;x419_FR
C_05.02;50;120
D_05.00;140;C33_11
C_07.00;60;210
J_02.00;110;610
D_09.01;40;160
F_23.05;160;220
C_91.00;60;120
J_06.00;290;160
C_22.00;70;90
C_66.01;25;160
C_08.01;200;80
C_74.00;110;110
J_02.00;150;460
C_22.00;30;25
C_74.00;40;301
D_05.00;140;C32_2
D_05.00;40;C31_09
J_04.00;10;620
D_07.00;20;430
C_32.02;100;40
C_23.00;20;110
R_12.00;50;20
F_23.02;50;240
C_18.00;50;100
C_80.00;100;130
C_114.00;160;x417_GR
C_75.01;20;2700
C_75.01;20;2590
C_22.00;70;160
D_05.00;100;D35_22
C_13.01;690;450
C_91.00;50;120
D_05.00;70;C26_3
C_114.00;208;x418_CH
C_75.01;80;1110
C_07.00;90;200
F_18.00;102;360
F_08.01;37;240
C_82.00;80;360
C_74.00;40;297
D_05.00;50;F43
D_05.00;90;C10
F_18.00;197;500
C_16.00;100;50
C_07.00;230;120
C_120.06;40;NULL
J_05.00;40;530
D_05.00;100;G45_31
C_74.00;90;110
C_106.01;100;x481
F_04.02.2;20;10
F_11.02;20;80
F_18.00;900;223
D_05.00;140;A1_3
C_74.00;130;570
J_02.00;140;230
C_13.01;240;600
J_04.00;140;190
C_75.01;100;570
D_05.00;90;G47_61
J_05.00;20;630
D_05.00;130;C28_3
C_13.01;660;510
F_18.00;121;214
D_05.00;130;C10_11
D_05.00;20;G46_11
C_13.01;270;450
C_118.00;207;x414_x33
C_07.00;211;282
C_34.05;80;70
D_09.02;230;60
C_114.00;180;x415_VE
C_80.00;40;70
C_05.01;40;61
C_66.01;10;160
C_13.01;10;254
C_18.00;70;220
C_13.01;40;375
C_75.01;60;2610
D_05.00;90;E38_32
C_13.01;150;133
C_24.00;80;110
C_82.00;10;430
C_80.00;20;120
C_74.00;40;10
C_80.00;20;220
C_82.00;10;70
C_22.00;70;350
D_05.00;130;C15_12
D_05.00;70;G46_21
F_46.00;85;100
C_120.06;50;NULL
J_06.00;290;30
F_11.04;50;40
C_66.01;10;155
C_22.00;100;320
D_05.00;40;L68
C_74.00;50;90
C_75.01;100;740
J_02.00;70;620
C_75.01;40;70
C_66.01;25;580
C_91.00;160;80
F_18.00;57;930
C_75.01;20;370
C_07.00;80;280
C_07.00;50;320
F_04.03.1;15;20
C_13.01;60;670
J_03.00;140;180
F_18.00;107;420
F_04.09;41;9
C_16.00;120;70
C_114.00;180;x416_DO
J_02.00;140;250
D_05.00;40;K66_11
D_05.00;30;I55_3
F_18.00;191;390
C_75.01;80;1270
R_01.00;20;31
D_05.00;40;A1_28
D_05.00;50;G46_62
F_23.02;50;180
C_75.01;60;2030
D_05.00;140;F43_21
F_18.00;950;223
D_05.00;50;P85_53
D_09.01;60;180
C_114.00;160;x417_KZ
C_08.02;172;NULL
C_07.00;30;110
C_14.00;265;NULL
C_75.01;100;1590
C_73.00;30;170
C_80.00;100;360
C_40.00;130;370
C_91.00;200;110
D_05.00;20;C25_94
C_114.00;180;x415_SD
F_45.01;20;10
F_20.04;40;30
C_09.04;10;140
C_114.00;150;x415_CR
C_118.00;170;x418_AE
D_05.00;70;I55_9
F_18.00;140;214
C_13.01;840;530
D_05.00;100;C17_22
C_114.00;170;x418_AE
F_18.00;122;223
C_73.00;30;915
C_74.00;160;335
D_05.00;140;G45_19
D_05.00;50;G46_48
C_21.00;10;125
D_05.00;110;A1_41
C_75.01;70;1350
D_05.00;130;F43_31
C_80.00;10;280
C_22.00;80;210
F_25.01;90;20
F_18.00;109;227
C_73.00;30;690
C_118.00;170;x414_HU
C_32.02;60;70
J_02.00;140;510
J_06.00;30;490
C_114.00;206;x418_JP
D_05.00;20;L68
D_05.00;50;G46_39
F_18.00;170;420
D_05.00;100;G47_61
D_07.00;40;430
D_05.00;30;J61_9
J_06.00;310;330
C_24.00;150;40
C_75.01;70;2040
F_18.00;90;480
D_05.00;90;G46_47
D_05.00;140;G45_11
C_05.02;40;100
D_07.00;80;360
D_05.00;130;C31_09
C_22.00;90;360
D_05.00;100;S94_91
C_33.00;270;20
D_07.00;60;410
C_14.00;181;NULL
C_75.01;60;2100
M_02.00;10;180
F_18.00;122;213
C_34.02;110;100
C_114.00;207;x414_PL
F_25.02;150;120
D_09.02;30;60
C_118.00;180;x417_TN
C_81.00;80;120
C_80.00;10;600
C_75.01;70;1330
F_35.00;70;30
R_06.00;10;30
F_23.03;170;70
C_34.05;170;200
C_75.01;60;2230
C_32.02;240;60
C_13.01;170;660
C_114.00;209;x418_GR
C_106.01;120;x608
J_05.00;20;170
D_05.00;80;P85_53
D_05.00;30;G47_3
F_23.03;150;160
C_32.01;40;120
D_05.00;20;R90_04
C_13.01;650;510
C_66.01;25;195
D_05.00;70;C15_12
C_24.00;160;110
C_74.00;90;283
C_75.01;90;2490
C_66.01;140;740
C_22.00;90;230
C_75.01;40;1620
C_75.01;80;900
C_114.00;190;x415_CI
C_118.00;202;x419_GB
J_03.00;140;10
D_05.00;50;M73_2
C_16.00;110;10
C_120.04;130;x6_x130_x876_x15_x776
C_75.01;40;1680
F_23.03;130;150
C_17.01;100;360
D_05.00;40;C31_02
D_05.00;20;S94_99
D_05.00;90;S94_92
C_75.01;80;1340
C_80.00;90;760
C_16.00;90;70
C_34.02;70;50
C_29.00;100;NULL
C_75.01;80;610
C_114.00;209;x418_AU
D_05.00;90;H52_22
C_13.01;890;560
D_05.00;100;G47_62
C_75.01;80;2780
C_73.00;20;1320
C_75.01;100;1460
C_13.01;870;550
C_18.00;60;12
C_74.00;50;470
D_05.00;40;G46_47
C_07.00;170;100
C_114.00;170;x416_SN
F_08.01;40;370
F_18.00;107;440
F_15.00;80;44
C_33.00;270;75
C_13.01;10;375
F_35.00;130;20
D_05.00;130;G45_31
F_08.01;37;310
C_73.00;50;920
C_74.00;120;337
C_106.01;120;x504
C_72.00;30;580
C_120.04;130;x7_x130_x876_x15_x776
C_32.02;230;40
D_05.00;50;R91_02
C_16.00;60;60
C_08.01;80;80
C_73.00;20;480
D_05.00;110;S94_12
D_05.00;140;G47_72
D_05.00;130;F42_22
C_101.00;80;NULL
C_13.01;840;550
D_05.00;40;C18_11
F_46.00;85;60
C_114.00;130;x414_HU
F_23.02;40;160
C_118.00;209;x415_AR
C_13.01;160;520
F_12.00;80;10
M_03.00;10;510
C_22.00;90;160
C_14.00;252;NULL
D_05.00;60;G46_32
C_33.00;270;140
C_118.00;206;x418_AM
C_34.02;150;140
C_22.00;90;330
C_120.04;120;x7_x1285_x876_x16_x775
C_32.02;90;160
C_32.02;190;160
C_80.00;10;310
F_04.09;100;8
F_08.01;40;140
D_05.00;110;G46_46
J_05.00;30;570
J_02.00;20;540
F_25.02;50;120
C_17.01;90;240
C_73.00;30;550
D_03.01;70;B7_2_x90
C_40.00;85;380
C_32.02;120;160
C_118.00;170;x418_BE
C_10.01;60;110
F_18.00;141;211
M_05.00;80;x279_x629
C_17.01;90;730
C_74.00;120;269
C_118.00;180;x417_KY
D_05.00;140;D35_13
D_05.00;40;S95_24
C_74.00;100;319
C_82.00;10;370
C_118.00;150;x416_CL
J_06.00;30;600
M_02.00;10;210
D_05.00;50;P85_42
C_118.00;199;x414_DK
C_05.01;30;112
C_75.01;80;950
C_75.01;10;2750
D_05.00;50;G47_29
C_75.01;60;800
C_118.00;170;x414_SK
C_114.00;180;x418_JP
C_22.00;90;250
C_13.01;230;540
C_80.00;90;170
J_02.00;110;570
J_07.00;60;300
C_114.00;150;x418_FR
C_114.00;203;x415_PH
C_118.00;190;x414_CH
C_118.00;201;x419_DE
D_02.00;110;100
D_05.00;130;Q87_2
C_66.01;10;1280
C_17.02;120;NULL
C_32.02;210;190
C_75.01;100;610
C_13.01;310;650
C_120.04;190;x102_x1286_x1284_x15_x822
C_22.00;60;370
C_13.01;70;550
C_32.02;170;60
C_80.00;120;980
D_05.00;30;R91_01
C_13.01;40;590
D_09.02;220;40
C_114.00;180;x414_SI
C_114.00;206;x418_HK
J_05.00;20;590
C_75.01;100;1690
J_04.00;70;640
D_09.01;160;170
C_80.00;110;340
C_118.00;190;x415_MC
C_74.00;80;263
D_05.00;50;G47_24
D_09.01;30;140
C_13.01;260;620
D_05.00;50;J61_9
C_120.04;150;x100_x130_x876_x15_x775
D_05.00;30;F43_33
C_73.00;30;400
J_06.00;300;490
C_118.00;209;x418_SG
C_22.00;70;390
D_05.00;70;C28_99
C_05.02;30;140
C_16.00;100;100
C_34.05;170;160
C_13.01;20;270
D_05.00;140;C20_11
F_46.00;80;160
J_06.00;280;490
J_07.00;20;630
C_118.00;160;x416_VN
D_05.00;70;C25_5
C_18.00;50;330
C_07.00;150;120
J_08.00;20;250
C_13.01;750;640
C_91.00;10;100
C_13.01;50;670
C_114.00;205;x415_CO
C_114.00;150;x415_BJ
C_13.01;170;251
C_106.01;100;x484
C_13.01;870;460
C_75.01;70;910
F_23.03;140;70
C_102.00;180;NULL
C_114.00;180;x417_GH
D_05.00;110;G47_77
F_12.01;125;530
J_02.00;130;10
J_02.00;10;250
C_114.00;160;x416_MC
C_13.01;120;550
C_114.00;208;x418_GR
C_80.00;10;980
C_32.02;130;170
D_05.00;110;G46_39
J_02.00;150;380
D_05.00;20;P85_51
C_75.01;100;2770
J_07.00;60;570
D_05.00;130;R91_03
C_67.00;30;10
F_18.00;55;370
C_18.00;60;30
C_66.01;25;410
F_18.00;70;390
F_23.01;30;90
C_13.01;730;620
C_73.00;50;210
C_114.00;180;x414_PL
C_05.01;30;443
C_75.01;90;40
C_14.00;140;NULL
J_03.00;150;30
D_05.00;40;Q87_2
C_40.00;75;230
C_22.00;90;190
J_06.00;40;230
C_24.00;170;90
C_74.00;120;140
C_13.01;40;251
C_13.01;130;620
C_74.00;120;20
J_04.00;110;570
C_13.01;120;500
C_32.02;30;70
C_18.00;40;10
C_34.02;60;140
C_75.01;60;930
C_13.01;40;320
C_118.00;160;x415_TN
D_07.00;140;110
F_18.00;106;360
F_18.00;180;450
C_40.00;10;230
D_05.00;20;D35_14
C_114.00;180;x418_NZ
C_13.01;690;500
D_05.00;50;M72_11
C_118.00;180;x416_MC
C_17.01;90;560
F_18.00;30;450
C_13.01;320;530
J_05.00;300;640
D_05.00;70;F42_21
D_05.00;140;F43_29
C_74.00;150;327
C_18.00;60;230
C_75.01;100;2410
D_05.00;60;G46_31
D_05.00;100;R90_01
D_05.00;120;G46_31
F_23.03;150;90
C_35.03;40;150
C_08.01;30;20
C_40.00;130;20
J_02.00;150;220
C_07.00;190;130
F_11.01;40;150
D_05.00;50;C33_12
D_07.00;40;370
C_75.01;90;1360
D_05.00;70;G46_9
C_73.00;30;1190
F_08.01;40;280
D_05.00;130;G46_38
J_06.00;30;500
F_23.03;160;100
C_114.00;190;x416_CR
C_118.00;208;x415_IL
C_114.00;208;x418_IN
D_05.00;90;P85_52
C_118.00;207;x419_ES
C_114.00;199;x414_CH
C_66.01;25;1140
C_118.00;203;x414_BG
C_22.00;80;460
C_13.01;80;620
F_23.02;40;350
C_24.00;70;100
C_07.00;60;320
J_05.00;40;380
J_03.00;20;630
C_13.01;310;590
D_05.00;50;C25_93
F_46.00;120;140
J_06.00;20;580
C_34.02;140;60
C_75.01;20;1260
C_25.00;70;40
C_08.01;220;160
C_35.03;20;130
D_05.00;70;N81_1
F_18.00;196;460
C_114.00;207;x418_HK
D_09.02;180;60
C_28.00;280;NULL
J_06.00;280;170
F_23.01;50;150
C_13.01;40;370
C_13.01;10;361
C_34.03;20;310
C_13.01;10;240
D_03.01;70;B7_x90
F_18.00;106;510
C_118.00;190;x417_AM
C_75.01;100;1110
D_05.00;140;F43_22
C_80.00;100;150
D_05.00;50;A2_2
D_05.00;100;F42_22
C_13.01;160;290
D_05.00;140;G47_79
C_07.00;70;90
F_46.00;85;190
C_07.00;140;290
F_08.01;40;80
J_05.00;310;590
D_05.00;140;G46_18
C_75.01;20;2170
C_73.00;30;630
C_80.00;110;320
C_74.00;120;460
C_80.00;20;180
C_74.00;60;540
C_75.01;100;2520
D_05.00;50;G46_31
D_05.00;130;L68
C_74.00;80;311
D_08.00;260;140
C_13.01;730;670
C_82.00;90;220
D_05.00;130;C24_44
C_13.01;60;640
J_05.00;310;310
C_18.00;10;170
D_05.00;70;G46_47
C_74.00;100;265
D_09.02;310;10
C_114.00;201;x414_TR
C_32.02;180;70
C_74.00;90;315
D_05.00;40;C28_99
D_07.00;140;380
J_06.00;60;370
F_18.00;58;930
D_05.00;50;K64_92
D_09.02;60;30
C_66.01;120;740
C_28.00;170;NULL
D_05.00;90;C18_11
F_25.01;110;80
C_74.00;40;345
C_34.02;110;60
C_91.00;40;100
F_09.01.1;120;130
C_18.00;60;100
C_114.00;180;x414_HR
C_114.00;190;x415_BH
C_114.00;190;x415_CL
C_114.00;180;x417_GR
C_66.01;25;930
C_11.00;40;30
C_34.02;60;70
C_80.00;90;320
D_05.00;100;C31_01
C_13.01;840;630
C_35.03;40;100
C_80.00;20;600
D_05.00;40;C31_01
C_106.01;100;x490
C_13.01;890;660
C_08.01;160;80
J_05.00;300;610
D_05.00;50;H49_2
C_07.00;50;110
C_18.00;50;90
J_06.00;310;390
R_04.01;80;0340_0340
C_66.01;25;390
C_13.01;30;610
C_13.01;30;300
C_75.01;60;2720
C_34.01;70;70
F_18.00;197;490
C_09.04;20;40
D_05.00;130;A1_13
C_74.00;50;30
C_13.01;890;500
C_75.01;20;730
C_22.00;60;70
C_32.02;160;40
D_05.00;110;G47_71
F_09.02;10;20
C_32.02;160;80
C_114.00;180;x416_CI
D_05.00;100;H53_1
D_05.00;130;C18_11
C_75.01;70;450
C_17.01;90;180
D_05.00;80;G46_73
J_05.00;270;490
J_07.00;310;590
J_06.00;270;570
D_05.00;140;G46_69
C_13.01;220;500
C_66.01;10;580
C_120.01;120;x482
D_05.00;120;R91_02
J_08.00;20;290
C_16.00;50;130
C_18.00;70;385
C_13.01;10;550
C_114.00;170;x417_MU
C_74.00;150;287
C_118.00;160;x415_KZ
C_75.01;90;460
C_13.01;680;580
C_114.00;150;x417_GR
C_13.01;220;630
C_13.01;920;590
D_05.00;50;S94_11
J_06.00;280;630
F_18.00;900;226
D_09.01;120;160
C_114.00;150;x416_BH
F_05.01;40;130
C_75.01;80;580
C_75.01;60;720
C_74.00;130;100
C_80.00;120;1050
C_80.00;110;140
D_05.00;80;N77_21
C_24.00;150;80
C_29.00;190;NULL
C_118.00;180;x416_VN
C_81.00;30;240
D_05.00;20;G46_21
D_05.00;20;P85_52
J_02.00;20;640
C_17.02;80;NULL
C_10.01;10;50
C_101.00;20;NULL
C_22.00;100;270
D_05.00;50;F43_33
C_114.00;170;x417_AM
C_114.00;160;x415_GR
J_02.00;130;210
F_23.02;140;360
D_07.00;110;380
C_13.01;20;530
C_75.01;20;1410
C_34.02;90;130
C_08.01;172;170
C_118.00;190;x416_IR
J_03.00;150;160
C_32.02;210;150
C_114.00;190;x418_AE
C_17.01;100;540
D_09.02;270;40
C_32.02;80;210
C_75.01;40;2040
F_18.00;101;550
C_18.00;70;180
D_05.00;70;C25_94
C_13.01;260;540
C_24.00;110;60
D_05.00;100;P85_2
J_06.00;270;610
C_75.01;40;1090
C_81.00;80;70
D_07.00;140;400
C_73.00;60;1035
C_118.00;205;x419_FR
C_118.00;170;x418_ES
C_14.00;300;NULL
C_18.00;50;12
D_05.00;100;F43
C_07.00;90;300
C_91.00;180;80
D_09.01;70;190
C_118.00;199;x414_SK
D_07.00;20;490
C_114.00;208;x418_IT
J_06.00;20;160
J_03.00;50;610
D_08.00;260;110
D_05.00;110;S95_23
F_26.00;80;130
F_20.04;31;40
C_120.02;100;x12_x50_x25
C_75.01;100;800
C_13.01;130;670
C_16.00;70;70
D_05.00;110;J58_29
C_34.02;80;10
C_17.01;90;270
C_73.00;30;220
D_05.00;140;G47_22
F_23.01;30;130
C_80.00;10;1000
C_75.01;80;2580
D_07.00;110;400
C_74.00;130;190
C_08.01;40;160
C_32.02;260;210
C_09.02;100;45
C_73.00;30;110
D_05.00;20;G45_32
C_75.01;60;1180
D_05.00;40;C28_3
C_13.01;930;620
C_11.00;40;50
J_04.00;40;640
C_75.01;20;20
C_80.00;120;370
C_14.00;270;NULL
C_82.00;30;290
D_05.00;30;G47_71
F_25.01;10;20
C_17.01;90;810
C_21.00;70;110
J_02.00;150;400
C_13.01;150;100
D_05.00;100;C13_3
C_13.01;900;640
C_75.01;100;230
F_18.00;80;430
J_03.00;130;190
D_05.00;70;G47_64
J_07.00;60;410
C_20.00;450;110
J_03.00;130;200
M_02.00;30;480
C_73.00;50;20
D_09.01;70;50
F_18.00;101;530
C_118.00;190;x415_DO
D_05.00;70;N79_12
C_75.01;90;1540
C_75.01;70;2140
J_02.00;130;500
C_118.00;180;x415_VE
D_05.00;20;M73_2
D_05.00;100;S94_92
C_118.00;170;x417_VN
C_13.01;910;630
D_05.00;130;G47_59
C_13.01;670;500
C_73.00;30;600
C_16.00;100;60
C_118.00;201;x414_RO
C_22.00;80;120
C_118.00;201;x414_HU
C_75.01;100;1140
C_07.00;110;250
D_05.00;100;K64_3
C_114.00;150;x416_EG
C_75.01;90;1860
C_81.00;70;50
C_07.00;60;240
F_19.00;130;933
C_22.00;70;150
C_13.01;90;460
C_13.01;120;590
J_02.00;130;240
C_115.00;106;NULL
D_05.00;130;R90_04
C_13.01;920;460
F_18.00;58;221
D_05.00;110;G46_31
D_05.00;140;C32_99
C_13.01;110;450
C_74.00;40;560
D_09.02;80;30
C_75.01;60;1460
C_118.00;204;x419_DE
D_05.00;40;A1_3
J_02.00;130;450
C_75.01;60;1310
F_15.00;70;186
J_07.00;60;610
C_75.01;40;660
C_74.00;30;420
C_40.00;75;330
F_08.01;37;380
C_82.00;30;250
C_114.00;160;x417_CR
D_07.00;150;410
D_07.00;90;500
C_66.01;25;520
C_114.00;208;x418_AE
D_05.00;130;H49_1
C_18.00;50;160
C_114.00;160;x417_TN
C_09.04;20;80
C_66.01;180;730
F_04.03.1;41;40
C_73.00;50;1420
C_74.00;80;265
C_14.01;431;NULL
C_114.00;150;x416_MU
F_14.00;60;240
C_75.01;60;2390
D_09.01;40;130
C_114.00;207;x418_CZ
F_23.02;150;370
C_114.00;160;x415_PH
D_05.00;140;C33_12
C_75.01;20;2730
C_75.01;100;990
C_13.01;930;570
F_23.03;160;190
F_18.00;142;923
D_05.00;100;C18_12
C_81.00;80;400
C_22.00;70;230
C_118.00;150;x415_GH
D_05.00;30;G46_31
D_05.00;110;G46_34
C_114.00;170;x416_IR
C_75.01;60;190
C_75.01;60;1760
F_18.00;106;470
C_118.00;140;x415_IL
D_05.00;100;G45_2
F_32.04;20;60
D_05.00;140;G47_77
C_32.02;200;70
C_21.00;60;30
C_13.01;130;520
C_80.00;20;500
C_74.00;150;311
F_08.01;37;280
D_05.00;20;N81_22
D_05.00;90;G46_63
C_18.00;10;370
C_75.01;100;720
D_05.00;30;K64_91
D_05.00;110;R91_04
C_33.00;280;90
J_05.00;300;570
C_07.00;230;310
F_18.00;196;370
C_118.00;150;x417_ID
C_32.02;220;90
C_66.01;25;850
C_14.01;360;NULL
D_05.00;80;A2_2
D_09.01;140;130
C_114.00;190;x418_SG
D_05.00;110;R91_02
F_11.04;40;60
C_120.01;50;x669
C_66.01;10;255
C_91.00;200;80
D_05.00;110;K65_12
C_118.00;205;x419_DE
J_02.00;130;340
D_05.00;90;G47_43
C_16.00;70;40
F_18.00;180;430
C_13.01;170;450
D_05.00;130;A1_28
F_12.00;100;490
D_05.00;110;F41
C_66.01;10;470
C_13.01;340;630
C_118.00;207;x414_AT
C_16.00;71;80
C_73.00;20;190
D_05.00;40;G47_25
D_03.01;50;C28_15_x86
C_13.01;660;610
C_75.01;40;1580
C_32.02;270;130
D_05.00;40;C10_71
C_34.02;10;90
C_13.01;870;650
C_118.00;150;x417_TN
C_05.01;60;63
C_13.01;890;460
D_05.00;140;G46_62
D_05.00;140;G46_75
F_23.03;160;130
C_13.01;890;650
D_09.02;320;40
D_05.00;110;J58_21
C_34.05;140;150
F_23.02;170;410
J_07.00;280;610
C_75.01;60;2060
C_13.01;330;480
C_73.00;20;570
C_14.00;110;NULL
C_21.00;60;22
J_04.00;40;620
C_32.02;130;210
D_05.00;90;P85_51
C_105.01;110;NULL
J_02.00;140;100
C_16.00;120;40
D_07.00;50;420
J_06.00;40;300
C_114.00;150;x416_CI
F_46.00;120;70
C_66.01;10;135
C_114.00;180;x416_AM
C_10.01;61;120
C_07.00;140;200
F_46.00;90;70
D_02.00;140;50
F_15.00;100;44
C_80.00;10;140
C_40.00;85;240
C_22.00;60;180
C_80.00;30;520
C_13.01;270;660
F_04.03.1;71;10
C_05.01;60;60
J_05.00;310;490
C_75.01;20;1300
C_18.00;70;380
D_05.00;100;S95_12
C_75.01;20;2660
C_75.01;20;1250
D_03.01;70;D35_11_x85
D_08.00;80;120
C_118.00;150;x416_VN
D_07.00;40;340
C_13.01;840;560
C_81.00;70;250
C_74.00;50;305
C_106.01;100;x605
C_13.01;880;520
C_75.01;100;780
C_22.00;70;50
D_07.00;30;440
C_13.01;170;373
R_06.01;10;70
C_75.01;60;440
F_19.00;100;212
C_40.00;75;71
C_21.00;10;110
C_32.01;40;220
C_75.01;80;1760
C_80.00;30;90
F_32.02;20;240
C_22.00;100;340
J_09.00;30;30
C_118.00;130;x414_CH
C_114.00;206;x415_TW
C_114.00;180;x418_AR
C_75.01;80;1820
C_13.01;150;480
C_13.01;300;470
C_17.01;90;340
C_82.00;30;330
C_14.00;260;NULL
C_13.01;670;650
C_114.00;190;x418_IT
C_13.01;160;580
F_15.00;80;127
J_03.00;110;590
D_05.00;50;C30_92
F_15.00;90;126
C_73.00;20;770
D_05.00;110;G47_72
C_80.00;30;190
C_13.01;690;590
F_23.03;170;20
D_05.00;50;M71_2
J_06.00;40;610
C_22.00;30;85
C_75.01;80;2770
C_114.00;160;x414_BG
J_07.00;20;590
C_80.00;120;920
C_18.00;10;385
F_18.00;170;360
D_05.00;50;C20_3
C_10.01;40;90
D_05.00;140;C30_92
C_74.00;90;20
C_32.02;40;200
D_05.00;60;G47_79
C_28.00;200;NULL
C_22.00;60;25
C_22.00;90;420
C_114.00;208;x415_AR
D_05.00;70;R93_19
C_114.00;201;x417_MZ
D_05.00;40;G46_49
C_13.01;300;610
J_03.00;60;570
C_118.00;150;x415_CR
C_114.00;160;x414_SI
C_13.01;50;610
J_02.00;70;580
F_15.00;70;43
J_02.00;10;640
C_118.00;180;x415_BJ
D_05.00;70;G47_52
D_05.00;40;A1_13
C_14.00;203;NULL
D_05.00;50;G46_75
D_01.00;90;550
C_07.00;80;310
J_06.00;290;470
C_74.00;110;40
C_75.01;80;2330
C_75.01;80;2710
C_35.02;10;40
C_118.00;204;x414_SK
C_34.05;140;50
C_25.00;40;40
C_35.03;40;160
C_80.00;100;290
C_118.00;190;x416_BJ
D_05.00;140;Q88_91
C_13.01;100;540
C_13.01;650;570
C_13.01;170;361
D_07.00;140;340
J_06.00;280;500
J_03.00;70;590
C_118.00;208;x418_AU
C_80.00;120;1000
C_80.00;110;270
C_75.01;40;280
D_05.00;140;Q87_2
D_05.00;30;F43_3
D_05.00;100;C23_7
F_18.00;191;510
C_13.01;30;420
C_18.00;70;370
J_05.00;290;340
D_05.00;40;G47_43
F_23.02;50;280
D_05.00;110;Q86_21
F_19.00;100;211
C_75.01;70;2020
F_09.01.1;130;60
C_106.01;120;x525
C_75.01;80;250
F_04.03.1;80;20
D_09.01;40;50
C_66.01;10;95
J_07.00;50;620
C_118.00;150;x417_GG
C_13.01;840;660
C_13.01;10;430
C_73.00;50;1005
C_13.01;750;480
R_04.01;80;0043_0043
C_114.00;150;x415_KY
D_05.00;60;A1_41
C_74.00;140;530
C_17.01;100;936
F_25.01;110;110
C_13.01;120;460
C_34.02;120;90
F_23.01;40;110
J_05.00;280;160
C_21.00;40;120
D_05.00;90;M73_2
C_24.00;120;50
C_114.00;180;x417_SN
C_40.00;10;30
D_05.00;110;G46_76
C_32.02;120;50
J_02.00;10;540
C_75.01;40;2700
C_114.00;206;x416_AM
C_73.00;30;380
F_18.00;142;223
C_13.01;300;670
C_05.01;60;100
C_75.01;40;10
C_07.00;130;220
C_07.00;60;170
D_07.00;110;270
C_118.00;150;x416_AR
R_01.00;10;31
F_18.00;160;340
C_22.00;70;330
F_46.00;85;90
C_24.00;170;60
C_75.01;90;1440
C_13.01;20;320
C_118.00;180;x419_GB
C_74.00;120;301
C_73.00;20;680
C_114.00;207;x414_HR
F_18.00;121;930
F_25.01;10;110
D_05.00;50;C27_11
J_03.00;60;580
C_118.00;201;x414_DK
D_05.00;130;D35_22
C_80.00;30;200
F_18.00;910;212
C_75.01;70;820
C_05.01;50;443
F_46.00;90;140
C_13.01;30;230
C_114.00;190;x418_RU
C_74.00;110;170
D_05.00;30;C27_11
R_04.01;30;0042_0042
F_18.00;950;231
C_118.00;160;x415_KY
F_18.00;196;550
F_15.00;90;43
C_22.00;80;430
C_40.00;10;390
C_66.01;25;350
D_08.00;250;170
F_20.04;31;20
C_118.00;209;x418_CH
C_40.00;20;95
D_05.00;80;C25_93
C_05.01;60;65
C_13.01;750;520
J_07.00;30;570
C_75.01;70;1680
J_02.00;140;480
D_05.00;20;F42_21
F_04.03.1;50;40
F_23.02;40;150
D_07.00;50;410
J_05.00;40;40
D_05.00;80;G47_3
C_40.00;75;95
D_05.00;40;I55_3
C_103.00;210;NULL
C_114.00;208;x418_CA
F_18.00;121;933
C_75.01;80;1210
C_80.00;100;850
C_114.00;206;x414_HR
D_05.00;40;G45_31
D_05.00;50;C23_62
C_114.00;209;x417_MZ
D_05.00;20;K66_11
D_05.00;90;K64_19
J_06.00;40;640
C_75.01;60;1840
F_12.01;20;660
C_10.01;10;90
D_05.00;120;K64_92
D_05.00;130;C33_15
C_33.00;270;110
C_84.00;40;140
J_04.00;80;590
C_114.00;160;x417_BJ
D_05.00;140;G46_76
D_08.00;60;120
J_05.00;290;590
C_118.00;180;x415_GH
F_12.01;20;750
J_03.00;20;590
D_05.00;60;G46_73
C_81.00;90;390
D_05.00;90;Q87_2
F_18.00;910;480
F_32.04;40;160
F_23.01;40;180
F_32.01;50;10
C_14.00;61;NULL
C_24.00;140;60
C_73.00;50;1095
C_118.00;201;x419_NO
C_13.01;900;520
F_18.00;910;933
C_75.01;90;1900
D_05.00;70;E38_32
C_28.00;80;NULL
C_07.00;100;240
C_07.00;130;280
D_05.00;20;G47_99
C_118.00;150;x417_IR
C_05.01;50;63
C_120.02;100;x69_x49_x27
F_18.00;196;430
F_20.04;40;60
C_14.01;320;NULL
D_05.00;140;F43_33
C_82.00;20;280
C_75.01;70;1410
J_02.00;30;600
C_75.01;20;2650
C_114.00;190;x416_GG
C_74.00;110;285
C_74.00;160;319
C_17.01;100;330
C_75.01;60;350
F_08.01;37;220
J_05.00;50;610
C_106.00;50;NULL
C_32.02;260;40
C_13.01;840;590
C_13.01;340;550
C_80.00;90;240
R_06.01;20;10
D_05.00;50;Q86_22
F_46.00;100;130
C_07.00;50;140
C_33.00;280;130
F_04.03.1;40;20
D_05.00;20;C10
C_114.00;190;x417_CY
J_09.00;20;70
D_07.00;150;480
C_114.00;205;x414_HU
D_07.00;50;470
C_114.00;190;x417_NC
C_13.01;120;660
D_05.00;90;A1_13
J_09.00;20;340
J_03.00;150;420
C_75.01;40;940
F_18.00;57;212
C_13.01;300;253
F_18.00;56;227
D_05.00;30;G46_73
D_05.00;60;C32_99
C_13.01;750;580
C_13.01;680;640
D_05.00;90;I55_3
F_18.00;102;510
C_13.01;900;570
D_05.00;120;N80_3
F_04.03.1;70;30
C_13.01;230;470
C_118.00;204;x415_IL
C_118.00;190;x417_MU
F_18.00;192;380
C_75.01;20;1960
C_34.02;10;130
C_32.01;40;170
C_75.01;80;1280
C_74.00;110;299
C_74.00;90;307
D_05.00;40;D35_12
D_05.00;130;F42_21
J_08.00;10;150
C_73.00;20;150
D_05.00;110;K64_92
R_02.01;90;10
C_67.00;16;120
C_74.00;130;303
J_07.00;30;640
D_05.00;110;C33_12
C_34.05;50;170
D_03.01;50;B7_2_x90
D_05.00;50;K65_12
J_06.00;40;30
C_34.10;20;70
C_17.02;40;NULL
C_75.01;20;1510
F_05.01;20;130
C_19.00;540;50
D_08.00;250;140
J_02.00;150;500
C_75.01;40;490
D_05.00;90;L68
C_13.01;670;630
D_09.01;120;190
D_05.00;70;N79_9
C_24.00;70;30
C_07.00;80;220
D_05.00;100;R91_03
C_114.00;170;x417_VN
C_32.02;140;150
C_08.01;160;170
C_73.00;30;500
D_05.00;100;C16_23
C_40.00;85;210
C_114.00;204;x414_CH
C_17.01;100;610
F_18.00;106;410
C_118.00;150;x414_AT
C_75.01;80;1320
C_114.00;170;x418_CH
D_09.02;150;60
C_118.00;207;x418_AR
C_75.01;100;2390
C_66.01;10;1120
D_05.00;140;A1_43
C_80.00;30;390
C_34.01;50;50
D_05.00;20;S96_04
D_05.00;120;G47_79
J_02.00;110;580
C_80.00;120;970
C_13.01;150;241
C_81.00;90;130
C_34.02;80;40
D_05.00;60;C23_7
C_74.00;60;50
F_23.02;160;380
D_05.00;50;G47_71
C_75.01;70;1850
J_03.00;30;620
C_14.00;150;NULL
C_74.00;130;277
C_13.01;40;280
C_66.01;10;360
C_13.01;30;570
R_01.00;20;20
C_13.01;220;660
C_75.01;100;60
C_75.01;40;750
C_18.00;30;390
C_75.01;90;550
C_43.00;30;50
C_34.09;20;80
D_05.00;110;G46_73
F_18.00;952;222
D_05.00;130;G45_32
C_75.01;100;2610
C_114.00;170;x417_EG
F_18.00;101;430
D_03.01;70;B8_11_x85
C_13.01;690;460
C_24.00;90;50
D_05.00;40;D35_14
C_13.01;250;570
C_13.01;680;540
J_02.00;10;90
C_118.00;180;x417_GG
C_16.00;90;120
D_05.00;70;C18_11
C_75.01;80;2160
C_32.02;160;70
F_04.02.1;20;20
D_08.00;60;110
C_25.00;60;30
D_05.00;100;C10_71
F_16.05;20;71
C_21.00;30;22
C_32.02;60;180
C_114.00;150;x416_VN
C_21.00;40;125
C_75.01;100;440
C_34.01;20;70
C_114.00;170;x415_UA
F_18.00;141;212
F_46.00;50;150
C_07.00;80;140
F_18.00;142;225
D_05.00;110;C25_93
C_34.05;110;30
C_75.01;70;2650
C_32.02;230;210
F_23.02;40;390
C_13.01;20;650
D_05.00;130;C17_21
D_05.00;50;B8_99
C_114.00;160;x415_BJ
C_13.01;890;530
F_18.00;141;930
F_46.00;100;60
J_03.00;150;540
D_05.00;50;G46_76
C_91.00;120;100
D_05.00;110;S94_11
C_13.01;340;660
C_114.00;170;x415_CY
F_46.00;120;110
F_18.00;180;380
C_13.01;80;580
C_34.05;160;120
F_18.00;30;490
C_75.01;20;2760
C_32.02;240;190
C_34.03;20;20
C_83.00;50;120
D_05.00;80;B8_99
C_34.03;10;240
C_17.01;100;911
C_118.00;204;x414_CH
C_120.04;130;x7_x1285_x876_x15_x776
C_80.00;40;1050
D_07.00;160;360
C_13.01;730;470
D_08.00;230;140
C_32.02;220;200
F_23.03;40;140
D_05.00;20;C31_02
C_32.02;230;170
R_12.00;100;70
C_14.00;20;NULL
C_74.00;40;140
C_32.02;160;210
D_09.01;120;130
C_66.01;10;253
C_118.00;190;x418_AU
F_04.03.1;60;10
F_08.01;40;240
C_114.00;207;x414_CZ
P_01.03;40;30
D_05.00;100;C25_94
C_114.00;150;x415_TN
J_02.00;10;580
C_10.01;61;10
D_07.00;150;440
C_08.01;230;170
C_66.01;25;155
D_05.00;80;F43_3
J_02.00;150;180
C_32.02;100;70
F_18.00;122;430
D_05.00;30;A1_28
J_06.00;60;630
F_23.02;50;270
J_07.00;300;610
F_18.00;58;211
F_18.00;180;370
C_114.00;206;x414_CZ
C_118.00;180;x414_AT
F_23.03;120;110
C_118.00;209;x417_AM
F_23.03;140;40
F_46.00;30;50
C_07.00;80;110
J_02.00;90;620
C_40.00;130;380
C_13.01;80;470
C_75.01;40;430
C_08.01;80;40
F_18.00;109;933
D_05.00;70;P85_32
J_07.00;290;630
C_120.01;50;x665
F_04.10;40;40
D_05.00;80;S94_12
D_05.00;40;G47_76
C_80.00;90;460
C_16.00;71;40
D_05.00;70;N78_2
C_81.00;70;290
C_80.00;20;450
F_15.00;100;187
C_07.00;90;150
C_73.00;20;350
C_13.01;160;540
D_05.00;100;L68_32
C_13.01;230;620
D_05.00;50;C32_2
D_05.00;40;G46_66
D_05.00;20;G46_63
D_09.01;100;140
C_14.00;190;NULL
F_35.00;30;40
C_66.01;25;230
F_18.00;102;350
C_07.00;90;230
C_91.00;80;110
C_74.00;130;150
D_05.00;70;G46_77
C_114.00;170;x415_MY
R_04.01;30;0350_0350
R_12.00;50;10
C_114.00;130;x415_MO
C_08.02;256;NULL
C_14.00;21;NULL
F_18.00;900;231
C_74.00;110;345
D_05.00;110;F41_2
C_118.00;208;x418_RU
C_75.01;40;110
D_05.00;100;G46_17
C_75.01;70;2560
D_05.00;120;A1_28
C_118.00;140;x414_CH
F_32.01;55;15
D_07.00;140;450
C_75.01;20;2400
D_05.00;100;P85_52
F_23.02;40;260
D_05.00;140;C18_13
C_114.00;206;x418_CZ
C_23.00;10;110
C_08.01;100;20
C_13.01;140;560
C_118.00;208;x417_AR
C_75.01;60;2570
C_73.00;30;920
D_05.00;110;G46_7
D_05.00;50;C33_11
C_66.01;25;480
D_05.00;140;G47_24
C_82.00;90;450
F_11.01;40;30
C_114.00;170;x415_IL
J_02.00;150;310
C_13.01;670;450
C_114.00;160;x415_IR
J_02.00;130;280
C_83.00;50;10
D_05.00;30;G47_24
C_120.06;60;NULL
C_13.01;70;560
C_13.01;50;580
C_113.00;500;NULL
C_114.00;208;x415_CO
C_73.00;30;450
C_17.01;100;740
C_13.01;50;470
C_74.00;90;140
C_75.01;40;1130
J_04.00;50;590
C_118.00;170;x417_MC
J_06.00;290;620
C_80.00;110;380
C_80.00;110;810
C_74.00;140;337
F_12.00;100;10
C_105.01;50;NULL
C_23.00;30;130
C_74.00;160;279
F_23.03;140;80
R_01.00;50;5
C_80.00;30;150
D_05.00;140;C25_93
D_05.00;130;K66_11
F_19.00;130;222
C_75.01;40;1540
J_03.00;140;120
C_114.00;140;x414_SK
D_05.00;110;E36
C_34.05;70;190
C_82.00;70;280
C_82.00;80;60
C_114.00;160;x418_CL
C_75.01;70;310
C_07.00;70;250
D_05.00;60;H51_1
C_120.01;90;x625
C_114.00;160;x416_UA
C_80.00;30;930
C_07.00;110;160
C_05.01;20;385
J_02.00;70;570
C_73.00;30;1100
C_73.00;50;500
C_32.01;40;40
C_114.00;160;x417_KY
C_73.00;20;890
F_18.00;192;490
F_15.00;80;42
C_118.00;190;x417_AR
C_43.00;40;20
D_05.00;130;C18_12
R_04.01;40;0190_0190
C_35.01;10;30
C_75.01;20;1230
C_120.02;100;x70_x50_x26
C_118.00;150;x418_NO
C_13.01;680;670
D_05.00;20;Q87_9
C_106.00;70;NULL
C_114.00;201;x415_MZ
C_66.01;25;1270
C_14.01;448;NULL
C_07.00;110;90
C_13.01;170;376
C_75.01;90;2820
C_81.00;70;360
C_118.00;170;x416_KZ
C_82.00;70;380
C_08.02;173;NULL
C_75.01;80;1730
J_02.00;140;540
D_05.00;100;K66_22
C_74.00;100;271
C_114.00;170;x415_MO
C_75.01;60;890
C_74.00;140;297
C_32.02;210;100
C_05.01;60;440
C_24.00;80;80
C_80.00;120;940
D_05.00;110;N81_1
D_07.00;90;460
D_05.00;30;R90_03
C_74.00;110;500
C_74.00;40;530
C_75.01;80;2200
F_15.00;110;20
C_74.00;60;160
M_01.00;10;350
C_118.00;180;x415_GR
C_22.00;40;90
D_05.00;110;N78_1
C_33.00;280;160
C_22.00;90;130
C_13.01;730;580
C_17.01;90;310
C_13.01;160;200
D_05.00;40;G46_63
J_05.00;310;380
C_114.00;209;x414_HU
F_18.00;101;460
C_80.00;40;690
F_18.00;143;231
D_05.00;70;J58_13
D_01.00;110;530
D_05.00;20;A1_13
C_13.01;50;510
D_05.00;130;C31_02
F_18.00;900;923
D_05.00;50;R93_13
C_118.00;160;x416_EG
D_05.00;70;O84_25
C_75.01;40;2490
D_09.02;210;10
C_07.00;120;100
F_18.00;122;460
F_18.00;56;222
C_07.00;70;130
C_84.00;30;50
C_40.00;20;360
C_17.02;130;NULL
C_114.00;190;x415_DO
C_114.00;170;x418_RU
C_13.01;860;510
C_118.00;209;x418_RU
C_08.02;100;NULL
C_32.02;120;150
C_32.02;100;80
F_23.02;150;380
D_05.00;80;G47_82
C_118.00;170;x416_IR
D_07.00;110;460
C_13.01;680;520
C_21.00;30;130
C_75.01;20;2210
C_73.00;60;985
C_16.00;120;110
J_04.00;90;580
C_75.01;60;2520
F_46.00;50;100
F_08.01;40;170
C_120.02;70;x52_x51_x27
C_80.00;120;760
C_18.00;60;150
F_18.00;58;933
C_32.02;190;150
D_07.00;20;340
F_18.00;101;370
D_05.00;130;F43_3
C_75.01;30;2780
C_91.00;10;90
C_91.00;150;110
C_114.00;160;x418_HK
J_03.00;130;540
C_74.00;130;265
C_17.01;90;970
D_05.00;80;N80_3
C_114.00;207;x414_SI
D_05.00;80;C30_92
F_08.01;40;210
C_80.00;30;100
C_34.03;10;210
C_18.00;40;325
D_05.00;100;I55_9
C_114.00;206;x416_AR
C_13.01;60;480
D_05.00;50;C25_11
C_114.00;209;x418_IN
C_21.00;10;10
D_05.00;30;M72_2
C_09.04;30;90
C_75.01;70;1230
D_05.00;30;G47_79
D_05.00;60;C29_31
F_18.00;70;510
C_114.00;208;x418_AU
F_08.01;40;340
C_32.02;240;160
C_07.00;130;180
C_80.00;120;700
C_07.00;70;290
C_32.02;210;60
C_91.00;20;90
C_24.00;150;20
F_11.04;30;210
C_13.01;650;670
C_13.01;860;520
C_75.01;20;340
C_80.00;120;910
C_24.00;90;90
C_34.05;80;210
F_18.00;109;930
D_05.00;110;F43_29
C_114.00;140;x414_HU
F_35.00;40;30
C_14.00;221;NULL
C_75.01;70;70
F_18.00;160;460
C_120.02;100;x14_x50_x26
C_34.05;140;30
D_05.00;80;G47_71
C_13.01;900;610
F_15.00;80;122
C_22.00;70;60
C_22.00;70;410
C_13.01;730;540
J_08.00;10;230
C_22.00;60;450
C_82.00;10;310
D_09.02;100;60
C_18.00;70;70
C_13.01;10;320
C_66.01;10;1091
D_05.00;70;C10_72
D_07.00;70;400
C_34.05;160;40
C_114.00;150;x418_CZ
C_13.01;890;550
C_74.00;120;70
F_15.00;100;184
F_18.00;102;390
F_18.00;102;520
F_19.00;100;214
C_114.00;150;x415_GG
C_34.02;100;140
C_28.00;240;NULL
J_02.00;70;610
C_13.01;220;550
C_07.00;100;280
J_04.00;80;630
D_05.00;130;C22_23
J_07.00;290;380
P_01.03;50;34
D_07.00;50;330
C_07.00;110;200
C_14.00;180;NULL
C_34.02;120;130
C_75.01;60;1140
C_13.01;330;520
F_18.00;70;480
C_66.01;25;60
D_05.00;50;Q87_9
C_17.01;100;50
C_82.00;90;340
C_75.01;60;60
F_11.04;40;100
C_114.00;150;x416_AM
D_05.00;70;S96_04
C_80.00;110;560
C_114.00;205;x418_BE
C_80.00;100;100
D_08.00;220;100
F_23.02;120;390
C_118.00;206;x419_ES
C_74.00;100;295
C_13.01;300;580
J_06.00;310;610
J_02.00;140;410
C_13.01;750;610
C_75.01;40;2660
C_73.00;20;720
C_22.00;50;85
J_05.00;290;170
J_04.00;100;600
D_05.00;140;G46_31
D_05.00;70;P85_1
C_13.01;920;550
C_13.01;220;460
D_05.00;70;K66_11
R_01.00;40;10
D_05.00;50;G46_32
C_07.00;10;100
C_75.01;100;1970
D_05.00;50;G47_74
C_13.01;40;361
C_118.00;160;x418_CZ
C_23.00;20;120
C_66.01;10;420
C_91.00;90;100
C_66.01;150;730
C_34.03;10;280
D_05.00;100;C31_09
C_18.00;50;200
C_80.00;90;80
D_05.00;50;G47_79
D_05.00;100;E37
C_120.04;190;x99_x1286_x1284_x15_x822
C_13.01;20;400
F_19.00;130;930
C_82.00;70;240
J_02.00;40;580
J_02.00;10;620
C_14.00;70;NULL
C_84.00;40;110
D_05.00;30;C25_93
C_75.01;40;1830
C_118.00;180;x418_CL
C_18.00;20;110
F_18.00;56;221
J_07.00;270;630
C_75.01;20;2690
C_18.00;20;70
J_05.00;290;630
C_74.00;50;341
C_80.00;40;790
F_23.03;160;150
C_81.00;90;230
C_05.02;20;60
D_05.00;30;G47_74
F_12.01;110;550
C_34.03;20;270
C_91.00;90;90
C_120.04;150;x102_x1286_x1284_x15_x822
C_81.00;70;410
D_05.00;50;E37
C_114.00;160;x417_VE
F_08.01;40;270
D_05.00;40;M73_2
C_75.01;80;670
C_75.01;70;180
F_18.00;121;221
D_02.00;120;50
D_09.01;160;40
C_13.01;70;600
C_114.00;205;x418_RU
F_18.00;951;213
C_118.00;199;x414_RO
C_114.00;205;x414_RO
R_12.00;60;20
F_18.00;70;410
C_75.01;20;600
D_09.02;30;30
D_05.00;100;S94_99
C_80.00;120;630
D_05.00;40;P85_52
C_114.00;170;x415_DO
C_75.01;80;420
C_08.01;40;50
J_06.00;50;490
C_66.01;170;740
C_13.01;170;500
D_05.00;80;R91_04
D_05.00;130;G47_61
C_82.00;90;400
C_22.00;100;380
C_22.00;80;170
D_07.00;100;480
C_28.00;330;NULL
F_35.00;200;40
C_91.00;200;40
J_03.00;140;170
D_05.00;130;G47_73
D_05.00;60;F43_9
F_18.00;140;933
D_05.00;40;S94_99
F_18.00;170;510
C_74.00;130;305
C_33.00;270;70
C_75.01;100;2300
C_35.03;50;110
C_74.00;50;410
C_75.01;20;1640
D_09.01;140;150
C_34.05;50;210
J_02.00;120;620
F_41.02;20;30
F_18.00;143;215
C_71.00;30;120
C_34.02;140;30
C_07.00;130;110
D_05.00;110;L68
C_74.00;130;480
C_118.00;180;x414_x33
C_75.01;40;2730
C_13.01;20;430
D_05.00;110;A1_3
C_84.00;10;220
C_13.01;290;530
C_74.00;40;70
D_05.00;30;C26_51
C_34.05;80;120
C_118.00;207;x414_SE
C_75.01;90;2280
C_114.00;207;x415_SA
C_75.01;20;880
C_13.01;80;540
C_75.01;80;2050
D_05.00;50;N78_3
D_05.00;90;G46_77
C_75.01;60;2350
C_74.00;130;410
D_05.00;100;S96_04
C_75.01;90;1050
C_118.00;170;x415_AR
C_13.01;10;370
F_18.00;101;500
C_114.00;207;x416_AM
C_35.01;30;40
C_13.01;670;530
C_13.01;40;550
J_07.00;40;630
C_05.01;20;380
D_05.00;100;A3_1
J_02.00;110;640
F_12.00;60;10
C_106.01;100;x603
C_118.00;180;x414_HR
C_75.01;40;810
J_02.00;60;600
C_22.00;50;120
C_80.00;100;570
C_118.00;208;x417_AM
C_13.01;150;520
C_118.00;180;x418_NO
C_75.01;90;1780
C_73.00;20;620
D_05.00;50;C33_2
D_05.00;60;F43_11
C_66.01;10;480
J_05.00;20;490
C_74.00;40;339
D_07.00;80;470
C_118.00;201;x414_SK
C_75.01;60;230
C_75.01;70;810
C_40.00;20;290
F_18.00;102;440
C_40.00;85;270
C_118.00;180;x417_BJ
C_118.00;180;x417_KZ
F_18.00;192;340
D_05.00;130;H49_2
D_05.00;120;A1_62
C_14.01;330;NULL
J_05.00;30;620
R_04.01;40;0020_0020
D_05.00;50;K64_91
C_73.00;20;1345
D_03.01;60;B8_11_x85
C_80.00;10;80
C_118.00;160;x415_ID
C_74.00;80;570
J_05.00;270;600
D_05.00;20;F43_34
F_04.03.1;15;30
C_82.00;70;430
F_23.02;30;270
F_11.04;30;140
C_17.01;90;946
C_13.01;50;640
C_13.01;680;570
C_08.02;300;NULL
C_80.00;90;310
C_13.01;320;500
D_05.00;70;N77_34
C_13.01;120;530
C_118.00;180;x416_CY
C_08.01;240;60
C_18.00;10;325
R_06.01;70;10
D_05.00;20;G46_6
C_17.02;50;NULL
C_17.01;90;450
D_05.00;50;C19_2
J_04.00;20;640
D_05.00;140;C26_51
C_14.00;230;NULL
C_74.00;120;273
D_03.01;60;C28_15_x86
R_01.00;71;10
C_05.02;40;130
C_32.01;30;190
C_118.00;170;x415_EG
J_02.00;130;170
C_40.00;130;220
C_75.01;40;1200
C_13.01;870;340
C_34.02;130;120
F_18.00;910;410
D_05.00;100;G46_66
C_34.05;60;70
F_15.00;80;124
J_06.00;30;590
C_75.01;20;1890
C_91.00;70;130
C_75.01;80;2130
C_118.00;180;x416_DO
C_118.00;180;x418_AM
D_05.00;90;C10_72
C_22.00;80;240
C_16.00;110;110
C_80.00;110;280
D_07.00;90;240
C_13.01;140;650
F_18.00;910;350
C_32.02;170;200
D_07.00;130;330
C_75.01;40;700
C_74.00;60;510
C_07.00;110;130
D_05.00;30;P85_6
F_15.00;80;200
D_05.00;30;B8_99
C_114.00;190;x415_VN
D_05.00;30;G46_75
D_05.00;110;C18_13
F_11.01;40;520
C_114.00;150;x414_PL
C_118.00;202;x414_SI
D_08.00;70;130
D_05.00;100;F42_21
D_05.00;100;H49_41
C_114.00;150;x414_HR
D_08.00;230;120
C_43.00;30;60
C_13.01;170;270
C_13.01;10;220
D_05.00;30;H49_32
F_23.02;140;350
C_84.00;40;170
J_06.00;50;170
F_15.00;70;123
J_04.00;140;200
F_20.04;40;50
C_75.01;70;1830
C_80.00;100;200
C_118.00;170;x418_CH
F_18.00;197;530
C_13.01;930;510
D_05.00;40;D35_11
F_18.00;950;226
D_09.02;310;40
C_66.01;10;510
C_13.01;10;280
D_07.00;40;460
C_05.01;10;91
C_75.01;70;1190
C_75.01;30;2800
C_115.00;107;NULL
C_08.01;20;60
C_114.00;209;x415_AR
D_07.00;80;330
C_114.00;205;x418_IT
C_13.01;150;230
C_08.01;50;40
F_18.00;951;215
D_05.00;40;G47_62
C_74.00;80;279
C_13.01;20;370
F_18.00;80;490
D_05.00;70;G46_63
F_18.00;106;420
C_13.01;70;650
C_13.01;870;530
C_18.00;50;50
D_05.00;100;J63_91
C_35.03;30;10
F_18.00;102;410
C_07.00;230;20
D_05.00;40;S95_12
C_75.01;90;2790
C_32.02;160;170
D_05.00;30;S94_12
D_05.00;90;S96_04
C_75.01;80;780
C_17.01;100;860
D_05.00;140;K64_91
F_25.01;50;100
R_01.00;80;5
C_118.00;170;x415_MU
F_18.00;56;224
C_114.00;206;x414_SI
C_09.04;30;130
C_118.00;160;x418_FR
C_18.00;20;180
C_118.00;160;x417_SN
C_73.00;60;1005
C_18.00;40;380
F_18.00;160;550
C_118.00;190;x417_CL
M_02.00;30;420
C_118.00;209;x418_AU
C_07.00;50;220
F_46.00;110;80
F_18.00;122;370
D_05.00;90;J61_9
C_73.00;50;120
C_75.01;100;1920
C_75.01;90;1290
C_66.01;60;730
D_05.00;90;S94_91
F_35.00;250;40
C_13.01;160;253
D_07.00;140;500
C_17.01;100;150
C_75.01;80;390
F_18.00;170;350
C_73.00;60;945
D_05.00;30;G47_19
C_08.01;257;160
C_17.01;100;60
F_18.00;910;470
C_118.00;150;x418_FR
D_05.00;40;J61_9
C_13.01;140;550
C_73.00;30;1090
C_32.02;270;30
D_05.00;80;Q87_2
C_118.00;206;x414_BG
C_32.02;260;140
F_08.01;40;400
J_09.00;20;40
C_17.01;90;80
D_05.00;130;A1_4
D_05.00;90;A1_61
C_16.00;90;80
D_07.00;120;500
C_13.01;150;570
J_02.00;140;350
C_74.00;50;150
J_05.00;40;490
F_12.01;20;550
C_75.01;70;340
C_75.01;80;710
D_07.00;120;430
C_118.00;205;x415_IL
C_18.00;50;360
C_28.00;160;NULL
D_05.00;110;G47_74
C_34.01;80;50
C_73.00;30;310
C_16.00;50;90
C_74.00;60;250
C_91.00;110;90
D_07.00;70;380
C_13.01;160;510
D_05.00;110;C30_92
D_05.00;70;K66_19
C_80.00;100;800
D_05.00;50;M74_3
C_114.00;207;x418_x1
F_08.01;37;270
C_81.00;10;100
J_07.00;50;580
J_07.00;300;580
F_04.03.1;30;30
D_05.00;50;G47_41
C_74.00;60;263
J_09.00;10;340
J_06.00;20;570
D_05.00;30;G46_76
C_75.01;100;1650
C_08.01;172;80
D_05.00;90;C25_94
C_80.00;90;980
F_18.00;142;231
F_18.00;30;550
D_05.00;110;I55_9
C_75.01;70;590
C_13.01;140;630
C_34.03;70;240
D_09.01;110;160
C_75.01;80;2620
C_13.01;40;460
C_22.00;30;70
C_75.01;70;2270
F_08.01;40;120
D_05.00;50;A1_43
F_18.00;950;225
J_06.00;60;500
C_74.00;20;430
C_13.01;260;470
C_75.01;20;2340
C_74.00;40;343
C_75.01;100;2800
C_73.00;30;1060
C_120.04;150;x10_x1286_x876_x15_x775
C_74.00;60;470
C_32.02;170;160
D_05.00;90;C31_02
D_05.00;50;J63_11
C_21.00;50;90
D_05.00;110;C25_12
F_18.00;170;540
J_07.00;40;370
D_05.00;80;G46_76
D_05.00;100;G46_63
F_18.00;197;450
C_74.00;150;335
C_75.01;60;2480
F_18.00;107;480
C_13.01;880;470
D_05.00;50;G47_77
C_118.00;170;x414_DK
J_04.00;30;600
C_07.00;130;140
C_114.00;180;x414_BG
C_13.01;10;630
C_08.02;257;NULL
C_80.00;100;230
D_07.00;110;450
C_75.01;40;870
C_66.01;10;205
C_05.01;60;112
C_114.00;150;x414_SI
C_103.00;133;NULL
C_22.00;100;450
C_75.01;10;2820
D_05.00;50;K64_99
F_09.02;10;180
C_118.00;160;x417_GH
D_05.00;20;F42_22
F_18.00;197;400
C_14.00;30;NULL
C_13.01;140;530
C_75.01;20;2110
C_114.00;209;x418_ES
C_66.01;10;1210
C_118.00;160;x418_HK
C_32.02;200;140
C_114.00;180;x414_CZ
F_18.00;951;216
C_13.01;310;550
C_13.01;910;560
F_35.00;100;40
C_114.00;190;x418_BE
C_75.01;40;1470
F_26.00;50;130
C_118.00;204;x419_NO
C_73.00;20;860
D_05.00;40;A1_43
C_114.00;208;x415_MO
C_74.00;140;550
R_05.00;10;110
C_114.00;205;x417_MZ
C_75.01;20;450
C_114.00;190;x415_AR
C_33.00;280;50
C_74.00;100;335
C_13.01;20;340
C_08.01;30;180
C_66.01;25;770
D_05.00;20;H49_41
D_05.00;30;C18_13
C_24.00;160;40
C_08.01;140;60
C_114.00;150;x415_KZ
C_82.00;10;340
D_05.00;20;N82_91
F_08.01;40;40
C_75.01;70;1440
C_114.00;160;x415_GH
F_23.03;120;20
C_75.01;90;1950
C_80.00;100;300
C_13.01;170;430
C_73.00;30;530
C_17.01;100;914
C_66.01;25;1220
C_34.03;20;220
C_34.05;80;170
J_04.00;70;570
C_81.00;80;270
F_32.04;40;130
C_118.00;170;x416_KY
C_32.02;50;210
C_73.00;50;945
C_75.01;70;380
C_07.00;160;110
C_118.00;206;x414_SE
C_118.00;170;x417_NC
C_13.01;40;240
F_18.00;109;222
C_74.00;110;240
J_04.00;130;10
J_06.00;310;570
F_04.02.2;20;50
D_05.00;20;C31_09
D_09.02;150;30
F_19.00;130;214
C_18.00;70;40
D_05.00;120;G46_43
C_80.00;20;310
C_05.01;60;111
D_05.00;90;G46_21
C_66.01;100;730
D_05.00;20;C32_2
J_04.00;90;620
C_74.00;120;343
C_13.01;10;376
C_114.00;206;x418_FR
C_33.00;300;230
D_07.00;120;370
C_13.01;110;650
C_34.01;40;40
C_34.05;80;80
C_13.01;330;640
C_114.00;204;x415_CO
C_17.01;100;580
M_01.00;20;330
D_05.00;40;E38_32
D_05.00;30;J58_21
F_23.03;40;180
C_114.00;150;x418_HK
C_114.00;190;x416_BJ
C_118.00;160;x414_SI
R_01.00;30;30
C_114.00;180;x415_BJ
C_115.00;145;NULL
C_80.00;110;490
C_32.02;10;200
D_08.00;230;110
C_118.00;180;x416_NC
J_07.00;290;340
D_05.00;30;C30_92
F_18.00;70;350
D_09.02;170;40
C_13.01;130;470
J_02.00;150;340
C_17.01;100;950
D_05.00;130;G47_64
C_75.01;40;2240
C_05.02;50;40
C_24.00;110;30
D_05.00;50;Q87_2
C_74.00;90;560
C_75.01;40;1710
C_16.00;120;10
C_106.01;100;x505
J_06.00;20;620
C_34.05;170;50
C_118.00;150;x415_VE
C_66.01;10;540
C_05.01;40;92
C_32.02;260;80
C_75.01;70;140
C_22.00;60;310
C_75.01;100;1760
C_16.00;90;10
C_80.00;40;750
C_66.01;10;620
J_05.00;310;340
C_80.00;120;80
D_05.00;20;S94_92
C_80.00;110;690
C_114.00;190;x415_EG
J_03.00;150;470
C_07.00;240;50
J_02.00;10;160
C_73.00;30;1440
D_05.00;130;G47_25
C_74.00;140;331
C_84.00;40;180
F_18.00;900;225
C_32.02;220;130
C_05.02;60;70
C_74.00;90;267
C_74.00;60;90
C_114.00;160;x415_VE
D_07.00;70;490
C_114.00;190;x417_MC
F_32.01;55;10
C_74.00;80;100
D_05.00;140;K64_92
D_05.00;110;C10
C_117.00;140;NULL
C_22.00;70;480
C_118.00;170;x418_IN
F_35.00;12;20
C_18.00;50;11
C_13.01;750;570
C_17.02;160;NULL
C_16.00;120;80
C_13.01;300;620
C_118.00;160;x416_AR
R_01.00;60;30
C_17.01;90;110
C_105.01;70;NULL
C_17.01;100;510
D_05.00;90;G46_6
F_35.00;60;40
C_75.01;80;2250
C_34.05;170;130
C_34.02;90;90
C_80.00;40;870
J_05.00;60;620
C_73.00;60;1065
C_35.03;20;160
C_16.00;120;120
D_05.00;90;F42_22
J_03.00;130;30
D_05.00;100;N82_91
C_91.00;180;10
C_73.00;20;35
C_22.00;60;110
C_66.01;25;105
F_09.01.1;130;230
C_75.01;70;1480
D_05.00;140;G46_6
C_22.00;60;220
F_15.00;90;123
C_08.01;10;160
D_05.00;80;G46_31
C_74.00;110;80
D_07.00;80;250
C_75.01;100;2260
C_80.00;120;210
D_05.00;40;N80_3
C_34.05;170;90
D_07.00;30;410
F_23.02;50;220
C_32.02;140;160
J_04.00;10;570
D_05.00;100;R93_29
C_75.01;80;2090
C_75.01;90;2660
F_18.00;910;222
C_80.00;20;270
C_32.02;20;190
C_114.00;190;x416_KY
C_75.01;20;2530
F_04.02.1;20;30
C_32.02;70;60
C_75.01;100;1840
D_09.01;90;160
C_114.00;207;x418_NZ
F_08.01;37;400
C_08.01;50;80
C_111.00;20;NULL
C_07.00;30;120
C_32.02;100;140
D_07.00;60;440
M_02.00;10;430
C_13.01;330;470
F_15.00;80;182
C_106.01;100;x612
C_75.01;70;1030
J_06.00;310;410
C_18.00;20;385
D_05.00;70;G46_38
F_04.03.1;90;40
C_28.00;130;NULL
C_74.00;50;480
D_05.00;130;C19_2
C_22.00;70;190
C_75.01;90;120
C_118.00;208;x418_CH
C_34.09;10;70
F_25.01;80;100
C_13.01;170;550
C_75.01;100;100
F_12.01;20;700
C_66.01;25;1110
D_05.00;110;A1_11
C_118.00;170;x418_CA
F_14.00;60;128
C_35.02;30;50
C_07.00;50;310
C_66.01;10;11
C_114.00;190;x417_DO
J_02.00;70;640
C_32.02;180;140
C_34.02;80;80
D_05.00;90;C31_09
F_18.00;952;227
D_05.00;40;A1_62
J_07.00;30;610
C_13.01;160;255
C_66.01;25;1070
D_05.00;130;C10_71
F_35.00;10;30
C_80.00;120;170
C_18.00;50;250
D_09.01;150;180
C_13.01;20;220
F_23.03;160;60
C_75.01;80;1310
C_13.01;880;610
C_16.00;60;50
C_75.01;20;940
C_106.01;120;x665
C_13.01;260;670
C_20.00;900;120
C_120.04;130;x2_x1285_x1284_x16_x822
C_07.00;220;300
J_02.00;150;70
F_18.00;80;370
C_25.00;140;40
D_05.00;80;I55_3
C_17.01;100;670
C_13.01;870;220
C_74.00;120;307
C_24.00;120;90
C_107.02;20;NULL
C_118.00;202;x414_BG
C_74.00;120;297
F_25.01;20;20
R_04.01;20;0030_0030
C_106.01;100;x527
C_28.00;40;NULL
C_17.01;100;710
C_75.01;70;1640
F_25.01;90;70
C_13.01;70;450
C_118.00;208;x418_SG
C_73.00;20;410
D_07.00;100;260
C_22.00;50;80
J_04.00;20;610
D_05.00;40;C24_44
F_18.00;30;530
C_80.00;10;430
D_05.00;70;H49_5
C_91.00;170;60
D_07.00;20;450
C_13.01;870;600
C_66.01;25;960
C_13.01;20;310
C_80.00;20;110
C_32.02;130;40
C_20.00;450;40
C_118.00;150;x417_BJ
F_23.02;30;280
D_05.00;130;C27_4
D_05.00;40;G46_21
C_16.00;80;90
D_08.00;220;150
C_05.02;60;110
C_101.00;160;NULL
C_34.05;60;140
F_35.00;120;30
D_05.00;90;C32_2
C_07.00;110;290
C_75.01;70;1510
C_105.01;60;NULL
F_32.01;35;15
F_23.03;120;40
F_09.01.1;130;90
C_80.00;100;330
C_118.00;180;x414_BG
C_114.00;190;x416_GR
C_118.00;205;x414_RO
C_17.01;90;650
J_03.00;30;580
C_80.00;120;750
C_32.02;250;140
J_09.00;20;20
C_13.01;930;480
F_46.00;70;180
C_22.00;70;290
C_13.01;30;580
C_24.00;170;30
F_18.00;196;530
C_66.01;25;740
F_20.04;22;10
C_32.02;180;40
C_13.01;650;520
C_75.01;40;1720
C_75.01;60;670
C_07.00;60;310
C_32.02;10;190
C_75.01;70;1360
J_03.00;150;190
C_13.01;220;373
C_13.01;270;460
D_09.01;20;190
C_34.03;20;70
C_24.00;180;110
C_13.01;340;500
F_25.02;30;120
C_66.01;10;710
J_02.00;130;80
D_05.00;40;C22_23
C_05.02;20;100
C_114.00;207;x418_AM
D_05.00;70;S95_29
C_07.00;120;290
F_18.00;122;923
J_04.00;50;630
C_13.01;650;540
F_18.00;107;350
F_23.02;40;190
D_07.00;50;360
C_114.00;130;x414_RO
J_05.00;60;580
C_75.01;100;390
C_114.00;180;x418_HK
C_75.01;20;1680
D_05.00;50;J62_09
J_02.00;20;570
C_17.01;100;130
F_18.00;952;930
C_75.01;100;2100
F_35.00;160;20
C_118.00;160;x417_IR
C_114.00;209;x418_BE
C_102.00;61;NULL
C_75.01;60;610
C_75.01;100;520
C_80.00;20;380
C_13.01;160;256
D_05.00;90;A1_43
D_05.00;30;A1_62
C_73.00;20;260
C_82.00;70;370
D_09.01;130;170
C_80.00;30;350
C_75.01;90;2120
C_66.01;25;100
C_73.00;50;1055
D_09.02;200;60
D_09.02;260;30
C_80.00;20;550
F_08.01;37;40
C_74.00;160;540
C_74.00;80;295
C_32.02;210;50
C_18.00;10;380
F_25.02;80;120
C_118.00;150;x415_TN
C_80.00;10;380
C_07.00;10;90
C_07.00;100;210
D_05.00;60;A3_1
J_05.00;310;270
C_75.01;100;890
C_75.01;70;2810
C_07.00;230;110
D_05.00;50;C26_51
C_25.00;50;30
D_05.00;110;C26_51
C_13.01;310;500
D_05.00;80;C33_2
C_75.01;100;1070
D_05.00;50;C20_42
C_114.00;170;x418_GR
C_07.00;70;160
C_18.00;50;130
F_20.04;26;70
C_75.01;80;1080
D_05.00;110;R91_01
C_80.00;30;440
F_18.00;107;520
C_73.00;50;985
C_13.01;90;590
C_13.01;30;640
J_04.00;140;520
D_05.00;50;G47_72
C_24.00;70;60
D_03.02;60;NULL
C_75.01;40;320
C_80.00;10;460
C_32.02;100;180
C_13.01;320;450
C_32.02;270;200
C_118.00;170;x415_AM
C_118.00;150;x416_CY
C_07.00;180;120
D_05.00;20;C18_11
C_34.03;10;120
C_14.00;202;NULL
C_114.00;190;x415_MU
D_05.00;80;R91_01
F_25.01;80;30
C_16.00;60;100
C_75.01;90;2080
C_75.01;80;1240
F_46.00;110;170
C_114.00;190;x416_KZ
J_05.00;40;220
C_13.01;290;450
F_10.00;40;160
C_13.01;320;560
D_05.00;30;P85_53
D_05.00;60;C26_3
D_03.01;60;B8_9_x85
C_75.01;80;2510
J_05.00;310;600
C_19.00;540;100
C_07.00;211;35
J_05.00;50;640
D_05.00;70;H49_41
C_24.00;170;50
C_74.00;140;323
C_13.01;170;254
D_07.00;90;430
J_07.00;280;640
D_05.00;20;S94_91
C_75.01;90;2690
D_07.00;110;430
C_114.00;205;x418_AE
C_13.01;840;500
C_84.00;20;210
M_01.00;20;250
D_05.00;20;G47_61
D_05.00;140;C11_05
C_75.01;100;330
C_23.00;70;140
D_05.00;50;L68_1
D_09.02;250;30
D_05.00;130;D35_12
D_05.00;80;A1_62
D_09.02;100;30
C_13.01;40;376
C_08.01;280;170
C_17.01;90;913
F_46.00;50;50
F_19.00;100;221
C_114.00;170;x416_KZ
C_08.01;140;50
C_07.00;60;180
C_13.01;260;480
D_05.00;120;A1_61
C_13.01;930;580
D_05.00;140;G46_32
J_05.00;20;600
D_05.00;20;N77_39
D_05.00;120;G46_18
C_75.01;40;530
C_74.00;120;325
C_13.01;60;540
F_35.00;80;10
C_13.01;870;361
C_75.01;20;1900
D_05.00;40;C25_62
D_05.00;50;F42_91
C_34.05;140;130
C_74.00;120;500
C_75.01;100;1820
D_05.00;50;G46_16
C_75.01;30;2770
C_81.00;80;20
C_13.01;30;390
D_05.00;70;G46_42
D_05.00;90;C28_25
C_74.00;60;265
C_66.01;25;1040
C_118.00;160;x418_AM
C_13.01;920;650
F_18.00;950;213
C_13.01;50;520
F_35.00;170;30
C_66.01;25;150
C_114.00;170;x417_AR
C_32.02;150;140
F_18.00;106;540
J_02.00;130;180
D_05.00;70;C17_21
C_13.01;310;600
C_75.01;70;630
C_114.00;190;x415_IL
C_81.00;20;30
J_04.00;120;640
C_66.01;10;610
F_15.00;100;200
D_09.01;130;140
C_75.01;80;2610
D_05.00;30;M74_3
J_06.00;290;570
C_17.01;90;40
C_118.00;190;x417_NC
F_08.01;37;110
C_71.00;60;10
F_15.00;100;182
C_120.04;140;x7_x130_x876_x15_x776
C_75.01;80;1220
C_40.00;20;410
C_118.00;202;x419_ES
C_22.00;60;210
C_05.02;30;80
C_75.01;80;2480
C_75.01;100;2780
C_75.01;20;1360
D_05.00;110;N79_9
C_74.00;90;291
C_40.00;20;350
C_118.00;190;x416_GG
C_114.00;204;x414_SK
C_80.00;10;320
C_114.00;170;x416_VE
C_114.00;208;x418_RU
D_05.00;40;C18_12
D_05.00;110;A1_42
F_18.00;58;227
J_05.00;270;590
C_80.00;110;750
C_13.01;680;480
C_74.00;110;309
C_91.00;170;30
C_13.01;650;470
C_34.01;10;40
C_08.01;90;50
D_05.00;50;N77_11
C_75.01;60;590
D_05.00;100;J61_1
C_13.01;10;390
C_101.00;130;NULL
J_05.00;40;140
D_05.00;140;A1_13
C_80.00;100;520
C_74.00;150;295
D_07.00;60;480
C_74.00;110;120
D_05.00;100;K66_11
C_120.01;120;x524
C_17.01;90;880
C_66.01;25;691
F_18.00;90;360
C_114.00;130;x415_TW
D_05.00;100;J58_11
D_05.00;90;F42_21
J_07.00;60;390
J_07.00;60;640
D_09.01;50;40
F_18.00;170;470
C_80.00;120;1090
C_75.01;100;2250
C_118.00;205;x414_HU
D_05.00;90;G47_3
C_114.00;160;x416_VN
D_05.00;100;A1_43
C_80.00;110;1010
C_74.00;110;100
C_75.01;20;510
J_08.00;40;120
C_75.01;80;730
C_22.00;90;470
F_23.03;140;170
C_13.01;880;510
C_05.02;20;150
C_114.00;150;x417_IR
C_73.00;30;970
C_80.00;120;660
C_117.00;20;NULL
C_16.00;71;120
C_74.00;100;540
C_16.00;90;40
C_13.01;880;670
C_118.00;209;x414_CH
C_75.01;40;1360
D_05.00;30;G46_62
C_75.01;60;570
D_05.00;30;K65_12
D_05.00;130;C32_2
C_74.00;110;140
D_05.00;50;C29_31
J_03.00;90;590
C_80.00;120;560
F_25.01;10;40
C_75.01;80;1970
C_118.00;190;x417_MC
D_05.00;50;N80_3
C_08.01;170;160
F_18.00;140;222
D_05.00;110;F43_33
D_05.00;70;S94_2
M_03.00;20;570
C_07.00;240;130
D_05.00;130;D35_14
C_66.01;10;290
C_13.01;230;670
C_40.00;20;330
D_05.00;30;N80_3
C_120.04;130;x7_x1285_x876_x15_x775
C_16.00;40;10
C_07.00;120;300
C_13.01;870;560
F_18.00;142;226
C_75.01;20;1150
D_05.00;40;A1_61
F_32.04;50;170
C_106.01;120;x523
C_11.00;40;60
J_04.00;120;620
D_05.00;110;F43_22
C_74.00;50;263
C_13.01;50;540
C_23.00;70;120
J_03.00;110;630
D_05.00;130;C11_07
F_23.02;140;410
F_32.01;55;20
D_05.00;70;G45_4
D_05.00;70;M73_12
D_05.00;20;S95_12
P_01.03;50;32
C_18.00;70;140
C_75.01;40;370
C_22.00;100;110
C_75.01;70;1290
F_04.09;90;7
D_05.00;110;G46_32
C_118.00;170;x418_IT
C_75.01;90;500
C_13.01;290;560
C_13.01;30;470
C_75.01;80;1500
C_08.01;270;50
C_80.00;40;980
C_80.00;20;340
C_114.00;180;x415_KZ
C_24.00;100;70
C_05.01;40;80
D_05.00;20;R90_01
C_75.01;100;2720
F_18.00;160;370
C_80.00;100;30
F_11.04;40;30
D_05.00;80;K64_91
C_114.00;206;x415_SD
C_13.01;10;660
C_74.00;130;30
C_106.01;100;x482
D_05.00;120;B8_99
C_81.00;90;150
J_05.00;60;160
D_05.00;110;G47_29
C_34.05;160;170
C_74.00;40;110
C_07.00;110;230
C_07.00;110;150
D_05.00;140;C28_3
C_08.01;180;170
J_05.00;60;390
C_07.00;60;120
D_05.00;80;S94_11
C_40.00;130;270
D_09.01;70;150
C_75.01;70;760
D_07.00;160;470
J_03.00;150;510
F_18.00;55;550
F_23.02;170;350
C_118.00;180;x418_AR
C_114.00;180;x418_FR
D_05.00;130;H49_41
C_75.01;70;1060
C_114.00;180;x416_MU
D_05.00;20;C19_2
C_33.00;270;90
J_03.00;40;580
D_05.00;120;H52_22
F_15.00;100;131
J_02.00;50;610
C_32.02;90;70
F_18.00;160;490
F_08.01;37;210
C_114.00;170;x414_SK
D_05.00;40;C32_2
J_02.00;140;160
C_114.00;150;x417_BJ
D_05.00;80;A1_13
F_08.01;37;80
C_118.00;180;x415_GG
C_13.01;110;590
C_23.00;20;140
D_05.00;40;H52_21
C_91.00;40;130
J_05.00;290;600
D_05.00;50;Q86_1
D_05.00;50;G45_11
C_91.00;60;110
C_08.01;171;160
D_05.00;100;P85_51
C_80.00;110;180
C_13.01;670;660
C_34.02;140;90
C_75.01;40;170
D_05.00;60;F43_1
D_05.00;130;A1_43
D_07.00;100;350
F_46.00;20;120
C_07.00;140;250
C_16.00;40;70
C_22.00;70;420
C_16.00;71;70
F_04.03.1;60;40
D_05.00;90;N81_22
C_13.01;170;340
C_75.01;90;2700
C_13.01;690;550
C_114.00;204;x414_HU
D_05.00;130;C10_72
J_06.00;30;630
F_46.00;85;150
D_07.00;150;330
C_75.01;40;1850
D_05.00;80;G46_16
C_18.00;70;13
J_05.00;300;160
C_73.00;30;280
C_66.01;25;66
D_07.00;20;400
C_24.00;110;90
C_66.01;25;900
C_73.00;30;120
C_80.00;120;730
C_74.00;120;180
C_21.00;30;100
C_114.00;204;x417_MZ
C_80.00;110;970
C_118.00;170;x416_GG
C_32.02;70;150
C_114.00;180;x417_VE
D_05.00;140;R91_04
C_118.00;190;x419_FR
D_05.00;70;S95_12
C_73.00;20;390
C_80.00;40;940
J_05.00;280;640
F_23.03;150;190
C_118.00;190;x416_CR
C_114.00;190;x415_MC
C_118.00;206;x418_JP
D_07.00;40;110
C_75.01;70;460
C_91.00;80;120
C_114.00;208;x415_MY
C_34.05;170;60
F_32.02;20;245
C_118.00;160;x415_VE
D_05.00;40;O84_25
C_73.00;30;1050
F_12.00;90;510
D_05.00;20;G46_49
C_05.02;60;80
C_13.01;910;550
C_22.00;80;70
C_13.01;240;630
D_07.00;60;420
C_40.00;130;40
J_02.00;10;610
C_13.01;660;540
F_18.00;55;340
D_05.00;40;C17_12
J_02.00;150;560
C_22.00;100;310
F_09.01.1;130;150
C_66.01;25;720
C_118.00;160;x415_CR
F_18.00;80;500
D_08.00;80;140
J_05.00;60;330
F_23.05;150;230
J_02.00;50;570
C_118.00;170;x417_VE
C_18.00;70;130
C_75.01;80;970
C_13.01;30;660
C_114.00;130;x414_CH
C_114.00;170;x414_RO
C_05.01;20;170
C_114.00;190;x414_CH
D_05.00;50;A1_28
C_34.05;160;210
F_04.10;30;50
D_05.00;110;C27_11
J_02.00;130;120
D_05.00;50;A1_13
C_32.02;220;160
C_40.00;70;90
D_07.00;70;270
D_05.00;140;G46_39
D_05.00;110;K64_91
R_05.00;20;10
C_29.00;360;NULL
C_23.00;30;140
C_118.00;190;x416_MC
C_114.00;205;x414_CZ
C_22.00;80;180
J_02.00;60;590
C_114.00;170;x416_ID
J_03.00;100;570
C_34.03;20;120
D_05.00;40;G46_42
R_04.01;30;0043_0043
D_05.00;140;E37
C_13.01;270;650
C_74.00;90;10
C_114.00;206;x415_PH
C_40.00;20;390
C_114.00;203;x414_BG
D_07.00;30;360
D_05.00;50;M72_2
F_23.03;120;80
C_75.01;70;650
D_05.00;80;G47_74
D_05.00;20;A1_43
C_08.01;270;160
C_18.00;50;60
C_07.00;110;300
C_13.01;670;470
C_118.00;190;x415_CY
J_06.00;310;640
D_09.01;30;180
C_13.01;910;450
C_17.01;100;912
C_13.01;130;570
M_03.00;20;290
C_13.01;130;610
C_75.01;40;2280
C_32.02;90;200
C_80.00;90;430
C_28.00;210;NULL
C_114.00;170;x415_NC
C_07.00;130;270
D_05.00;20;G46_74
C_74.00;50;570
D_05.00;40;C10_72
D_05.00;80;G46_34
C_114.00;205;x418_CH
C_13.01;260;570
C_80.00;10;270
C_66.01;10;66
F_23.03;170;170
R_04.01;40;0042_0042
F_25.01;110;70
F_11.04;40;160
C_18.00;50;230
D_05.00;110;H52_22
C_13.01;690;610
D_07.00;90;410
D_05.00;50;A1_3
C_80.00;90;140
C_75.01;90;2650
C_08.01;240;50
C_07.00;80;170
C_08.01;210;160
C_13.01;750;510
J_02.00;120;640
C_75.01;90;1670
C_83.00;60;110
C_80.00;90;210
D_05.00;70;N82_91
C_75.01;60;40
D_05.00;80;H49_31
C_07.00;240;300
J_06.00;50;590
C_80.00;90;970
D_05.00;40;R93_21
C_34.05;10;30
C_16.00;60;30
C_80.00;40;700
C_118.00;160;x415_GG
C_13.01;930;670
C_120.04;120;x6_x130_x876_x15_x776
C_71.00;30;10
F_23.05;90;230
C_118.00;180;x414_SE
D_05.00;130;G46_66
C_118.00;208;x418_AE
D_05.00;140;C33_2
C_16.00;110;40
C_23.00;40;120
C_80.00;100;260
D_05.00;130;A2_2
C_118.00;206;x418_CL
C_13.01;20;560
C_75.01;90;1930
C_115.00;140;NULL
D_05.00;130;F42_12
D_07.00;130;350
J_06.00;60;340
F_14.00;60;180
C_114.00;208;x417_AR
C_114.00;150;x417_ID
C_22.00;100;280
D_09.01;140;50
D_05.00;30;C10_83
C_66.01;10;1270
D_05.00;70;S94_92
C_75.01;20;2600
C_08.01;140;30
C_75.01;90;2590
C_75.01;20;1850
F_18.00;180;510
D_05.00;40;C10_52
C_75.01;70;420
C_08.01;255;160
C_75.01;40;2550
D_07.00;30;350
D_05.00;140;G47_74
F_18.00;80;460
D_05.00;130;Q87_9
C_114.00;207;x416_AR
D_05.00;140;H49_1
F_25.01;20;40
D_05.00;110;R90_03
C_75.01;40;980
C_75.01;40;2640
C_07.00;50;200
C_74.00;50;170
F_35.00;60;20
C_75.01;70;2010
J_04.00;30;590
D_09.01;80;180
C_75.01;80;2300
C_75.01;60;1590
C_25.00;40;10
C_114.00;203;x416_MZ
J_03.00;10;600
D_05.00;100;C24_44
F_18.00;70;440
C_73.00;30;70
C_66.01;10;256
C_75.01;70;1610
C_74.00;80;327
C_114.00;130;x415_MY
D_05.00;120;Q88_91
F_23.01;30;150
C_32.02;80;140
C_73.00;30;1330
C_75.01;70;2370
C_74.00;110;450
F_32.03;10;50
F_18.00;910;224
C_13.01;170;210
C_118.00;170;x416_VE
F_46.00;30;100
D_05.00;30;N77_29
C_13.01;30;253
C_114.00;190;x417_BH
C_106.01;120;x616
C_75.01;100;200
C_35.02;30;30
D_08.00;100;140
C_103.00;220;NULL
C_13.01;870;240
C_22.00;60;460
D_05.00;30;C11_05
D_05.00;20;S95_24
C_118.00;170;x415_DO
D_05.00;140;C13_93
C_73.00;20;1370
C_73.00;20;1180
C_17.02;90;NULL
F_23.02;170;390
F_18.00;191;420
C_75.01;80;1910
F_23.03;150;130
C_74.00;40;20
C_82.00;10;40
J_07.00;280;620
C_75.01;60;2050
C_74.00;50;420
F_32.02;65;250
C_13.01;90;650
J_05.00;300;580
J_05.00;280;580
F_12.00;30;10
F_18.00;143;213
C_07.00;230;70
C_34.02;100;110
D_03.01;60;B5_1_x90
D_07.00;160;420
D_09.01;140;190
C_14.01;420;NULL
C_82.00;90;20
C_80.00;10;370
D_05.00;110;C26_3
F_09.01.1;120;160
C_118.00;180;x416_CI
C_66.01;10;150
C_13.01;150;136
C_75.01;20;1130
C_17.01;90;210
C_74.00;80;50
C_13.01;870;540
C_80.00;100;370
D_05.00;90;G45_4
F_32.01;40;20
C_75.01;90;1730
C_13.01;120;650
C_75.01;40;1960
F_18.00;102;540
F_18.00;109;211
J_02.00;150;370
D_05.00;20;P85_32
C_71.00;50;10
C_08.02;230;NULL
C_114.00;180;x416_VN
C_22.00;100;70
D_05.00;130;G46_11
D_07.00;160;390
C_114.00;203;x415_TW
C_114.00;190;x417_GR
C_13.01;160;270
C_32.02;190;210
C_07.00;80;130
C_82.00;80;10
C_34.05;60;50
C_13.01;150;210
C_106.01;120;x505
D_05.00;100;C32_2
F_18.00;143;222
C_74.00;120;293
C_114.00;190;x416_EG
D_05.00;20;J61_9
F_18.00;160;500
C_118.00;190;x418_SG
J_04.00;120;580
C_114.00;207;x414_BG
D_05.00;120;G46_32
C_73.00;50;240
C_114.00;150;x415_TW
C_17.01;90;550
J_06.00;20;610
J_03.00;120;630
C_75.01;100;540
J_07.00;40;220
F_04.09;30;6
C_16.00;80;60
F_18.00;951;226
D_05.00;40;G46_17
C_118.00;180;x418_CZ
C_07.00;80;320
J_02.00;10;300
C_74.00;110;490
C_81.00;70;30
C_24.00;180;80
C_08.02;180;NULL
C_106.01;100;x575
C_75.01;40;2430
J_07.00;290;140
C_117.00;80;NULL
J_02.00;130;430
D_05.00;90;H49_2
F_18.00;180;400
C_22.00;70;360
F_11.04;50;180
D_05.00;140;C27_4
R_04.01;80;0041_0041
C_75.01;80;2290
C_32.01;40;210
C_75.01;70;170
D_05.00;40;C10_89
C_13.01;690;650
F_15.00;100;122
C_74.00;60;110
C_114.00;140;x414_CZ
C_08.02;10;NULL
F_23.02;40;170
C_74.00;130;120
C_40.00;70;410
C_118.00;180;x418_HK
F_18.00;122;490
C_32.02;60;210
D_03.01;70;B5_2_x90
J_06.00;60;570
D_05.00;20;G46_43
D_09.02;290;40
C_118.00;209;x414_DK
C_07.00;100;170
C_118.00;206;x418_AR
C_33.00;290;170
F_12.01;20;630
D_07.00;150;350
C_66.01;200;730
C_22.00;90;220
D_07.00;40;230
C_75.01;60;1670
C_18.00;20;360
C_75.01;60;1780
C_13.01;220;610
D_05.00;30;C27_4
F_04.09;100;5
F_20.04;22;30
D_05.00;110;I55_3
C_103.00;260;NULL
F_18.00;58;216
C_73.00;30;90
C_75.01;90;1180
D_08.00;100;120
C_80.00;100;930
D_05.00;60;H53_1
C_73.00;20;100
F_18.00;107;410
C_73.00;30;140
C_22.00;80;85
D_05.00;80;C27_11
C_28.00;320;NULL
F_23.01;30;160
C_13.01;40;373
D_07.00;100;440
C_74.00;160;570
C_13.01;310;660
J_02.00;10;130
C_13.01;660;640
D_09.02;280;60
D_03.02;30;NULL
C_34.02;100;70
C_07.00;140;90
J_03.00;150;50
D_05.00;130;L68_32
F_18.00;900;213
C_114.00;190;x414_TR
D_05.00;110;G46_18
C_34.05;130;40
C_75.01;90;1990
D_05.00;20;K64_19
C_75.01;60;1040
D_05.00;80;G45_19
J_04.00;150;10
D_05.00;50;G46_45
C_13.01;150;360
C_34.02;110;50
J_02.00;150;270
C_13.01;10;460
J_03.00;90;600
C_34.01;70;40
D_09.02;50;60
C_80.00;10;110
D_05.00;60;G46_16
C_34.01;90;70
C_14.00;304;NULL
C_74.00;110;70
D_05.00;20;J59_12
F_04.10;30;30
D_07.00;110;240
F_11.01;40;50
C_07.00;130;130
C_75.01;20;1040
C_105.01;20;NULL
D_07.00;20;420
C_114.00;206;x418_CA
D_05.00;100;G46_51
C_34.05;70;90
C_118.00;202;x414_SE
C_91.00;200;120
C_114.00;205;x418_IN
C_114.00;180;x415_TN
C_40.00;130;340
C_114.00;180;x418_CZ
D_05.00;40;K64_19
C_118.00;190;x415_NC
C_40.00;85;310
C_18.00;60;190
J_04.00;70;610
C_75.01;60;1400
C_32.02;150;70
C_80.00;10;210
C_17.01;90;530
J_06.00;60;590
C_13.01;730;510
C_114.00;204;x415_MO
F_23.05;120;230
D_05.00;120;K64_91
F_11.01;40;260
R_04.01;10;0020_0020
C_75.01;60;2770
F_15.00;80;41
C_32.02;120;200
F_35.00;90;30
C_114.00;205;x418_FR
C_34.05;130;190
J_05.00;40;370
D_07.00;100;470
C_13.01;880;480
C_114.00;170;x417_CI
C_91.00;140;90
D_05.00;50;C27_4
C_13.01;110;530
C_23.00;50;100
C_13.01;300;540
F_46.00;85;130
J_03.00;130;510
C_75.01;80;520
C_80.00;30;130
C_114.00;150;x417_KZ
C_120.04;190;x7_x130_x876_x15_x776
C_25.00;120;40
C_13.01;290;660
C_91.00;30;110
C_32.02;190;190
F_08.01;40;320
D_05.00;70;N82_92
C_13.01;250;480
C_13.01;120;630
C_13.01;40;660
C_34.05;70;100
C_120.01;120;x618
D_07.00;150;390
D_05.00;50;J58_29
C_07.00;120;190
C_114.00;190;x416_ID
C_13.01;860;350
C_82.00;80;30
D_05.00;40;C33_15
C_82.00;10;450
C_13.01;40;210
C_13.01;20;380
D_05.00;50;N81_3
C_66.01;10;50
C_28.00;250;NULL
D_05.00;50;C10_51
C_22.00;90;410
D_05.00;70;F43
C_118.00;180;x414_SI
D_05.00;110;F42_99
C_66.01;25;256
C_71.00;50;120
C_13.01;90;500
C_05.02;60;140
C_08.05.1;20;NULL
D_05.00;60;G47_81
F_32.02;50;190
C_13.01;70;500
C_74.00;140;560
F_18.00;142;213
D_05.00;140;A1_62
D_05.00;80;C10_51
C_34.02;190;130
C_09.04;20;100
C_114.00;207;x418_ES
F_04.03.1;40;10
C_82.00;70;60
D_07.00;140;470
J_03.00;30;600
C_13.01;250;460
D_05.00;110;K66_21
D_05.00;50;C18_13
M_02.00;30;200
F_18.00;197;380
F_23.01;50;190
C_22.00;70;300
F_04.03.1;20;10
C_16.00;110;20
F_18.00;109;224
C_13.01;90;550
C_13.01;10;373
C_106.01;120;x480
C_75.01;20;1770
J_02.00;140;300
C_114.00;190;x418_JP
D_07.00;40;480
C_75.01;20;1320
C_09.04;30;140
C_66.01;10;20
F_18.00;140;930
D_05.00;110;C32_99
F_04.09;90;9
C_75.01;40;1000
C_13.01;230;480
C_05.01;40;20
C_75.01;90;1100
F_23.01;30;190
C_120.01;50;x666
C_91.00;200;70
C_80.00;30;290
J_02.00;130;140
D_05.00;110;C25_3
F_35.00;50;20
D_07.00;30;480
C_75.01;80;1750
C_114.00;190;x414_SK
C_73.00;30;918
C_114.00;180;x417_CR
C_74.00;80;410
J_08.00;10;260
C_16.00;90;110
D_05.00;110;F42_91
C_75.01;20;560
J_02.00;140;190
C_08.05.1;40;NULL
J_07.00;40;140
C_07.00;230;80
C_114.00;190;x417_CL
F_18.00;951;231
C_34.02;150;120
C_66.01;25;1080
C_102.00;110;NULL
C_24.00;90;100
C_21.00;20;120
C_75.01;70;2750
D_05.00;130;C28_25
C_118.00;190;x417_CR
C_13.01;150;590
R_01.00;10;30
F_15.00;70;42
D_05.00;50;C21_1
C_66.01;25;170
D_09.01;110;120
R_12.00;100;40
F_35.00;30;20
C_120.01;120;x582
C_120.04;120;x2_x1285_x1284_x15_x822
C_74.00;130;160
F_18.00;180;490
F_12.01;125;565
C_114.00;160;x416_DO
C_13.01;130;580
C_75.01;20;490
C_73.00;20;520
C_75.01;70;270
C_114.00;206;x414_PL
D_05.00;30;S94_11
C_75.01;90;2240
C_105.01;130;NULL
C_118.00;203;x419_GB
D_05.00;50;D35_13
C_74.00;130;230
C_75.01;70;1100
F_23.02;130;380
C_17.01;90;70
C_114.00;209;x415_CO
C_101.00;140;NULL
J_05.00;30;160
F_32.01;50;15
C_13.01;220;590
C_118.00;150;x417_KY
D_05.00;20;H49_2
F_12.00;90;480
C_73.00;30;560
D_09.01;50;170
C_91.00;180;40
D_07.00;100;390
F_05.01;10;130
C_34.01;60;60
C_34.05;130;80
D_05.00;40;N77_4
C_16.00;50;50
C_66.01;25;130
C_66.01;25;510
C_118.00;150;x417_SN
F_11.04;30;70
C_32.02;40;190
D_05.00;40;C11_01
F_25.01;70;80
C_75.01;80;990
C_114.00;170;x415_MC
C_118.00;170;x415_BH
C_40.00;75;90
D_05.00;130;G47_62
D_05.00;30;C33_2
D_05.00;50;S96_03
C_35.02;20;10
F_09.02;10;70
C_66.01;25;440
C_120.02;100;x14_x50_x25
C_118.00;170;x418_RU
C_34.02;80;120
C_05.02;30;40
C_07.00;50;280
F_23.03;150;150
C_114.00;150;x415_SN
C_74.00;90;275
C_120.01;120;x484
F_18.00;107;390
C_114.00;205;x418_CA
C_106.01;100;x506
D_05.00;70;P85_51
C_80.00;20;80
D_09.02;70;40
C_75.01;100;2290
D_05.00;60;Q88_91
F_18.00;900;215
C_75.01;80;2720
C_34.02;80;70
C_13.01;40;430
F_09.01.1;130;80
F_35.00;180;40
C_82.00;70;320
C_22.00;100;220
F_18.00;197;340
J_04.00;110;620
F_18.00;952;211
C_74.00;90;297
D_05.00;70;C11_01
C_75.01;70;80
C_43.00;40;40
C_81.00;80;340
C_82.00;70;40
C_75.01;100;350
C_80.00;90;120
C_13.01;110;550
C_32.03;100;NULL
F_20.04;22;70
C_75.01;70;550
C_75.01;80;1180
C_07.00;240;35
C_118.00;170;x418_SG
C_75.01;90;1330
C_13.01;650;620
C_82.00;30;420
D_05.00;40;F42_21
C_118.00;190;x417_EG
C_24.00;160;80
D_05.00;30;C28_3
D_05.00;30;C23_62
C_08.01;256;160
C_13.01;20;600
D_05.00;70;D35_14
F_46.00;60;200
C_13.01;30;540
C_74.00;150;271
C_114.00;170;x417_DO
D_05.00;120;A1_13
C_120.06;70;NULL
C_80.00;40;650
C_34.03;10;10
D_05.00;140;G47_71
C_118.00;190;x414_x33
C_118.00;207;x418_NO
C_08.01;120;50
D_05.00;130;C10_89
J_02.00;110;620
C_05.01;40;91
C_13.01;30;520
C_13.01;10;500
M_02.00;10;450
C_32.02;200;200
D_05.00;50;C20_59
C_35.02;40;50
C_32.04;80;NULL
J_03.00;140;550
D_05.00;130;F41
C_75.01;90;910
C_118.00;204;x419_FR
C_13.01;650;580
D_05.00;60;F42_99
C_80.00;10;400
D_05.00;40;N78_3
F_18.00;122;226
C_13.01;20;376
C_118.00;209;x418_ES
D_05.00;130;C16_23
D_05.00;60;G46_9
D_05.00;110;J58_14
C_13.01;160;610
C_82.00;70;20
D_05.00;70;K64_3
D_05.00;80;G47_81
D_05.00;100;Q86_21
D_05.00;140;C25_5
C_13.01;80;550
C_18.00;50;150
C_13.01;20;361
F_23.03;150;60
D_05.00;110;S95_24
D_05.00;80;J59_14
F_18.00;950;211
D_09.02;230;30
C_118.00;180;x416_AM
C_118.00;208;x415_AR
C_20.00;450;120
C_118.00;190;x418_CH
D_05.00;90;H49_41
C_34.05;50;120
C_80.00;120;450
C_73.00;20;1430
R_04.01;30;0010_0010
D_05.00;20;G46_38
C_74.00;120;490
J_02.00;10;360
C_91.00;170;50
C_32.03;30;NULL
C_73.00;20;50
D_05.00;60;C10
D_05.00;120;C25_21
C_114.00;160;x416_CY
C_66.01;25;1020
C_74.00;50;230
C_75.01;100;2480
C_91.00;160;70
F_11.04;40;200
F_18.00;107;540
C_32.02;220;100
D_07.00;140;430
D_05.00;60;H49_31
C_118.00;160;x417_BJ
C_16.00;60;90
C_05.02;40;60
C_16.00;110;80
C_118.00;180;x417_GH
D_05.00;30;G47_82
C_118.00;180;x417_ID
C_13.01;680;510
C_34.05;20;30
C_32.02;190;60
C_75.01;70;110
F_11.01;40;100
C_75.01;90;1160
D_05.00;90;N78_3
C_75.01;20;530
F_15.00;100;30
C_28.00;50;NULL
C_114.00;170;x416_GR
D_05.00;40;S96_04
F_19.00;130;221
C_22.00;80;370
C_74.00;120;309
J_03.00;60;620
F_23.02;120;410
J_07.00;300;620
C_13.01;80;670
C_34.02;90;50
C_13.01;170;375
C_91.00;20;130
C_80.00;100;350
D_09.01;90;50
C_32.02;270;90
C_114.00;209;x418_IT
C_13.01;100;480
F_18.00;30;340
C_23.00;40;140
C_17.01;90;380
C_120.04;190;x6_x130_x876_x15_x776
C_74.00;80;271
D_09.01;20;150
D_05.00;80;J58_29
C_13.01;910;530
C_105.02;30;NULL
D_05.00;110;G46_1
C_34.01;100;30
C_05.02;50;80
D_05.00;50;N82_19
C_40.00;85;400
C_07.00;211;60
C_07.00;70;200
C_114.00;170;x417_BH
C_82.00;90;310
C_80.00;40;920
C_114.00;170;x416_BJ
D_05.00;40;C20_16
C_13.01;860;540
C_13.01;690;530
C_07.00;150;110
C_114.00;190;x418_AU
C_80.00;20;980
C_34.02;130;10
C_118.00;160;x417_GR
C_75.01;60;1690
C_81.00;80;380
C_18.00;70;20
C_18.00;50;380
D_05.00;100;G47_19
C_32.02;50;190
C_66.01;220;730
C_114.00;180;x415_CL
C_74.00;110;430
C_114.00;207;x418_JP
D_05.00;120;C30_92
C_118.00;150;x415_GR
C_32.01;40;80
J_02.00;150;90
C_66.01;25;1130
D_05.00;100;G46_15
J_05.00;40;470
F_18.00;180;340
C_118.00;180;x415_SN
C_81.00;10;30
D_05.00;120;F43_3
J_02.00;150;450
C_32.02;90;50
J_02.00;50;630
C_75.01;100;1560
F_20.04;25;50
D_08.00;90;100
C_07.00;240;290
C_32.02;50;80
D_05.00;40;G47_73
C_66.01;10;670
D_07.00;100;410
D_05.00;70;A1_49
D_05.00;80;C32_99
C_21.00;40;21
C_118.00;207;x419_FR
C_13.01;160;530
C_114.00;205;x414_SK
C_13.01;240;450
C_40.00;75;360
C_24.00;130;40
C_118.00;170;x416_BJ
D_05.00;90;G46_38
C_73.00;30;20
F_23.03;170;180
D_05.00;110;C33_11
C_22.00;100;140
C_80.00;20;400
C_118.00;160;x416_CI
C_81.00;70;330
D_05.00;30;R91_04
F_18.00;910;540
C_114.00;160;x418_FR
C_114.00;170;x414_HU
C_75.01;90;880
C_34.05;100;40
C_111.00;30;NULL
D_09.01;70;130
C_118.00;160;x419_GB
C_66.01;10;330
F_23.01;40;140
D_05.00;40;C33_2
C_05.02;40;50
C_80.00;40;820
C_118.00;190;x416_VE
C_75.01;60;2800
F_23.05;170;230
J_06.00;60;170
C_29.00;300;NULL
F_35.00;110;30
F_15.00;80;184
C_74.00;60;190
J_06.00;310;290
D_05.00;140;B8_99
C_24.00;160;70
C_114.00;207;x418_CL
C_13.01;10;310
C_80.00;100;480
C_13.01;290;600
J_09.00;30;60
D_08.00;60;170
C_114.00;190;x417_UA
D_05.00;90;G47_64
D_05.00;20;J63_91
J_06.00;310;300
D_05.00;40;R90_04
D_05.00;90;C19_2
C_74.00;100;327
F_18.00;90;540
D_05.00;140;C23_62
C_80.00;40;630
F_25.01;120;70
F_46.00;80;150
D_05.00;30;G47_77
F_11.04;50;140
D_05.00;130;C17_12
D_05.00;100;G46_74
M_03.00;10;540
D_05.00;110;G47_79
D_09.01;60;140
C_66.01;220;740
J_08.00;10;350
C_35.02;60;50
C_07.00;80;270
D_05.00;140;C25_11
C_114.00;150;x416_AR
C_13.01;870;450
C_28.00;90;NULL
D_07.00;110;490
C_75.01;80;2670
J_03.00;10;560
D_05.00;100;C22_23
D_05.00;50;R91_04
C_16.00;70;110
C_67.00;30;120
D_05.00;140;C17_21
C_23.00;70;40
D_05.00;120;G47_71
C_75.01;70;1520
C_80.00;40;660
J_07.00;40;590
C_34.02;10;50
D_05.00;50;G46_6
C_91.00;160;20
J_02.00;130;520
C_07.00;100;150
C_40.00;130;95
C_118.00;205;x418_CL
J_02.00;10;340
D_05.00;100;C13_93
C_114.00;150;x416_KZ
C_103.00;120;NULL
C_22.00;70;170
J_02.00;150;50
D_05.00;110;G46_14
F_35.00;190;20
F_18.00;70;460
C_118.00;180;x417_AR
C_74.00;120;470
F_11.02;21;50
J_02.00;10;380
C_34.05;50;100
D_05.00;100;C20_3
C_74.00;110;30
D_05.00;110;C10_11
C_114.00;150;x415_MU
J_02.00;140;430
C_114.00;206;x415_AM
F_18.00;170;490
D_09.01;60;130
D_05.00;140;O84_25
C_32.02;270;140
C_17.01;90;911
D_05.00;40;F43_12
J_05.00;310;330
C_82.00;10;360
C_07.00;70;180
C_24.00;70;80
D_09.02;310;60
C_13.01;30;370
C_114.00;180;x418_AE
C_13.01;100;630
C_114.00;208;x418_x1
D_05.00;90;D35_14
C_75.01;100;1310
D_05.00;100;G46_77
C_118.00;205;x418_AU
C_13.01;160;360
C_23.00;30;100
F_23.02;50;210
C_118.00;180;x415_CR
C_07.00;211;290
D_07.00;150;470
C_118.00;205;x414_DK
C_80.00;100;280
C_16.00;71;30
D_05.00;70;S95_25
C_74.00;160;297
F_18.00;109;215
J_02.00;130;100
C_17.01;100;250
C_74.00;110;297
F_23.05;50;220
C_118.00;205;x417_AM
C_80.00;100;410
C_82.00;30;360
D_05.00;120;G46_34
D_05.00;30;C17_12
D_05.00;50;R90_01
C_05.02;40;80
J_02.00;140;50
D_05.00;50;G46_18
F_18.00;80;450
C_105.01;100;NULL
F_18.00;70;420
J_04.00;60;590
J_07.00;60;580
C_07.00;120;320
F_18.00;142;211
C_80.00;120;410
C_21.00;20;90
J_07.00;310;390
D_05.00;140;F43_1
C_118.00;205;x419_ES
J_03.00;10;160
C_75.01;20;2240
D_07.00;110;370
C_118.00;207;x419_GB
F_18.00;191;440
D_05.00;140;G46_48
C_118.00;160;x418_AR
C_32.03;60;NULL
C_13.01;20;330
D_07.00;120;410
D_05.00;50;C10_11
C_114.00;190;x414_SI
D_07.00;90;370
D_05.00;110;H49_5
F_23.03;40;70
D_07.00;70;340
C_34.05;40;30
F_12.00;50;10
J_07.00;270;590
D_05.00;40;S94_92
C_80.00;120;790
F_23.02;40;230
C_111.00;200;NULL
C_80.00;100;390
C_118.00;205;x414_CH
C_118.00;160;x414_HR
J_02.00;150;140
C_118.00;150;x417_CR
C_13.01;670;560
C_80.00;90;280
C_21.00;40;10
C_118.00;150;x416_NC
C_13.01;170;460
F_18.00;910;390
C_80.00;120;520
C_114.00;150;x415_MO
D_05.00;100;G46_6
C_82.00;80;350
C_103.00;132;NULL
F_16.05;20;72
C_114.00;170;x418_AU
D_05.00;40;G47_75
C_13.01;840;640
D_09.01;50;190
C_74.00;130;325
J_07.00;50;600
D_05.00;120;C25_5
C_16.00;50;30
D_05.00;100;N78_1
C_82.00;30;440
J_05.00;60;350
J_02.00;150;240
D_05.00;40;K66_22
J_05.00;270;630
D_05.00;80;A3_1
J_05.00;60;640
C_80.00;100;990
C_120.01;50;x480
C_34.01;50;60
C_13.01;730;570
C_75.01;60;250
D_05.00;60;G46_18
C_75.01;100;160
C_75.01;90;560
C_18.00;30;250
J_03.00;70;600
D_05.00;100;C31_02
J_06.00;40;570
D_05.00;140;R91_02
C_22.00;20;60
C_14.00;231;NULL
C_32.02;70;190
F_11.02;21;240
D_09.01;40;150
C_05.01;20;80
C_21.00;50;21
C_75.01;60;1080
C_118.00;150;x415_KZ
C_32.02;30;80
C_34.01;20;40
C_74.00;130;329
C_80.00;90;180
F_11.04;40;50
J_06.00;270;580
C_17.01;100;780
D_05.00;40;G45_32
D_05.00;30;H52_29
F_08.01;40;190
C_118.00;160;x414_DK
F_46.00;10;200
C_74.00;150;275
D_05.00;100;G47_59
C_118.00;206;x416_AR
D_05.00;140;G47_11
C_118.00;180;x418_JP
C_118.00;206;x414_HR
D_05.00;110;H53_1
C_118.00;190;x415_CI
C_13.01;90;530
C_07.00;211;281
F_18.00;58;214
F_18.00;101;490
C_114.00;208;x415_TW
F_23.01;50;170
D_05.00;40;G46_46
J_06.00;280;570
C_118.00;180;x415_KY
F_15.00;110;126
D_05.00;70;J59_11
C_32.02;140;200
F_19.00;100;933
C_118.00;180;x416_AR
F_18.00;197;460
C_08.01;60;40
D_05.00;40;C17_21
C_91.00;160;10
C_118.00;190;x415_AM
D_07.00;160;350
C_13.01;680;610
C_66.01;10;230
J_03.00;50;620
D_05.00;20;K66_29
C_10.02;20;NULL
F_32.04;40;60
C_07.00;130;170
J_03.00;20;600
C_75.01;80;770
C_34.02;80;140
F_23.02;140;390
C_120.01;50;x525
C_118.00;150;x416_MU
C_118.00;160;x416_DO
C_34.09;20;70
C_80.00;10;550
J_02.00;90;580
C_66.01;40;740
C_118.00;150;x415_IR
C_07.00;50;180
R_04.01;30;0370_0370
D_05.00;120;F43_11
D_05.00;80;E37
R_01.00;70;10
C_120.04;120;x2_x1285_x876_x16_x776
F_25.01;70;110
C_10.01;90;100
D_05.00;130;A1_61
D_05.00;20;C10_11
D_05.00;90;G46_42
C_13.01;170;380
D_05.00;130;G47_91
C_22.00;40;60
D_05.00;100;C10_89
C_13.01;80;480
F_18.00;140;211
C_34.03;20;240
C_118.00;206;x418_CZ
D_05.00;140;G46_51
J_08.00;30;140
C_114.00;190;x415_NC
J_02.00;150;120
C_13.01;60;620
C_18.00;70;320
C_17.01;100;480
C_82.00;10;320
C_80.00;110;10
C_118.00;160;x417_TN
F_04.02.2;20;40
F_12.01;70;550
C_80.00;20;530
C_80.00;120;70
C_74.00;110;273
C_13.01;130;480
C_75.01;90;140
D_05.00;40;N81_22
C_32.02;230;70
C_32.02;240;200
C_07.00;140;230
C_10.01;61;110
D_05.00;90;F41
D_08.00;70;150
C_13.01;860;620
C_75.01;80;1260
C_74.00;120;90
C_66.01;25;980
C_13.01;250;670
F_08.01;40;20
D_07.00;90;450
C_73.00;30;240
C_74.00;120;345
F_09.01.1;120;210
D_05.00;30;K64_92
C_75.01;100;1910
C_13.01;140;460
F_25.01;100;100
C_35.02;10;10
D_01.00;100;540
F_18.00;160;450
D_05.00;20;H52_22
F_18.00;191;480
C_24.00;140;90
C_34.02;10;60
C_75.01;90;310
C_118.00;208;x418_CA
C_40.00;20;30
J_05.00;270;170
C_25.00;120;20
D_07.00;20;380
D_05.00;120;R91_01
C_08.05.1;10;NULL
C_07.00;100;270
C_75.01;20;2280
D_07.00;30;420
C_75.01;60;2160
C_14.01;447;NULL
C_13.01;30;500
C_08.01;50;60
C_75.01;80;2110
D_05.00;90;G47_19
D_05.00;100;C10_83
R_01.00;30;10
C_05.01;50;62
J_08.00;10;370
C_91.00;200;30
D_05.00;70;A1_11
F_18.00;55;500
C_82.00;70;10
F_18.00;140;227
C_75.01;100;2670
C_66.01;25;95
D_05.00;130;O84_25
C_74.00;100;305
D_05.00;80;Q88_99
C_118.00;160;x418_CL
C_13.01;150;256
C_74.00;130;470
C_32.01;40;230
J_07.00;300;600
D_07.00;90;350
C_34.02;220;140
M_02.00;10;200
C_75.01;40;1920
C_13.01;270;480
C_118.00;180;x418_NZ
C_75.01;100;580
F_25.01;100;30
C_22.00;80;140
C_16.00;50;100
C_118.00;160;x417_KZ
D_05.00;130;G47_3
F_41.02;30;10
D_05.00;50;I55_3
C_32.04;20;NULL
C_74.00;40;201
C_80.00;40;760
D_05.00;90;K66_22
C_13.01;660;620
F_04.03.1;41;10
C_13.01;330;620
C_75.01;40;1190
C_80.00;100;640
D_05.00;100;D35_12
D_05.00;130;G46_77
C_18.00;70;270
C_34.05;70;30
F_18.00;950;923
C_13.01;170;320
C_13.01;90;630
C_34.05;130;210
C_114.00;180;x415_SA
J_02.00;10;290
D_05.00;50;G46_34
F_18.00;910;930
C_32.02;270;50
F_04.07;21;30
C_75.01;100;770
D_05.00;120;E37
C_74.00;50;265
C_13.01;910;650
D_05.00;100;G47_64
D_05.00;100;H51_1
C_66.01;10;165
C_120.04;190;x2_x1285_x1284_x16_x822
C_13.01;670;600
D_05.00;70;C31_02
F_18.00;122;215
D_05.00;60;C25_5
C_118.00;190;x419_DE
C_74.00;40;550
C_114.00;150;x418_AR
D_05.00;120;F42_99
C_13.01;340;600
D_05.00;30;G46_46
C_13.01;870;131
F_18.00;141;222
J_03.00;10;500
D_05.00;50;G46_43
F_23.02;30;210
C_84.00;20;170
C_73.00;30;490
C_66.01;25;890
C_75.01;100;1880
C_75.01;70;2730
C_74.00;60;420
D_05.00;110;C32_5
J_06.00;290;290
C_17.01;90;760
C_80.00;90;370
D_05.00;50;R90_03
C_114.00;160;x417_GG
C_114.00;190;x414_HU
C_118.00;180;x416_IR
C_75.01;80;1030
C_35.03;20;20
J_02.00;140;390
C_35.03;30;40
C_34.05;140;60
F_18.00;57;227
C_34.10;10;110
C_74.00;120;50
C_114.00;150;x418_GR
C_40.00;75;220
D_05.00;70;E36
C_80.00;30;510
C_08.01;60;80
C_74.00;90;299
C_08.01;30;40
D_05.00;20;N77_4
D_09.01;60;40
C_13.01;300;640
J_02.00;10;570
F_05.01;40;110
C_13.01;250;590
C_40.00;20;310
D_05.00;110;C20_59
C_22.00;60;340
J_03.00;80;610
C_102.00;100;NULL
C_75.01;40;2790
C_75.01;40;2820
D_05.00;90;C23_7
C_32.03;130;NULL
D_05.00;40;C20_41
F_08.01;37;420
D_05.00;110;H49_31
C_75.01;90;840
C_91.00;10;130
C_74.00;120;299
D_05.00;30;J59_13
F_32.01;60;15
C_13.01;900;670
C_74.00;140;275
D_05.00;50;H49_31
C_80.00;110;160
C_82.00;70;440
F_11.01;40;280
C_114.00;180;x415_AM
R_04.01;40;0080_0080
C_07.00;70;220
C_114.00;180;x418_IT
C_74.00;40;130
C_114.00;207;x414_SK
C_13.01;170;610
C_81.00;70;390
C_13.01;920;530
D_05.00;120;G47_81
D_09.01;160;140
C_118.00;206;x414_SI
D_05.00;90;S95_21
C_114.00;207;x418_AR
C_74.00;40;40
D_05.00;20;A1_61
J_07.00;60;620
C_114.00;208;x417_AM
F_32.01;105;120
J_04.00;10;190
C_29.00;70;NULL
C_17.01;100;230
C_103.00;170;NULL
J_05.00;290;370
F_14.00;60;204
F_15.00;70;183
C_114.00;190;x416_TN
C_14.00;60;NULL
C_80.00;110;450
C_24.00;110;100
F_23.02;30;170
C_13.01;60;580
D_07.00;140;370
J_07.00;290;370
C_103.00;160;NULL
D_05.00;40;N77_34
D_05.00;140;C20_41
C_07.00;140;190
C_114.00;209;x418_CH
D_05.00;80;J61_2
C_17.02;190;NULL
C_13.01;60;450
F_41.02;30;30
D_05.00;110;C27_4
C_75.01;20;1020
D_05.00;140;G46_1
C_13.01;340;540
C_120.01;50;x664
D_05.00;30;S95_23
C_80.00;20;170
C_75.01;70;1670
F_18.00;90;350
J_03.00;120;590
C_114.00;180;x415_GH
C_81.00;80;320
C_102.00;60;NULL
D_09.02;220;10
C_34.05;70;200
J_03.00;90;630
C_114.00;204;x414_TR
D_05.00;100;C20_16
F_35.00;180;20
D_05.00;50;J58_14
J_05.00;310;500
C_91.00;110;100
C_13.01;320;470
C_34.01;10;60
C_13.01;140;590
D_03.01;50;B8_9_x85
C_22.00;30;80
J_04.00;40;570
D_05.00;110;G45_19
C_05.01;50;112
C_22.00;60;320
J_02.00;70;630
C_75.01;60;1250
C_74.00;110;341
C_32.02;170;140
D_05.00;40;J61_1
F_12.01;40;550
D_05.00;50;Q88_99
C_118.00;170;x417_MU
C_68.00;40;20
C_91.00;180;110
C_82.00;80;90
C_66.01;25;460
D_05.00;50;Q88_9
C_118.00;209;x418_CL
J_07.00;20;580
J_06.00;40;40
J_05.00;310;620
J_06.00;310;170
D_07.00;130;370
D_07.00;110;350
C_13.01;250;630
C_73.00;30;860
C_34.02;90;70
F_09.01.1;120;70
D_05.00;40;S95_23
C_32.02;120;70
R_04.01;10;0130_0130
D_05.00;80;K66_21
D_05.00;40;C10_83
C_13.01;10;520
F_08.01;37;130
D_05.00;50;G46_41
C_114.00;208;x418_JP
C_73.00;20;90
C_13.01;150;121
F_18.00;106;350
C_111.00;500;NULL
D_05.00;80;G46_43
C_74.00;80;540
C_13.01;230;460
C_13.01;80;630
C_66.01;10;170
C_14.00;121;NULL
C_75.01;70;570
C_13.01;170;590
F_32.02;10;245
J_03.00;80;570
C_24.00;150;70
C_22.00;60;400
C_75.01;80;540
D_05.00;100;R90_04
F_12.01;125;560
C_13.01;150;510
C_66.01;10;1110
J_03.00;20;560
J_03.00;140;230
C_118.00;150;x416_VE
C_22.00;100;90
C_75.01;70;1000
C_34.05;70;160
C_16.00;90;20
C_07.00;110;110
C_07.00;50;160
C_120.02;100;x14_x50_x27
J_07.00;290;330
C_13.01;220;570
J_02.00;80;600
D_05.00;40;J58_13
J_08.00;20;350
F_15.00;100;47
J_02.00;90;640
C_74.00;120;120
D_09.01;100;120
C_80.00;90;490
D_08.00;90;140
F_18.00;170;370
C_80.00;20;480
D_05.00;130;R91_04
C_66.01;10;630
C_14.00;240;NULL
C_14.00;78;NULL
J_02.00;10;80
C_32.02;30;190
C_17.01;100;110
C_81.00;80;130
D_05.00;50;F42_11
F_23.02;30;150
C_13.01;90;480
C_73.00;50;350
D_07.00;40;190
C_81.00;90;320
C_120.04;150;x7_x1286_x876_x15_x777
C_32.01;40;60
F_18.00;197;360
C_17.01;100;960
C_73.00;20;580
F_10.00;40;100
C_32.02;260;70
C_74.00;110;301
F_04.09;90;5
C_91.00;200;90
D_05.00;90;G46_39
C_118.00;180;x416_TN
C_118.00;150;x418_IN
C_80.00;110;350
C_35.03;30;150
F_20.04;25;70
F_18.00;101;410
C_80.00;30;940
D_05.00;110;D35_22
C_75.01;90;2110
D_05.00;40;E36
J_02.00;130;220
D_09.02;240;10
C_07.00;110;190
D_05.00;70;C10_12
J_06.00;310;340
J_02.00;140;560
D_05.00;120;C10
F_19.00;130;920
C_13.01;340;560
D_05.00;140;F43_12
C_34.05;150;80
C_73.00;20;710
C_118.00;201;x414_CH
J_06.00;270;160
C_114.00;204;x415_MY
F_23.02;160;370
C_73.00;20;470
D_09.02;220;30
C_18.00;60;80
C_24.00;90;70
C_34.02;100;90
C_08.01;70;40
F_18.00;80;520
C_75.01;80;840
D_07.00;100;430
D_05.00;100;C17_12
F_18.00;121;222
F_23.02;120;350
C_75.01;90;1710
C_80.00;30;480
C_118.00;160;x416_CL
C_118.00;170;x417_CY
C_118.00;170;x419_DE
F_18.00;55;400
C_13.01;290;500
C_120.02;100;x71_x50_x25
F_18.00;90;390
C_80.00;120;640
F_15.00;90;182
C_114.00;160;x416_SN
C_13.01;220;480
C_21.00;30;21
C_118.00;170;x415_CL
F_23.03;130;190
C_118.00;208;x419_FR
C_18.00;60;60
F_13.02.1;50;10
F_08.01;37;20
D_05.00;110;N82_19
C_114.00;190;x414_RO
F_18.00;191;550
C_13.01;840;470
C_48.02;30;NULL
J_04.00;30;570
D_09.01;50;130
C_114.00;170;x416_CI
C_80.00;20;440
C_24.00;100;30
C_21.00;70;90
C_80.00;30;320
D_07.00;90;260
C_22.00;100;180
F_46.00;30;200
C_07.00;100;320
D_09.02;60;60
F_20.04;31;70
J_03.00;140;40
D_05.00;100;A1_4
C_75.01;10;2790
C_114.00;130;x414_HR
C_13.01;860;500
C_14.00;254;NULL
C_34.05;160;60
C_13.01;900;550
D_05.00;50;K66_29
D_08.00;90;120
D_09.02;280;40
R_04.01;80;0420_0420
D_05.00;30;G46_7
F_35.00;40;40
C_23.00;70;100
D_05.00;110;C28_3
C_22.00;70;210
C_13.01;70;580
C_40.00;85;290
J_03.00;150;270
F_18.00;121;213
D_05.00;20;H49_39
C_16.00;70;90
J_05.00;40;620
C_13.01;870;470
J_06.00;40;630
C_118.00;205;x414_AT
D_05.00;20;C31_01
D_05.00;30;E37
C_84.00;40;20
D_05.00;110;G46_69
F_18.00;160;430
C_13.01;100;570
J_02.00;120;580
C_25.00;70;10
C_33.00;300;190
C_13.01;250;610
C_114.00;160;x415_EG
C_118.00;205;x418_CZ
C_102.00;62;NULL
C_13.01;310;540
C_118.00;160;x416_BH
C_114.00;130;x414_SK
C_34.02;140;100
R_06.01;90;20
C_13.01;260;510
C_75.01;80;160
C_80.00;120;10
C_07.00;90;190
C_24.00;140;30
C_13.01;60;600
C_23.00;50;140
C_118.00;180;x414_SK
D_05.00;30;D35_14
C_114.00;150;x417_BH
C_66.01;25;690
F_32.01;50;110
D_09.02;190;40
R_12.00;80;20
D_07.00;100;500
C_74.00;100;140
C_08.01;100;50
C_114.00;190;x416_AR
D_05.00;80;D35_22
C_40.00;75;410
D_05.00;110;F43_11
F_23.01;40;170
F_23.03;140;110
C_66.01;10;720
C_75.01;40;2600
D_07.00;50;480
C_29.00;180;NULL
F_20.04;40;10
C_34.05;80;190
J_03.00;130;40
R_01.00;80;31
C_74.00;140;271
C_75.01;40;2560
C_75.01;60;360
C_75.01;40;1040
J_02.00;10;210
C_07.00;210;80
D_07.00;130;430
C_22.00;70;400
C_18.00;30;13
D_05.00;70;J58_11
C_114.00;190;x416_CI
J_04.00;50;570
D_05.00;140;G47_59
F_20.04;31;50
C_66.01;10;190
D_05.00;110;Q88_9
D_05.00;100;G46_11
C_114.00;207;x416_MZ
C_40.00;85;320
C_82.00;90;10
J_02.00;40;610
C_34.05;150;210
C_22.00;100;240
J_03.00;130;420
C_34.02;140;50
C_74.00;50;510
C_66.01;10;440
J_05.00;50;490
F_12.01;90;350
D_05.00;80;H53_1
C_18.00;20;190
C_13.01;870;350
C_75.01;40;1550
R_01.00;10;5
D_05.00;20;K64_91
C_106.01;100;x622
D_05.00;50;C25_21
C_66.01;70;740
C_75.01;90;1350
F_18.00;70;360
C_114.00;208;x418_CN
D_05.00;80;N77_33
F_18.00;55;380
D_05.00;20;N81_21
C_114.00;180;x416_KY
C_32.02;270;70
C_74.00;110;305
C_13.01;10;410
C_13.01;20;253
C_13.01;910;670
D_05.00;80;C10_82
J_03.00;80;630
C_13.01;120;570
C_73.00;30;640
D_05.00;20;G46_32
C_75.01;70;2030
C_113.00;600;NULL
D_07.00;90;470
F_23.05;130;230
C_114.00;170;x416_CL
D_05.00;90;S94_12
C_114.00;190;x417_KZ
C_71.00;70;120
C_07.00;230;320
F_23.03;40;120
C_22.00;80;220
D_05.00;40;Q87_9
C_75.01;70;1740
D_05.00;30;J61_2
D_08.00;260;120
C_120.02;100;x12_x49_x25
C_114.00;160;x417_SN
C_118.00;190;x418_AE
C_114.00;180;x415_IR
F_08.01;37;170
D_05.00;30;A1_13
C_73.00;30;204
C_118.00;140;x414_SK
J_02.00;140;90
D_05.00;50;K64_2
D_05.00;70;H51_1
D_05.00;110;G46_45
C_118.00;208;x415_AM
C_17.01;90;460
C_05.01;40;442
C_24.00;80;70
C_13.01;30;374
C_114.00;209;x418_SG
C_13.01;100;590
J_05.00;50;500
C_74.00;80;291
D_05.00;130;C11_05
C_114.00;203;x417_MZ
C_13.01;860;580
C_75.01;60;1630
F_23.05;140;230
C_114.00;208;x414_RO
F_18.00;191;360
C_120.02;100;x14_x49_x25
D_05.00;110;G45_11
C_81.00;80;40
D_05.00;70;S95_21
C_75.01;90;1260
C_114.00;170;x415_MU
C_66.01;30;730
J_02.00;150;20
D_05.00;110;C23_62
C_114.00;160;x418_AM
F_08.01;37;140
C_16.00;20;20
J_08.00;40;150
C_14.01;361;NULL
C_11.00;40;100
C_114.00;205;x415_SD
D_05.00;100;N81_22
C_13.01;240;590
C_13.01;160;480
D_05.00;120;Q87_2
J_04.00;30;630
C_34.02;110;90
F_46.00;20;70
F_15.00;100;60
C_75.01;90;1130
C_08.01;130;40
D_05.00;80;G47_79
C_73.00;50;410
D_05.00;90;F43
C_33.00;280;20
C_114.00;150;x414_RO
F_04.09;100;7
D_05.00;130;C25_62
C_118.00;190;x415_AR
F_14.00;60;220
C_75.01;40;690
F_18.00;142;215
C_75.01;80;930
C_75.01;20;2750
C_13.01;330;580
C_13.01;150;250
C_118.00;180;x416_BH
F_19.00;100;227
C_21.00;70;120
C_13.01;60;470
F_05.01;50;110
D_05.00;110;C29_31
C_66.01;25;165
C_34.02;60;80
C_07.00;100;110
C_34.05;70;60
J_06.00;300;600
C_75.01;90;590
C_74.00;50;260
C_34.05;50;40
C_73.00;20;60
C_75.01;70;2380
D_05.00;100;C15_12
F_32.04;50;10
F_23.03;130;100
C_80.00;30;410
F_23.03;160;30
D_05.00;90;S94_99
J_09.00;20;110
C_74.00;90;530
J_02.00;10;330
D_05.00;70;S95_11
F_09.01.1;130;30
J_02.00;30;590
C_13.01;10;560
C_120.04;190;x99_x1285_x876_x16_x775
D_05.00;130;G46_17
C_13.01;160;570
C_75.01;100;2510
C_07.00;60;140
D_05.00;50;H49_1
D_05.00;90;Q87_9
J_07.00;310;600
R_01.00;90;20
C_75.01;90;1200
C_75.01;60;1650
C_75.01;60;1380
C_75.01;90;370
C_24.00;140;100
C_75.01;60;1210
J_02.00;130;560
C_75.01;70;690
C_05.02;30;110
C_75.01;60;1270
F_08.01;20;20
C_34.02;60;110
C_114.00;150;x418_CL
C_13.01;910;590
D_05.00;50;R92
C_35.02;50;50
D_05.00;110;H49_39
C_82.00;70;340
C_118.00;199;x414_CH
C_09.04;30;100
D_05.00;80;G46_18
C_114.00;205;x415_AR
C_118.00;180;x419_ES
C_115.00;150;NULL
C_118.00;208;x418_IN
D_05.00;30;G47_11
C_13.01;10;450
C_13.01;900;510
C_35.03;30;20
D_05.00;80;A1_28
C_13.01;890;590
C_118.00;199;x414_HU
D_05.00;80;G45_11
C_07.00;80;210
C_22.00;50;110
C_75.01;20;2430
J_03.00;150;230
C_34.03;20;10
C_07.00;180;70
C_106.01;100;x627
C_75.01;80;1840
C_09.04;20;10
C_118.00;170;x416_CR
F_18.00;55;360
C_118.00;150;x418_AE
F_14.00;60;124
F_23.01;30;170
C_73.00;30;914
J_06.00;30;610
J_05.00;50;580
C_113.00;200;NULL
D_05.00;140;L68_1
F_18.00;107;450
D_09.01;130;50
D_05.00;40;G46_62
C_24.00;130;90
C_114.00;160;x415_CL
C_71.00;40;120
C_32.02;180;80
C_80.00;120;840
C_74.00;120;240
C_114.00;150;x418_AM
C_118.00;205;x414_SK
C_114.00;180;x416_CY
C_80.00;100;470
D_05.00;60;H49_5
C_120.04;120;x101_x130_x876_x15_x775
C_75.01;100;730
C_17.01;90;440
C_73.00;20;640
C_80.00;110;220
D_05.00;70;J62_03
F_46.00;10;70
D_05.00;130;E36
D_09.02;40;40
F_08.01;37;340
C_73.00;50;10
J_04.00;110;640
D_09.01;150;140
C_114.00;190;x418_ES
F_18.00;192;400
C_74.00;100;50
J_08.00;30;120
C_22.00;80;280
C_22.00;60;20
F_15.00;90;128
M_02.00;30;470
J_05.00;290;500
C_114.00;204;x414_RO
D_05.00;110;C25_5
J_03.00;130;550
C_17.01;90;780
C_13.01;50;600
C_74.00;160;291
J_05.00;60;310
F_09.01.1;130;190
C_82.00;70;360
C_24.00;130;50
C_13.01;750;530
C_34.02;100;100
C_120.02;70;x52_x51_x26
F_18.00;122;500
D_05.00;30;R91_02
D_05.00;60;G46_34
D_08.00;250;120
C_17.01;100;830
F_18.00;102;430
C_75.01;100;1090
C_66.01;10;185
D_05.00;40;P85_51
C_13.01;320;600
D_05.00;100;G47_73
C_114.00;208;x418_ES
C_13.01;40;500
D_05.00;120;G45_11
C_13.01;930;610
C_22.00;60;420
C_75.01;80;2690
C_118.00;208;x418_NO
D_05.00;140;C11_01
F_18.00;952;213
R_01.00;40;30
J_06.00;310;590
D_05.00;60;G46_41
F_04.03.1;30;40
C_114.00;150;x417_GH
D_05.00;20;C28_99
C_82.00;70;210
C_13.01;920;630
J_02.00;50;590
F_09.01.1;130;220
C_75.01;60;780
F_08.01;37;250
C_120.06;30;NULL
C_13.01;290;253
C_34.05;140;80
C_22.00;60;250
C_114.00;208;x416_AM
C_74.00;110;10
C_13.01;30;410
C_75.01;40;1900
C_106.01;120;x483
F_09.02;10;30
C_120.01;120;x616
C_14.00;100;NULL
F_13.03.1;40;10
C_114.00;190;x418_GR
C_118.00;160;x418_JP
C_114.00;150;x414_BG
C_13.01;50;620
F_32.04;50;80
D_05.00;140;G46_73
C_75.01;80;560
D_05.00;90;A1_4
D_09.02;270;30
C_75.01;60;870
J_03.00;40;620
J_02.00;70;590
D_05.00;100;C33_12
D_05.00;40;M72_11
F_18.00;90;500
C_13.01;240;570
C_120.04;120;x2_x1285_x876_x15_x775
D_09.02;240;30
D_05.00;50;G46_69
J_02.00;140;260
C_13.01;60;520
C_80.00;110;310
C_73.00;20;916
C_114.00;150;x418_ES
C_75.01;100;2320
C_118.00;199;x414_BG
C_105.01;80;NULL
C_75.01;100;1710
C_22.00;60;360
C_80.00;100;750
D_05.00;90;J59_13
D_05.00;140;A1_28
C_08.01;40;60
C_73.00;20;206
F_25.01;70;20
D_05.00;140;G46_15
D_05.00;130;H52_29
D_05.00;120;G46_16
D_05.00;70;G47_91
C_24.00;140;50
C_114.00;190;x415_MY
F_23.02;130;370
D_05.00;90;O84_25
C_120.01;120;x621
C_13.01;20;280
D_07.00;40;400
D_05.00;110;C25_21
C_114.00;180;x416_NC
D_05.00;110;Q88_99
D_05.00;110;P85_2
C_75.01;60;2330
F_18.00;196;380
C_120.04;180;x10_x1286_x876_x15_x775
C_13.01;860;100
D_05.00;80;C26_51
D_05.00;110;D35_13
D_05.00;60;C33_11
C_07.00;50;120
D_05.00;100;J58_13
F_23.01;50;130
C_91.00;180;20
C_74.00;60;60
C_75.01;80;1880
D_05.00;50;F42_99
D_05.00;110;C21_1
C_118.00;206;x414_CH
C_34.02;60;130
D_05.00;40;G47_19
C_114.00;207;x414_RO
D_07.00;140;490
J_03.00;40;600
J_02.00;140;520
F_18.00;952;224
C_120.04;120;x99_x1285_x876_x15_x775
C_118.00;190;x416_SN
C_40.00;85;40
C_84.00;40;80
C_114.00;150;x416_UA
J_03.00;50;580
J_09.00;20;80
C_73.00;20;760
F_08.01;37;100
C_75.01;70;680
C_75.01;20;700
C_75.01;90;2760
F_32.01;50;20
J_02.00;130;70
C_13.01;340;450
C_75.01;40;2070
C_75.01;40;2450
J_06.00;40;290
C_73.00;30;660
F_23.03;170;80
C_09.04;20;70
C_118.00;209;x414_HU
C_22.00;80;450
C_07.00;130;320
C_09.04;30;70
C_66.01;120;730
D_05.00;50;S95_24
C_13.01;300;600
D_05.00;140;G46_19
F_11.04;40;90
D_05.00;50;F43_11
C_33.00;280;60
C_74.00;120;430
C_74.00;100;410
C_91.00;160;120
F_20.04;31;10
C_08.02;260;NULL
J_02.00;140;330
F_18.00;950;215
C_75.01;40;920
C_75.01;70;2120
C_107.02;30;NULL
C_114.00;170;x414_CH
C_118.00;170;x419_NO
F_23.03;130;60
D_05.00;120;G46_76
J_07.00;290;600
J_02.00;130;310
R_01.00;50;30
C_13.01;270;530
C_13.01;870;376
C_80.00;20;210
F_18.00;180;550
C_07.00;230;40
C_80.00;100;1010
C_74.00;120;10
D_05.00;30;G46_15
R_04.01;80;0350_0350
D_05.00;110;C10_51
C_18.00;10;150
F_18.00;141;231
D_08.00;240;140
C_75.01;60;550
C_13.01;70;620
C_80.00;40;570
C_16.00;71;100
C_114.00;180;x416_GG
F_15.00;100;128
C_80.00;10;170
C_118.00;160;x416_AM
D_05.00;110;F43_91
C_118.00;160;x416_ID
F_05.01;10;110
C_05.02;60;130
D_05.00;60;Q87_2
C_75.01;70;250
D_05.00;20;K64_3
D_05.00;30;K66_22
C_74.00;50;40
C_24.00;100;90
C_114.00;202;x415_MZ
C_118.00;180;x417_BH
C_34.01;100;10
D_05.00;140;C28_25
D_05.00;50;I56_21
D_05.00;100;C10_52
D_05.00;140;C21_1
D_05.00;30;G47_59
D_05.00;50;J59_12
J_06.00;270;500
C_34.03;20;330
F_08.01;40;230
D_05.00;90;G46_46
C_80.00;20;360
C_75.01;80;180
D_05.00;100;H49_2
D_05.00;60;H52_22
D_05.00;40;G46_13
C_80.00;30;460
C_23.00;20;100
C_80.00;90;450
D_05.00;60;G46_43
C_80.00;110;430
C_32.02;60;80
F_23.03;120;130
C_114.00;170;x417_BJ
F_19.00;100;225
D_05.00;90;C10_12
C_34.05;170;150
D_07.00;90;490
D_07.00;160;450
C_18.00;70;250
C_114.00;207;x418_GR
C_32.02;150;160
C_75.01;100;1200
C_114.00;170;x418_AR
C_22.00;90;25
D_09.01;120;180
D_09.01;70;40
C_13.01;150;460
C_74.00;110;307
J_05.00;60;410
D_05.00;130;C10_12
C_10.01;50;110
C_114.00;160;x415_SD
F_18.00;107;470
D_07.00;80;410
C_117.00;150;NULL
C_13.01;730;610
C_34.02;120;30
C_13.01;870;500
C_32.02;270;100
C_13.01;240;550
D_05.00;50;N77_35
D_05.00;50;C28_24
C_80.00;120;880
R_12.00;10;30
D_05.00;70;N81_22
J_05.00;40;500
C_07.00;120;130
C_118.00;190;x419_NO
F_18.00;192;550
D_05.00;70;C28_25
F_18.00;90;520
C_66.01;190;740
F_15.00;100;133
C_66.01;10;60
F_35.00;12;40
C_19.00;540;90
C_35.03;20;150
C_75.01;90;1800
D_05.00;100;S94_2
D_05.00;100;C17_21
F_12.01;110;350
C_22.00;80;100
M_03.00;10;530
C_23.00;70;30
C_114.00;180;x418_CA
D_05.00;130;F41_1
F_20.04;25;30
F_25.01;10;80
J_02.00;130;490
F_08.01;20;40
C_24.00;170;100
C_74.00;40;210
C_75.01;90;1520
C_29.00;350;NULL
C_13.01;110;460
C_13.01;30;255
C_118.00;209;x418_GR
C_74.00;50;130
C_22.00;90;390
C_118.00;209;x414_SK
F_18.00;951;923
J_04.00;10;610
D_05.00;80;C25_21
F_18.00;170;410
J_07.00;300;640
J_02.00;140;200
C_74.00;100;30
C_114.00;160;x414_CZ
C_34.01;100;50
C_18.00;20;170
C_75.01;40;1110
D_07.00;150;370
F_23.03;150;20
C_17.01;100;340
D_05.00;40;C28_25
C_75.01;80;2570
C_75.01;20;870
D_05.00;100;N81_1
C_13.01;170;650
C_80.00;110;120
J_06.00;290;610
D_05.00;110;A2_2
D_05.00;90;J58_11
D_05.00;140;G47_82
C_13.01;660;580
C_05.02;20;130
C_118.00;170;x416_SN
D_05.00;30;G46_48
D_05.00;110;G46_16
F_46.00;120;170
C_75.01;40;1150
C_23.00;10;120
F_04.07;21;50
F_18.00;106;390
D_05.00;70;N77_32
C_118.00;190;x416_KY
C_08.01;200;160
C_91.00;180;60
C_80.00;90;260
D_05.00;130;C23_51
C_114.00;160;x415_KZ
C_66.01;25;420
C_114.00;180;x417_GG
D_05.00;60;G45_11
F_23.03;160;40
C_74.00;80;323
D_05.00;30;C11_01
D_05.00;110;C33_2
C_80.00;40;610
C_75.01;90;2480
C_80.00;40;850
D_05.00;90;N77_21
J_05.00;290;490
C_114.00;203;x414_HR
F_18.00;102;470
F_08.01;40;110
C_118.00;150;x415_ID
J_02.00;60;630
J_02.00;10;190
C_13.01;170;530
C_114.00;180;x416_MC
C_05.01;50;60
C_24.00;130;70
C_114.00;160;x418_CH
C_75.01;20;1700
D_05.00;140;C10_85
C_32.02;80;180
C_13.01;840;450
M_02.00;30;410
C_118.00;205;x414_x33
C_114.00;170;x415_VN
C_80.00;100;620
C_22.00;70;250
J_05.00;300;620
D_05.00;70;C23_7
C_84.00;40;150
C_82.00;80;70
J_05.00;40;640
C_08.01;230;160
D_05.00;110;H49_1
C_13.01;40;260
C_120.04;190;x99_x1286_x1284_x16_x822
C_16.00;90;60
C_07.00;140;110
C_20.00;900;100
C_118.00;150;x415_DO
C_13.01;170;570
C_84.00;40;130
D_05.00;50;P85_32
J_05.00;310;390
C_66.01;25;110
C_120.04;150;x2_x1285_x1284_x16_x822
C_118.00;205;x418_NZ
C_118.00;190;x415_ID
C_66.01;10;300
D_05.00;30;C10_52
F_32.01;105;10
C_91.00;120;90
D_05.00;50;S95_22
C_73.00;30;950
C_75.01;20;1940
C_07.00;90;210
C_13.01;900;590
J_02.00;20;590
D_05.00;120;G47_43
C_80.00;100;240
C_13.01;120;480
C_20.00;450;100
C_13.01;890;570
C_13.01;310;520
C_75.01;60;480
C_103.00;270;NULL
C_40.00;20;370
C_08.01;240;180
J_04.00;80;580
C_16.00;70;100
C_74.00;160;271
D_05.00;30;G47_22
C_73.00;30;180
C_118.00;190;x417_VN
C_75.01;100;1180
C_114.00;207;x415_CO
C_17.01;100;810
D_07.00;40;60
C_13.01;690;480
C_24.00;160;30
D_09.01;150;160
D_05.00;110;F43_3
C_80.00;110;470
C_75.01;20;1720
C_75.01;90;750
C_75.01;100;1730
C_120.02;90;x52_x51_x27
C_13.01;130;510
C_22.00;70;440
D_05.00;100;F41_1
C_75.01;80;330
C_75.01;20;110
F_18.00;30;380
M_01.00;20;290
J_06.00;270;640
F_15.00;70;185
F_18.00;56;933
C_10.01;30;110
C_74.00;130;341
C_75.01;90;2630
C_40.00;85;20
C_80.00;30;300
C_114.00;208;x418_NL
C_17.02;60;NULL
C_74.00;130;345
C_24.00;160;50
C_74.00;60;337
F_32.04;40;80
C_71.00;10;10
J_03.00;10;580
F_04.07;21;120
C_13.01;40;540
C_22.00;70;340
F_11.04;30;200
C_13.01;260;630
C_114.00;150;x416_GR
F_18.00;191;460
D_01.00;90;540
C_16.00;50;10
F_18.00;57;933
C_120.04;130;x10_x1286_x876_x16_x775
C_34.02;70;130
C_80.00;90;390
C_21.00;10;120
C_13.01;80;510
J_06.00;280;590
P_01.03;50;40
C_17.01;90;940
C_75.01;20;170
C_114.00;160;x415_SA
C_118.00;150;x415_BJ
C_75.01;80;350
C_05.01;10;64
C_91.00;130;120
C_34.03;10;310
C_32.02;160;140
C_07.00;70;100
C_14.00;225;NULL
J_03.00;140;270
C_32.02;230;140
F_46.00;100;150
C_75.01;70;2790
D_05.00;110;C13_3
F_09.02;20;120
J_02.00;100;620
C_74.00;110;303
D_09.02;180;40
C_114.00;180;x417_NC
D_05.00;120;K66_29
F_18.00;910;213
D_05.00;110;G46_41
C_34.02;80;100
C_13.01;70;470
C_114.00;203;x415_MY
C_118.00;209;x414_SE
C_40.00;85;340
D_05.00;60;C13_3
C_22.00;90;200
F_18.00;55;480
C_114.00;206;x418_BE
C_118.00;204;x418_NO
C_07.00;211;15
C_114.00;170;x415_VE
C_14.01;20;NULL
D_05.00;110;C22_23
F_18.00;106;500
C_24.00;80;50
C_32.01;30;110
C_75.01;100;2650
C_118.00;150;x418_CA
C_13.01;910;460
D_05.00;70;R93_21
C_118.00;180;x416_EG
F_09.02;20;140
C_74.00;90;540
F_46.00;50;120
C_22.00;40;110
C_18.00;70;11
C_08.02;170;NULL
C_118.00;180;x415_MC
D_05.00;120;A3_1
F_18.00;160;350
D_05.00;30;G46_17
C_80.00;90;410
C_114.00;150;x414_SK
D_05.00;30;C25_5
C_17.01;90;230
C_80.00;120;330
D_05.00;120;F43_9
C_118.00;207;x419_DE
C_66.01;50;740
D_05.00;60;F43_3
J_03.00;50;600
C_13.01;660;560
D_05.00;20;R90_03
J_03.00;120;610
C_13.01;30;310
C_13.01;260;550
D_05.00;50;S94_91
D_09.02;80;10
C_66.01;25;20
F_18.00;80;390
C_13.01;300;560
C_18.00;70;290
C_75.01;90;100
F_18.00;90;490
F_18.00;191;340
C_80.00;100;430
C_114.00;170;x418_AM
C_07.00;240;80
C_115.00;105;NULL
R_04.00;20;0030_0030
C_120.04;130;x6_x1285_x876_x16_x775
C_13.01;170;374
C_74.00;110;281
C_106.01;120;x617
D_05.00;50;S95_12
C_14.00;171;NULL
C_74.00;40;150
D_05.00;60;C33_2
F_32.02;50;245
C_74.00;120;341
C_74.00;50;250
C_35.03;30;110
F_18.00;196;400
D_05.00;20;K66_21
C_75.01;100;930
C_74.00;60;130
J_03.00;130;230
C_114.00;208;x414_SK
C_114.00;209;x415_AM
C_13.01;900;480
C_13.01;270;550
D_05.00;70;R93_12
C_118.00;160;x418_NZ
D_05.00;20;N77_33
C_80.00;90;800
J_05.00;310;160
C_73.00;30;580
F_18.00;90;450
C_18.00;10;110
C_114.00;130;x415_IL
D_05.00;100;R93_21
C_84.00;40;40
D_05.00;120;C29_31
R_01.00;60;5
C_114.00;205;x415_MZ
C_16.00;50;70
D_05.00;60;E37
C_118.00;203;x419_DE
C_18.00;70;360
C_35.02;20;30
F_12.01;125;540
C_75.01;80;310
C_80.00;40;1020
D_05.00;30;N77_34
C_33.00;280;110
C_114.00;190;x416_BH
C_114.00;150;x416_ID
C_73.00;30;470
C_32.02;20;210
C_24.00;100;100
F_35.00;40;20
J_02.00;40;590
C_74.00;120;30
D_03.01;50;B7_x90
C_81.00;80;360
C_118.00;170;x416_MU
D_05.00;90;C10_83
C_13.01;20;251
C_13.01;40;220
F_18.00;192;460
F_16.07;20;130
C_91.00;140;100
D_05.00;100;O84_25
C_120.04;120;x99_x1286_x1284_x16_x822
D_05.00;20;H53_2
C_114.00;180;x415_AR
C_106.01;100;x491
C_106.01;100;x485
F_05.01;60;130
F_46.00;40;200
F_18.00;122;410
D_05.00;120;G46_47
J_07.00;40;30
C_75.01;100;1540
F_18.00;80;410
C_106.00;20;NULL
C_13.01;300;450
F_18.00;57;225
D_05.00;130;G46_13
D_05.00;50;G46_12
F_23.03;170;130
C_32.02;220;140
C_08.01;130;30
C_114.00;170;x417_ID
C_75.01;60;2120
F_18.00;143;923
F_15.00;100;124
C_13.01;50;450
C_118.00;180;x414_CH
D_05.00;30;C10_12
D_07.00;50;380
C_75.01;90;1560
D_05.00;80;J59_12
C_13.01;320;580
C_66.01;10;261
D_05.00;40;S95_25
D_05.00;110;L68_1
J_02.00;140;370
C_73.00;30;540
J_05.00;20;500
R_01.00;90;40
C_13.01;860;640
C_13.01;30;350
C_74.00;150;540
D_05.00;130;G46_6
C_22.00;100;25
D_05.00;70;C24_44
F_18.00;121;215
J_06.00;40;590
C_22.00;90;450
C_34.01;40;60
F_18.00;30;420
D_05.00;120;H52_24
D_05.00;30;J58_13
C_114.00;190;x415_TW
D_05.00;50;H52_24
D_05.00;50;F43_1
C_13.01;40;410
C_07.00;110;270
F_15.00;100;45
F_23.03;40;160
D_05.00;130;F43_12
C_81.00;70;70
C_34.05;130;60
C_34.05;50;30
D_05.00;40;A1_49
D_05.00;20;H52_24
D_05.00;110;Q88_91
C_75.01;70;320
C_118.00;208;x419_NO
C_07.00;140;300
D_05.00;100;G47_91
C_13.01;310;450
C_118.00;160;x414_HU
C_118.00;190;x415_GR
C_34.05;70;120
D_05.00;130;A3_1
C_22.00;60;170
C_75.01;70;2500
D_05.00;130;G46_19
J_07.00;60;330
C_80.00;30;550
D_08.00;250;100
C_114.00;150;x416_TN
C_13.01;150;134
C_118.00;190;x417_KY
D_05.00;70;G46_46
F_46.00;120;80
D_05.00;40;G47_91
C_114.00;203;x414_SI
C_114.00;160;x415_TN
D_05.00;80;J58_14
C_81.00;20;100
J_06.00;50;630
R_06.01;60;10
D_07.00;50;460
C_32.02;260;160
D_05.00;130;C11_01
F_23.05;110;230
D_05.00;100;C29_1
D_05.00;140;H49_32
D_05.00;50;G45_19
C_22.00;100;370
F_18.00;58;225
D_05.00;40;G47_77
F_18.00;101;520
D_05.00;80;C17_22
C_24.00;130;100
C_08.02;40;NULL
D_05.00;30;C17_21
C_114.00;150;x414_HU
C_13.01;100;460
F_23.02;40;210
C_66.01;10;75
D_05.00;30;G46_11
C_73.00;30;916
C_75.01;100;2420
C_40.00;75;390
C_118.00;190;x418_IN
D_07.00;70;460
R_04.01;80;0010_0010
C_106.01;100;x608
D_05.00;50;Q88_1
C_34.05;80;60
F_23.02;150;350
C_07.00;120;170
C_75.01;70;2200
C_66.01;30;740
C_13.01;20;200
C_17.01;100;570
C_07.00;170;130
C_13.01;730;480
C_114.00;190;x417_AM
D_09.01;30;170
J_06.00;60;300
D_05.00;80;C10_11
D_09.01;100;50
D_09.02;230;10
D_07.00;130;470
C_07.00;190;90
D_05.00;90;J58_19
C_05.01;40;112
C_13.01;170;300
F_32.04;50;150
J_05.00;30;490
C_118.00;180;x414_RO
D_09.01;140;140
C_24.00;120;70
C_07.00;230;290
C_75.01;80;880
C_75.01;40;2470
C_66.01;25;760
D_05.00;90;N81_1
C_81.00;90;270
C_105.01;150;NULL
F_09.01.1;130;130
C_73.00;20;370
C_74.00;50;337
D_05.00;100;N78_3
C_18.00;20;11
C_08.01;30;60
C_114.00;170;x418_JP
C_120.04;130;x2_x1285_x876_x16_x775
C_109.03;20;NULL
D_05.00;110;R90_01
D_09.01;110;50
D_05.00;130;H52_21
C_73.00;20;540
J_04.00;60;630
F_18.00;180;480
C_114.00;160;x418_RU
C_74.00;130;297
F_11.02;20;30
C_34.03;20;90
D_05.00;110;G46_12
C_75.01;70;2820
C_22.00;60;80
D_05.00;100;C26_6
D_05.00;130;C20_3
D_05.00;40;G47_3
C_75.01;100;1220
F_11.02;20;240
C_106.01;120;x526
C_08.01;70;60
D_05.00;20;E38_32
P_01.03;40;35
D_05.00;50;R91_01
C_07.00;120;150
D_05.00;80;G47_72
C_23.00;10;140
C_13.01;160;250
C_118.00;209;x417_AR
C_114.00;150;x416_CL
C_75.01;70;400
J_05.00;40;600
J_07.00;20;600
C_13.01;160;371
C_13.01;650;660
C_05.01;60;64
C_74.00;130;180
C_05.01;30;442
F_12.00;20;10
C_106.01;100;x489
C_75.01;60;1230
D_05.00;30;Q88_1
D_05.00;80;M72_2
C_75.01;90;1090
C_114.00;208;x417_MZ
D_05.00;110;G46_9
C_13.01;840;670
D_05.00;140;L68_32
D_05.00;30;N82_91
C_120.04;190;x100_x130_x876_x15_x775
C_118.00;205;x417_AR
C_80.00;40;590
D_05.00;70;S96_02
C_73.00;30;1350
D_05.00;60;G46_76
D_05.00;80;G46_32
C_25.00;110;40
C_34.05;160;80
C_118.00;160;x414_BG
C_91.00;100;120
C_07.00;120;230
F_19.00;130;227
C_114.00;209;x418_CA
C_80.00;90;750
C_13.01;160;420
C_34.05;130;170
J_02.00;130;370
C_114.00;150;x417_AM
D_05.00;50;C10_71
C_75.01;60;2310
C_75.01;80;200
C_74.00;50;190
C_34.05;170;190
F_18.00;141;224
D_05.00;80;A1_4
D_05.00;30;C20_41
C_07.00;140;130
F_18.00;30;400
J_02.00;20;610
C_75.01;90;1030
C_74.00;40;460
D_05.00;40;G46_6
C_120.02;100;x70_x48_x27
F_09.02;10;10
C_73.00;30;912
C_103.00;40;NULL
C_73.00;60;1430
C_66.01;10;340
F_23.03;140;60
C_13.01;670;580
D_09.01;70;170
C_91.00;150;120
D_05.00;40;H49_41
F_05.01;30;110
D_05.00;120;C33_2
C_71.00;60;120
C_74.00;140;291
F_18.00;910;520
C_75.01;80;2420
D_05.00;140;H52_21
D_05.00;80;N77_39
C_33.00;280;75
M_01.00;20;270
J_07.00;270;570
D_05.00;60;G47_52
C_32.02;150;50
C_75.01;80;800
C_17.01;100;850
C_09.04;30;30
C_08.02;110;NULL
D_05.00;40;C19_2
J_06.00;290;300
C_13.01;910;610
C_82.00;30;40
C_75.01;80;1070
D_05.00;20;G46_47
J_06.00;300;590
D_05.00;30;O84_25
D_05.00;80;G46_7
F_04.03.1;50;30
J_05.00;290;30
D_05.00;50;F43_9
C_75.01;100;820
F_23.02;30;230
R_04.00;10;0010_0010
J_02.00;130;30
F_18.00;107;430
D_05.00;30;H52_21
J_05.00;60;600
C_75.01;100;2080
C_13.01;340;520
C_114.00;208;x418_NZ
D_09.02;170;30
C_13.01;230;650
C_34.03;20;50
D_05.00;60;G46_47
C_84.00;20;190
C_22.00;70;80
J_05.00;40;160
D_03.01;50;C33_14_x87
D_05.00;50;P85_2
C_75.01;40;300
C_84.00;30;20
D_05.00;120;C10_11
C_114.00;180;x417_MC
C_80.00;20;130
D_09.02;250;10
C_13.01;40;350
D_05.00;140;G46_42
C_82.00;80;280
D_05.00;90;A3_1
R_12.00;70;10
J_07.00;290;470
F_04.03.1;80;10
J_03.00;60;640
C_75.01;100;1280
C_118.00;160;x419_ES
C_18.00;50;190
F_15.00;90;186
C_08.01;240;160
D_05.00;50;G46_14
C_10.02;10;NULL
D_05.00;120;G46_49
C_73.00;30;710
C_80.00;110;540
J_07.00;20;620
D_05.00;140;C10_89
F_25.01;110;100
D_05.00;30;N81_22
C_05.02;20;40
C_13.01;920;570
F_32.02;35;245
C_16.00;80;110
C_05.01;50;20
C_13.01;30;240
F_09.01.1;130;40
D_03.01;70;B5_20_x90
D_05.00;120;C13_3
C_74.00;90;305
C_82.00;90;390
C_75.01;100;1010
C_13.01;40;560
C_13.01;70;660
F_25.01;50;80
C_118.00;201;x414_BG
C_75.01;60;210
R_01.00;71;30
C_114.00;180;x418_RU
C_75.01;70;830
C_75.01;20;1210
D_08.00;70;110
C_13.01;30;280
C_73.00;20;918
C_68.00;50;20
C_16.00;120;60
C_32.02;70;80
C_118.00;207;x418_SG
C_21.00;70;50
J_04.00;90;600
F_23.03;160;80
C_75.01;60;2370
C_66.01;60;740
C_13.01;870;374
C_13.01;260;650
D_05.00;130;G46_46
C_118.00;199;x414_x33
C_13.01;10;670
C_75.01;100;760
D_05.00;130;C18_13
C_23.00;20;130
C_66.01;10;430
D_05.00;30;G46_74
C_13.01;340;510
C_32.02;170;210
C_40.00;130;300
C_118.00;205;x418_HK
C_75.01;70;2350
C_13.01;650;500
C_120.02;100;x69_x50_x25
D_09.01;50;160
C_114.00;180;x417_AM
C_118.00;150;x417_DO
C_13.01;340;670
F_15.00;70;182
J_03.00;140;160
C_75.01;80;1130
C_34.02;140;20
D_07.00;110;480
C_32.02;70;210
D_05.00;20;G45_19
C_22.00;90;180
F_08.01;37;290
C_17.01;90;510
D_05.00;30;G46_42
C_74.00;140;279
D_09.01;140;120
C_114.00;208;x418_HK
C_07.00;100;300
C_120.01;120;x523
C_08.02;120;NULL
C_08.01;10;170
C_80.00;100;600
C_75.01;60;1570
F_15.00;90;124
C_114.00;203;x414_SK
C_33.00;270;155
D_05.00;30;C13_3
C_75.01;60;2730
C_13.01;50;660
C_75.01;90;160
C_73.00;50;50
C_28.00;220;NULL
D_05.00;30;G47_51
C_75.01;60;1420
D_05.00;90;S95_23
C_13.01;890;610
C_17.01;90;670
C_80.00;110;30
C_07.00;240;40
C_84.00;20;130
C_118.00;190;x417_VE
C_80.00;100;120
D_05.00;100;S95_25
C_33.00;300;210
F_18.00;107;500
C_75.01;20;830
C_13.01;870;330
D_05.00;70;A1_61
C_13.01;20;374
C_07.00;70;140
D_05.00;80;C10
C_74.00;110;180
D_05.00;100;H52_29
C_21.00;50;30
F_18.00;121;923
C_80.00;20;230
C_13.01;50;500
C_13.01;340;470
J_03.00;120;570
C_34.05;50;140
C_75.01;40;1890
C_73.00;20;914
D_05.00;140;C10_83
D_05.00;110;D35_11
C_75.01;70;1400
C_32.02;40;80
C_74.00;150;291
D_05.00;100;C25_11
C_114.00;150;x416_SN
D_05.00;50;G46_66
J_07.00;20;570
C_74.00;40;100
C_91.00;50;100
C_32.02;120;40
C_81.00;90;70
F_18.00;55;540
C_13.01;300;520
F_04.10;40;10
C_13.01;100;670
C_17.01;90;870
D_05.00;30;C23_51
F_15.00;110;92
J_07.00;40;600
C_13.01;250;510
C_05.01;10;62
C_120.04;120;x7_x130_x876_x15_x776
C_66.01;25;360
D_05.00;110;P85_52
C_118.00;180;x414_HU
D_05.00;60;G47_61
D_05.00;30;C26_3
F_25.02;120;120
D_05.00;130;C13_93
C_102.00;150;NULL
D_05.00;40;C33_12
C_75.01;80;1710
D_05.00;50;G47_61
C_74.00;100;430
C_114.00;150;x418_AU
J_04.00;110;600
F_18.00;121;211
C_11.00;40;40
D_08.00;100;100
C_22.00;70;460
D_05.00;90;G47_82
C_80.00;40;720
D_05.00;40;G47_59
D_05.00;130;C20_16
D_05.00;140;C23_51
C_75.01;60;290
C_114.00;190;x417_GH
F_35.00;100;30
C_13.01;930;650
D_05.00;50;I55_9
C_118.00;207;x418_FR
C_118.00;190;x418_RU
C_75.01;80;1800
F_18.00;196;480
J_02.00;10;110
F_18.00;951;224
C_75.01;20;1870
D_05.00;110;F43_34
F_18.00;197;410
C_74.00;100;283
F_46.00;100;110
C_74.00;50;80
C_114.00;203;x415_IL
C_114.00;170;x418_CL
C_80.00;30;80
C_118.00;160;x416_KZ
C_66.01;90;730
C_07.00;10;120
C_13.01;120;610
C_118.00;209;x414_AT
C_05.01;50;64
D_05.00;140;F42_12
D_05.00;50;J59_14
C_75.01;20;2090
C_09.01;20;100
C_118.00;209;x418_AR
C_13.01;870;255
F_04.03.1;60;20
D_08.00;60;150
D_05.00;110;M72_2
D_05.00;80;K66_29
C_29.00;330;NULL
D_05.00;110;C17_22
C_13.01;320;540
C_23.00;70;90
C_13.01;170;241
F_18.00;142;224
J_05.00;20;640
D_05.00;70;F41
C_118.00;201;x414_HR
D_05.00;40;N81_1
J_09.00;20;60
C_80.00;40;740
C_22.00;60;300
R_01.00;40;5
C_114.00;203;x414_HU
C_13.01;330;600
F_18.00;80;540
D_05.00;110;K64_19
C_103.00;131;NULL
D_05.00;130;K64_92
C_118.00;190;x415_BJ
F_08.01;37;150
F_11.04;30;30
C_22.00;90;140
C_24.00;70;40
F_11.02;21;30
F_32.04;50;130
C_111.00;100;NULL
D_05.00;140;C31_02
C_80.00;90;470
J_08.00;20;240
C_14.00;90;NULL
C_13.01;900;650
F_25.01;50;110
J_02.00;30;610
D_07.00;80;370
J_06.00;290;590
C_13.01;120;510
J_03.00;140;420
C_17.01;90;610
D_05.00;110;S94_91
C_13.01;300;500
C_07.00;70;280
C_22.00;60;290
C_80.00;10;480
C_34.02;100;50
C_82.00;80;240
C_114.00;208;x415_IL
R_06.01;40;10
D_05.00;50;J60_1
C_13.01;100;510
F_04.03.1;30;20
C_75.01;80;2700
D_07.00;80;430
C_35.03;40;110
C_114.00;207;x414_CH
F_08.01;35;20
C_118.00;209;x418_JP
C_05.02;60;60
C_114.00;207;x417_AM
D_05.00;80;G46_63
C_118.00;160;x416_IR
D_07.00;60;380
C_22.00;40;80
C_22.00;30;60
F_18.00;951;211
C_22.00;90;430
C_118.00;209;x419_ES
C_75.01;70;1700
C_120.04;190;x7_x1286_x876_x15_x777
C_114.00;190;x418_CZ
C_80.00;120;1030
C_114.00;170;x416_TN
C_34.05;140;190
D_05.00;20;J61_1
D_05.00;30;G46_39
C_73.00;30;1030
C_75.01;100;2440
C_75.01;80;860
C_75.01;90;1750
D_05.00;50;S95_11
D_07.00;120;390
C_34.02;80;90
J_05.00;60;630
D_09.01;40;120
C_08.01;220;80
C_114.00;207;x415_MO
C_75.01;20;2190
D_05.00;40;C33_11
D_09.03;20;20
F_04.02.1;20;10
C_118.00;190;x418_NO
C_118.00;170;x415_ID
F_46.00;85;80
D_05.00;100;S94_11
C_74.00;120;230
C_75.01;90;2610
D_05.00;40;J58_11
C_75.01;10;2770
D_05.00;40;C29_1
F_15.00;100;10
D_05.00;140;C11_07
C_13.01;900;460
D_05.00;140;G47_99
C_114.00;190;x418_NZ
C_118.00;160;x417_DO
C_83.00;50;100
F_18.00;160;410
C_18.00;60;40
F_32.04;40;110
D_05.00;40;S94_2
C_75.01;60;80
C_75.01;40;850
C_66.01;25;1030
M_01.00;20;280
C_73.00;20;920
C_75.01;60;1520
C_08.01;256;170
C_114.00;180;x417_EG
J_02.00;150;280
C_32.02;30;210
F_18.00;102;370
D_07.00;130;490
J_04.00;20;630
C_75.01;90;2570
R_01.00;20;5
F_08.01;40;380
C_82.00;80;50
C_74.00;150;283
D_05.00;40;C20_3
C_75.01;20;980
D_05.00;100;C25_62
J_04.00;130;200
C_32.02;160;50
D_07.00;120;470
D_05.00;40;G47_71
D_05.00;100;A1_49
C_13.01;40;600
F_04.10;50;50
C_120.04;120;x101_x1286_x876_x16_x775
D_05.00;140;G46_46
D_05.00;70;C25_62
C_18.00;30;11
C_13.01;870;660
C_75.01;70;230
D_05.00;70;J61_9
F_32.04;40;170
C_75.01;90;990
C_74.00;80;307
D_05.00;50;J63_91
D_05.00;140;C10_72
C_18.00;10;11
C_18.00;70;190
C_14.00;291;NULL
F_04.09;45;8
C_118.00;160;x417_CI
F_11.04;30;90
D_05.00;30;G46_77
C_74.00;130;309
C_118.00;160;x415_MC
C_13.01;880;570
D_07.00;80;350
C_74.00;130;50
C_73.00;20;200
C_24.00;180;40
D_05.00;120;N77_33
C_24.00;120;100
D_05.00;80;C28_24
D_07.00;100;330
J_04.00;90;640
C_66.01;10;105
D_05.00;60;N77_33
J_05.00;310;370
F_18.00;57;221
C_118.00;160;x414_AT
C_82.00;90;410
C_34.05;170;210
C_73.00;30;410
F_09.01.1;120;60
C_29.00;110;NULL
D_05.00;80;N77_35
D_05.00;140;C10_52
D_05.00;40;C11_07
C_24.00;150;100
C_73.00;20;450
C_118.00;170;x416_NC
D_05.00;90;G46_31
C_73.00;20;750
D_05.00;30;C25_62
C_08.01;150;160
D_05.00;70;J59_13
F_25.01;100;70
D_05.00;110;Q87_2
C_102.00;80;NULL
J_06.00;290;380
C_118.00;170;x416_VN
C_13.01;750;630
J_06.00;310;630
F_23.05;20;220
C_14.00;446;NULL
C_34.03;10;260
C_73.00;20;120
C_114.00;160;x417_MU
C_75.01;40;1020
F_18.00;192;360
C_80.00;120;770
C_106.01;120;x611
C_118.00;209;x414_HR
C_75.01;20;1920
C_33.00;270;120
C_32.01;40;143
F_32.02;60;250
D_07.00;160;410
C_66.01;25;205
D_05.00;80;F43_11
C_73.00;30;750
C_34.03;20;280
D_07.00;80;260
C_114.00;208;x414_TR
C_118.00;208;x419_DE
R_04.01;80;0370_0370
F_23.02;40;270
D_05.00;20;C30_92
D_09.01;140;180
C_114.00;150;x417_CI
C_13.01;150;530
C_22.00;100;100
D_05.00;30;S95_12
F_23.01;50;110
D_05.00;30;S95_25
C_32.02;210;160
C_75.01;100;1240
C_118.00;160;x414_SE
D_05.00;60;G45_19
D_07.00;120;490
C_106.01;120;x607
C_118.00;140;x414_DK
D_05.00;130;Q88_91
C_67.00;40;120
C_118.00;160;x418_GR
C_17.01;90;740
C_114.00;190;x417_ID
J_02.00;80;580
D_05.00;120;E38_32
C_75.01;70;850
D_05.00;60;A1_28
C_14.00;251;NULL
F_18.00;197;480
J_07.00;290;640
C_28.00;340;NULL
D_09.02;70;60
C_17.01;100;922
J_02.00;10;440
C_23.00;50;135
C_80.00;30;250
F_32.04;50;110
J_04.00;60;610
C_13.01;160;320
F_18.00;143;211
F_18.00;192;480
D_05.00;40;G46_31
C_80.00;110;640
J_05.00;300;600
F_35.00;130;30
F_18.00;58;223
J_05.00;310;350
C_75.01;90;2290
F_08.01;37;60
D_05.00;40;G46_75
C_66.01;10;1290
C_17.01;90;570
C_82.00;10;440
J_02.00;150;10
C_08.01;120;30
D_05.00;100;N77_34
D_05.00;40;C10_12
C_73.00;30;430
C_07.00;120;250
C_118.00;190;x418_IT
C_32.04;40;NULL
C_118.00;150;x417_MU
C_118.00;160;x415_VN
C_09.01;40;100
C_66.01;25;810
D_05.00;110;G47_41
C_13.01;110;630
C_05.01;40;64
D_07.00;60;360
C_75.01;70;1420
C_13.01;890;480
J_04.00;120;600
D_05.00;20;P85_53
C_75.01;80;1420
C_13.01;80;660
D_05.00;70;A1_4
C_13.01;920;540
C_32.02;20;70
F_18.00;107;340
R_12.00;20;10
C_13.01;870;620
C_75.01;20;960
C_83.00;60;30
D_05.00;40;C23_7
C_13.01;230;590
D_09.02;300;60
J_05.00;30;640
C_32.02;220;120
C_34.03;10;330
D_05.00;40;S94_12
D_05.00;40;K64_3
J_03.00;40;640
C_13.01;130;630
C_114.00;203;x415_MO
C_66.01;25;400
C_17.01;100;550
C_75.01;70;2310
C_75.01;90;2460
C_74.00;110;325
C_05.01;20;442
D_05.00;130;G46_75
C_13.01;230;630
C_118.00;180;x416_BJ
C_18.00;40;11
C_32.02;60;190
F_14.00;60;90
C_22.00;100;160
D_05.00;50;N81_21
F_11.04;50;200
C_17.01;100;210
F_18.00;57;216
C_114.00;180;x416_SN
C_13.01;20;410
C_75.01;40;2580
D_05.00;140;C16_23
M_02.00;30;180
D_07.00;40;150
C_24.00;180;20
C_32.02;170;50
C_74.00;80;305
C_118.00;202;x414_HU
R_12.00;90;20
C_75.01;80;2650
P_01.03;40;40
C_73.00;20;1200
C_114.00;180;x415_BH
C_08.01;190;80
F_04.09;30;8
C_17.01;90;630
C_34.03;70;280
C_32.02;130;140
C_103.00;180;NULL
J_02.00;150;540
C_16.00;40;30
D_05.00;80;G46_38
C_75.01;100;1100
D_05.00;70;G46_39
J_04.00;10;630
C_24.00;90;30
C_74.00;100;100
C_80.00;110;240
F_18.00;101;450
C_34.02;120;100
C_05.01;40;62
C_118.00;140;x414_HU
F_18.00;30;460
C_17.01;90;980
D_05.00;110;C20_11
F_23.02;40;360
C_118.00;170;x419_GB
C_17.01;90;830
C_17.01;100;270
F_15.00;110;200
F_18.00;122;520
D_05.00;120;G45_19
C_07.00;40;90
C_75.01;90;1840
D_05.00;110;H52_24
C_08.01;190;170
C_32.02;100;50
C_120.04;150;x10_x1286_x876_x16_x775
C_32.02;70;40
D_05.00;80;G46_1
C_118.00;208;x418_BE
F_46.00;70;140
C_74.00;60;480
C_13.01;20;500
C_75.01;60;420
D_05.00;80;S95_24
C_75.01;20;1980
C_118.00;201;x414_SI
C_16.00;100;40
C_74.00;130;299
C_120.01;50;x627
C_82.00;30;240
C_114.00;206;x417_AM
C_08.01;120;40
C_75.01;40;20
C_114.00;203;x414_PL
F_23.03;130;130
C_13.01;240;460
F_23.02;40;250
C_32.02;240;50
C_13.01;730;550
C_23.00;70;135
C_114.00;170;x416_EG
C_18.00;60;13
C_17.01;100;760
C_32.02;220;50
C_13.01;660;520
C_13.01;100;610
C_75.01;90;2320
C_10.01;50;80
C_07.00;60;280
C_66.01;25;830
C_08.01;270;30
C_40.00;70;390
C_75.01;60;2540
D_09.01;160;180
C_13.01;10;251
C_13.01;270;630
C_75.01;90;820
C_13.01;690;630
C_75.01;40;130
C_74.00;140;540
C_22.00;60;190
D_05.00;90;K64_92
C_34.01;50;40
F_09.01.1;130;50
C_75.01;60;460
D_09.01;100;180
C_13.01;240;530
D_05.00;40;G46_77
D_05.00;20;F41
J_02.00;150;490
C_114.00;170;x416_GH
C_120.01;120;x481
C_114.00;170;x414_TR
F_19.00;130;212
M_03.00;10;610
C_80.00;100;160
C_40.00;75;350
D_05.00;50;F43_31
D_05.00;100;N77_4
C_14.01;411;NULL
F_25.01;80;70
C_66.01;25;190
C_13.01;845;370
C_14.01;460;NULL
D_05.00;50;J61_2
J_07.00;290;220
C_32.02;270;160
J_06.00;280;610
C_66.01;170;730
C_75.01;90;350
C_08.01;120;180
R_04.01;40;0340_0340
J_08.00;10;280
C_80.00;20;290
C_80.00;20;420
C_120.01;120;x607
F_12.00;70;10
J_06.00;290;630
R_12.00;100;60
C_66.01;10;590
C_75.01;60;2220
D_05.00;110;C15_12
D_05.00;140;H49_41
D_05.00;110;F42_22
D_05.00;60;C18_11
C_75.01;80;1090
D_05.00;140;G46_13
C_75.01;20;320
D_09.01;140;160
D_09.01;20;130
C_75.01;70;2050
C_32.02;220;180
C_75.01;70;780
C_66.01;25;700
F_08.01;35;40
D_05.00;140;C10
F_18.00;122;930
D_05.00;100;G46_13
C_13.01;140;510
C_22.00;100;200
C_91.00;200;50
C_80.00;90;200
D_05.00;30;K66_11
C_11.00;40;110
C_07.00;70;120
C_40.00;20;280
C_103.00;190;NULL
C_75.01;20;2680
C_120.01;50;x482
C_118.00;180;x414_DK
J_04.00;40;590
C_13.01;650;560
F_18.00;192;420
C_18.00;20;130
C_114.00;170;x416_UA
C_10.02;70;NULL
C_29.00;260;NULL
D_05.00;110;N77_35
C_74.00;150;279
C_16.00;120;20
F_32.01;100;10
F_15.00;100;41
C_75.01;100;1750
C_101.00;50;NULL
D_05.00;140;H53_1
F_35.00;210;30
D_03.01;70;B5_1_x90
C_118.00;190;x418_BE
C_91.00;140;120
F_18.00;180;460
D_09.01;130;180
C_74.00;90;430
D_05.00;40;S95_21
D_05.00;110;F43_1
F_18.00;196;440
C_09.01;70;100
D_07.00;100;240
F_32.04;20;80
C_13.01;290;580
F_18.00;141;923
C_74.00;50;550
J_05.00;310;410
C_71.00;20;10
C_13.01;860;600
C_80.00;110;370
F_18.00;56;214
C_34.05;150;40
C_114.00;204;x414_PL
C_91.00;70;110
F_18.00;951;222
J_05.00;40;30
C_34.03;70;30
C_13.01;120;670
C_114.00;150;x417_AR
C_66.01;25;250
D_05.00;20;D35_22
C_13.01;230;610
D_05.00;100;H52_21
C_40.00;130;210
C_21.00;70;30
D_09.01;30;150
D_05.00;100;P85_53
C_74.00;90;271
C_114.00;170;x415_TW
C_13.01;290;520
D_08.00;260;100
C_114.00;190;x416_DO
C_18.00;20;60
C_120.04;150;x101_x1285_x876_x16_x776
C_114.00;207;x418_AU
D_09.01;100;160
D_09.01;120;140
C_75.01;70;2540
D_05.00;110;G47_52
J_02.00;130;50
D_05.00;50;D35_11
R_01.00;71;5
C_34.05;50;200
F_19.00;130;223
C_16.00;40;50
C_75.01;90;1280
C_13.01;30;330
C_13.01;650;450
F_09.02;10;200
R_06.01;10;50
C_66.01;25;245
D_05.00;50;C33_15
C_118.00;140;x414_HR
C_25.00;60;10
D_05.00;50;M73_12
C_17.01;90;150
D_05.00;20;A1_41
F_46.00;40;50
C_75.01;80;1930
D_05.00;80;G47_43
D_07.00;50;340
C_13.01;80;650
F_10.00;40;195
C_13.01;80;570
C_05.02;40;150
J_07.00;30;580
D_05.00;50;P85_6
C_34.02;90;100
J_02.00;140;470
C_24.00;110;50
C_118.00;190;x418_CA
C_75.01;80;1560
D_05.00;110;P85_6
F_04.09;45;6
C_34.05;150;190
C_13.01;160;375
J_05.00;30;500
C_66.01;10;210
C_75.01;40;1940
D_05.00;140;K66_11
C_34.03;10;200
C_74.00;120;410
C_33.00;270;50
C_17.01;100;530
C_118.00;180;x417_CL
C_24.00;170;70
C_34.05;130;150
C_22.00;20;80
D_07.00;130;450
C_75.01;90;1240
J_07.00;40;620
D_05.00;30;G47_73
C_114.00;170;x416_AR
F_08.01;37;190
C_13.01;310;620
C_18.00;30;380
D_05.00;140;C24_44
C_73.00;20;560
F_46.00;20;160
D_05.00;130;C23_62
C_75.01;100;560
C_20.00;900;90
C_34.02;120;10
C_13.01;840;620
F_13.01;55;36
C_13.01;250;550
C_75.01;90;800
C_91.00;170;120
C_13.01;650;600
C_35.01;10;10
F_18.00;56;216
C_120.04;150;x99_x1285_x876_x16_x775
C_91.00;150;100
C_75.01;70;1460
F_04.03.1;20;30
C_115.00;50;NULL
C_66.01;25;180
F_08.01;37;350
J_05.00;30;170
C_118.00;170;x415_VE
D_09.02;230;40
M_02.00;10;440
C_75.01;90;740
F_23.01;40;100
C_32.02;100;160
D_07.00;110;330
C_75.01;80;1350
C_75.01;100;500
C_34.02;60;40
C_106.01;100;x617
C_75.01;60;2710
D_08.00;240;100
C_66.01;10;570
J_03.00;130;310
D_05.00;80;S94_92
C_120.04;130;x99_x1285_x876_x15_x775
C_07.00;90;220
J_06.00;60;160
D_07.00;30;450
D_05.00;100;M72_2
F_18.00;121;223
C_114.00;206;x415_SA
F_18.00;140;224
F_18.00;55;460
C_75.01;20;920
C_80.00;90;10
C_80.00;30;230
C_118.00;202;x414_HR
M_02.00;10;220
D_05.00;100;D35_14
C_08.01;300;170
D_09.02;90;10
F_11.04;50;70
D_05.00;50;C32_99
C_13.01;20;450
C_66.01;10;250
C_13.01;160;241
C_66.01;10;130
C_74.00;120;450
F_04.10;50;30
C_114.00;190;x416_IR
D_05.00;90;N77_4
D_05.00;30;J58_19
C_117.00;30;NULL
C_07.00;190;100
F_46.00;50;90
D_05.00;80;Q88_91
D_05.00;90;G47_91
C_73.00;50;1045
C_05.01;40;60
C_75.01;80;2810
C_40.00;85;360
C_75.01;20;1830
D_05.00;20;G47_43
C_05.02;50;110
C_120.01;50;x485
D_05.00;80;C27_4
F_09.01.1;130;120
D_07.00;140;330
J_06.00;40;170
D_05.00;20;G46_18
C_08.02;200;NULL
C_102.00;90;NULL
C_13.01;870;253
C_91.00;100;100
D_07.00;80;490
C_74.00;40;510
C_118.00;207;x418_CH
C_18.00;20;380
D_05.00;100;G45_32
F_11.04;30;120
C_23.00;70;70
C_75.01;90;2810
C_114.00;160;x415_AR
C_91.00;150;90
C_114.00;170;x416_AM
C_114.00;160;x416_KY
C_32.02;190;70
C_66.01;25;970
C_10.01;40;120
C_13.01;220;470
C_22.00;100;120
F_10.00;40;260
D_09.01;60;170
C_74.00;160;327
J_07.00;310;310
F_18.00;57;214
C_114.00;207;x415_TW
F_18.00;196;340
C_18.00;20;40
F_12.01;20;650
C_114.00;190;x414_BG
D_05.00;50;C25_94
C_34.03;70;260
F_15.00;80;128
C_91.00;40;110
C_75.01;100;840
C_07.00;190;120
F_23.01;30;210
C_13.01;40;620
C_114.00;205;x415_PH
C_114.00;170;x415_KY
C_32.02;130;200
C_73.00;50;30
D_05.00;130;C10_52
D_05.00;40;C26_6
C_13.01;110;570
J_04.00;10;590
C_74.00;40;60
D_05.00;30;F43_12
C_66.01;25;1210
J_02.00;10;480
C_80.00;120;830
C_91.00;100;130
C_74.00;120;305
C_80.00;30;270
C_114.00;160;x417_NC
C_75.01;80;820
D_07.00;40;420
C_118.00;209;x418_NZ
C_80.00;20;300
D_05.00;90;A1_49
C_08.01;172;160
C_118.00;199;x414_SE
F_46.00;75;200
C_21.00;10;90
C_32.02;180;190
C_82.00;30;320
J_04.00;100;640
C_17.01;100;913
M_02.00;30;500
C_20.00;900;40
C_34.03;10;40
F_46.00;110;120
M_05.00;80;x279_x630
C_32.02;80;160
C_91.00;10;110
C_34.05;50;90
C_13.01;40;200
F_20.04;22;50
F_18.00;170;430
C_14.00;303;NULL
R_06.01;10;60
C_17.01;90;770
D_05.00;30;C23_7
C_32.02;90;40
F_09.02;20;130
F_18.00;143;224
C_80.00;120;680
C_114.00;207;x417_MZ
C_114.00;130;x414_PL
C_118.00;150;x417_CY
D_05.00;70;Q87_9
C_118.00;160;x418_AU
C_118.00;150;x418_IT
J_04.00;110;580
J_05.00;290;140
C_34.02;100;120
C_75.01;70;1780
C_73.00;50;160
C_13.01;880;460
C_22.00;90;120
D_05.00;100;C23_62
C_118.00;150;x416_CR
C_13.01;140;480
C_80.00;120;90
C_16.00;80;80
C_73.00;30;680
D_05.00;110;G46_63
F_46.00;100;170
C_105.01;90;NULL
C_13.01;60;560
C_114.00;207;x414_TR
J_03.00;20;580
C_118.00;160;x415_IL
C_114.00;208;x418_AR
D_07.00;110;260
C_73.00;60;965
C_73.00;30;1345
C_73.00;30;390
D_05.00;120;C25_94
D_05.00;110;J63_91
C_75.01;70;130
C_118.00;206;x418_AU
C_07.00;130;290
D_05.00;110;F42_11
C_114.00;199;x414_CZ
D_05.00;130;C25_11
D_05.00;80;C26_3
F_11.02;21;100
C_13.01;330;450
D_05.00;130;A1_49
C_118.00;180;x416_ID
C_13.01;160;373
F_46.00;100;80
D_09.01;90;120
D_05.00;60;B8_99
J_05.00;300;490
F_18.00;910;231
F_11.03;20;80
D_07.00;140;420
D_05.00;50;C26_6
C_118.00;170;x416_EG
D_05.00;100;Q88_91
C_13.01;220;253
J_02.00;10;500
C_16.00;50;40
C_74.00;50;450
D_05.00;50;K66_19
C_34.05;130;90
C_114.00;150;x418_SG
C_14.00;241;NULL
C_16.00;120;50
C_80.00;30;140
D_05.00;40;J58_29
F_18.00;70;490
F_18.00;57;213
F_18.00;140;920
C_40.00;20;40
C_43.00;30;10
D_05.00;100;C30_92
C_07.00;170;70
F_23.02;50;150
C_24.00;160;90
C_118.00;150;x419_DE
C_34.02;70;110
J_02.00;60;610
D_05.00;70;G46_32
C_32.02;270;40
F_08.01;37;260
C_17.01;100;945
F_18.00;30;520
C_32.02;170;80
F_18.00;56;213
C_13.01;60;550
C_34.03;20;300
C_118.00;207;x414_DK
C_13.01;270;580
D_05.00;30;F41
C_73.00;30;960
D_05.00;60;A1_62
D_05.00;100;S95_23
C_13.01;330;660
C_73.00;30;1010
F_04.03.1;90;30
C_16.00;70;50
D_07.00;60;460
R_01.00;60;10
F_12.00;80;510
D_05.00;140;G46_7
C_13.01;870;520
D_05.00;130;G46_34
D_05.00;130;F43_33
J_03.00;90;640
D_09.02;70;30
C_75.01;40;860
D_05.00;40;C26_51
D_08.00;100;130
C_75.01;60;2760
F_35.00;210;10
C_74.00;110;160
D_07.00;50;500
C_08.01;90;40
C_107.02;40;NULL
C_13.01;130;560
D_09.01;30;160
C_105.02;40;NULL
D_09.01;70;140
J_04.00;50;580
C_13.01;10;250
J_06.00;40;140
C_05.01;50;10
C_16.00;120;90
C_114.00;160;x418_AE
D_05.00;100;R91_04
D_08.00;230;100
D_05.00;40;G47_22
C_17.01;90;922
F_18.00;196;420
C_23.00;20;135
C_74.00;60;80
C_75.01;80;1160
C_114.00;190;x415_VE
D_05.00;80;P85_2
C_75.01;60;1480
C_13.01;750;650
F_18.00;70;340
C_28.00;270;NULL
C_07.00;60;200
C_07.00;70;240
C_118.00;170;x419_ES
J_03.00;10;570
C_118.00;209;x418_FR
C_34.05;160;90
J_02.00;140;340
C_48.02;20;NULL
C_17.01;90;680
D_05.00;130;G47_71
C_75.01;100;1520
D_05.00;50;C15_12
C_80.00;10;290
D_05.00;40;H51_1
C_118.00;205;x416_AR
C_91.00;170;20
C_34.02;130;130
C_13.01;220;540
C_13.01;50;460
C_74.00;10;410
C_114.00;209;x418_AM
C_118.00;170;x418_AM
C_118.00;206;x418_AE
C_91.00;120;110
C_13.01;20;610
C_114.00;206;x418_SG
C_74.00;90;100
C_75.01;90;2130
C_05.02;30;150
J_07.00;40;470
F_18.00;122;470
C_13.01;30;560
C_105.03;10;NULL
R_12.00;40;10
C_118.00;160;x417_EG
F_18.00;950;222
D_07.00;140;350
F_18.00;109;923
C_22.00;90;370
D_08.00;70;170
C_75.01;90;200
J_04.00;60;570
D_05.00;110;F43_39
C_13.01;870;100
C_22.00;60;440
F_46.00;20;200
C_114.00;180;x418_CH
F_18.00;109;231
C_66.01;25;920
C_08.01;310;170
C_82.00;10;60
D_05.00;120;G46_63
C_74.00;60;150
C_75.01;90;2270
J_06.00;300;630
C_80.00;40;810
D_05.00;70;A1_43
J_06.00;310;380
C_118.00;150;x417_NC
C_118.00;170;x418_NO
C_91.00;60;130
C_114.00;207;x418_CN
F_23.02;160;390
C_16.00;71;50
D_09.02;290;60
C_120.04;120;x101_x1285_x876_x16_x776
D_05.00;40;G47_24
C_114.00;205;x418_AR
R_01.00;30;31
J_03.00;130;560
D_05.00;50;A1_49
C_14.00;120;NULL
C_34.05;60;120
D_05.00;70;G46_11
C_75.01;60;2200
F_46.00;90;80
C_82.00;90;280
J_02.00;50;580
C_66.01;130;740
C_114.00;205;x418_AM
C_74.00;160;530
C_16.00;70;60
J_06.00;60;380
D_05.00;20;C26_2
C_118.00;190;x415_EG
C_07.00;130;210
D_05.00;30;C13_93
C_75.01;60;740
C_18.00;70;210
D_05.00;100;C28_25
C_24.00;120;30
C_103.00;280;NULL
C_13.01;10;600
C_84.00;30;60
D_05.00;40;F42_12
C_80.00;110;420
F_08.01;40;350
C_66.01;10;370
J_03.00;10;610
D_05.00;50;C10_72
D_05.00;50;C22_23
C_80.00;100;490
C_120.02;80;x52_x51_x25
J_06.00;50;570
J_02.00;80;620
D_09.01;30;190
F_08.01;37;410
C_118.00;190;x415_GG
J_05.00;60;590
C_111.00;410;NULL
C_32.02;200;60
C_74.00;110;289
D_05.00;100;C26_51
D_07.00;140;150
C_13.01;50;550
C_18.00;30;385
C_75.01;70;1310
C_75.01;100;2450
F_32.01;90;15
C_32.01;40;90
C_13.01;880;660
C_114.00;206;x414_CH
J_02.00;90;590
J_09.00;30;70
F_25.01;20;50
C_118.00;150;x416_BJ
C_81.00;80;390
C_75.01;70;1490
C_66.01;20;730
C_82.00;90;440
M_03.00;10;500
C_118.00;150;x418_ES
C_114.00;199;x414_SI
C_80.00;20;930
C_118.00;190;x418_HK
C_32.02;210;110
F_23.05;170;220
C_80.00;40;1010
C_114.00;180;x418_AU
C_75.01;100;400
C_75.01;90;480
C_75.01;100;2370
C_114.00;170;x415_PH
J_08.00;20;270
D_05.00;60;C28_25
D_05.00;140;G47_91
C_07.00;80;290
D_05.00;70;C10_83
C_13.01;320;620
F_46.00;110;200
J_03.00;110;580
C_17.01;90;350
J_02.00;140;400
C_33.00;280;120
C_80.00;40;1040
C_17.01;90;60
C_80.00;120;620
C_34.02;110;140
C_80.00;90;160
C_43.00;40;60
C_74.00;110;329
C_19.00;530;90
C_75.01;100;1930
D_05.00;40;N79_9
C_13.01;220;530
C_20.00;450;70
C_13.01;30;620
C_32.02;80;70
C_13.01;170;255
D_05.00;40;G46_76
C_66.01;25;840
F_05.01;40;120
F_18.00;142;221
C_118.00;180;x416_KY
D_05.00;130;H49_5
C_22.00;80;360
J_02.00;20;560
D_07.00;20;460
C_120.02;100;x12_x49_x27
F_15.00;90;122
C_07.00;240;320
J_02.00;10;170
F_16.05;20;140
C_120.01;50;x484
C_75.01;100;2600
C_13.01;320;670
D_05.00;20;S95_23
C_75.01;20;1790
C_114.00;208;x414_CZ
F_46.00;90;50
D_05.00;60;C19_2
D_05.00;110;G46_19
D_05.00;100;Q88_99
C_118.00;190;x415_GH
C_22.00;60;130
F_25.01;30;80
C_18.00;70;230
C_21.00;20;10
D_05.00;30;N77_21
F_18.00;90;410
C_18.00;70;80
C_18.00;60;130
C_34.02;130;140
D_05.00;30;K64_19
C_13.01;150;220
C_75.01;60;2650
C_75.01;80;40
D_05.00;30;G45_31
C_84.00;30;10
C_114.00;208;x418_AM
C_114.00;170;x417_GH
C_75.01;60;690
J_05.00;290;160
D_05.00;20;G46_7
C_07.00;70;210
C_13.01;40;420
M_03.00;20;600
F_18.00;950;227
C_118.00;207;x414_HU
C_91.00;90;110
C_75.01;70;1590
F_25.01;30;20
F_12.01;20;720
D_05.00;30;A1_42
C_118.00;160;x417_VN
F_23.02;170;400
D_05.00;40;C27_11
D_05.00;70;S96_03
C_80.00;40;860
C_114.00;190;x415_PH
F_18.00;102;530
C_80.00;120;900
C_114.00;150;x417_VN
C_74.00;40;305
C_106.01;100;x625
D_05.00;50;C31_09
J_05.00;270;570
C_34.05;120;40
C_75.01;60;760
C_28.00;110;NULL
C_17.01;100;280
C_34.05;150;60
F_11.04;50;30
C_75.01;80;2590
J_05.00;290;330
C_17.01;100;630
C_13.01;860;220
C_118.00;207;x418_CA
C_75.01;80;1950
C_106.01;120;x621
F_15.00;110;60
D_05.00;70;Q87_2
C_75.01;40;1660
C_24.00;120;40
C_17.01;100;380
F_23.03;130;40
C_22.00;80;410
C_07.00;60;160
C_118.00;207;x418_RU
J_06.00;40;380
C_13.01;695;250
F_18.00;160;540
C_118.00;209;x418_CZ
J_02.00;10;320
C_80.00;90;990
D_05.00;130;G47_24
D_05.00;40;C23_62
C_74.00;140;327
C_34.02;130;90
C_22.00;20;70
F_35.00;170;20
F_19.00;130;923
C_118.00;206;x414_DK
C_18.00;10;360
D_05.00;80;E38_32
D_05.00;30;L68
C_75.01;70;890
C_75.01;100;310
D_05.00;130;C25_21
C_82.00;70;410
D_09.01;110;170
C_120.04;120;x99_x1285_x876_x16_x775
C_34.02;10;70
C_120.04;130;x101_x130_x876_x15_x775
C_22.00;100;250
D_07.00;160;370
D_05.00;60;C28_99
C_80.00;20;190
C_120.01;120;x574
C_10.01;20;110
C_13.01;660;450
J_04.00;20;600
C_114.00;208;x415_PH
D_05.00;20;G47_79
P_01.03;50;30
D_05.00;130;G46_32
J_07.00;310;580
C_81.00;80;60
J_06.00;310;270
F_23.03;160;180
D_07.00;160;460
D_07.00;150;340
C_17.01;90;930
J_03.00;140;470
C_118.00;180;x415_EG
C_40.00;130;350
C_75.01;40;2360
F_35.00;240;40
C_34.01;100;20
C_118.00;207;x414_RO
C_05.02;20;70
C_18.00;60;70
F_18.00;170;460
C_118.00;170;x415_SN
C_13.01;870;610
C_17.01;90;130
F_18.00;191;400
F_18.00;30;360
C_22.00;80;350
C_40.00;10;240
F_18.00;57;223
F_12.00;10;10
C_118.00;170;x418_CL
D_05.00;20;E37
F_11.02;20;250
C_101.00;60;NULL
C_75.01;20;390
F_18.00;58;923
C_32.02;100;190
C_10.01;70;70
C_05.02;40;40
C_75.01;100;1260
D_05.00;30;S94_92
C_25.00;60;40
C_75.01;80;550
F_19.00;130;226
C_13.01;100;600
D_05.00;50;C29_1
D_05.00;140;F43_39
C_40.00;75;320
J_06.00;40;220
C_22.00;90;170
C_07.00;90;250
C_75.01;100;1500
D_05.00;90;N77_34
D_05.00;110;C20_42
C_118.00;180;x417_GR
C_10.01;60;100
D_05.00;60;C31_02
D_01.00;100;530
C_32.02;90;210
C_75.01;60;140
C_75.01;70;1970
D_05.00;30;S94_91
F_23.02;170;380
C_75.01;80;100
C_82.00;90;240
C_74.00;40;337
C_13.01;80;610
C_21.00;50;125
D_05.00;50;N82_92
D_05.00;40;I55_9
C_13.01;30;270
C_74.00;120;570
C_80.00;110;230
C_13.01;670;620
C_34.02;140;120
C_114.00;206;x418_IN
D_05.00;50;H52_22
D_05.00;50;G46_49
C_74.00;110;410
C_66.01;25;991
C_07.00;140;170
C_75.01;90;1010
C_75.01;20;300
C_80.00;90;520
D_05.00;50;I56_29
C_34.02;130;100
C_114.00;204;x414_BG
C_75.01;20;2620
C_75.01;40;1340
C_114.00;190;x418_HK
C_13.01;900;630
C_114.00;160;x415_UA
C_13.01;870;90
F_18.00;122;390
C_74.00;80;297
C_13.01;70;540
D_05.00;110;J59_14
C_118.00;190;x416_CY
C_34.05;60;90
D_05.00;100;N77_29
D_05.00;140;F43_9
C_73.00;20;1330
C_75.01;40;1530
C_114.00;190;x415_KY
D_05.00;140;L68
J_02.00;150;330
C_07.00;130;250
C_84.00;30;110
C_74.00;130;10
C_13.01;100;550
C_106.01;100;x526
C_75.01;40;2720
C_114.00;203;x415_MZ
J_02.00;120;20
F_18.00;80;480
J_07.00;30;620
C_13.01;870;370
C_74.00;100;279
C_66.01;25;780
F_23.03;170;150
C_73.00;50;1085
F_14.00;60;50
C_28.00;30;NULL
D_05.00;110;E37
F_46.00;50;70
F_18.00;58;212
C_74.00;40;170
F_18.00;170;520
F_32.01;30;15
D_05.00;50;C28_3
C_120.02;80;x52_x51_x27
C_07.00;90;130
C_08.01;30;170
C_09.04;10;160
D_05.00;60;G47_43
D_05.00;110;J59_12
D_05.00;130;G47_82
C_114.00;190;x415_CR
C_08.01;270;180
C_106.01;100;x504
C_114.00;180;x414_TR
C_18.00;50;370
C_118.00;150;x414_DK
C_75.01;20;1560
D_05.00;140;G46_63
D_07.00;50;370
D_05.00;140;C22_23
C_34.03;10;230
D_05.00;140;G45_2
C_32.02;210;40
C_07.00;240;310
J_06.00;270;620
C_73.00;30;1200
C_114.00;150;x415_VE
C_114.00;208;x414_CH
C_118.00;190;x415_BH
C_114.00;204;x415_IL
C_13.01;220;650
D_09.02;40;30
C_80.00;120;710
D_05.00;50;C18_11
C_16.00;70;30
F_23.03;140;130
C_17.01;90;924
C_32.02;190;40
F_18.00;180;420
C_66.01;10;225
D_05.00;50;C10
D_05.00;120;G46_41
R_04.00;20;0020_0020
D_05.00;120;G46_9
J_05.00;270;160
F_23.02;160;360
J_04.00;60;580
C_13.01;730;450
C_74.00;120;265
C_80.00;110;570
C_74.00;100;550
J_06.00;30;580
C_91.00;160;60
C_114.00;206;x417_AR
D_07.00;90;330
C_18.00;20;150
C_34.03;20;100
F_35.00;140;40
C_34.05;160;200
C_118.00;150;x418_GR
C_75.01;100;1150
J_05.00;290;640
D_05.00;110;G46_47
C_13.01;90;610
J_02.00;130;350
C_118.00;140;x414_SE
C_80.00;10;340
D_05.00;70;K66_22
C_106.01;120;x613
C_75.01;100;2130
D_05.00;110;G47_81
C_66.01;25;40
C_114.00;190;x415_SN
C_74.00;160;275
C_118.00;209;x416_AM
C_84.00;40;60
C_114.00;206;x418_IT
C_114.00;140;x415_SD
C_35.03;20;110
C_75.01;80;2270
F_32.04;50;60
C_73.00;30;50
F_18.00;122;224
C_75.01;100;1160
D_07.00;20;350
C_74.00;80;530
D_05.00;50;R93_12
D_05.00;50;S96_09
F_23.03;150;40
D_05.00;80;Q88_1
C_102.00;140;NULL
C_118.00;190;x419_GB
J_06.00;40;530
C_13.01;260;590
F_11.02;21;260
J_05.00;280;490
C_114.00;190;x416_AM
C_33.00;280;80
C_74.00;140;295
C_73.00;30;770
C_75.01;90;710
C_28.00;260;NULL
M_03.00;20;560
C_66.01;10;10
D_05.00;30;C31_09
C_13.01;20;230
J_07.00;300;590
J_02.00;130;250
D_09.02;30;40
C_80.00;110;620
C_75.01;100;2630
J_09.00;30;80
C_80.00;10;300
C_11.00;40;80
C_24.00;90;80
C_13.01;900;560
C_14.00;40;NULL
D_05.00;50;R90_04
C_75.01;60;1290
J_04.00;70;630
C_114.00;170;x417_TN
C_40.00;130;290
C_74.00;120;480
C_120.02;100;x70_x48_x26
C_07.00;130;100
C_114.00;206;x415_IL
F_23.03;140;50
F_18.00;90;430
C_13.01;270;510
C_75.01;60;530
D_05.00;120;G46_74
C_114.00;170;x416_MU
C_32.02;220;40
J_02.00;150;390
D_05.00;50;C31_01
C_118.00;205;x414_SI
C_40.00;75;240
C_32.02;180;60
D_05.00;110;N82_91
C_66.01;25;75
F_08.01;37;445
F_46.00;40;60
C_33.00;300;180
C_74.00;60;297
C_74.00;150;331
C_75.01;70;1880
C_118.00;201;x414_x33
C_33.00;290;160
C_74.00;90;265
C_74.00;100;331
F_15.00;100;185
F_18.00;910;920
D_07.00;100;490
C_09.04;20;160
C_22.00;90;460
C_13.01;250;600
C_13.01;10;420
F_18.00;160;360
C_66.01;10;660
C_114.00;170;x416_DO
C_74.00;160;323
C_75.01;100;120
C_13.01;240;670
C_13.01;150;40
C_17.01;90;250
D_05.00;20;G46_34
C_22.00;90;240
D_09.02;20;60
D_07.00;110;500
C_13.01;150;670
C_34.05;150;170
C_13.01;860;470
D_05.00;110;F43_99
D_05.00;80;H49_5
C_114.00;190;x415_GR
C_75.01;20;640
F_18.00;140;225
C_114.00;150;x418_CH
C_75.01;20;2710
J_06.00;60;610
F_23.03;40;90
D_09.01;150;50
D_05.00;70;K65_12
F_04.03.1;15;10
F_18.00;170;500
C_40.00;85;60
C_118.00;170;x417_GG
C_07.00;90;270
D_05.00;30;S95_24
D_05.00;70;F43_12
C_114.00;209;x415_SA
D_05.00;20;F43_11
F_04.03.1;70;40
D_05.00;80;G47_52
D_05.00;140;Q88_1
C_118.00;130;x414_x33
C_75.01;40;2800
D_05.00;130;C20_41
F_41.02;20;10
C_34.03;20;260
C_74.00;160;560
C_13.01;890;670
D_05.00;100;K65_12
D_05.00;140;G47_62
F_04.10;40;30
F_15.00;90;200
C_08.02;80;NULL
D_05.00;100;G47_82
J_06.00;30;570
C_118.00;150;x416_SN
J_02.00;130;410
C_75.01;80;630
C_73.00;30;1340
D_05.00;80;F43_1
C_83.00;50;90
C_40.00;75;280
C_75.01;70;290
C_10.01;10;110
C_32.02;190;170
F_09.02;10;160
F_04.09;41;6
F_23.03;140;190
J_07.00;290;300
F_23.02;120;380
C_13.01;300;460
C_82.00;70;90
C_21.00;50;40
C_84.00;40;30
D_09.02;80;40
C_75.01;70;100
J_02.00;120;590
R_04.01;40;0090_0090
F_18.00;55;470
C_75.01;90;2470
D_05.00;130;G46_1
C_80.00;100;760
J_05.00;290;290
C_13.01;300;373
C_07.00;140;270
F_18.00;141;226
C_106.01;100;x480
C_75.01;60;1740
C_34.03;20;190
C_17.02;140;NULL
C_75.01;100;920
C_75.01;80;2660
C_24.00;180;100
C_32.02;220;80
J_05.00;20;610
D_05.00;20;F43_12
C_74.00;80;20
C_66.01;25;880
C_74.00;110;420
C_106.01;120;x606
C_75.01;20;2150
C_17.01;90;260
C_21.00;10;130
D_05.00;120;H51_1
C_07.00;120;310
C_34.03;10;250
D_05.00;70;H49_1
D_05.00;30;G47_76
C_74.00;90;263
D_08.00;90;110
F_35.00;90;20
F_18.00;950;221
C_82.00;30;280
C_75.01;60;500
D_05.00;70;N77_33
C_82.00;30;450
C_118.00;150;x415_MC
C_34.05;70;170
C_118.00;180;x417_MC
F_18.00;56;923
C_114.00;190;x416_CY
F_18.00;170;400
C_22.00;70;280
C_118.00;160;x419_FR
D_05.00;100;A1_62
C_118.00;180;x419_NO
F_23.02;40;280
C_13.01;650;650
C_05.01;40;63
F_23.02;30;260
C_114.00;190;x415_KZ
C_75.01;90;2410
C_13.01;120;520
C_73.00;30;670
C_114.00;202;x414_CH
J_05.00;20;570
C_66.01;25;251
D_05.00;40;G47_41
F_23.02;140;380
D_05.00;60;G47_91
J_04.00;150;520
F_20.04;40;70
F_18.00;107;490
C_13.01;310;580
C_80.00;10;520
C_118.00;208;x418_CL
C_10.01;70;120
C_82.00;30;310
C_82.00;70;400
C_18.00;70;170
D_05.00;130;C26_2
D_05.00;90;G47_81
C_114.00;209;x418_JP
C_75.01;70;1820
C_82.00;30;220
C_73.00;30;850
C_118.00;170;x415_TN
C_07.00;80;250
C_118.00;160;x418_ES
C_07.00;60;100
C_05.01;50;442
D_05.00;120;D35_22
D_07.00;40;440
F_46.00;10;160
C_09.04;20;30
F_18.00;55;440
F_18.00;109;216
F_08.01;37;330
D_05.00;40;C10_51
D_05.00;60;C25_62
C_13.01;30;430
F_15.00;70;127
C_114.00;203;x414_CH
C_73.00;30;990
C_32.02;90;80
F_18.00;56;231
C_75.01;40;1750
C_73.00;20;110
C_32.02;200;190
F_23.03;160;140
C_14.00;280;NULL
C_07.00;170;110
J_08.00;10;120
C_114.00;160;x417_VN
F_08.01;40;300
C_106.01;120;x481
D_09.02;310;30
D_08.00;90;170
J_04.00;80;570
C_114.00;205;x416_AR
J_05.00;310;290
D_05.00;60;G46_63
D_05.00;30;F42_21
C_07.00;40;110
J_06.00;310;490
C_13.01;650;590
F_35.00;12;30
D_05.00;20;G46_31
F_18.00;170;550
C_13.01;750;550
C_32.03;120;NULL
C_80.00;20;990
R_06.01;80;10
C_74.00;140;570
D_05.00;30;G46_47
C_118.00;208;x414_AT
D_05.00;50;C17_12
C_73.00;20;1300
C_106.01;100;x613
C_22.00;100;300
C_80.00;110;300
J_03.00;60;630
C_81.00;80;50
C_75.01;70;50
C_75.01;90;2260
C_13.01;660;460
D_05.00;30;D35_22
C_114.00;160;x417_AR
J_02.00;140;170
C_114.00;170;x417_GG
C_13.01;80;600
C_16.00;90;30
C_75.01;100;1740
C_13.01;140;470
C_75.01;20;2510
J_02.00;140;210
C_34.05;50;150
C_13.01;220;640
D_05.00;30;G46_41
C_75.01;90;2800
D_07.00;160;340
C_114.00;208;x415_SA
C_74.00;40;90
D_05.00;130;R91_01
F_23.03;170;100
C_13.01;670;480
C_66.01;70;730
C_83.00;20;110
C_28.00;140;NULL
C_114.00;180;x415_MC
C_13.01;260;660
F_23.02;40;180
J_02.00;150;480
C_114.00;160;x417_UA
C_75.01;60;2140
J_02.00;140;180
J_07.00;20;640
D_07.00;120;330
F_25.01;90;100
D_05.00;50;A1_42
C_13.01;750;670
C_40.00;75;30
C_16.00;70;120
C_32.04;70;NULL
C_80.00;90;600
F_46.00;40;120
C_106.01;100;x606
C_118.00;206;x416_AM
C_114.00;205;x418_SG
C_114.00;160;x416_MU
F_25.01;20;110
C_13.01;20;660
C_118.00;202;x414_AT
C_08.01;30;80
C_75.01;40;1300
F_18.00;197;550
C_80.00;20;1000
C_40.00;130;320
C_114.00;209;x418_CL
C_16.00;90;90
C_66.01;130;730
C_114.00;190;x417_EG
F_35.00;50;40
C_80.00;10;990
D_05.00;110;A1_43
C_13.01;10;256
C_75.01;90;1590
C_14.01;440;NULL
C_28.00;20;NULL
J_06.00;310;310
C_29.00;170;NULL
C_07.00;190;70
C_75.01;70;740
C_75.01;90;930
F_35.00;140;30
C_114.00;150;x417_TN
C_81.00;70;350
C_114.00;209;x415_MZ
C_74.00;40;80
F_23.03;170;40
C_32.03;150;NULL
C_114.00;130;x414_TR
C_13.01;10;255
F_23.03;130;110
J_06.00;270;490
F_23.01;40;210
D_05.00;90;J58_13
C_114.00;202;x414_CZ
J_05.00;50;620
C_13.01;870;510
C_118.00;150;x417_CI
C_75.01;90;2350
C_34.05;70;210
D_05.00;110;N80_3
R_06.00;10;40
J_02.00;120;600
C_75.01;60;2790
F_09.01.1;130;140
C_74.00;90;323
F_23.02;50;170
C_75.01;80;1140
F_32.01;100;120
C_74.00;110;343
C_74.00;120;100
C_75.01;70;60
C_114.00;190;x418_AR
C_08.02;290;NULL
C_74.00;50;339
F_18.00;109;213
D_05.00;20;F42_99
J_07.00;270;610
C_75.01;100;1330
C_66.01;25;252
D_05.00;50;D35_22
D_05.00;20;H51_1
C_75.01;30;2750
C_10.01;20;120
C_80.00;10;410
D_05.00;130;C10_85
C_05.01;30;80
F_04.07;21;10
D_05.00;140;H52_29
F_23.01;40;130
F_46.00;20;130
F_18.00;101;510
C_10.01;10;10
C_74.00;100;339
F_11.04;50;190
D_05.00;130;E37
C_118.00;190;x415_KY
C_13.01;20;540
C_75.01;80;1520
C_14.00;204;NULL
C_13.01;10;260
C_08.01;173;160
C_106.01;100;x525
C_05.02;20;80
C_75.01;100;750
C_34.02;90;140
C_74.00;120;321
D_05.00;30;H49_5
C_74.00;120;160
C_66.01;25;1000
C_08.01;270;170
C_118.00;170;x418_CZ
J_03.00;130;120
C_74.00;130;285
C_80.00;40;580
J_02.00;130;420
C_22.00;80;420
J_02.00;130;360
F_32.02;30;245
C_120.01;120;x483
R_06.01;50;10
D_05.00;60;H52_24
C_114.00;180;x415_CI
C_13.01;750;590
C_80.00;20;250
C_120.02;100;x71_x48_x26
F_23.02;30;160
F_11.04;40;20
C_22.00;50;50
C_80.00;10;540
D_05.00;130;J58_21
C_32.02;120;170
C_07.00;90;180
F_23.02;30;190
C_73.00;60;1045
C_74.00;60;530
C_118.00;150;x418_SG
D_05.00;30;F42_12
C_114.00;209;x418_x1
C_07.00;110;310
D_05.00;120;C28_25
C_118.00;180;x417_MU
D_05.00;60;D35_22
F_46.00;60;180
D_05.00;20;C23_7
C_13.01;10;570
C_75.01;40;1220
C_07.00;100;260
F_23.03;170;50
C_80.00;110;130
C_81.00;70;340
C_75.01;100;1480
C_114.00;205;x418_NL
D_05.00;110;C24_44
D_09.01;100;150
C_118.00;150;x416_TN
D_05.00;80;C29_1
C_66.01;25;370
D_05.00;40;Q88_99
D_05.00;140;H52_24
C_75.01;80;2450
C_74.00;60;180
C_81.00;90;120
C_32.02;10;180
C_13.01;310;610
C_13.01;70;510
D_05.00;70;C33_2
C_13.01;260;600
C_34.02;70;10
F_23.01;30;140
D_05.00;130;G46_16
D_05.00;100;C28_24
F_19.00;100;226
C_10.01;50;100
D_07.00;110;420
C_66.01;25;430
D_05.00;120;A1_49
C_74.00;110;130
D_05.00;140;G47_78
C_09.04;10;150
C_74.00;140;287
D_05.00;110;P85_51
C_75.01;80;1290
D_05.00;40;N82_19
C_13.01;860;650
D_05.00;40;C26_3
C_34.05;80;200
C_18.00;70;350
C_118.00;180;x415_AM
C_34.03;10;130
D_05.00;40;F41
C_118.00;170;x419_FR
C_24.00;80;30
C_120.01;120;x526
C_75.01;40;1810
F_23.01;50;80
C_13.01;230;530
C_114.00;180;x417_CY
C_32.03;40;NULL
D_05.00;130;C29_31
D_09.01;150;130
C_08.02;90;NULL
C_22.00;70;430
C_13.01;30;590
C_32.02;230;190
C_114.00;180;x415_EG
D_05.00;40;F43
J_02.00;130;470
C_118.00;205;x414_HR
C_80.00;90;330
C_75.01;90;540
D_05.00;70;Q87_1
C_80.00;120;1010
C_75.01;40;1980
C_75.01;40;1170
C_34.05;140;40
C_13.01;110;510
C_73.00;30;160
C_13.01;270;570
C_66.01;10;650
C_32.02;100;200
F_18.00;197;510
C_118.00;180;x415_NC
C_13.01;40;390
C_73.00;60;1085
C_114.00;208;x414_PL
D_05.00;40;C23_51
J_03.00;110;610
C_66.01;10;530
F_08.01;37;360
C_10.01;70;80
C_118.00;202;x414_RO
C_118.00;208;x418_JP
C_75.01;60;1030
C_22.00;90;320
D_05.00;100;P85_6
D_05.00;140;A1_49
C_81.00;10;120
F_13.01;55;30
D_05.00;80;H52_24
C_32.01;40;50
D_09.01;130;130
C_13.01;170;540
C_118.00;190;x414_SI
C_10.01;10;120
C_13.01;670;540
C_75.01;100;970
D_05.00;30;F43_34
F_18.00;196;360
C_118.00;202;x414_CH
D_05.00;30;A1_3
C_13.01;160;630
C_23.00;70;50
D_05.00;100;C20_42
C_75.01;70;1500
D_05.00;70;C30_92
C_84.00;20;200
C_08.02;210;NULL
C_34.05;130;30
F_18.00;90;400
D_05.00;30;A1_41
J_07.00;30;630
C_75.01;40;30
C_114.00;207;x415_AM
C_75.01;70;2670
F_23.02;50;260
C_24.00;90;40
C_75.01;60;310
C_80.00;30;450
C_80.00;90;250
C_114.00;160;x416_ID
C_75.01;30;2790
F_18.00;122;222
C_13.01;290;620
D_09.02;60;40
C_113.00;550;NULL
C_13.01;60;500
C_75.01;70;1760
C_10.01;90;120
J_07.00;60;600
C_114.00;203;x415_CO
F_10.00;40;310
C_13.01;50;560
F_15.00;70;124
C_08.01;30;160
J_04.00;10;600
C_67.00;10;120
C_07.00;90;120
D_05.00;70;N77_35
F_23.02;130;360
D_05.00;90;F43_1
C_10.01;20;10
C_13.01;840;610
D_05.00;50;G47_99
C_75.01;60;700
J_02.00;90;600
D_05.00;100;J59_13
C_75.01;90;2440
D_05.00;130;C26_6
C_74.00;150;560
F_19.00;100;920
C_118.00;209;x418_AM
D_05.00;20;N77_35
C_16.00;100;20
C_07.00;80;300
F_23.03;150;80
D_05.00;100;K64_92
C_114.00;160;x418_SG
D_01.00;110;540
D_07.00;150;500
D_05.00;90;F43_12
C_118.00;170;x415_KZ
C_13.01;680;530
C_07.00;70;310
C_32.02;220;70
C_80.00;110;100
C_73.00;20;180
C_13.01;680;650
M_05.00;120;x279_x630
D_05.00;130;C23_7
C_22.00;70;320
C_22.00;100;330
D_05.00;20;Q88_99
C_13.01;270;610
C_75.01;90;1970
D_05.00;110;A1_28
C_13.01;750;450
D_05.00;50;F42_21
D_05.00;140;F43_31
J_04.00;100;570
C_66.01;10;270
F_18.00;910;500
J_02.00;140;500
C_75.01;30;2820
C_13.01;130;650
C_75.01;20;580
C_118.00;170;x414_HR
C_106.01;120;x527
D_05.00;140;F41_1
C_18.00;70;300
F_15.00;90;41
D_05.00;90;G47_71
F_11.04;40;70
C_13.01;880;550
J_06.00;20;630
C_73.00;50;912
C_17.01;90;850
C_118.00;206;x414_SK
C_114.00;190;x414_HR
C_66.01;25;254
C_32.02;90;140
C_32.02;120;140
C_114.00;160;x416_VE
C_118.00;202;x414_DK
D_05.00;20;J58_14
C_113.00;100;NULL
C_66.01;25;80
D_05.00;30;C25_3
D_05.00;80;C31_02
J_07.00;50;590
C_08.05.1;6;NULL
F_09.01.1;120;150
R_01.00;70;5
C_118.00;205;x414_SE
C_80.00;10;150
J_02.00;20;210
C_67.00;10;10
D_05.00;110;S95_21
C_74.00;120;420
C_82.00;90;260
F_18.00;106;370
F_23.03;120;60
C_81.00;70;120
C_118.00;170;x418_JP
R_06.01;30;20
C_105.03;20;NULL
D_05.00;40;F43_11
C_74.00;140;319
C_34.02;70;120
C_66.01;25;215
C_05.01;20;425
C_24.00;110;80
C_74.00;110;260
D_05.00;40;C13_93
D_05.00;20;G47_81
J_02.00;150;470
C_32.02;120;180
J_08.00;20;280
D_05.00;110;J61_2
J_02.00;150;410
C_33.00;270;100
D_05.00;50;C25_3
D_05.00;140;C32_5
C_74.00;50;201
C_07.00;180;100
D_05.00;40;J59_13
D_05.00;50;K66_21
F_08.01;40;150
C_66.01;25;1241
C_71.00;10;120
D_05.00;70;S95_23
C_75.01;40;510
F_46.00;120;60
C_18.00;40;360
C_118.00;206;x418_GR
C_75.01;40;2230
C_13.01;80;450
C_91.00;110;110
F_25.01;60;70
C_43.00;20;65
C_74.00;160;337
D_05.00;110;G47_91
C_82.00;10;90
C_73.00;30;570
D_07.00;40;330
C_23.00;70;130
D_09.01;70;180
D_02.00;130;50
C_80.00;90;130
C_32.02;70;180
D_05.00;40;G47_29
D_02.00;80;50
C_08.01;270;40
D_05.00;60;H49_41
C_10.02;90;NULL
D_07.00;160;380
C_74.00;100;315
D_08.00;60;100
C_07.00;140;140
C_75.01;60;2560
C_13.01;230;550
D_05.00;80;C31_09
D_05.00;80;G46_21
C_80.00;110;410
F_18.00;109;226
D_05.00;100;A1_13
C_75.01;20;620
C_34.05;150;90
F_18.00;196;410
C_75.01;80;760
J_05.00;290;570
C_118.00;160;x415_CL
C_66.01;25;820
C_118.00;150;x415_IL
C_13.01;160;560
C_40.00;70;210
F_32.01;40;120
C_40.00;75;40
C_32.02;250;190
C_05.02;50;50
D_05.00;70;K64_99
C_80.00;110;850
F_25.02;20;120
J_05.00;40;230
D_05.00;100;F43_33
C_74.00;140;335
C_73.00;20;885
D_07.00;20;410
C_32.02;70;170
D_05.00;100;C10_85
C_32.02;250;160
C_32.03;90;NULL
C_75.01;60;1360
C_74.00;110;470
C_18.00;10;250
C_118.00;206;x414_RO
D_05.00;110;G47_61
C_75.01;60;1060
C_66.01;10;380
C_75.01;90;1880
C_80.00;90;90
F_11.04;50;100
R_06.01;10;30
C_17.01;100;924
F_08.01;37;320
F_12.01;20;690
C_66.01;80;730
J_03.00;100;610
C_118.00;206;x418_HK
F_15.00;70;122
C_80.00;10;100
D_05.00;100;H49_1
J_02.00;60;580
C_24.00;120;110
J_03.00;60;600
C_118.00;180;x418_AU
C_75.01;70;510
J_05.00;40;580
C_82.00;30;340
M_02.00;30;490
D_05.00;30;R93_21
C_13.01;100;560
D_07.00;60;340
C_114.00;170;x418_NZ
C_74.00;90;410
D_05.00;30;G45_32
C_74.00;110;50
D_05.00;30;F43_9
C_13.01;920;510
J_02.00;140;310
C_74.00;50;530
C_118.00;170;x417_KY
C_114.00;150;x416_GH
J_02.00;130;160
C_24.00;180;60
C_75.01;70;2770
C_118.00;190;x416_MU
D_07.00;150;490
D_05.00;100;G47_24
F_11.02;20;50
F_15.00;70;181
D_05.00;90;R91_02
F_18.00;160;470
C_118.00;180;x415_CI
D_09.02;140;60
D_05.00;110;C31_02
C_34.05;140;140
C_75.01;90;180
C_32.02;180;210
C_84.00;40;210
C_32.02;210;200
J_06.00;290;230
D_09.01;80;140
C_35.02;20;50
C_17.01;100;170
J_02.00;150;520
C_13.01;240;480
J_07.00;280;600
C_13.01;250;650
F_11.04;30;160
C_10.01;40;80
D_05.00;130;C25_93
D_07.00;110;410
C_35.03;20;40
C_118.00;207;x419_NO
C_40.00;10;220
C_17.02;100;NULL
C_34.02;90;10
C_08.01;80;160
C_08.02;255;NULL
C_118.00;150;x418_RU
C_75.01;100;2760
F_23.02;50;190
C_73.00;30;1070
C_118.00;180;x415_VN
C_74.00;40;570
D_07.00;120;450
F_32.01;55;110
C_13.01;870;120
D_05.00;110;C28_24
C_114.00;180;x417_KY
D_09.02;130;30
C_13.01;330;540
C_81.00;70;260
C_118.00;150;x417_VE
C_75.01;70;1250
R_12.00;60;10
F_09.01.1;120;200
C_29.00;140;NULL
D_05.00;20;G47_52
C_32.02;180;170
C_80.00;100;970
C_114.00;150;x415_MY
C_22.00;70;20
C_35.02;10;30
D_05.00;110;G47_78
C_34.05;130;130
C_22.00;80;50
D_05.00;110;C28_99
C_22.00;80;330
C_74.00;150;323
C_13.01;160;590
C_106.01;100;x620
C_80.00;30;360
C_75.01;20;1000
C_118.00;204;x414_SI
C_13.01;660;650
C_13.01;860;110
D_05.00;80;F42_21
C_13.01;120;620
J_07.00;40;570
F_15.00;80;183
D_05.00;130;G45_11
C_34.03;10;290
C_13.01;750;560
C_08.01;100;60
J_06.00;60;620
C_114.00;202;x414_SK
C_21.00;40;130
C_18.00;50;120
J_03.00;150;500
F_18.00;90;470
C_114.00;209;x418_AE
C_114.00;170;x417_CL
R_12.00;100;20
C_66.01;25;570
C_13.01;330;550
C_114.00;205;x416_AM
C_114.00;170;x417_KY
C_08.02;240;NULL
C_75.01;80;270
D_05.00;70;B8_99
D_05.00;30;R93_29
C_73.00;30;206
D_05.00;40;H52_29
D_05.00;100;S95_21
F_18.00;143;226
D_07.00;130;410
C_73.00;20;160
C_07.00;90;290
D_05.00;50;S95_29
C_80.00;100;940
C_75.01;80;2310
D_05.00;80;C10_89
F_18.00;192;470
C_118.00;209;x414_RO
C_75.01;90;730
C_80.00;110;500
C_17.01;100;440
C_08.02;20;NULL
C_80.00;100;90
C_34.05;50;70
C_22.00;100;430
D_05.00;140;G47_19
C_18.00;50;180
C_75.01;80;380
F_18.00;30;470
C_66.01;140;730
D_05.00;90;R91_04
D_03.01;60;B7_x90
C_82.00;90;350
C_29.00;200;NULL
C_05.02;50;60
D_05.00;40;G46_51
J_04.00;100;580
C_13.01;910;480
C_114.00;160;x418_BE
C_13.01;840;600
D_05.00;100;G46_19
C_22.00;80;310
D_05.00;40;H49_2
C_13.01;650;640
C_22.00;90;350
C_118.00;180;x418_AE
C_74.00;60;500
F_18.00;102;340
C_81.00;90;360
C_22.00;100;85
F_18.00;106;520
D_05.00;30;H49_41
C_18.00;70;60
C_75.01;90;1140
C_08.01;310;20
D_05.00;50;G47_52
C_82.00;90;50
F_18.00;950;224
C_73.00;20;600
C_13.01;10;470
C_114.00;190;x414_CZ
D_05.00;40;G45_19
J_04.00;80;610
C_34.02;140;80
C_18.00;30;360
F_32.01;90;100
F_18.00;57;923
D_05.00;50;G47_91
D_05.00;50;N77_39
C_75.01;60;2750
D_05.00;140;G46_11
C_106.01;120;x618
C_24.00;80;100
J_07.00;310;330
C_75.01;90;2780
C_08.01;100;30
C_118.00;160;x417_AR
C_73.00;30;350
D_05.00;50;K64_19
C_40.00;75;10
C_75.01;100;880
C_17.01;90;480
D_05.00;140;C18_12
D_09.01;80;50
C_24.00;150;30
C_34.05;30;30
C_13.01;90;510
D_07.00;150;450
C_13.01;80;460
C_18.00;40;250
C_91.00;100;90
C_08.01;40;40
J_06.00;50;160
F_15.00;100;40
F_18.00;900;933
C_106.01;100;x626
C_113.00;400;NULL
C_13.01;690;570
F_15.00;80;186
C_13.01;670;610
C_18.00;10;160
C_32.02;270;80
C_08.01;50;160
D_09.02;130;40
C_13.01;920;610
D_05.00;30;C11_07
J_04.00;100;620
M_03.00;20;590
C_13.01;40;520
F_15.00;100;43
F_18.00;80;440
D_05.00;50;C23_7
C_111.00;400;NULL
D_05.00;50;J58_13
C_75.01;60;1200
C_24.00;140;80
C_40.00;20;340
C_08.01;257;170
D_05.00;30;N81_1
C_75.01;80;1480
D_05.00;110;F42_12
F_18.00;70;370
C_74.00;140;311
C_75.01;70;90
C_80.00;110;290
C_05.02;30;50
R_12.00;20;40
D_05.00;40;G46_45
C_118.00;160;x414_SK
C_24.00;150;90
C_24.00;160;100
C_75.01;20;2470
C_34.02;60;60
D_05.00;60;C25_94
D_05.00;80;N82_91
C_74.00;100;299
D_05.00;40;C28_24
C_67.00;15;120
C_33.00;290;190
C_118.00;199;x414_SI
C_75.01;70;670
C_22.00;30;90
D_05.00;130;G46_43
C_75.01;40;1730
C_13.01;320;510
D_02.00;130;100
C_75.01;70;2000
D_05.00;40;C32_5
D_07.00;60;370
C_75.01;20;190
C_32.02;240;140
D_05.00;90;P85_53
F_23.03;160;110
J_02.00;10;630
C_32.02;260;200
F_18.00;952;226
D_05.00;90;C25_21
C_05.01;40;443
D_05.00;90;H49_31
C_80.00;120;720
C_13.01;660;550
D_05.00;100;F42_99
C_81.00;70;270
C_66.01;100;740
C_34.05;150;50
D_05.00;40;C20_11
D_05.00;50;C13_3
D_09.02;90;30
F_08.01;40;60
D_05.00;50;N81_29
C_75.01;80;2760
M_03.00;20;550
F_23.02;150;410
D_05.00;140;F41_2
C_114.00;170;x415_SN
C_18.00;50;70
C_08.01;240;80
C_75.01;90;1920
J_04.00;60;620
C_80.00;30;120
F_23.02;50;160
C_75.01;90;610
C_74.00;130;339
D_05.00;110;K66_22
D_05.00;20;C29_31
C_91.00;80;90
C_34.05;160;150
C_34.05;150;130
C_13.01;80;530
C_114.00;130;x414_BG
C_118.00;190;x417_GG
F_05.01;30;130
C_13.01;90;570
C_114.00;150;x417_DO
C_35.03;50;160
F_35.00;60;30
C_22.00;80;60
F_25.02;90;120
C_23.00;40;135
C_118.00;190;x415_IR
C_75.01;40;2680
C_73.00;30;200
D_05.00;120;C17_21
C_75.01;70;2290
J_02.00;130;190
C_114.00;180;x417_CI
F_23.03;150;120
R_06.01;80;20
C_75.01;40;2050
C_13.01;930;550
C_13.01;90;540
C_75.01;10;2780
C_13.01;910;520
F_11.04;50;60
D_05.00;50;Q86_23
C_118.00;170;x417_KZ
C_120.06;20;NULL
C_118.00;140;x414_BG
C_75.01;60;2010
D_05.00;120;G47_52
C_73.00;30;620
C_13.01;170;200
C_17.01;100;750
C_75.01;70;1600
D_05.00;80;S95_12
C_16.00;110;90
C_75.01;100;1350
D_05.00;50;R93_19
C_114.00;180;x415_UA
J_02.00;150;350
C_32.02;240;70
D_05.00;130;G46_39
D_05.00;130;C20_11
C_18.00;30;10
J_07.00;310;300
D_05.00;140;G47_43
C_13.01;330;650
C_75.01;70;800
J_03.00;30;590
C_13.01;900;600
C_118.00;180;x416_GG
J_02.00;150;230
C_66.01;25;730
C_40.00;130;30
C_80.00;30;220
C_28.00;190;NULL
D_05.00;50;F43_39
C_118.00;140;x414_SI
D_05.00;100;G46_39
D_05.00;80;C18_11
C_80.00;40;900
C_114.00;170;x415_GG
F_25.01;30;40
C_118.00;160;x415_CY
C_05.01;60;62
J_04.00;30;610
C_118.00;180;x416_CR
D_05.00;120;F41
J_06.00;290;370
F_04.03.1;80;40
C_13.01;90;620
C_118.00;190;x414_BG
D_05.00;140;C31_01
C_13.01;150;600
C_07.00;211;70
J_05.00;40;610
C_13.01;130;550
C_74.00;130;450
C_13.01;130;530
J_03.00;80;590
C_13.01;150;373
D_09.02;30;10
C_24.00;120;20
C_114.00;209;x415_TW
C_75.01;100;1670
D_05.00;50;C31_02
C_114.00;199;x414_BG
D_05.00;30;C25_94
D_07.00;60;490
J_08.00;10;340
C_91.00;70;120
C_21.00;30;90
D_05.00;90;R93_21
C_118.00;205;x418_ES
C_120.02;100;x70_x49_x26
C_114.00;190;x417_AR
D_05.00;100;G46_42
D_05.00;100;F42_12
C_17.01;100;935
C_66.01;25;11
C_08.02;140;NULL
C_118.00;190;x415_CL
C_75.01;20;1290
C_17.01;90;950
D_05.00;110;G47_59
C_34.03;20;290
C_13.01;860;460
C_80.00;90;480
D_05.00;40;J58_14
C_13.01;170;260
C_19.00;540;20
C_114.00;180;x416_BJ
C_14.00;275;NULL
C_80.00;10;530
C_118.00;180;x419_FR
C_114.00;205;x414_BG
C_75.01;80;1570
C_05.01;60;430
C_35.01;10;80
C_75.01;80;2600
C_22.00;60;200
D_05.00;40;N77_33
C_114.00;190;x416_GH
C_114.00;150;x416_DO
D_05.00;50;C20_11
D_05.00;140;N80_3
C_35.01;20;30
D_05.00;40;C16_23
M_02.00;10;500
F_18.00;30;510
D_05.00;140;G47_51
D_05.00;40;N77_21
D_05.00;70;G47_82
C_24.00;130;30
C_07.00;90;170
C_13.01;160;230
J_05.00;290;220
C_13.01;40;450
C_73.00;30;370
C_13.01;870;251
D_05.00;40;G46_11
C_74.00;90;420
C_114.00;150;x415_AM
F_46.00;100;180
F_18.00;55;410
C_114.00;209;x414_BG
C_118.00;202;x419_DE
C_18.00;40;330
F_12.01;20;710
D_05.00;20;R91_02
C_73.00;20;1190
D_05.00;70;O84_11
C_80.00;20;460
C_82.00;90;430
D_05.00;80;C29_31
D_05.00;90;C32_99
D_05.00;80;H49_41
C_118.00;180;x417_CY
C_75.01;100;2730
J_02.00;10;400
C_75.01;40;1380
F_12.01;20;610
C_13.01;340;640
F_18.00;56;212
C_09.04;10;120
C_20.00;900;70
C_114.00;190;x417_CI
C_114.00;170;x417_UA
C_118.00;150;x419_GB
C_74.00;130;293
C_118.00;180;x416_CL
C_80.00;10;130
F_18.00;56;223
C_75.01;20;1530
D_05.00;110;C10_71
C_13.01;320;520
F_11.04;40;180
C_13.01;320;640
F_32.01;90;10
C_118.00;205;x414_BG
C_118.00;180;x415_CY
D_05.00;70;C13_93
C_74.00;120;329
J_08.00;20;140
F_15.00;70;44
C_73.00;30;290
C_08.01;210;170
C_08.01;60;50
J_03.00;150;490
F_18.00;106;380
J_05.00;50;160
C_73.00;50;1410
F_46.00;20;190
C_13.01;30;210
D_07.00;150;460
D_05.00;70;Q88_99
D_05.00;30;J59_12
D_05.00;30;G47_52
C_35.03;20;140
F_09.01.1;130;10
C_74.00;130;337
C_74.00;120;289
C_09.02;90;45
C_118.00;170;x414_SI
C_13.01;170;350
C_120.04;130;x2_x1285_x1284_x15_x822
D_05.00;110;C10_89
C_16.00;100;10
C_75.01;60;2460
C_75.01;90;2680
C_75.01;90;2030
D_05.00;50;G47_43
C_05.02;40;110
C_10.02;80;NULL
D_05.00;50;N80_1
D_05.00;90;K64_3
C_101.00;40;NULL
C_120.02;100;x12_x48_x26
D_05.00;60;C31_09
D_05.00;90;K65_12
C_13.01;730;630
C_20.00;450;90
C_118.00;201;x414_SE
C_13.01;20;350
C_13.01;880;530
C_34.02;180;130
C_114.00;150;x416_IR
D_05.00;120;G46_38
C_73.00;20;140
C_75.01;90;2420
D_05.00;40;K65_12
C_66.01;25;940
C_13.01;660;660
C_13.01;730;650
C_13.01;10;350
C_114.00;209;x415_SD
C_22.00;100;50
C_80.00;90;350
D_05.00;70;G47_19
C_22.00;90;310
D_05.00;30;N79_9
J_05.00;20;620
C_05.02;50;130
F_15.00;80;43
C_101.00;120;NULL
C_14.00;130;NULL
C_118.00;160;x417_BH
D_05.00;140;R90_04
C_118.00;150;x415_EG
F_23.03;120;150
D_05.00;140;C17_12
C_40.00;130;71
C_75.01;90;2670
D_05.00;70;C19_2
C_13.01;300;660
D_05.00;80;C28_99
C_33.00;280;40
C_75.01;60;1440
F_18.00;900;222
C_66.01;10;550
C_75.01;70;1020
C_75.01;60;650
C_13.01;680;630
D_03.01;70;C28_15_x86
C_13.01;30;220
C_114.00;150;x414_TR
C_114.00;180;x416_VE
J_06.00;20;590
D_05.00;30;G45_4
C_114.00;180;x416_IR
C_05.01;40;425
C_22.00;80;250
C_74.00;40;470
D_05.00;40;F42_99
F_18.00;57;226
C_13.01;900;500
C_74.00;130;140
C_14.01;390;NULL
C_13.01;20;640
C_80.00;40;830
C_114.00;201;x414_CZ
C_118.00;150;x414_x33
C_120.04;130;x2_x130_x876_x15_x776
D_05.00;90;G46_18
C_114.00;207;x418_IT
C_80.00;110;510
C_66.01;25;257
C_66.01;180;740
C_32.02;150;200
F_23.02;170;370
J_03.00;10;620
C_32.02;20;80
J_06.00;300;160
D_05.00;100;G46_18
D_05.00;20;G46_46
F_08.01;40;390
C_13.01;680;450
C_34.05;170;140
C_13.01;230;560
J_06.00;300;170
D_05.00;60;C25_21
C_75.01;100;710
C_72.00;40;590
C_73.00;50;995
D_05.00;90;G46_34
J_07.00;310;290
C_118.00;160;x416_VE
C_13.01;890;470
C_75.01;80;2120
C_75.01;20;2580
C_80.00;110;200
C_118.00;180;x416_KZ
C_21.00;70;21
F_12.01;30;550
C_75.01;70;440
D_05.00;140;C25_3
C_13.01;80;590
D_05.00;20;S94_11
C_13.01;650;630
C_118.00;206;x419_NO
C_75.01;60;1350
C_74.00;90;319
C_25.00;70;30
C_75.01;100;1050
C_118.00;150;x418_CH
C_21.00;30;120
C_82.00;20;60
F_18.00;143;930
D_05.00;120;H49_31
C_118.00;206;x418_NZ
J_02.00;40;570
D_05.00;90;G46_11
D_05.00;100;A2_2
J_07.00;280;580
D_05.00;20;G46_41
D_07.00;130;390
C_91.00;120;120
F_23.03;130;80
C_33.00;300;170
D_05.00;80;P85_32
C_75.01;60;2820
F_46.00;10;120
C_118.00;140;x414_RO
C_13.01;170;400
C_13.01;260;610
C_75.01;70;210
J_04.00;40;610
D_05.00;130;C10_83
C_75.01;40;2410
C_80.00;40;890
D_05.00;130;G46_42
F_18.00;55;530
C_81.00;90;380
C_40.00;85;230
F_12.00;80;480
D_05.00;110;M74_3
R_01.00;50;10
D_05.00;70;C32_2
C_75.01;100;2810
F_18.00;122;211
D_03.02;50;NULL
C_75.01;80;1200
F_32.02;70;245
C_74.00;160;295
D_05.00;50;G47_81
D_07.00;40;380
C_75.01;70;40
J_03.00;90;570
C_34.05;60;100
C_114.00;150;x417_CL
C_13.01;860;560
C_114.00;150;x415_IL
C_80.00;90;560
C_75.01;40;340
C_22.00;70;130
C_114.00;207;x418_NL
D_05.00;100;C11_01
C_05.01;50;440
D_05.00;80;D35_14
D_05.00;130;C30_92
D_05.00;130;C32_5
F_18.00;106;460
F_18.00;192;350
C_13.01;240;520
C_13.01;150;450
D_05.00;30;A1_11
D_05.00;70;C10_85
J_07.00;290;580
F_32.02;60;245
D_05.00;110;N81_21
C_13.01;10;620
D_05.00;110;C25_94
J_06.00;300;570
C_74.00;130;90
C_13.01;40;310
D_05.00;140;F43_3
C_80.00;20;320
C_118.00;207;x415_AM
C_66.01;10;125
C_22.00;100;410
J_02.00;130;260
C_80.00;100;500
C_75.01;100;910
J_05.00;60;380
C_75.01;100;2120
J_05.00;50;630
F_25.01;20;100
C_13.01;930;590
F_32.02;20;190
D_05.00;120;A2_2
C_118.00;170;x416_CY
C_120.02;100;x52_x51_x25
C_66.01;160;730
F_18.00;910;211
D_05.00;90;C25_62
C_118.00;180;x417_IR
C_80.00;40;1060
J_09.00;10;230
C_13.01;870;580
C_34.02;120;140
C_66.01;25;125
C_05.01;30;170
C_13.01;150;630
C_13.01;250;530
D_08.00;60;130
C_74.00;40;190
C_118.00;160;x414_CH
J_04.00;80;640
J_04.00;130;520
C_75.01;90;520
D_05.00;50;F43_91
D_05.00;30;C16_23
D_05.00;100;C20_41
D_07.00;70;420
C_21.00;40;100
D_05.00;40;N78_1
C_13.01;870;133
C_118.00;160;x415_MU
C_120.02;80;x52_x51_x26
F_18.00;122;212
D_05.00;50;G46_47
F_15.00;110;122
C_80.00;90;30
C_08.01;250;160
M_02.00;30;220
F_18.00;910;215
F_18.00;102;460
C_23.00;10;130
C_05.01;10;63
C_75.01;100;1250
C_43.00;30;20
C_07.00;60;260
D_05.00;70;J58_19
D_05.00;110;B8_99
C_114.00;150;x416_GG
F_25.01;10;50
C_114.00;150;x415_EG
C_114.00;180;x416_CR
F_04.09;41;8
D_05.00;140;C20_16
C_118.00;160;x416_TN
C_75.01;90;770
C_114.00;190;x415_GG
C_66.01;10;400
D_05.00;120;H49_5
C_80.00;10;440
F_16.05;20;10
D_05.00;60;G46_49
D_05.00;90;H49_32
R_04.01;30;0090_0090
C_13.01;290;540
D_05.00;80;G46_49
C_34.02;210;120
C_80.00;30;210
C_13.01;930;530
C_13.01;310;640
C_114.00;206;x418_RU
C_114.00;130;x414_SI
C_22.00;70;380
C_118.00;199;x414_AT
C_13.01;260;460
C_75.01;90;1120
F_23.02;130;390
D_05.00;140;H49_5
C_75.01;90;2510
C_13.01;170;510
C_120.02;100;x14_x48_x26
C_80.00;10;420
C_22.00;60;230
C_34.05;160;130
D_05.00;20;A1_49
C_118.00;207;x418_AE
C_32.02;140;140
C_114.00;150;x415_MC
J_02.00;140;450
C_07.00;40;120
D_05.00;110;P85_32
C_66.01;25;1290
J_02.00;10;20
C_13.01;730;460
D_05.00;130;F43
D_05.00;50;G46_74
D_09.01;110;140
R_04.01;80;0090_0090
F_15.00;100;70
C_118.00;150;x415_CL
C_118.00;150;x415_AM
D_05.00;140;A1_4
C_66.01;25;490
P_01.03;40;32
C_118.00;150;x415_MU
C_07.00;100;200
C_13.01;690;580
C_74.00;80;267
C_32.02;210;120
C_118.00;180;x416_GH
C_18.00;50;110
C_71.00;40;10
J_07.00;60;310
C_114.00;207;x415_MY
C_118.00;190;x417_SN
C_74.00;130;343
J_06.00;60;270
D_05.00;30;Q87_2
C_13.01;20;240
C_13.01;230;570
D_05.00;40;R93_29
C_114.00;206;x415_AR
C_75.01;100;370
F_18.00;160;390
C_13.01;10;241
C_75.01;20;2610
C_74.00;50;60
R_12.00;20;30
D_05.00;70;Q87_3
C_13.01;20;670
D_05.00;30;K66_21
C_18.00;30;370
C_34.05;150;200
F_08.01;40;445
C_118.00;209;x418_NO
C_29.00;240;NULL
C_13.01;20;290
C_13.01;30;375
F_04.09;41;5
C_74.00;60;570
C_21.00;50;100
C_80.00;120;490
C_120.04;140;x6_x130_x876_x15_x776
C_80.00;30;420
J_02.00;10;60
D_05.00;50;Q88_91
D_05.00;50;M70_1
F_18.00;122;231
C_13.01;30;200
C_74.00;100;560
C_80.00;90;100
D_05.00;30;G47_91
C_81.00;90;240
C_66.01;25;1200
C_18.00;10;390
C_08.02;130;NULL
R_04.01;80;0080_0080
D_05.00;90;H53_1
C_75.01;70;160
D_05.00;100;J61_2
D_09.01;60;160
C_40.00;10;40
C_74.00;40;160
C_07.00;100;100
D_05.00;40;Q88_91
C_118.00;170;x416_AM
J_06.00;50;620
C_35.03;30;100
C_114.00;205;x418_CZ
C_82.00;90;360
C_73.00;30;360
D_09.01;160;190
C_114.00;201;x416_MZ
F_25.02;10;120
D_05.00;40;A1_42
J_02.00;140;270
D_05.00;20;G47_71
C_73.00;30;1020
C_32.02;100;150
D_05.00;140;C25_94
D_09.01;150;150
D_05.00;100;G46_75
D_05.00;60;G46_21
C_13.01;150;340
C_13.01;170;290
C_82.00;20;360
D_05.00;90;H51_1
C_80.00;90;640
C_73.00;50;930
C_05.02;50;150
C_120.04;130;x7_x1286_x876_x16_x777
C_114.00;160;x415_DO
C_74.00;90;327
C_114.00;206;x418_AE
F_18.00;170;530
F_23.01;40;160
J_03.00;50;590
F_18.00;102;500
C_91.00;60;100
C_18.00;50;140
C_07.00;110;140
C_21.00;70;130
D_05.00;110;R93_29
C_74.00;110;150
C_13.01;170;390
C_13.01;660;590
J_02.00;150;290
D_05.00;50;F43_3
J_02.00;150;430
C_07.00;230;15
C_118.00;160;x417_ID
C_80.00;90;220
F_35.00;120;40
C_13.01;250;500
D_05.00;100;C25_21
C_13.01;330;630
C_75.01;40;1880
F_12.00;100;520
C_24.00;140;40
F_35.00;110;20
D_05.00;130;G46_18
C_13.01;110;540
F_18.00;952;216
C_13.01;870;371
C_22.00;50;60
D_07.00;110;470
C_118.00;170;x418_AR
C_114.00;207;x418_SG
C_17.01;100;980
C_13.01;40;374
F_23.02;40;400
C_80.00;20;150
C_17.01;100;560
D_01.00;100;550
F_19.00;130;213
C_34.05;170;70
D_05.00;20;G47_82
F_09.01.1;120;140
F_18.00;102;550
C_13.01;230;500
C_80.00;10;330
F_04.03.1;71;30
D_07.00;140;190
C_120.04;190;x10_x1286_x876_x15_x775
F_23.03;130;140
C_73.00;20;690
C_80.00;100;270
C_13.01;680;660
F_14.00;60;55
C_13.01;840;510
D_05.00;100;G47_74
D_05.00;90;S94_2
D_05.00;30;I55_9
C_103.00;61;NULL
C_08.01;120;20
C_13.01;10;480
D_05.00;140;C10_11
D_05.00;120;C28_99
C_20.00;450;50
C_106.01;100;x604
D_05.00;140;G47_64
C_74.00;60;210
C_13.01;40;580
C_34.05;70;70
C_13.01;870;640
J_06.00;290;40
D_05.00;120;L68
D_05.00;130;G46_31
D_09.01;110;180
C_18.00;10;130
C_75.01;100;1030
D_09.02;130;10
C_13.01;920;670
J_02.00;130;230
D_05.00;110;J58_13
C_32.02;230;150
C_73.00;30;1210
D_05.00;40;G46_43
C_118.00;160;x415_BH
C_32.02;130;190
D_05.00;20;I55_9
C_32.02;180;160
C_114.00;140;x414_SI
C_32.02;210;170
C_80.00;20;470
D_05.00;80;N81_1
C_13.01;60;460
D_05.00;30;P85_32
F_32.02;40;250
C_22.00;60;480
C_66.01;10;1130
C_13.01;680;590
D_05.00;30;H53_1
D_05.00;70;G46_75
D_05.00;20;N77_29
C_74.00;130;201
C_21.00;60;40
C_118.00;190;x414_HR
C_34.05;130;50
D_09.01;120;170
C_80.00;110;260
C_32.02;260;50
C_74.00;40;230
F_18.00;102;450
C_75.01;90;950
F_04.03.1;90;20
F_04.02.2;20;30
C_114.00;170;x418_HK
C_08.01;40;80
C_74.00;60;460
C_32.02;220;170
C_80.00;100;380
D_05.00;50;M73_11
C_74.00;40;265
C_118.00;209;x414_SI
D_05.00;120;H53_1
C_75.01;40;1210
D_09.02;190;60
C_66.01;25;1060
D_05.00;120;G47_61
C_34.01;20;60
C_14.00;201;NULL
C_114.00;190;x416_UA
C_74.00;120;303
D_05.00;50;G46_38
J_05.00;270;610
C_16.00;71;60
C_34.02;10;140
J_03.00;130;240
D_05.00;30;F42_11
C_114.00;209;x414_HR
C_75.01;70;2780
D_07.00;90;230
C_108.00;20;NULL
F_23.01;40;200
C_80.00;90;850
C_75.01;70;1840
C_22.00;70;140
D_05.00;130;G46_9
D_05.00;30;P85_52
J_02.00;10;370
C_118.00;209;x419_GB
F_15.00;100;20
C_114.00;201;x414_SI
F_18.00;910;223
D_05.00;50;S96_02
C_13.01;150;560
F_18.00;30;390
C_118.00;180;x418_RU
C_34.05;150;100
F_19.00;100;215
D_05.00;20;G46_9
C_24.00;140;110
C_82.00;70;50
C_80.00;10;470
F_18.00;951;212
C_07.00;50;230
D_05.00;40;C30_92
F_35.00;210;40
C_80.00;120;130
C_73.00;20;700
C_74.00;60;560
D_05.00;100;C32_99
C_13.01;130;660
C_13.01;110;520
J_06.00;20;170
F_32.01;40;15
C_08.01;310;80
C_75.01;60;1890
C_75.01;60;270
D_05.00;110;G47_76
C_34.05;50;160
C_75.01;100;2690
C_32.02;210;70
C_13.01;40;255
C_10.01;70;110
D_05.00;120;Q88_1
D_05.00;50;G45_31
C_07.00;80;150
C_75.01;70;2100
C_07.00;230;35
C_80.00;110;520
J_03.00;20;620
C_32.02;210;180
C_120.02;100;x69_x50_x26
R_12.00;30;30
C_18.00;50;40
C_13.01;30;450
C_34.02;210;140
F_18.00;55;420
C_13.01;670;640
C_32.02;270;120
J_02.00;150;260
C_74.00;50;210
C_74.00;10;420
C_21.00;30;10
D_05.00;80;G46_41
C_75.01;40;190
F_18.00;122;350
D_05.00;100;H49_32
C_91.00;170;10
J_02.00;40;630
C_34.05;150;150
D_05.00;50;H49_5
C_75.01;40;1870
C_74.00;130;490
C_114.00;170;x416_MC
F_46.00;100;140
C_18.00;20;250
C_73.00;20;660
C_118.00;180;x417_EG
D_05.00;130;G47_79
C_32.02;230;50
C_115.00;147;NULL
F_18.00;70;380
J_03.00;100;630
C_114.00;208;x414_BG
J_03.00;70;640
J_03.00;140;190
C_75.01;20;1550
D_05.00;140;C25_62
C_08.01;80;60
C_32.02;80;190
D_05.00;90;Q88_91
C_40.00;85;300
C_81.00;90;400
F_13.01;55;50
C_91.00;130;100
J_02.00;10;590
D_05.00;50;S94_99
C_75.01;70;1980
C_33.00;290;230
C_16.00;100;80
J_05.00;300;500
C_13.01;140;670
F_18.00;952;215
F_45.01;20;30
D_05.00;20;Q88_91
C_91.00;60;90
C_16.00;110;100
F_23.02;150;360
C_118.00;160;x418_SG
C_114.00;170;x417_SN
C_34.02;90;80
C_74.00;90;311
F_18.00;900;212
J_07.00;310;610
J_03.00;150;180
C_83.00;10;110
J_03.00;150;310
C_118.00;180;x418_CH
C_05.01;60;10
F_46.00;120;90
F_18.00;197;470
C_13.01;10;610
C_22.00;50;100
J_02.00;150;420
C_91.00;170;70
C_07.00;211;20
C_13.01;140;570
C_13.01;680;460
C_10.01;10;80
C_118.00;209;x418_HK
C_13.01;910;510
D_05.00;30;G46_9
C_74.00;80;299
D_07.00;100;370
D_05.00;140;C13_3
J_05.00;50;600
C_07.00;110;210
C_75.01;90;2250
C_40.00;70;380
F_18.00;121;216
C_120.04;120;x2_x130_x876_x15_x776
F_08.01;37;200
F_23.03;120;90
D_05.00;140;E36
C_67.00;40;10
C_08.02;50;NULL
C_13.01;840;480
C_35.01;10;40
C_114.00;202;x414_TR
D_05.00;130;G46_51
F_04.02.1;20;40
C_22.00;80;30
D_05.00;120;A1_4
D_05.00;140;G46_66
C_75.01;70;480
F_04.03.1;70;10
D_05.00;140;G46_9
C_75.01;60;380
D_05.00;100;E36
D_09.01;160;160
C_75.01;80;500
C_118.00;190;x415_VE
C_114.00;130;x414_CZ
F_46.00;120;50
D_05.00;20;P85_2
C_66.01;40;730
J_05.00;50;590
C_34.02;70;140
D_05.00;30;C26_6
C_75.01;100;2140
C_17.01;100;10
D_05.00;100;C25_12
C_16.00;40;130
C_34.03;20;60
C_118.00;208;x414_SI
D_05.00;130;A1_42
C_118.00;170;x417_SN
F_23.01;30;110
C_66.01;10;145
D_05.00;100;J58_19
C_34.03;20;200
C_118.00;170;x414_BG
C_40.00;85;90
C_13.01;270;520
D_05.00;40;F43_29
J_05.00;290;580
D_05.00;100;F43_29
F_23.03;120;190
C_114.00;206;x418_CH
D_05.00;80;F43_9
F_23.03;40;100
C_13.01;20;260
C_08.01;10;80
C_82.00;90;30
D_05.00;110;C31_09
C_73.00;30;260
D_07.00;20;480
C_118.00;204;x419_GB
F_08.01;40;420
C_75.01;80;120
C_91.00;200;130
D_05.00;20;K65_12
D_08.00;240;170
J_02.00;140;380
F_23.03;170;190
C_81.00;20;120
C_75.01;90;330
C_74.00;50;110
C_28.00;60;NULL
F_18.00;910;226
C_118.00;150;x416_KY
C_80.00;30;340
C_73.00;10;1130
C_22.00;70;180
C_118.00;190;x418_JP
C_73.00;50;965
C_74.00;90;295
C_29.00;250;NULL
J_08.00;10;270
C_118.00;180;x415_IL
C_13.01;30;251
C_34.05;60;200
C_74.00;60;20
C_34.01;80;70
C_17.01;100;650
D_05.00;40;G47_82
C_106.01;100;x616
D_05.00;100;G47_72
C_114.00;180;x415_IL
C_118.00;130;x414_HR
C_17.01;100;910
C_34.05;40;40
F_18.00;101;390
C_75.01;70;2330
C_114.00;150;x415_VN
D_07.00;70;360
F_04.10;40;50
C_32.03;50;NULL
D_05.00;20;C25_21
J_02.00;100;580
C_114.00;180;x418_IN
J_05.00;40;330
F_19.00;100;223
J_08.00;40;140
C_05.01;20;112
C_07.00;90;110
C_13.01;310;470
C_118.00;160;x417_AM
J_05.00;310;640
D_05.00;20;H49_5
D_05.00;110;D35_14
F_18.00;80;510
C_118.00;160;x418_CH
C_75.01;80;2320
C_34.05;80;130
C_05.02;60;150
D_05.00;140;A1_42
F_18.00;122;540
D_05.00;110;C31_01
C_75.01;60;1720
C_14.00;223;NULL
C_07.00;150;130
C_13.01;160;254
C_35.01;20;10
D_05.00;20;N82_19
D_05.00;110;C28_25
D_05.00;110;G47_3
F_32.01;50;100
C_20.00;450;60
C_16.00;100;120
J_06.00;300;620
C_07.00;80;200
C_13.01;290;640
C_13.01;100;650
C_16.00;80;40
C_75.01;20;1270
C_23.00;40;100
D_05.00;110;C18_11
J_05.00;20;160
C_66.01;25;1230
C_114.00;160;x415_BH
D_05.00;50;G46_1
C_106.01;120;x582
C_07.00;120;270
D_08.00;220;140
D_05.00;50;R93_11
C_22.00;100;350
M_01.00;20;210
F_18.00;180;440
C_32.02;100;60
C_28.00;150;NULL
D_09.01;40;40
C_118.00;180;x418_GR
C_32.02;40;210
F_18.00;70;530
F_18.00;56;920
C_75.01;90;2090
C_13.01;750;600
C_75.01;90;290
D_05.00;90;K64_91
F_20.04;40;75
D_05.00;70;R93_13
F_23.02;160;350
D_05.00;80;S94_99
C_13.01;40;330
C_71.00;70;10
C_74.00;110;293
D_05.00;110;R91_03
D_05.00;20;C25_12
C_73.00;30;930
C_16.00;100;110
C_08.01;80;50
C_22.00;60;150
C_118.00;160;x416_GR
C_10.01;90;10
J_05.00;20;580
D_07.00;80;240
D_07.00;110;390
C_07.00;120;110
D_05.00;70;P85_53
C_75.01;90;1070
C_114.00;207;x414_HU
C_22.00;100;230
D_05.00;110;N78_3
F_18.00;952;225
D_05.00;100;G47_29
C_114.00;201;x414_PL
C_75.01;100;1610
C_80.00;30;310
C_73.00;60;1075
C_13.01;160;361
F_18.00;90;460
C_114.00;209;x418_AR
C_75.01;40;710
F_23.03;120;170
F_20.04;26;10
C_75.01;90;970
C_118.00;203;x418_NO
F_11.04;30;180
C_75.01;80;1860
C_75.01;80;1540
C_75.01;60;20
F_18.00;900;224
C_05.01;30;380
C_73.00;20;70
F_09.02;20;90
C_22.00;70;270
C_66.01;25;391
C_08.01;140;180
F_18.00;106;430
C_07.00;240;15
F_08.01;40;290
F_25.01;60;80
C_22.00;100;30
C_07.00;100;230
C_20.00;450;30
C_82.00;90;330
C_111.00;110;NULL
J_07.00;60;370
C_75.01;90;900
C_05.02;60;30
C_40.00;85;30
C_74.00;120;150
F_20.04;26;60
D_05.00;130;C32_99
F_16.05;20;80
D_05.00;110;G47_99
D_03.01;70;D35_x85
C_75.01;40;50
C_05.01;60;70
C_82.00;30;210
D_05.00;110;L68_32
F_18.00;952;923
C_07.00;60;90
J_07.00;20;610
J_07.00;270;580
C_114.00;190;x416_NC
C_74.00;160;315
J_04.00;30;640
C_74.00;90;30
J_03.00;150;240
D_05.00;20;R91_04
C_114.00;190;x417_KY
M_05.00;100;x279_x630
C_08.01;170;80
D_05.00;100;A1_28
D_05.00;140;A1_41
C_114.00;207;x417_AR
D_05.00;50;J63_99
C_75.01;20;2770
C_118.00;203;x414_x33
D_05.00;120;C18_11
D_05.00;130;C29_1
C_34.02;110;120
F_10.00;40;140
C_34.05;140;210
D_05.00;100;N77_21
D_05.00;80;L68
F_23.02;50;250
C_114.00;204;x414_HR
C_20.00;900;30
C_75.01;40;960
F_35.00;10;40
D_05.00;70;P85_31
C_118.00;160;x415_SN
D_05.00;110;G46_43
C_32.02;210;90
F_11.04;50;120
C_101.00;170;NULL
C_10.01;30;80
C_07.00;60;220
C_80.00;100;540
C_66.01;25;670
C_80.00;110;150
D_05.00;40;Q88_9
C_18.00;60;140
C_17.01;100;430
C_13.01;150;130
C_80.00;20;940
C_22.00;90;100
C_74.00;100;10
C_114.00;150;x415_CY
D_05.00;80;N79_9
C_13.01;920;480
C_13.01;150;375
D_05.00;110;N77_39
D_03.01;60;B5_10_x90
C_114.00;208;x418_CZ
C_75.01;20;1170
C_13.01;330;500
C_120.04;130;x99_x1285_x876_x16_x775
C_13.01;320;660
C_75.01;100;860
C_81.00;70;310
F_18.00;80;350
F_15.00;100;94
F_09.02;20;100
D_07.00;20;360
F_18.00;192;510
C_66.01;10;690
C_23.00;10;135
F_18.00;197;420
D_05.00;80;N81_21
C_34.05;140;170
C_14.00;160;NULL
C_18.00;50;13
D_05.00;110;E38_32
J_03.00;10;520
C_106.00;30;NULL
C_11.00;40;20
C_40.00;130;60
D_05.00;70;N78_3
F_08.01;37;440
C_13.01;110;480
C_74.00;60;40
C_118.00;206;x418_ES
C_75.01;90;860
F_18.00;101;540
J_02.00;130;330
C_115.00;51;NULL
C_32.02;150;150
C_18.00;10;50
C_114.00;201;x414_HR
D_05.00;60;E38_32
F_23.01;40;190
J_05.00;290;470
C_09.04;30;10
C_13.01;680;550
C_66.01;25;185
F_25.01;50;40
C_32.02;250;50
C_75.01;90;1220
C_18.00;10;190
C_80.00;10;230
C_73.00;20;240
D_05.00;40;G46_15
C_114.00;209;x414_CZ
C_10.01;40;110
D_05.00;50;C17_22
C_118.00;170;x415_BJ
C_40.00;85;71
C_21.00;20;100
C_114.00;190;x417_BJ
F_20.04;26;50
D_07.00;90;390
C_34.05;110;40
F_46.00;60;140
C_13.01;290;470
C_13.01;20;255
D_05.00;90;S95_25
D_05.00;70;J60_2
C_80.00;120;1070
C_118.00;150;x417_VN
C_07.00;70;260
C_34.10;20;170
F_23.03;140;20
C_73.00;20;912
C_75.01;90;390
C_74.00;100;307
C_34.02;130;30
C_118.00;206;x417_AM
D_05.00;110;G47_43
J_05.00;310;580
J_08.00;20;260
F_15.00;70;125
C_13.01;160;300
D_05.00;80;F42_99
D_07.00;50;440
J_02.00;10;150
C_14.00;285;NULL
C_114.00;140;x415_SA
C_13.01;110;670
C_05.02;20;140
C_74.00;50;560
F_15.00;80;123
C_74.00;130;267
J_05.00;30;600
C_05.01;50;380
J_09.00;20;290
C_82.00;30;400
C_75.01;60;630
C_75.01;70;2710
F_18.00;106;450
C_114.00;180;x418_GR
C_29.00;210;NULL
C_34.02;60;90
D_05.00;30;H52_24
D_05.00;20;N77_21
C_18.00;10;350
C_118.00;205;x416_AM
C_66.01;25;380
C_80.00;110;390
C_118.00;160;x416_KY
C_21.00;50;110
C_18.00;70;321
C_17.01;100;180
F_46.00;70;150
C_66.01;25;660
C_114.00;160;x417_MC
C_118.00;150;x416_GG
M_03.00;20;270
C_118.00;209;x414_BG
F_25.01;50;20
C_120.04;190;x10_x1286_x876_x16_x775
C_17.01;90;170
C_13.01;310;560
R_12.00;30;10
C_08.02;70;NULL
C_120.04;120;x6_x1285_x876_x16_x775
C_07.00;140;150
C_21.00;40;90
F_23.05;160;230
F_35.00;160;30
C_75.01;40;2620
D_05.00;120;C26_3
D_05.00;50;M74_1
C_120.01;50;x476
C_75.01;80;2630
R_04.01;30;0410_0410
C_114.00;190;x415_TN
F_46.00;40;130
C_66.01;25;240
F_23.01;30;180
F_23.03;140;150
F_46.00;110;60
J_02.00;150;160
C_22.00;70;450
C_13.01;220;580
F_10.00;40;320
F_18.00;101;350
C_73.00;20;10
C_13.01;30;376
C_07.00;50;90
F_11.04;40;120
C_32.02;180;150
C_66.01;25;145
D_05.00;50;F42_22
C_74.00;80;275
F_18.00;56;225
D_05.00;80;C22_23
D_05.00;80;K64_3
D_05.00;20;G46_73
C_32.02;190;140
D_05.00;20;G45_4
C_83.00;50;30
C_114.00;204;x415_TW
C_13.01;20;470
C_13.01;70;640
F_18.00;142;930
C_75.01;80;1050
J_08.00;20;120
C_114.00;170;x416_BH
D_05.00;30;P85_51
D_05.00;100;G47_3
D_05.00;40;P85_53
D_05.00;140;C10_71
C_07.00;60;130
J_05.00;270;640
C_73.00;30;203
C_13.01;870;121
C_08.01;140;80
C_74.00;100;530
C_80.00;90;190
C_74.00;80;460
D_05.00;120;G46_77
C_28.00;300;NULL
C_13.01;120;470
D_05.00;90;C33_11
C_114.00;201;x414_BG
C_23.00;70;60
D_05.00;70;A2_2
C_13.01;20;371
C_114.00;180;x417_DO
C_118.00;203;x414_DK
C_114.00;206;x418_GR
C_120.04;150;x8_x1286_x876_x15_x777
C_75.01;100;2070
C_114.00;190;x415_GH
J_07.00;290;610
C_75.01;40;2510
C_75.01;100;2220
C_07.00;90;140
J_06.00;40;600
J_02.00;50;620
C_81.00;70;100
C_114.00;180;x415_GR
D_09.01;40;190
D_05.00;110;Q88_1
C_114.00;180;x415_PH
D_05.00;100;C11_07
J_05.00;280;600
C_114.00;190;x417_IR
D_05.00;110;A1_62
D_09.01;90;140
C_73.00;20;280
D_07.00;150;430
C_22.00;40;70
C_32.02;130;150
D_05.00;60;C32_2
C_118.00;160;x418_RU
C_29.00;50;NULL
C_114.00;160;x417_CL
C_75.01;100;2280
C_13.01;860;450
D_07.00;70;480
F_18.00;141;215
C_08.01;70;80
C_114.00;209;x418_FR
F_35.00;70;20
F_25.01;30;110
C_75.01;70;1080
D_05.00;130;H51_1
C_66.01;25;210
C_66.01;25;870
D_05.00;20;G45_11
C_91.00;160;50
C_75.01;80;1100
F_18.00;160;520
D_05.00;100;Q87_9
J_03.00;90;580
C_66.01;25;175
C_91.00;180;30
C_114.00;204;x414_CZ
D_05.00;110;C17_21
C_43.00;30;70
C_75.01;80;2220
C_08.01;30;30
C_115.00;130;NULL
C_106.01;120;x581
D_07.00;60;450
C_66.01;25;70
D_05.00;50;N77_33
C_75.01;100;950
C_75.01;80;2440
J_04.00;80;600
C_34.03;10;220
C_83.00;60;10
C_114.00;190;x415_CY
F_46.00;120;150
C_114.00;180;x417_VN
C_32.02;270;10
C_81.00;90;340
F_10.00;40;180
C_21.00;10;100
C_32.02;200;50
J_02.00;140;120
C_74.00;90;50
C_08.01;140;160
F_18.00;122;450
C_75.01;100;1120
F_18.00;170;390
C_73.00;30;10
C_13.01;150;371
C_118.00;190;x417_CY
C_80.00;120;600
C_114.00;170;x418_ES
R_01.00;30;5
C_74.00;60;230
C_73.00;50;1065
J_02.00;90;630
C_75.01;70;2480
C_73.00;30;35
C_74.00;130;321
C_29.00;230;NULL
C_106.00;60;NULL
C_24.00;100;50
F_15.00;70;121
J_02.00;80;640
J_06.00;290;530
C_18.00;10;60
C_118.00;160;x414_RO
C_120.04;130;x101_x1285_x876_x15_x776
C_74.00;130;500
C_32.02;180;50
M_01.00;10;360
J_03.00;10;540
C_80.00;120;800
C_66.01;10;391
C_118.00;140;x414_AT
F_18.00;191;530
C_120.02;100;x12_x48_x25
D_09.02;210;60
D_05.00;110;S94_92
D_05.00;50;S94_92
D_05.00;100;R91_02
D_05.00;20;S94_2
J_04.00;150;200
C_34.02;70;80
J_04.00;70;590
F_18.00;910;430
C_114.00;208;x416_AR
F_23.03;40;200
J_05.00;280;500
C_32.02;110;70
M_01.00;20;285
C_13.01;10;540
C_118.00;160;x414_x33
C_16.00;40;90
C_66.01;10;254
F_18.00;950;933
D_05.00;80;C10_72
D_05.00;140;G47_76
C_74.00;30;430
D_05.00;50;G47_75
C_75.01;60;1800
D_07.00;70;260
D_05.00;100;C10_12
J_03.00;20;640
C_33.00;270;160
C_75.01;20;130
D_05.00;50;H53_1
C_40.00;75;310
C_118.00;206;x418_RU
C_74.00;40;303
C_75.01;20;1730
C_18.00;70;150
F_23.02;50;230
D_05.00;70;J63_12
C_66.01;160;740
J_05.00;30;590
D_09.02;190;30
F_18.00;192;390
D_05.00;110;G47_62
C_13.01;140;640
F_18.00;910;340
C_118.00;206;x418_IN
C_75.01;100;380
C_13.01;30;340
D_05.00;120;C10_72
C_82.00;10;410
F_19.00;130;231
D_05.00;40;G45_11
C_17.01;90;50
J_08.00;20;340
C_34.02;120;110
D_05.00;110;C10_12
C_13.01;30;373
D_07.00;130;380
C_91.00;80;130
C_74.00;100;267
C_118.00;208;x418_HK
C_08.01;50;50
C_75.01;40;2130
F_04.09;45;5
C_07.00;100;160
C_80.00;120;780
D_05.00;20;C25_5
C_73.00;60;995
C_74.00;120;130
C_18.00;60;120
C_19.00;540;80
C_120.04;190;x2_x1285_x1284_x15_x822
C_13.01;870;256
F_18.00;30;350
C_118.00;160;x416_SN
C_80.00;90;360
C_13.01;870;480
C_32.02;270;210
D_05.00;100;N80_3
F_18.00;80;360
F_46.00;120;100
C_34.02;120;80
C_73.00;30;720
C_07.00;110;240
C_13.01;920;580
C_14.01;351;NULL
C_75.01;80;2790
C_73.00;30;917
C_75.01;20;90
F_15.00;80;185
F_08.01;40;260
C_75.01;20;1280
C_118.00;180;x416_SN
D_05.00;80;C10_12
C_74.00;100;323
D_05.00;100;G46_73
C_07.00;130;150
C_81.00;20;240
C_75.01;90;1500
C_07.00;120;140
F_19.00;100;213
C_75.01;60;1930
C_28.00;230;NULL
F_23.03;40;190
C_75.01;100;650
C_120.02;100;x14_x48_x25
C_80.00;10;200
C_13.01;680;500
C_34.05;130;200
C_32.02;250;150
C_22.00;70;110
C_75.01;60;400
C_120.02;100;x14_x49_x27
C_74.00;130;301
C_08.05.1;30;NULL
D_05.00;110;C20_3
C_73.00;50;130
C_07.00;80;100
D_05.00;30;E36
C_118.00;170;x416_DO
D_05.00;40;F43_9
D_05.00;130;D35_13
C_18.00;20;350
C_73.00;30;60
J_05.00;60;500
F_11.04;30;50
F_20.04;25;10
J_06.00;60;350
C_21.00;30;125
F_23.05;110;220
D_05.00;80;A1_49
C_13.01;660;630
C_114.00;206;x414_HU
D_09.01;50;50
C_40.00;85;350
D_05.00;130;C25_5
F_18.00;197;350
F_23.03;160;70
C_114.00;206;x414_TR
C_13.01;920;620
C_13.01;870;570
D_05.00;110;F43_32
D_05.00;50;Q87_3
C_34.01;60;70
F_18.00;55;390
C_75.01;20;1750
C_07.00;120;120
C_114.00;207;x418_BE
C_18.00;70;200
F_18.00;122;440
D_05.00;140;G45_32
C_16.00;71;90
C_74.00;90;279
C_75.01;60;1610
D_05.00;20;C33_11
C_32.02;20;180
J_02.00;20;600
C_66.01;10;120
C_24.00;170;40
C_13.01;260;450
C_75.01;20;2740
C_75.01;60;2630
D_05.00;130;G45_19
D_05.00;140;G47_25
J_04.00;60;640
F_18.00;107;400
D_05.00;130;K64_91
C_114.00;160;x416_KZ
C_34.05;170;120
J_02.00;10;430
C_66.01;10;1200
J_09.00;20;100
C_75.01;80;2500
C_32.02;220;210
C_18.00;50;385
D_05.00;110;C26_2
C_118.00;190;x417_KZ
D_05.00;90;G46_16
C_18.00;40;390
D_05.00;20;H49_32
D_08.00;260;130
C_75.01;100;80
D_05.00;50;G46_19
C_118.00;170;x418_HK
D_05.00;50;H53_2
D_05.00;110;R93_21
D_09.01;100;130
C_80.00;110;250
C_07.00;130;200
C_29.00;160;NULL
C_75.01;100;2500
C_66.01;10;70
D_05.00;90;N79_9
J_05.00;270;620
C_08.01;140;170
C_75.01;90;890
D_05.00;100;M74_3
C_80.00;40;990
D_05.00;90;C25_5
F_18.00;910;400
R_04.01;30;0080_0080
C_75.01;80;1250
D_05.00;130;G47_72
C_18.00;70;30
C_75.01;70;640
D_05.00;70;G46_34
C_118.00;190;x417_IR
C_118.00;205;x418_GR
J_02.00;30;630
D_05.00;50;A1_62
J_07.00;50;640
C_07.00;240;60
F_23.03;130;70
D_02.00;100;100
D_05.00;100;J58_29
F_23.02;120;400
C_13.01;160;310
C_114.00;190;x415_SD
F_23.03;170;160
C_74.00;110;263
C_13.01;150;370
C_24.00;110;110
D_05.00;80;P85_51
D_05.00;50;S96_04
R_06.01;50;20
C_114.00;150;x415_UA
C_114.00;160;x415_MO
C_07.00;230;30
F_25.01;50;70
C_74.00;50;140
C_13.01;845;130
C_13.01;20;480
C_33.00;290;200
J_02.00;150;200
D_09.01;20;170
D_05.00;70;H49_32
D_05.00;110;D35_12
D_05.00;40;K64_91
F_25.01;10;100
J_02.00;10;600
C_34.01;90;60
D_05.00;100;R91_01
C_13.01;920;470
F_18.00;142;933
C_118.00;206;x415_AR
C_118.00;190;x416_EG
D_05.00;120;K66_11
C_102.00;160;NULL
F_18.00;58;231
C_13.01;170;620
C_118.00;201;x418_NO
D_07.00;140;440
D_05.00;40;Q88_1
C_75.01;70;2440
C_81.00;80;100
F_32.04;50;90
D_05.00;20;G46_39
C_75.01;40;2000
C_16.00;110;30
D_05.00;110;C19_2
C_101.00;100;NULL
J_03.00;130;180
C_114.00;205;x416_MZ
C_13.01;690;470
J_03.00;140;200
F_18.00;101;420
C_07.00;140;280
C_84.00;40;100
D_05.00;110;C18_12
C_75.01;80;2280
C_18.00;10;200
C_66.01;10;215
D_05.00;110;H49_2
D_09.02;240;60
C_13.01;20;570
C_34.05;60;60
C_17.02;20;NULL
C_82.00;90;60
M_02.00;10;190
C_13.01;50;590
F_18.00;142;227
C_118.00;190;x417_GH
F_11.02;20;130
F_18.00;70;450
C_10.01;40;10
C_07.00;100;90
F_46.00;80;140
D_05.00;130;G47_74
C_13.01;160;500
C_73.00;20;400
F_18.00;80;420
C_18.00;70;390
D_03.01;60;B5_2_x90
J_03.00;70;580
C_114.00;160;x415_CI
C_18.00;60;110
C_118.00;205;x418_JP
C_75.01;20;150
C_80.00;120;930
C_13.01;150;254
J_06.00;290;340
D_05.00;80;I55_9
C_13.01;170;360
R_01.00;70;30
C_66.01;10;80
C_07.00;30;90
C_75.01;80;2460
J_03.00;90;610
C_114.00;150;x415_NC
D_05.00;80;Q88_9
J_04.00;80;620
C_17.01;100;870
D_09.02;300;40
D_05.00;50;G46_63
D_05.00;40;R91_04
C_114.00;150;x414_CH
C_21.00;50;120
D_09.02;210;30
J_07.00;40;330
C_118.00;150;x418_BE
C_82.00;20;290
C_75.01;20;2640
C_114.00;160;x416_CR
C_118.00;150;x415_CI
C_29.00;280;NULL
F_08.01;37;50
D_05.00;110;L68_31
C_80.00;20;390
J_02.00;30;640
C_114.00;209;x418_NL
D_05.00;80;C13_3
D_05.00;40;R91_02
C_74.00;60;339
C_13.01;10;580
C_07.00;130;190
D_05.00;110;C32_2
C_13.01;70;570
C_120.01;50;x481
C_13.01;40;670
C_34.05;10;40
D_05.00;80;H51_1
C_34.02;110;70
F_46.00;90;60
D_05.00;100;C26_2
F_46.00;50;180
C_13.01;930;630
C_75.01;40;1320
J_06.00;290;140
C_75.01;60;10
C_75.01;70;1120
C_22.00;30;50
C_34.02;10;40
C_73.00;50;1430
C_66.01;25;530
D_03.01;60;B5_20_x90
F_23.03;160;20
C_73.00;50;720
C_32.02;160;190
C_114.00;206;x415_CO
D_05.00;130;F43_11
C_75.01;40;470
C_75.01;90;1630
C_111.00;40;NULL
C_80.00;30;110
C_35.02;10;50
C_13.01;730;530
C_75.01;100;2460
C_114.00;208;x414_HR
R_04.00;60;0020_0020
F_23.03;160;170
C_05.01;30;91
D_09.01;90;180
D_05.00;140;K66_29
C_81.00;70;20
C_32.02;270;20
C_114.00;190;x416_MU
D_05.00;110;A1_4
D_07.00;70;440
D_05.00;70;G46_73
D_05.00;100;G47_71
C_120.02;100;x70_x48_x25
C_80.00;100;220
D_07.00;130;500
D_09.01;80;160
D_05.00;110;G46_38
F_18.00;70;400
C_34.03;10;50
C_75.01;20;850
C_75.01;80;1990
C_74.00;100;291
D_05.00;40;C25_93
J_07.00;40;580
C_91.00;110;120
C_35.02;70;50
D_05.00;50;A1_11
F_09.01.1;120;110
C_120.04;130;x99_x130_x876_x15_x777
F_18.00;910;450
J_02.00;110;600
F_20.04;25;40
C_35.01;20;80
C_75.01;60;970
J_03.00;60;590
D_05.00;60;D35_14
C_74.00;120;260
C_118.00;150;x415_BH
F_18.00;90;370
C_43.00;30;40
C_106.01;120;x622
C_82.00;70;330
C_114.00;180;x415_CY
D_09.01;150;190
C_118.00;202;x419_FR
C_34.01;30;70
F_35.00;110;40
C_75.01;40;90
D_09.01;100;190
C_13.01;160;251
D_07.00;30;490
J_03.00;120;620
J_02.00;10;490
D_05.00;40;H49_31
C_13.01;920;520
C_07.00;10;210
J_07.00;40;230
F_18.00;107;460
C_32.02;270;110
F_04.09;90;6
F_18.00;900;221
D_05.00;100;J58_21
F_25.03;50;20
C_75.01;30;2760
C_66.01;25;115
J_02.00;100;570
C_114.00;160;x414_HU
C_13.01;90;580
C_75.01;90;2160
C_120.04;190;x8_x1286_x876_x15_x777
C_18.00;70;100
C_66.01;25;220
F_46.00;10;190
C_13.01;40;256
F_23.03;140;90
C_118.00;208;x418_CZ
C_22.00;40;120
D_05.00;40;J58_21
C_82.00;20;90
C_118.00;170;x415_IR
D_05.00;50;P85_52
C_32.02;80;50
C_75.01;70;720
C_74.00;60;550
F_11.01;40;310
C_91.00;80;100
D_05.00;80;G46_74
F_18.00;121;231
J_03.00;10;640
C_13.01;840;580
F_14.00;60;200
D_05.00;100;N82_19
J_05.00;40;300
C_80.00;110;190
C_16.00;100;70
J_04.00;120;630
C_75.01;100;2310
C_91.00;20;120
D_08.00;240;110
C_13.01;730;600
C_73.00;20;913
D_05.00;80;C25_5
D_09.01;30;130
C_16.00;60;10
C_82.00;10;50
C_118.00;130;x414_AT
D_08.00;80;150
C_13.01;240;640
C_75.01;70;2720
C_34.03;20;230
C_80.00;120;290
C_13.01;80;500
C_118.00;130;x414_BG
C_74.00;40;341
D_05.00;40;G46_9
C_118.00;160;x417_NC
F_23.03;40;130
F_08.01;30;10
C_75.01;100;630
C_114.00;170;x414_BG
C_75.01;20;2410
C_118.00;201;x419_ES
J_02.00;130;540
F_16.05;20;70
C_80.00;100;140
D_05.00;50;L68
C_13.01;260;530
F_18.00;70;550
F_11.04;30;100
J_07.00;310;640
C_34.01;80;40
F_23.03;40;60
D_05.00;120;O84_25
D_07.00;80;270
C_22.00;60;160
D_05.00;80;N77_34
C_110.03;60;NULL
D_05.00;70;R91_01
C_13.01;130;500
C_80.00;30;490
C_114.00;205;x418_CL
C_75.01;70;1180
C_75.01;90;2200
J_02.00;150;190
F_23.03;40;150
C_66.01;25;140
C_05.01;20;443
D_05.00;50;S94_2
C_118.00;190;x418_CZ
C_75.01;70;930
C_22.00;60;470
D_05.00;20;Q88_1
J_03.00;140;30
D_09.01;110;40
C_75.01;40;360
C_07.00;230;60
D_05.00;30;C24_44
C_114.00;199;x414_HR
F_23.03;170;30
C_73.00;30;890
C_74.00;110;333
C_114.00;180;x415_MY
C_118.00;150;x415_AR
C_34.03;20;30
C_34.02;120;120
C_74.00;110;321
C_114.00;170;x414_PL
D_05.00;110;F43_31
F_26.00;20;130
F_18.00;140;923
R_06.01;60;20
C_18.00;20;200
D_05.00;80;J58_13
R_04.01;10;0140_0140
C_114.00;190;x415_SA
C_75.01;90;1270
C_13.01;270;540
F_23.05;90;220
C_10.01;50;90
D_05.00;40;G46_32
C_73.00;50;203
C_13.01;70;610
D_05.00;110;F42_21
C_118.00;180;x415_CL
C_13.01;310;480
C_118.00;160;x418_AE
C_32.02;80;150
C_80.00;10;90
C_13.01;330;530
C_118.00;190;x416_AR
D_07.00;40;470
C_75.01;40;2740
C_22.00;70;310
C_14.00;232;NULL
F_23.03;130;20
C_75.01;90;230
C_118.00;190;x418_AR
C_80.00;100;460
F_18.00;90;530
C_16.00;40;60
C_13.01;650;550
C_22.00;70;70
F_32.01;70;70
J_03.00;120;640
C_75.01;40;1430
F_23.03;130;180
C_13.01;900;660
C_101.00;110;NULL
C_13.01;840;570
C_13.01;300;650
C_91.00;160;130
C_13.01;20;360
C_75.01;20;2670
C_114.00;204;x415_SA
C_114.00;180;x414_HU
D_05.00;70;G46_18
F_18.00;122;933
C_114.00;150;x418_IT
C_13.01;150;251
C_13.01;310;570
D_05.00;100;C18_13
C_84.00;20;160
C_75.01;40;620
C_13.01;290;570
C_73.00;30;610
C_91.00;150;130
C_13.01;880;630
R_12.00;10;10
F_18.00;102;490
D_05.00;70;P85_42
D_05.00;50;G47_78
C_84.00;40;190
F_18.00;192;440
J_02.00;140;220
C_22.00;60;60
D_05.00;30;G47_64
C_82.00;90;250
F_23.03;160;120
C_34.02;80;60
D_05.00;90;F42_99
D_05.00;110;C20_16
C_07.00;170;120
F_12.01;20;680
C_80.00;90;300
C_16.00;60;80
C_118.00;207;x414_CH
F_11.02;21;250
C_40.00;130;90
C_75.01;100;40
D_05.00;100;J58_14
C_32.02;140;170
C_75.01;40;410
C_80.00;100;1000
C_73.00;20;1130
C_73.00;50;1020
C_34.05;150;160
C_114.00;160;x417_CI
C_74.00;150;315
C_32.02;270;170
C_13.01;170;256
D_05.00;110;A1_13
C_120.04;120;x10_x1286_x876_x16_x775
F_18.00;143;221
F_18.00;910;550
C_34.05;80;90
C_13.01;290;480
J_03.00;130;270
C_118.00;209;x416_AR
D_05.00;70;G47_79
C_16.00;60;70
C_75.01;40;830
D_05.00;50;S96_01
D_05.00;50;N82_91
C_13.01;840;540
D_05.00;60;G46_74
C_13.01;320;480
C_34.05;150;30
C_74.00;20;410
J_06.00;290;490
C_74.00;120;333
C_118.00;190;x415_SN
D_05.00;20;G46_76
D_05.00;130;C33_12
C_75.01;40;900
D_05.00;140;D35_14
C_22.00;80;90
C_103.00;60;NULL
D_03.01;60;C33_14_x87
D_05.00;60;H49_2
C_32.01;40;142
C_07.00;110;180
F_32.01;90;20
C_34.05;50;130
F_12.00;90;490
F_18.00;143;214
C_75.01;20;30
C_73.00;30;150
C_13.01;845;250
C_07.00;240;120
C_75.01;80;940
C_07.00;140;180
C_75.01;100;460
F_41.02;20;40
C_120.02;100;x69_x49_x25
C_07.00;50;190
D_05.00;110;G46_6
C_17.01;90;936
C_106.01;100;x574
C_07.00;30;130
C_05.01;40;90
J_04.00;100;610
C_118.00;170;x417_BJ
J_05.00;290;60
D_05.00;90;C26_3
C_120.04;130;x101_x1286_x876_x16_x775
C_29.00;90;NULL
C_80.00;20;90
C_118.00;203;x414_SK
C_114.00;207;x415_MZ
C_118.00;208;x416_AR
C_75.01;100;2180
C_114.00;206;x415_MY
C_34.05;60;190
C_118.00;150;x414_SK
C_114.00;205;x415_TW
D_05.00;30;A1_49
J_09.00;30;10
C_118.00;190;x419_ES
D_05.00;50;F41
J_02.00;140;490
C_13.01;660;600
C_16.00;110;60
F_18.00;107;380
C_73.00;60;1400
C_73.00;20;530
D_05.00;50;J62_03
F_23.01;50;180
F_09.01.1;130;170
C_24.00;110;70
D_07.00;20;440
D_05.00;100;G47_77
J_06.00;300;640
J_02.00;150;60
F_18.00;57;215
J_03.00;30;630
J_05.00;310;610
C_09.04;30;80
D_09.01;20;180
C_75.01;20;1310
C_114.00;170;x415_SD
P_01.03;50;35
D_05.00;30;P85_2
D_05.00;70;R91_02
C_114.00;204;x416_MZ
J_06.00;300;610
D_05.00;30;C18_12
C_118.00;208;x418_FR
C_14.00;302;NULL
D_09.01;160;50
C_07.00;230;300
C_13.01;695;130
C_118.00;206;x414_HU
C_118.00;206;x419_DE
C_13.01;310;670
J_02.00;140;110
C_13.01;270;620
F_23.05;50;230
D_05.00;60;C17_21
C_80.00;40;680
C_13.01;30;320
J_02.00;30;580
C_17.01;100;730
R_06.01;30;10
C_17.02;150;NULL
F_18.00;121;226
C_118.00;190;x415_TN
C_73.00;20;1350
C_13.01;270;670
C_75.01;70;150
C_114.00;208;x416_MZ
D_05.00;20;N81_1
F_18.00;109;223
C_118.00;206;x415_AM
D_05.00;40;P85_2
C_80.00;20;350
D_05.00;50;P85_59
C_73.00;30;190
M_02.00;30;460
C_17.01;90;410
C_07.00;160;100
C_114.00;150;x415_DO
D_05.00;20;C33_12
C_82.00;20;50
C_114.00;204;x415_PH
C_114.00;170;x415_BJ
D_05.00;100;G46_34
C_114.00;170;x415_KZ
C_35.03;30;160
C_118.00;170;x417_ID
C_13.01;160;430
C_28.00;180;NULL
C_13.01;910;640
F_25.01;100;80
C_74.00;50;180
C_05.02;30;100
F_18.00;143;212
C_07.00;110;120
C_80.00;110;440
C_106.01;120;x612
C_43.00;40;30
C_13.01;170;330
C_13.01;10;371
D_05.00;140;C28_99
J_06.00;50;640
J_04.00;90;590
C_34.05;60;160
C_07.00;100;190
C_80.00;100;10
J_02.00;140;240
C_34.02;70;40
F_18.00;102;380
C_40.00;130;410
C_80.00;90;420
C_34.02;10;20
C_34.03;70;200
C_106.01;120;x484
C_91.00;90;120
C_75.01;100;1860
D_05.00;130;G46_15
D_05.00;50;C26_3
C_80.00;40;710
C_66.01;10;500
F_23.03;140;160
C_66.01;25;450
D_05.00;140;G46_38
D_05.00;130;H53_1
C_14.00;77;NULL
C_17.01;90;360
D_09.01;50;150
C_66.01;25;550
C_34.02;140;10
D_05.00;60;C10_11
C_91.00;50;130
F_46.00;30;180
J_02.00;130;390
D_05.00;90;C13_93
M_02.00;30;450
D_07.00;30;460
C_07.00;100;290
C_74.00;130;70
J_07.00;310;410
C_114.00;170;x417_KZ
C_13.01;160;650
J_02.00;140;10
C_74.00;130;240
F_12.00;40;10
C_73.00;20;430
C_118.00;205;x418_AR
F_11.02;20;100
F_46.00;70;90
D_05.00;90;G46_73
C_34.05;170;170
C_40.00;70;240
C_13.01;130;590
F_04.10;30;10
C_114.00;204;x414_SI
F_46.00;110;150
F_08.01;30;40
F_23.03;130;170
C_75.01;70;2520
J_04.00;50;610
C_07.00;240;20
D_05.00;80;G46_9
D_05.00;100;F43_12
C_106.01;100;x619
C_118.00;206;x415_IL
C_118.00;190;x417_TN
F_08.01;40;30
C_118.00;190;x414_AT
C_74.00;160;331
D_09.01;60;190
C_13.01;10;330
C_103.00;130;NULL
F_35.00;80;30
C_75.01;40;1700
F_23.02;130;410
C_17.01;90;914
D_05.00;120;C10_12
F_35.00;10;20
J_02.00;10;460
C_13.01;140;610
C_80.00;120;990
D_05.00;110;A3_1
F_09.01.1;130;240
C_08.01;20;40
D_05.00;50;N82_2
D_05.00;40;G46_73
J_02.00;130;90
D_05.00;80;F42_22
C_114.00;209;x415_PH
C_34.05;60;30
C_118.00;180;x417_DO
C_13.01;90;670
C_80.00;100;310
C_80.00;30;530
D_07.00;140;390
C_13.01;40;300
C_118.00;170;x416_CL
C_118.00;150;x416_IR
C_13.01;860;590
F_18.00;143;933
D_05.00;60;A1_43
D_05.00;70;G46_16
C_74.00;160;550
C_101.00;70;NULL
D_07.00;70;470
C_114.00;170;x416_NC
C_80.00;120;580
D_05.00;50;G47_76
D_05.00;130;G46_73
C_114.00;160;x417_CY
F_23.05;70;220
F_18.00;170;450
C_13.01;840;520
D_05.00;40;C11_05
D_05.00;110;C10_82
C_32.02;250;200
C_13.01;750;460
C_07.00;211;80
C_118.00;202;x414_SK
F_18.00;951;227
C_17.01;90;710
C_66.01;200;740
C_07.00;80;160
D_05.00;40;G46_16
F_23.02;120;370
C_74.00;80;430
C_118.00;160;x416_BJ
D_05.00;140;C20_59
C_24.00;90;110
C_34.02;60;50
C_13.01;150;131
C_08.01;30;50
C_73.00;30;1040
C_118.00;190;x418_AM
C_73.00;30;1180
C_118.00;170;x416_MC
D_05.00;60;G46_38
C_75.01;70;1450
C_114.00;206;x418_CN
C_16.00;90;50
C_114.00;170;x417_VE
C_73.00;30;480
C_07.00;90;310
F_11.04;50;50
C_74.00;130;430
C_73.00;30;1370
C_32.04;10;NULL
F_35.00;140;20
C_80.00;30;170
C_114.00;203;x414_TR
C_07.00;211;283
D_05.00;30;C20_16
C_29.00;290;NULL
J_08.00;10;240
C_75.01;90;2720
M_05.00;120;x279_x629
D_05.00;80;G46_47
D_05.00;80;G46_12
D_05.00;140;D35_12
C_118.00;180;x415_MU
C_75.01;90;1910
C_73.00;30;520
D_05.00;140;F43_34
F_05.01;20;110
C_34.05;50;190
C_114.00;205;x418_x1
C_74.00;60;70
C_114.00;150;x415_BH
C_75.01;80;1300
D_05.00;30;J59_14
C_114.00;170;x415_GR
C_13.01;130;600
C_114.00;190;x418_CL
C_40.00;130;230
C_118.00;209;x414_x33
C_14.01;350;NULL
C_07.00;110;170
D_05.00;120;F43_1
C_74.00;130;273
D_05.00;140;G47_75
D_05.00;30;Q88_9
C_13.01;240;610
F_18.00;140;226
C_34.02;140;140
F_46.00;80;180
C_21.00;30;110
C_114.00;150;x417_MU
C_75.01;80;80
F_23.03;120;30
C_114.00;209;x416_MZ
C_21.00;50;10
C_75.01;20;1810
C_80.00;40;1080
C_13.01;900;530
J_09.00;10;290
C_22.00;70;25
J_03.00;150;10
C_09.04;20;55
D_05.00;30;G47_61
D_07.00;140;230
J_09.00;20;30
C_13.01;660;530
D_05.00;100;G47_79
C_118.00;170;x415_GR
C_17.01;100;40
C_75.01;40;2090
J_02.00;150;30
F_18.00;197;440
F_04.03.1;50;20
C_13.01;20;420
C_80.00;20;160
F_05.01;20;120
C_74.00;110;265
D_05.00;40;C29_31
D_09.01;30;50
D_05.00;20;G46_69
F_18.00;196;510
F_25.01;120;100
C_114.00;160;x415_AM
C_73.00;30;100
F_46.00;100;120
R_12.00;100;30
D_05.00;50;A1_41
C_114.00;199;x414_PL
C_24.00;70;110
C_84.00;30;80
D_05.00;50;C25_5
D_05.00;130;G47_77
D_05.00;50;G46_7
F_18.00;910;923
C_102.00;132;NULL
C_13.01;870;250
C_118.00;150;x416_GH
D_09.01;40;180
C_75.01;80;1060
C_18.00;70;160
C_106.01;120;x482
C_13.01;140;540
C_73.00;20;590
C_34.01;20;50
F_46.00;70;200
D_05.00;50;C32_5
C_80.00;10;360
D_05.00;70;S94_12
C_66.01;210;730
D_05.00;100;C25_93
C_13.01;880;590
F_08.01;30;20
R_04.01;40;0410_0410
D_05.00;110;G46_66
R_04.01;20;0130_0130
C_118.00;207;x418_ES
C_80.00;20;260
C_24.00;180;30
F_11.01;40;530
C_66.01;10;257
C_114.00;160;x418_ES
C_74.00;40;30
D_05.00;80;F41
J_06.00;280;640
J_06.00;290;600
C_74.00;130;110
C_118.00;130;x414_SI
F_08.01;20;30
C_07.00;120;240
C_75.01;80;2560
C_22.00;90;270
C_17.02;181;NULL
F_46.00;90;150
D_05.00;70;I55_3
D_07.00;20;470
C_114.00;180;x416_TN
C_23.00;30;110
C_114.00;205;x414_HR
D_07.00;50;490
J_02.00;110;630
C_118.00;170;x416_AR
D_05.00;100;G46_43
C_80.00;110;800
C_13.01;160;210
C_74.00;160;283
C_74.00;40;50
D_09.02;120;60
C_17.01;90;912
C_118.00;170;x418_NZ
D_05.00;110;C25_62
C_120.02;100;x71_x48_x25
D_05.00;50;C24_44
C_66.01;10;251
D_05.00;110;M73_2
J_02.00;150;300
C_114.00;206;x418_AU
C_34.02;10;10
C_118.00;208;x414_BG
C_07.00;150;100
C_73.00;20;207
C_114.00;206;x417_MZ
R_02.01;100;10
C_13.01;650;530
C_114.00;130;x415_SD
D_05.00;110;F43_9
D_05.00;40;R91_01
D_05.00;90;G46_9
F_32.02;50;240
C_75.01;60;1100
D_05.00;100;F43_3
C_75.01;20;2360
C_114.00;130;x415_SA
J_06.00;60;390
F_23.01;40;90
C_80.00;110;360
C_35.03;30;30
C_114.00;190;x418_FR
F_18.00;122;227
C_13.01;290;670
D_05.00;60;C10_12
F_10.00;40;120
D_05.00;140;L68_31
C_74.00;150;297
C_24.00;70;20
F_18.00;142;222
C_120.04;190;x102_x1286_x1284_x16_x822
C_106.01;100;x492
C_16.00;60;40
D_07.00;40;350
F_18.00;106;340
C_13.01;880;560
J_03.00;140;50
C_34.02;190;140
C_118.00;206;x418_BE
J_02.00;10;280
J_02.00;100;610
C_80.00;90;1040
J_02.00;140;20
F_13.02.1;40;10
D_05.00;130;C26_51
J_03.00;150;120
C_75.01;90;1210
D_05.00;110;G47_75
C_75.01;20;1450
D_05.00;30;C22_23
D_05.00;30;G46_63
J_05.00;310;570
C_80.00;100;650
C_118.00;170;x414_x33
F_46.00;85;70
C_13.01;30;530
F_18.00;122;360
C_17.01;90;470
C_73.00;30;900
D_05.00;90;E37
C_24.00;90;20
F_18.00;107;550
C_17.01;100;310
C_84.00;40;200
C_114.00;205;x414_PL
F_46.00;40;100
C_75.01;90;1820
C_13.01;20;390
C_34.05;90;40
C_32.02;10;80
C_114.00;170;x418_CZ
C_32.02;10;210
D_05.00;30;G47_75
D_09.02;200;40
C_05.01;40;65
C_08.02;160;NULL
C_73.00;20;40
C_74.00;130;170
J_03.00;120;580
F_09.01.1;130;160
C_114.00;170;x414_SI
C_114.00;207;x415_IL
C_32.02;230;160
C_75.01;100;180
C_13.01;60;630
C_118.00;170;x417_GH
C_74.00;110;190
F_32.01;55;100
C_66.01;10;115
C_13.01;730;560
C_120.01;120;x504
C_73.00;50;1075
C_118.00;160;x419_NO
J_02.00;80;570
C_18.00;30;325
C_13.01;250;560
F_32.04;50;160
C_75.01;80;2010
C_24.00;140;20
C_28.00;70;NULL
J_05.00;280;170
J_05.00;60;170
J_07.00;40;290
D_05.00;50;D35_12
C_73.00;20;20
M_05.00;100;x279_x629
C_75.01;100;2270
C_118.00;207;x418_IN
F_15.00;80;126
C_118.00;130;x414_SE
C_80.00;90;570
D_05.00;100;Q87_2
J_07.00;290;290
D_05.00;30;C10_71
D_08.00;220;110
D_07.00;150;400
F_08.01;37;390
J_02.00;120;630
D_05.00;90;G46_76
D_07.00;100;270
J_07.00;60;380
D_05.00;110;G47_64
D_07.00;20;390
C_118.00;190;x416_AM
C_32.02;170;40
C_75.01;60;2400
J_07.00;290;570
C_73.00;20;650
D_05.00;30;H53_2
D_05.00;30;K64_3
F_10.00;40;80
C_74.00;80;339
D_07.00;90;440
C_120.04;150;x10_x1286_x876_x15_x777
C_103.00;100;NULL
C_73.00;20;1360
C_34.05;20;40
C_81.00;70;380
C_22.00;80;130
D_05.00;50;M71_12
C_07.00;120;220
C_32.02;110;80
D_08.00;80;130
M_03.00;20;430
J_05.00;60;340
D_05.00;50;J59_11
C_75.01;70;2360
C_05.02;50;100
J_06.00;40;370
D_09.02;270;60
D_05.00;70;C32_99
F_23.02;40;220
C_32.02;200;150
C_114.00;180;x417_CL
D_05.00;60;G46_77
C_75.01;70;1140
C_07.00;70;170
C_118.00;160;x418_IN
D_05.00;100;C10_51
C_32.02;140;40
F_46.00;10;130
C_07.00;140;220
C_32.02;160;160
D_05.00;80;C25_94
D_07.00;70;250
D_03.01;70;B5_10_x90
D_05.00;50;I55_1
J_07.00;310;350
C_13.01;150;550
C_75.01;100;1990
C_13.01;250;450
C_08.01;220;170
C_114.00;190;x417_GG
F_20.05;22;20
D_07.00;120;350
C_75.01;20;900
C_75.01;90;1310
D_05.00;90;C10_85
F_09.02;10;50
C_13.01;120;580
C_114.00;202;x414_RO
C_114.00;160;x415_IL
C_21.00;20;130
C_115.00;162;NULL
C_22.00;60;50
D_05.00;30;C29_1
F_18.00;140;215
C_75.01;20;470
C_75.01;80;2180
C_75.01;20;2780
C_17.01;100;840
D_07.00;130;400
C_75.01;20;360
C_22.00;100;470
F_12.00;100;480
C_07.00;30;100
D_05.00;130;G47_19
J_02.00;20;550
D_05.00;50;N79_9
D_05.00;70;G47_3
C_114.00;190;x416_CL
C_73.00;20;204
F_18.00;910;370
J_04.00;140;10
C_120.02;100;x69_x49_x26
C_120.04;150;x99_x1286_x1284_x16_x822
C_07.00;90;320
C_16.00;80;20
C_75.01;90;2300
C_114.00;208;x414_SI
D_05.00;130;H49_32
D_07.00;80;450
D_05.00;100;C11_05
J_04.00;20;590
C_75.01;80;2370
C_34.05;130;160
C_13.01;60;650
C_13.01;730;660
J_04.00;50;620
C_118.00;180;x416_GR
C_118.00;170;x418_FR
C_66.01;25;1091
D_05.00;30;J58_11
D_05.00;100;A1_41
C_05.02;60;40
D_07.00;80;390
F_11.01;40;330
C_75.01;40;2220
D_05.00;60;L68
C_07.00;50;240
C_114.00;180;x418_BE
C_75.01;70;1630
C_13.01;10;640
C_07.00;120;210
D_08.00;220;120
C_75.01;70;2160
F_18.00;191;380
C_08.01;180;80
F_15.00;100;50
D_05.00;90;C17_21
C_75.01;60;1550
C_34.05;70;50
C_13.01;660;470
F_23.01;40;80
J_03.00;30;640
C_74.00;110;510
C_81.00;70;320
C_13.01;160;660
C_75.01;60;2810
C_13.01;10;510
D_05.00;30;J63_91
C_120.02;100;x12_x50_x27
C_07.00;160;130
D_05.00;140;A2_2
C_40.00;130;360
D_05.00;40;C10_85
D_05.00;100;J61_9
J_05.00;60;490
F_32.02;70;250
C_80.00;110;90
C_114.00;150;x416_BJ
C_32.02;200;160
C_17.02;110;NULL
C_80.00;20;100
C_13.01;10;290
C_13.01;110;640
C_75.01;20;410
C_22.00;100;190
C_14.01;310;NULL
C_07.00;240;110
F_11.02;20;260
F_23.01;50;210
C_32.02;190;80
D_05.00;70;N82_3
F_11.03;10;80
F_35.00;200;30
C_118.00;180;x417_CI
D_05.00;100;C19_2
C_75.01;40;1240
F_15.00;90;121
C_22.00;100;150
F_18.00;192;540
C_18.00;50;220
D_07.00;30;430
C_75.01;100;2240
J_07.00;40;300
C_118.00;190;x418_FR
C_32.02;160;200
C_66.01;10;220
F_18.00;58;213
C_18.00;20;90
D_05.00;140;G46_41
D_05.00;60;Q87_9
D_05.00;40;C25_21
C_13.01;860;630
J_06.00;310;370
C_114.00;160;x415_CY
F_18.00;170;340
C_13.01;20;241
M_07.00;120;x15_x10
C_117.00;120;NULL
F_18.00;90;550
C_73.00;30;230
C_34.05;60;150
C_05.01;60;61
C_07.00;50;300
C_13.01;60;530
C_114.00;150;x416_VE
C_34.02;140;110
F_15.00;90;44
D_05.00;70;S94_11
C_13.01;870;230
F_10.00;40;40
C_75.01;100;1300
C_80.00;90;290
C_114.00;190;x416_MC
D_05.00;140;C31_09
C_118.00;206;x418_CA
C_114.00;202;x414_HU
C_35.01;20;40
F_35.00;180;30
J_03.00;20;570
F_23.03;150;180
C_32.02;150;60
C_13.01;10;360
F_18.00;160;420
C_74.00;130;20
C_07.00;10;110
J_06.00;30;620
D_05.00;100;C10
C_17.01;100;660
C_82.00;30;430
C_32.03;10;NULL
C_114.00;180;x415_MU
C_22.00;70;85
C_75.01;60;1860
D_05.00;80;S94_2
C_118.00;160;x417_CY
C_07.00;210;70
C_118.00;160;x415_CI
C_114.00;209;x414_PL
D_05.00;30;C10_82
C_114.00;170;x416_CY
D_05.00;110;H49_41
D_05.00;120;C31_02
D_05.00;50;G46_21
C_13.01;220;670
D_05.00;140;G46_77
C_05.01;60;442
D_05.00;60;G46_11
C_66.01;25;1090
C_34.03;20;250
C_13.01;110;620
F_18.00;55;350
D_05.00;70;L68
C_07.00;90;280
F_08.01;35;10
D_05.00;70;A1_13
J_02.00;150;440
C_114.00;180;x417_BH
F_46.00;85;180
C_74.00;150;337
C_106.01;120;x603
F_13.03.1;50;10
C_40.00;20;320
C_81.00;70;370
J_05.00;290;620
D_05.00;50;L68_32
F_46.00;100;70
C_118.00;204;x414_SE
D_05.00;30;R91_03
D_05.00;30;S94_99
C_10.01;30;100
C_32.02;70;70
C_66.01;25;560
C_22.00;60;390
F_23.01;50;140
C_118.00;208;x416_AM
J_06.00;60;330
F_09.01.1;120;80
C_66.01;25;1100
C_32.02;70;140
C_75.01;70;260
D_05.00;30;C33_15
F_18.00;952;920
C_75.01;40;1280
D_05.00;100;L68
D_05.00;60;C10_72
F_18.00;191;370
F_18.00;121;225
C_120.01;120;x666
C_118.00;160;x418_CA
C_13.01;20;250
C_114.00;180;x415_VN
C_13.01;150;240
D_05.00;50;G45_2
C_32.02;240;170
C_32.01;40;100
D_05.00;130;N77_33
C_13.01;290;510
F_18.00;196;390
D_05.00;40;C25_3
F_15.00;70;184
C_13.01;50;630
C_74.00;120;317
C_75.01;40;200
D_05.00;70;A1_62
C_80.00;20;540
F_04.10;50;40
C_73.00;30;780
F_11.04;40;40
C_32.03;80;NULL
C_74.00;130;460
C_34.02;150;130
C_114.00;160;x414_SK
D_05.00;130;G46_76
F_18.00;180;410
C_120.04;150;x102_x1286_x1284_x16_x822
J_04.00;90;630
C_32.02;120;80
C_75.01;20;770
C_80.00;120;740
C_13.01;890;620
C_73.00;50;1170
D_05.00;140;G45_31
F_18.00;952;223
D_07.00;90;420
C_73.00;30;300
C_118.00;150;x414_RO
C_118.00;170;x414_AT
C_81.00;70;40
C_13.01;230;660
C_16.00;80;70
D_05.00;40;N77_35
C_10.01;61;100
D_05.00;140;H53_2
J_02.00;150;250
F_35.00;90;40
D_07.00;40;410
C_115.00;148;NULL
C_84.00;40;50
C_73.00;30;205
C_75.01;20;2130
D_05.00;140;G46_47
D_05.00;70;G45_19
R_12.00;70;20
C_08.01;170;170
F_15.00;90;42
F_32.04;40;10
D_05.00;30;F42_22
D_05.00;130;G45_2
D_05.00;100;G46_46
C_13.01;170;230
F_11.04;50;90
F_11.04;50;160
F_18.00;106;490
D_05.00;20;G46_16
C_80.00;40;800
C_17.01;100;70
C_81.00;90;10
C_74.00;60;301
C_91.00;170;40
C_118.00;150;x416_GR
C_24.00;110;40
C_16.00;90;100
C_07.00;140;240
C_22.00;100;60
C_118.00;204;x414_BG
D_05.00;40;C18_13
F_35.00;120;20
F_32.01;90;120
C_114.00;180;x414_RO
C_05.02;50;30
D_05.00;50;H52_21
C_09.04;10;130
C_114.00;180;x416_GR
F_04.10;30;40
C_75.01;20;2300
F_18.00;122;420
C_74.00;80;110
D_05.00;70;A3_1
F_08.01;20;445
F_04.03.1;71;20
C_75.01;40;2060
F_11.01;40;80
D_05.00;80;C25_62
F_08.01;37;160
D_05.00;100;G47_81
D_05.00;20;G46_51
C_74.00;130;210
J_02.00;130;150
C_32.01;40;30
C_118.00;160;x415_AR
D_05.00;80;G46_11
D_05.00;30;H51_1
C_05.02;30;30
D_05.00;130;C27_11
C_118.00;180;x418_BE
D_05.00;90;G46_32
C_80.00;10;160
D_05.00;130;C33_11
C_05.01;60;441
J_03.00;130;500
J_06.00;20;600
F_18.00;140;216
C_13.01;870;670
C_40.00;20;380
C_75.01;60;1710
C_18.00;20;160
F_18.00;141;223
C_114.00;140;x415_TW
C_74.00;50;430
D_05.00;20;C10_85
D_05.00;110;C11_07
D_07.00;80;340
C_118.00;207;x417_AR
D_05.00;90;A2_2
J_06.00;50;610
C_13.01;340;620
C_75.01;70;1270
C_34.05;170;80
D_05.00;30;S96_04
C_34.05;70;140
C_105.01;30;NULL
F_23.02;30;250
C_66.01;110;730
D_09.02;320;60
F_18.00;951;214
C_114.00;160;x418_GR
C_114.00;160;x415_VN
C_22.00;100;440
D_05.00;30;F43_1
C_74.00;120;277
C_74.00;40;480
D_05.00;100;G46_31
D_05.00;60;A1_13
C_13.01;870;135
C_13.01;160;400
D_05.00;70;N77_21
C_114.00;205;x415_SA
C_114.00;190;x415_IR
C_13.01;40;290
D_05.00;20;A1_4
C_05.01;30;441
C_82.00;80;400
C_118.00;140;x414_x33
D_07.00;90;60
C_13.01;890;520
F_15.00;100;132
C_75.01;100;2010
C_114.00;170;x418_FR
C_80.00;30;180
D_05.00;140;C18_11
C_07.00;130;260
C_118.00;160;x415_DO
C_13.01;160;550
D_07.00;30;400
C_34.05;50;50
D_05.00;80;K64_19
C_75.01;80;750
C_13.01;40;470
C_75.01;90;2520
C_05.01;50;70
C_75.01;20;1370
C_80.00;100;210
D_05.00;20;S95_25
F_19.00;100;923
C_75.01;60;2080
J_02.00;80;610
C_75.01;100;140
F_12.00;100;510
C_07.00;80;230
C_34.02;90;120
C_118.00;170;x415_GH
C_34.01;70;60
C_118.00;206;x414_x33
F_25.02;110;120
C_118.00;207;x415_AR
F_46.00;50;110
C_120.02;100;x70_x49_x27
C_40.00;85;410
C_13.01;860;340
D_05.00;40;C25_12
D_05.00;100;C33_11
F_04.09;90;8
D_05.00;80;C23_7
C_75.01;40;770
D_05.00;70;Q86_1
M_01.00;20;310
C_80.00;110;1040
C_32.02;210;80
D_07.00;80;500
C_75.01;70;2390
C_75.01;100;940
D_05.00;90;F43_9
C_75.01;90;960
C_33.00;280;140
D_05.00;20;J58_11
C_117.00;130;NULL
C_34.02;90;110
C_73.00;30;740
C_66.01;10;240
C_40.00;85;390
C_07.00;240;70
F_04.03.1;15;40
D_07.00;110;440
C_35.01;10;20
C_114.00;160;x414_RO
J_05.00;310;300
C_13.01;170;470
C_07.00;100;130
C_07.00;140;320
C_32.02;210;140
C_84.00;30;40
M_02.00;10;410
C_75.01;100;2790
J_06.00;310;500
C_13.01;60;590
C_118.00;170;x415_CR
C_32.01;40;130
C_13.01;670;520
D_09.02;50;40
J_02.00;10;550
F_46.00;85;110
C_24.00;150;50
C_73.00;20;500
C_118.00;206;x417_AR
C_75.01;100;2700
F_18.00;951;930
C_25.00;130;40
D_05.00;30;S95_21
D_05.00;40;A1_41
C_13.01;880;650
C_118.00;202;x419_NO
C_13.01;30;460
D_05.00;110;C16_23
F_12.00;80;520
C_80.00;100;20
C_75.01;90;1690
J_02.00;140;80
C_74.00;40;420
F_15.00;100;92
F_18.00;140;213
C_91.00;200;100
C_13.01;40;640
C_13.01;240;510
C_34.05;80;150
J_07.00;40;640
C_19.00;530;100
F_18.00;900;214
F_15.00;110;42
C_118.00;206;x419_FR
D_05.00;100;C29_31
C_114.00;160;x414_CH
C_80.00;110;330
F_18.00;107;370
D_05.00;110;K66_29
J_03.00;110;570
C_07.00;230;130
C_118.00;180;x417_AM
C_120.02;90;x52_x51_x25
C_13.01;160;380
C_74.00;110;277
C_22.00;80;390
F_25.01;90;50
C_75.01;70;1870
D_05.00;30;C32_5
C_13.01;140;520
C_118.00;190;x416_CI
D_07.00;100;380
C_74.00;130;313
F_04.03.1;30;10
C_33.00;300;220
C_82.00;80;20
C_22.00;60;100
F_18.00;101;470
D_05.00;50;R91_03
C_18.00;20;330
C_07.00;70;270
J_03.00;80;600
C_07.00;60;290
D_05.00;70;K64_91
D_05.00;130;C25_3
C_74.00;60;430
D_05.00;50;K66_3
F_11.04;40;110
F_08.01;40;200
F_18.00;191;500
C_32.02;250;60
R_12.00;90;10
C_118.00;150;x419_FR
C_74.00;80;10
F_23.02;150;390
D_05.00;70;M73_2
C_13.01;160;460
C_75.01;20;2260
D_05.00;50;P85_51
C_115.00;45;NULL
C_32.02;120;210
F_18.00;109;920
C_114.00;150;x417_UA
C_40.00;85;95
C_74.00;50;460
D_05.00;60;F42_22
D_05.00;80;G47_61
C_73.00;20;490
C_114.00;150;x417_EG
F_46.00;30;120
D_05.00;70;G47_71
C_120.04;190;x101_x1285_x876_x16_x776
F_32.01;100;100
J_02.00;60;570
F_12.01;20;740
C_114.00;170;x415_CR
D_05.00;130;A1_41
C_13.01;690;510
F_18.00;106;400
D_05.00;70;C29_31
C_18.00;70;50
C_13.01;100;500
D_05.00;50;K66_22
C_118.00;180;x418_ES
C_13.01;110;610
D_05.00;70;G46_31
D_07.00;160;500
C_05.02;30;60
C_120.01;50;x527
F_18.00;910;460
C_40.00;70;270
D_05.00;110;G46_11
C_13.01;20;580
D_05.00;100;M73_2
F_23.03;150;110
C_13.01;660;500
C_13.01;860;660
C_118.00;190;x416_NC
C_08.02;250;NULL
C_118.00;180;x415_DO
D_07.00;80;400
F_25.01;80;80
C_24.00;180;50
C_13.01;910;540
C_66.01;10;560
D_05.00;50;I55_2
C_75.01;20;1660
C_24.00;120;80
D_05.00;100;D35_13
C_74.00;60;299
C_13.01;730;500
C_23.00;50;110
J_07.00;290;230
C_34.03;70;60
F_15.00;90;127
C_75.01;90;670
D_05.00;120;R90_04
C_75.01;70;2610
C_75.01;100;2490
F_04.03.1;41;20
J_07.00;60;270
C_18.00;60;180
J_06.00;30;160
D_05.00;140;C15_12
J_04.00;150;190
C_75.01;80;1670
D_05.00;30;E38_32
C_67.00;15;10
C_120.04;180;x10_x1286_x876_x16_x775
C_118.00;208;x414_SE
F_32.01;90;110
C_80.00;90;230
D_05.00;120;A1_41
C_07.00;140;310
J_02.00;110;210
C_74.00;80;550
C_80.00;20;330
J_05.00;300;170
D_05.00;140;C17_22
C_75.01;90;2100
C_10.01;30;90
D_05.00;90;C29_31
C_13.01;150;660
C_35.03;20;120
D_05.00;100;C28_3
F_11.04;30;60
J_02.00;40;600
C_82.00;90;290
C_07.00;130;160
C_75.01;80;2430
C_75.01;80;210
C_74.00;120;190
C_75.01;100;1230
C_80.00;40;620
D_05.00;120;C23_7
C_13.01;40;360
D_05.00;50;N77_32
C_80.00;30;500
C_118.00;205;x418_AM
J_02.00;140;280
F_15.00;100;126
D_05.00;40;H49_32
D_09.02;10;60
C_75.01;60;2500
C_75.01;40;2260
C_13.01;170;480
R_04.01;40;0320_0320
D_05.00;20;G47_3
D_05.00;110;N77_33
C_106.01;120;x524
C_75.01;40;2390
D_05.00;20;N79_9
C_114.00;206;x414_RO
J_02.00;130;130
C_75.01;20;2720
C_18.00;40;350
C_34.03;20;130
D_08.00;100;150
C_40.00;75;270
C_74.00;50;299
C_23.00;40;130
C_73.00;30;510
C_73.00;30;130
C_75.01;80;2070
J_02.00;150;510
D_07.00;50;450
C_80.00;100;320
C_13.01;90;470
D_05.00;60;F42_21
D_05.00;120;F42_21
C_74.00;60;120
D_05.00;30;C28_25
F_32.01;40;110
C_80.00;10;190
D_05.00;70;N77_4
C_106.01;100;x666
C_75.01;10;2800
C_120.01;120;x665
C_17.01;100;920
D_05.00;140;C26_3
C_74.00;40;250
D_09.02;260;10
D_07.00;60;400
F_23.02;130;350
C_33.00;270;30
C_72.00;30;590
C_117.00;40;NULL
C_08.01;270;80
C_91.00;180;90
C_32.02;90;180
C_34.03;10;30
C_91.00;130;90
C_16.00;40;100
C_24.00;70;70
D_09.01;90;170
F_18.00;107;530
C_120.04;120;x7_x1285_x876_x15_x776
C_75.01;100;1950
C_80.00;20;510
C_84.00;20;150
C_25.00;50;10
D_09.02;40;60
C_114.00;160;x417_BH
C_114.00;160;x416_GR
C_114.00;180;x416_KZ
D_07.00;70;330
C_75.01;70;1010
F_18.00;143;227
M_05.00;120;x275_x629
C_32.04;90;NULL
C_17.01;90;580
C_22.00;80;290
C_74.00;100;337
D_07.00;120;420
C_75.01;40;540
C_82.00;10;350
C_34.01;40;50
C_14.00;290;NULL
C_118.00;180;x415_AR
C_13.01;20;300
D_07.00;80;460
C_13.01;330;590
F_18.00;106;530
C_80.00;120;570
C_118.00;205;x418_NO
C_73.00;20;915
R_12.00;40;20
C_75.01;90;440
F_08.01;40;100
F_15.00;100;123
C_34.03;10;60
J_05.00;290;230
C_91.00;140;110
D_05.00;90;Q88_99
C_08.01;130;50
D_05.00;20;R91_01
D_05.00;130;R91_02
C_80.00;90;150
C_114.00;209;x414_SI
C_34.01;70;50
F_32.04;50;100
F_15.00;100;46
C_75.01;40;2190
C_22.00;100;420
F_20.04;22;60
C_29.00;320;NULL
C_40.00;130;330
C_73.00;20;870
C_66.01;10;600
J_07.00;310;570
C_118.00;150;x414_CH
C_07.00;120;280
D_05.00;20;A2_2
D_05.00;50;C11_07
D_05.00;100;I55_3
F_32.03;10;40
J_06.00;40;490
C_74.00;150;550
C_13.01;930;660
D_05.00;110;J61_1
C_74.00;40;410
D_05.00;30;C18_11
J_05.00;50;170
C_66.01;150;740
C_75.01;40;1560
C_08.01;180;160
C_40.00;85;330
D_05.00;100;G46_32
C_18.00;20;390
D_09.02;260;40
D_05.00;50;K64_3
C_75.01;80;1150
C_74.00;50;500
C_114.00;205;x418_NZ
C_75.01;90;1400
C_05.02;40;140
D_05.00;50;O84_25
C_114.00;206;x418_ES
C_114.00;209;x418_NZ
F_18.00;950;930
C_118.00;190;x416_VN
C_74.00;60;201
F_23.03;40;30
C_75.01;20;2230
F_18.00;30;410
C_74.00;60;240
J_06.00;280;160
C_118.00;203;x414_CH
C_75.01;60;2270
F_12.01;125;570
C_34.05;100;30
C_120.01;50;x524
D_09.01;130;190
C_13.01;20;256
J_08.00;30;150
D_05.00;30;G46_12
J_03.00;70;610
F_18.00;191;450
C_75.01;80;1440
D_05.00;100;N77_33
C_118.00;160;x415_EG
C_114.00;209;x416_AR
C_80.00;120;860
F_35.00;190;40
D_05.00;40;G47_79
D_05.00;90;G47_79
C_13.01;150;110
C_13.01;930;460
D_05.00;110;S94_99
C_17.01;90;960
F_18.00;55;510
C_22.00;90;210
D_09.01;80;130
C_74.00;90;570
C_75.01;60;180
C_34.05;140;120
C_118.00;170;x415_KY
J_03.00;20;610
C_114.00;170;x417_CR
D_05.00;140;H51_1
J_02.00;10;560
D_05.00;50;C20_16
C_10.01;90;110
C_114.00;160;x415_MU
C_13.01;40;250
J_05.00;40;60
D_05.00;40;D35_13
J_06.00;60;580
J_02.00;50;640
D_08.00;230;130
C_13.01;130;450
C_66.01;10;180
C_18.00;20;50
C_75.01;90;720
C_75.01;100;2820
C_07.00;80;90
F_18.00;196;470
C_75.01;20;2060
C_66.01;10;1090
C_114.00;160;x416_BJ
C_75.01;90;420
F_25.01;70;50
F_23.03;120;100
C_17.01;90;30
C_18.00;50;10
C_75.01;90;1460
C_13.01;160;370
C_75.01;100;1060
D_07.00;140;60
F_18.00;180;520
C_81.00;80;30
D_05.00;30;C28_99
C_73.00;20;1440
F_15.00;90;187
C_75.01;80;2490
C_22.00;70;120
C_118.00;203;x415_IL
C_118.00;207;x418_GR
C_91.00;30;90
C_75.01;90;1320
D_05.00;40;F43_1
C_34.02;110;80
C_75.01;20;2000
D_09.01;130;150
C_118.00;150;x418_AU
C_07.00;60;190
C_120.01;50;x479
D_05.00;80;N81_22
C_13.01;880;600
C_32.02;240;80
C_13.01;240;620
C_07.00;180;130
F_23.01;30;120
C_114.00;170;x415_TN
D_05.00;50;H52_29
D_07.00;130;340
J_02.00;130;60
J_02.00;150;130
C_75.01;90;1340
C_75.01;100;1900
D_05.00;70;G47_81
F_15.00;90;181
D_05.00;50;G46_17
F_23.02;140;400
C_114.00;209;x416_AM
C_80.00;40;640
D_05.00;20;C10_83
D_05.00;140;F42_22
C_75.01;20;1220
F_09.02;10;190
D_09.01;160;130
F_18.00;56;226
F_15.00;80;125
F_23.02;30;200
C_120.01;120;x625
F_32.04;40;120
C_32.02;30;200
C_34.02;100;130
C_33.00;270;130
D_03.01;50;B5_2_x90
C_07.00;230;100
F_23.05;120;220
J_04.00;110;630
C_32.02;160;60
D_05.00;120;C25_62
C_74.00;130;40
C_91.00;180;100
J_06.00;50;580
D_07.00;30;500
C_75.01;90;2050
D_05.00;110;C17_12
C_13.01;300;630
F_18.00;196;540
C_118.00;208;x418_NZ
D_09.01;20;140
C_118.00;208;x419_ES
D_05.00;30;C17_22
C_80.00;40;770
F_18.00;180;470
C_75.01;100;550
C_75.01;100;2750
C_114.00;190;x417_SN
C_16.00;110;50
C_75.01;20;50
D_05.00;100;G46_45
J_02.00;130;440
D_05.00;30;G46_49
C_29.00;130;NULL
C_75.01;20;1600
C_17.01;90;640
D_07.00;90;360
C_75.01;90;1940
C_07.00;120;180
C_40.00;130;50
C_111.00;45;NULL
D_05.00;130;C20_42
C_118.00;208;x418_AR
C_120.04;130;x10_x1286_x876_x15_x775
C_75.01;80;2750
D_05.00;110;G45_32
C_14.00;222;NULL
C_73.00;30;731
C_13.01;30;400
D_09.02;290;30
F_18.00;180;350
C_13.01;170;253
C_114.00;170;x416_VN
C_34.02;70;70
C_75.01;90;2580
C_13.01;290;610
J_06.00;280;580
C_66.01;10;85
C_91.00;30;130
C_75.01;20;1110
J_02.00;140;140
F_23.03;150;170
F_19.00;100;216
D_05.00;120;C31_09
C_13.01;170;420
M_07.00;130;x15_x10
C_66.01;25;10
C_17.01;100;923
D_05.00;50;E36
C_13.01;40;480
C_118.00;207;x418_AU
F_08.01;37;30
D_05.00;140;C29_1
D_05.00;110;G46_77
F_35.00;50;30
M_05.00;110;x279_x630
C_82.00;80;340
D_05.00;40;S94_11
C_16.00;80;120
F_18.00;192;520
F_09.01.1;130;210
D_05.00;40;G47_72
J_02.00;110;20
D_05.00;40;H53_1
D_05.00;70;C33_11
C_118.00;204;x414_x33
D_05.00;60;A1_61
J_05.00;300;590
C_74.00;50;297
C_05.01;50;140
C_22.00;80;440
C_118.00;208;x418_AM
F_23.02;40;370
D_05.00;20;C26_3
C_08.01;300;160
C_16.00;60;20
D_05.00;50;H49_41
C_74.00;120;263
C_14.00;51;NULL
D_05.00;140;R91_03
D_05.00;140;E38_32
C_114.00;207;x418_CH
C_74.00;80;315
J_03.00;130;140
D_05.00;140;G46_21
R_04.00;10;0020_0020
C_75.01;70;2190
F_18.00;900;227
C_114.00;190;x416_VN
C_75.01;100;1130
C_75.01;60;910
C_08.01;171;170
C_114.00;150;x417_CY
D_08.00;70;140
C_118.00;206;x418_SG
D_05.00;80;G46_42
C_75.01;20;1240
C_120.04;130;x2_x1285_x876_x16_x776
J_05.00;280;630
C_114.00;180;x417_AR
D_05.00;70;A1_28
C_73.00;20;460
C_72.00;40;580
D_05.00;140;C23_7
C_114.00;150;x415_CL
C_82.00;10;330
D_05.00;30;K66_29
D_05.00;100;G45_19
D_09.01;60;50
F_15.00;100;48
C_75.01;60;120
C_34.05;50;60
D_05.00;140;F42_11
C_115.00;120;NULL
C_13.01;870;360
F_18.00;196;520
C_13.01;910;620
D_07.00;120;440
J_05.00;270;580
C_114.00;160;x418_AU
C_66.01;25;750
C_75.01;40;520
J_05.00;40;290
C_34.05;130;100
D_05.00;50;N81_22
J_03.00;90;620
C_80.00;20;1010
D_07.00;110;360
F_18.00;90;380
D_05.00;70;Q88_91
C_13.01;300;530
C_74.00;90;335
C_07.00;211;120
C_106.01;100;x507
C_74.00;100;20
C_33.00;280;70
C_21.00;40;22
C_13.01;270;640
D_05.00;70;G46_43
C_35.03;20;70
C_13.01;670;670
D_02.00;80;100
D_07.00;70;410
C_13.01;120;540
C_13.01;320;610
F_05.01;10;120
C_118.00;190;x415_CR
C_13.01;890;640
D_05.00;110;N77_4
C_74.00;80;337
C_07.00;190;110
D_05.00;50;C10_89
C_13.01;90;640
C_114.00;209;x418_HK
J_07.00;40;610
D_05.00;40;E37
C_29.00;120;NULL
C_115.00;100;NULL
D_05.00;140;C10_12
C_114.00;180;x417_UA
C_80.00;40;1070
F_46.00;50;80
D_05.00;50;C10_82
F_18.00;180;360
D_05.00;20;C32_99
J_02.00;30;570
C_13.01;890;510
C_80.00;100;180
D_05.00;100;S94_12
C_80.00;120;670
C_75.01;90;2620
D_05.00;90;S94_11
D_05.00;60;G47_3
C_114.00;170;x414_CZ
D_05.00;130;G47_22
C_34.02;220;120
C_13.01;70;520
C_73.00;20;1410
C_13.01;310;510
C_13.01;860;530
F_11.01;40;380
F_18.00;122;510
C_80.00;100;400
C_73.00;20;380
F_18.00;192;410
C_75.01;90;780
F_04.09;30;9
F_04.03.1;20;20
F_18.00;122;221
F_18.00;950;212
C_114.00;140;x414_PL
C_114.00;180;x418_ES
C_13.01;260;560
C_114.00;150;x416_KY
D_05.00;80;O84_25
F_18.00;910;490
C_75.01;80;1330
F_35.00;70;40
D_05.00;50;K66_12
C_80.00;30;380
C_13.01;260;500
C_32.02;150;190
C_75.01;90;2710
C_13.01;870;136
C_118.00;204;x419_ES
C_114.00;160;x416_GH
C_13.01;150;500
D_05.00;80;H52_21
D_09.01;140;40
C_75.01;70;610
D_05.00;40;K64_92
C_66.01;10;245
J_06.00;60;290
C_114.00;170;x417_IR
F_15.00;90;184
C_34.05;160;190
C_66.01;10;110
C_114.00;190;x417_TN
F_15.00;70;187
C_09.04;20;90
C_05.02;20;110
C_114.00;203;x414_RO
J_02.00;130;200
D_09.01;80;190
C_118.00;190;x416_DO
C_75.01;60;1950
C_114.00;190;x415_BJ
C_80.00;40;930
C_118.00;170;x417_IR
C_22.00;60;90
F_23.02;40;240
C_22.00;70;370
C_17.01;90;160
C_34.01;100;40
C_114.00;205;x418_JP
C_75.01;70;2420
C_75.01;100;2430
F_10.00;40;280
C_73.00;50;580
F_08.01;37;300
C_74.00;100;297
F_18.00;30;440
D_05.00;130;C25_12
C_28.00;350;NULL
D_07.00;160;490
C_75.01;20;1380
C_66.01;10;252
F_18.00;952;231
C_40.00;70;280
C_07.00;140;210
C_80.00;120;30
D_05.00;100;C23_51
C_13.01;160;340
C_118.00;203;x419_NO
J_09.00;30;40
D_05.00;140;G46_14
D_05.00;50;C16_23
C_114.00;150;x417_NC
F_23.01;30;80
J_04.00;40;630
D_05.00;90;C13_3
C_80.00;100;560
C_18.00;50;80
R_01.00;20;30
C_08.01;160;160
C_118.00;208;x419_GB
C_114.00;180;x417_MU
F_08.01;40;90
C_80.00;120;1040
J_02.00;130;510
D_05.00;90;C30_92
D_05.00;50;C18_12
C_16.00;30;20
C_75.01;20;1070
C_07.00;80;260
C_34.02;60;100
D_05.00;30;G46_21
C_22.00;90;280
C_114.00;140;x415_PH
C_80.00;10;510
C_80.00;100;450
J_06.00;40;340
C_24.00;80;90
D_05.00;120;G46_21
C_07.00;180;90
F_20.04;31;30
C_24.00;140;70
C_32.02;130;160
C_114.00;170;x417_GR
D_07.00;100;450
C_34.02;10;80
C_13.01;110;470
C_34.05;160;100
J_05.00;300;630
J_07.00;270;620
J_03.00;40;570
C_75.01;100;1440
J_02.00;150;150
J_09.00;30;110
F_46.00;110;130
F_04.03.1;60;30
C_75.01;80;370
C_13.01;10;200
R_05.00;10;30
C_19.00;530;50
C_13.01;730;590
C_17.02;30;NULL
R_04.01;80;0380_0380
C_19.00;540;101
C_14.01;340;NULL
D_05.00;80;G47_75
C_75.01;80;1780
D_05.00;140;G47_73
F_25.01;90;30
C_34.02;140;70
J_06.00;290;170
C_17.01;90;935
C_13.01;20;520
C_74.00;40;263
C_17.01;100;80
J_08.00;10;140
C_118.00;150;x417_MC
C_75.01;70;1690
D_05.00;130;G47_81
C_114.00;207;x418_RU
F_18.00;57;231
C_80.00;10;390
D_05.00;30;C10_11
C_13.01;870;130
F_23.03;170;200
C_66.01;10;40
D_05.00;70;K64_92
C_17.01;100;460
C_75.01;90;580
C_33.00;270;60
C_13.01;890;540
C_18.00;20;100
C_118.00;180;x415_BH
C_14.00;210;NULL
C_75.01;80;910
C_120.03;20;NULL
D_05.00;50;E38_32
D_05.00;70;H49_2
C_75.01;80;590
C_114.00;180;x415_NC
C_120.04;120;x101_x1286_x876_x15_x775
D_05.00;90;P85_2
C_32.02;230;60
C_114.00;160;x417_EG
D_05.00;90;Q88_1
F_18.00;951;221
C_118.00;201;x419_GB
C_13.01;930;560
D_05.00;30;H52_22
C_74.00;90;287
D_05.00;110;N81_22
J_03.00;100;600
D_05.00;80;C11_07
J_03.00;50;630
D_05.00;50;P85_1
J_07.00;30;590
C_13.01;10;300
D_05.00;80;K66_22
C_10.01;10;70
C_75.01;100;210
D_03.01;70;C23_52_x89
C_22.00;100;290
C_75.01;100;1290
C_34.02;120;20
C_118.00;207;x415_IL
C_118.00;180;x416_VE
C_07.00;70;110
D_05.00;130;H49_31
D_05.00;50;G45_4
D_05.00;110;C11_01
D_07.00;80;380
C_75.01;40;2150
C_75.01;80;2140
D_07.00;60;500
C_73.00;30;1080
C_13.01;160;600
F_20.04;25;20
D_05.00;130;C28_24
J_02.00;60;620
D_05.00;70;F43_3
J_04.00;110;590
C_118.00;160;x415_AM
F_35.00;170;40
F_20.04;40;40
F_23.05;140;220
C_118.00;160;x419_DE
C_22.00;70;240
J_03.00;140;520
C_13.01;10;230
C_08.01;256;80
C_74.00;50;343
C_66.01;10;280
D_08.00;230;150
C_18.00;50;240
D_05.00;110;K66_11
C_18.00;60;220
D_05.00;140;C33_15
J_03.00;140;540
C_118.00;208;x414_HR
D_08.00;220;170
M_02.00;30;400
C_114.00;150;x418_IN
D_05.00;40;G47_81
C_80.00;30;240
C_75.01;70;620
C_25.00;50;40
D_05.00;30;N77_39
C_114.00;160;x415_NC
C_13.01;680;560
C_114.00;180;x414_SK
R_04.01;40;0420_0420
F_11.04;50;130
J_02.00;10;450
D_05.00;50;G46_11
C_80.00;90;440
C_13.01;40;570
D_05.00;130;Q88_1
C_75.01;100;1420
C_18.00;10;100
F_18.00;70;500
C_22.00;20;85
C_34.03;70;250
D_05.00;100;F43_11
D_05.00;20;G46_48
C_114.00;190;x417_VE
D_05.00;50;C17_21
C_75.01;80;920
C_118.00;170;x417_GR
F_12.01;70;350
F_08.01;10;445
C_13.01;860;40
C_114.00;205;x414_SI
C_91.00;130;130
C_118.00;160;x418_IT
C_74.00;110;480
D_05.00;50;R93_29
F_04.07;21;40
D_05.00;140;F43_99
C_120.02;90;x52_x51_x26
C_32.02;260;190
C_75.01;70;1790
J_05.00;60;270
C_80.00;100;170
F_35.00;30;30
C_13.01;160;220
C_13.01;150;361
F_23.03;130;120
C_80.00;30;280
C_34.03;10;300
C_13.01;230;600
C_08.01;310;70
C_75.01;40;1600
C_66.01;10;450
C_82.00;90;420
D_05.00;140;H52_22
C_17.01;100;880
C_07.00;230;50
C_07.00;50;250
J_09.00;20;90
M_02.00;10;420
F_18.00;101;480
C_13.01;140;580
C_114.00;208;x418_FR
C_75.01;100;1360
C_74.00;150;530
J_07.00;270;640
D_05.00;140;G45_4
J_06.00;60;640
D_05.00;40;C25_5
D_05.00;50;C10_12
J_03.00;130;10
C_22.00;80;230
C_20.00;900;60
D_05.00;90;G46_43
C_118.00;160;x416_GG
C_75.01;40;2570
D_05.00;50;M74_2
C_05.02;40;120
J_03.00;130;220
D_07.00;100;400
C_120.04;120;x2_x1285_x1284_x16_x822
F_23.03;140;30
C_82.00;70;30
C_13.01;140;620
C_66.01;25;120
C_24.00;130;60
C_13.01;340;610
D_05.00;80;C17_21
C_75.01;90;1650
D_05.00;70;J58_14
D_05.00;140;G47_52
D_05.00;70;C10
C_91.00;20;110
D_05.00;40;J58_19
C_114.00;190;x414_PL
D_05.00;80;H52_22
C_23.00;50;120
D_05.00;140;D35_22
C_114.00;180;x416_ID
C_114.00;207;x418_IN
F_23.03;150;140
C_82.00;70;250
D_05.00;80;S94_91
D_05.00;40;C25_11
J_03.00;130;170
C_118.00;199;x414_HR
F_32.01;70;15
C_75.01;80;140
F_04.09;100;9
C_32.02;170;70
C_75.01;100;2590
F_18.00;900;211
C_40.00;70;220
C_05.02;30;130
C_13.01;20;620
C_18.00;60;170
C_13.01;30;361
C_07.00;211;40
C_74.00;100;275
F_04.10;50;10
J_02.00;20;630
C_75.01;20;1490
C_80.00;20;520
F_32.01;40;10
C_34.02;10;120
D_05.00;110;G46_49
D_07.00;100;340
C_13.01;40;510
D_05.00;70;C23_62
D_05.00;50;G46_9
J_05.00;60;370
C_07.00;130;300
F_23.03;40;50
F_18.00;57;920
D_07.00;50;400
D_05.00;20;H49_31
D_05.00;130;C13_3
C_16.00;120;100
C_118.00;150;x417_BH
C_07.00;110;220
C_05.02;60;50
J_02.00;130;290
F_09.02;10;60
D_05.00;130;A1_11
C_75.01;90;250
C_22.00;60;350
C_07.00;140;120
F_11.04;30;130
C_75.01;30;2810
F_25.01;70;30
C_74.00;40;540
C_13.01;110;580
C_07.00;211;10
D_05.00;40;C20_42
D_07.00;20;330
C_114.00;207;x415_AR
C_74.00;60;343
C_75.01;40;1490
C_81.00;80;330
C_17.01;90;330
C_75.01;60;1990
C_13.01;910;580
C_32.02;240;40
J_06.00;30;640
J_07.00;60;630
J_04.00;50;640
C_73.00;20;630
D_07.00;60;430
C_118.00;180;x417_VN
D_05.00;60;G46_6
D_05.00;50;P85_31
C_73.00;20;1290
D_05.00;40;G46_1
F_23.03;140;100
D_05.00;20;J59_13
C_114.00;150;x416_CR
C_75.01;60;2590
C_34.02;190;120
M_03.00;20;280
C_13.01;240;540
C_22.00;90;340
D_05.00;70;G45_11
C_22.00;90;400
D_05.00;100;C27_4
J_07.00;60;590
C_113.00;300;NULL
C_84.00;40;160
D_05.00;20;C13_3
D_03.01;70;C29_20_x86
C_91.00;30;100
C_25.00;110;30
F_18.00;160;440
F_19.00;100;231
F_12.01;20;350
C_91.00;10;120
F_09.01.1;120;30
F_15.00;70;200
J_09.00;20;230
C_13.01;30;600
M_01.00;10;340
F_18.00;80;470
J_07.00;30;600
D_05.00;50;N78_2
C_29.00;80;NULL
C_13.01;60;660
C_73.00;20;80
C_84.00;30;220
F_18.00;197;540
C_17.01;90;860
C_114.00;160;x417_AM
C_32.02;220;110
C_13.01;330;560
C_73.00;20;220
C_74.00;130;307
D_05.00;50;F42_12
F_11.02;20;150
D_07.00;90;150
C_34.03;70;130
J_05.00;290;610
J_02.00;130;480
C_32.02;40;180
C_80.00;120;1020
D_09.01;40;140
D_05.00;20;F43_9
F_18.00;90;340
C_24.00;180;90
C_80.00;30;370
C_13.01;870;241
D_05.00;50;G47_59
D_05.00;100;G45_11
C_118.00;150;x417_AR
C_40.00;20;400
C_08.01;130;60
J_03.00;70;570
D_05.00;70;K64_2
D_09.01;160;150
D_05.00;20;J58_19
C_32.02;260;150
D_05.00;140;C10_82
D_05.00;80;C28_25
D_05.00;50;C25_62
C_32.04;50;NULL
C_102.00;133;NULL
C_75.01;20;1430
C_07.00;40;210
C_120.02;100;x70_x50_x27
C_34.02;80;130
C_74.00;40;260
C_34.02;110;110
D_05.00;100;G46_76
C_75.01;100;2560
C_13.01;220;620
D_05.00;50;N82_99
C_118.00;203;x419_FR
M_02.00;30;430
C_07.00;100;250
J_04.00;30;580
D_05.00;110;G47_51
C_43.00;40;50
F_04.03.1;41;30
C_18.00;70;330
D_05.00;80;S95_21
F_18.00;142;214
C_13.01;120;640
D_05.00;30;N78_1
D_08.00;250;150
C_120.04;130;x99_x1286_x1284_x15_x822
D_07.00;40;360
C_114.00;160;x418_CA
C_17.01;100;946
C_120.02;100;x52_x51_x27
C_114.00;180;x418_SG
C_81.00;90;20
C_75.01;70;300
C_118.00;150;x419_NO
C_118.00;160;x416_GH
C_34.02;80;50
C_25.00;40;30
J_07.00;310;620
D_07.00;30;380
C_80.00;10;250
J_03.00;20;540
J_02.00;100;640
C_28.00;310;NULL
C_75.01;70;1650
C_66.01;10;320
C_75.01;70;2800
C_80.00;30;400
C_75.01;100;1800
C_118.00;190;x415_KZ
C_74.00;20;420
C_66.01;10;460
F_25.01;110;50
J_03.00;100;590
D_09.01;60;150
C_13.01;170;250
J_07.00;290;30
C_74.00;60;170
C_114.00;208;x418_CL
D_09.01;40;170
C_07.00;50;100
R_01.00;60;31
C_13.01;160;240
C_80.00;90;510
C_40.00;10;400
C_21.00;70;100
C_75.01;70;1530
C_118.00;201;x414_AT
D_05.00;110;G45_31
C_114.00;180;x415_DO
C_18.00;50;170
F_23.02;140;370
C_40.00;75;370
F_46.00;50;140
C_14.01;400;NULL
R_04.01;30;0420_0420
C_115.00;146;NULL
C_118.00;170;x417_TN
C_13.01;890;580
D_05.00;50;R90_02
J_03.00;150;550
C_114.00;160;x418_IT
D_05.00;50;M74_9
J_05.00;30;630
C_75.01;60;2690
C_13.01;880;500
C_118.00;150;x414_HU
C_118.00;180;x417_NC
C_32.01;40;160
C_43.00;40;65
D_07.00;140;480
C_05.01;60;140
D_05.00;130;G46_7
D_05.00;90;R91_01
C_13.01;160;376
C_22.00;90;110
C_74.00;110;230
C_08.01;270;20
C_32.02;210;210
D_05.00;100;G46_16
F_12.01;20;670
C_13.01;10;374
D_07.00;160;430
D_07.00;140;410
D_05.00;30;C10
C_22.00;100;480
C_80.00;100;110
J_06.00;280;620
C_07.00;211;310
C_75.01;20;260
D_05.00;80;G47_51
F_25.01;30;70
C_34.05;70;80
C_13.01;690;620
F_15.00;100;183
C_75.01;70;520
P_01.03;40;34
C_08.01;257;80
C_75.01;20;540
R_01.00;50;31
C_07.00;60;230
C_75.01;100;2660
C_66.01;10;310
C_05.01;20;90
C_80.00;110;930
D_05.00;40;G46_39
F_32.01;105;100
C_07.00;80;190
C_13.01;690;670
C_22.00;80;470
C_13.01;340;580
F_15.00;100;186
J_02.00;30;620
C_07.00;50;290
D_05.00;50;G47_51
C_75.01;40;640
D_05.00;100;C20_11
D_05.00;110;A1_61
D_05.00;80;C20_16
C_75.01;60;840
D_05.00;20;A3_1
F_46.00;85;140
C_120.02;70;x52_x51_x25
C_13.01;320;570
D_05.00;30;G46_14
C_13.01;340;480
D_05.00;40;A3_1
C_102.00;170;NULL
D_05.00;130;C10_51
F_18.00;951;933
C_07.00;50;130
D_05.00;20;C13_93
F_11.04;40;210
C_34.03;10;190
C_74.00;120;510
D_09.02;150;40
C_118.00;170;x415_GG
C_82.00;70;350
C_75.01;90;2640
J_04.00;130;190
F_18.00;196;350
C_115.00;40;NULL
C_08.02;171;NULL
C_08.01;240;40
C_74.00;120;281
D_05.00;30;S94_2
D_05.00;80;A1_41
C_10.01;70;10
C_13.01;330;460
C_91.00;50;90
F_04.10;30;20
C_75.01;70;1660
C_13.01;150;376
C_22.00;80;150
C_07.00;60;150
C_118.00;160;x417_MC
C_75.01;40;1070
D_05.00;50;H51_1
J_04.00;40;600
D_05.00;50;F41_1
C_75.01;80;650
C_73.00;30;420
C_114.00;160;x415_MC
F_13.01;55;35
F_18.00;56;215
C_114.00;150;x418_RU
C_75.01;80;1610
J_06.00;270;170
C_91.00;170;80
D_05.00;50;G46_42
C_118.00;180;x418_SG
C_13.01;70;670
C_82.00;20;350
C_13.01;250;660
C_80.00;10;260
C_13.01;860;550
C_75.01;70;1910
C_40.00;10;210
D_05.00;20;H53_1
F_18.00;70;430
D_05.00;130;F42_99
C_05.02;40;70
C_114.00;205;x418_HK
C_117.00;50;NULL
C_13.01;880;450
C_32.02;160;150
F_23.03;120;160
J_02.00;140;320
C_118.00;190;x417_ID
D_05.00;140;G46_49
C_13.01;220;520
C_75.01;100;1780
C_91.00;200;60
C_118.00;190;x414_SE
C_74.00;110;570
C_114.00;140;x414_BG
D_07.00;110;250
C_75.01;90;1110
D_05.00;70;H49_31
C_73.00;30;1170
C_22.00;80;480
C_08.01;171;80
F_46.00;110;100
D_05.00;90;Q88_9
D_07.00;120;480
D_07.00;50;430
C_72.00;40;485
C_18.00;50;325
C_09.04;30;40
C_13.01;300;550
D_05.00;100;C33_2
D_09.02;110;60
C_32.02;50;200
C_13.01;10;253
J_09.00;30;20
C_74.00;50;20
C_24.00;160;60
C_07.00;160;90
J_02.00;110;590
C_75.01;20;710
C_74.00;60;345
J_06.00;270;600
C_28.00;100;NULL
C_81.00;70;400
D_05.00;70;M72_2
C_74.00;50;120
D_07.00;90;480
D_05.00;50;C11_01
C_74.00;130;80
C_13.01;340;570
J_03.00;140;510
D_05.00;70;G46_6
C_74.00;80;560
F_08.01;40;130
J_08.00;20;370
C_118.00;207;x418_BE
C_114.00;206;x415_MZ
C_114.00;160;x416_GG
D_09.02;220;60
D_05.00;90;N77_33
C_120.04;120;x7_x1285_x876_x15_x775
D_05.00;90;I55_9
F_23.03;150;70
C_118.00;203;x414_HU
J_06.00;40;500
J_07.00;290;620
F_19.00;130;216
D_09.02;100;10
R_01.00;90;60
C_75.01;40;150
F_08.01;37;90
C_13.01;910;470
C_17.01;100;450
C_80.00;120;610
D_05.00;100;F41
J_03.00;70;620
C_32.02;80;200
C_14.01;450;NULL
C_91.00;160;30
C_13.01;40;253
D_05.00;140;A1_11
D_09.01;130;160
J_02.00;20;20
D_05.00;50;C28_99
C_120.02;100;x71_x50_x27
C_13.01;100;530
D_05.00;110;C33_15
F_18.00;58;920
C_81.00;80;150
C_73.00;50;470
C_13.01;650;460
D_05.00;80;K66_11
C_34.05;160;160
C_80.00;110;480
D_05.00;120;F42_22
J_03.00;150;40
D_05.00;70;R91_04
F_18.00;141;213
F_18.00;101;360
C_22.00;20;25
C_24.00;100;60
C_05.01;30;385
D_07.00;90;250
D_05.00;40;F43_33
C_07.00;110;320
D_05.00;90;A1_41
C_08.05.1;50;NULL
D_08.00;80;100
C_75.01;60;2180
D_05.00;140;A3_1
F_18.00;140;231
F_18.00;55;520
C_120.04;130;x7_x1285_x876_x16_x775
C_75.01;80;1230
C_32.02;180;200
J_03.00;150;220
C_82.00;80;320
C_66.01;25;500
C_91.00;40;120
C_114.00;150;x417_MC
J_04.00;120;590
C_120.01;120;x620
C_75.01;80;2240
F_12.01;20;620
C_74.00;50;301
C_103.00;110;NULL
C_118.00;150;x415_VN
C_13.01;30;650
C_75.01;70;350
C_74.00;130;269
D_05.00;40;G47_74
D_05.00;50;D35_14
C_106.01;100;x607
D_08.00;260;150
C_19.00;540;110
C_22.00;70;220
C_07.00;60;250
C_74.00;50;70
C_18.00;10;330
F_18.00;102;400
C_74.00;110;250
D_05.00;50;G46_77
J_03.00;10;190
D_09.01;90;40
P_01.03;50;36
C_82.00;80;210
C_34.01;50;70
C_07.00;130;230
C_08.01;310;15
C_114.00;190;x418_AM
F_23.03;170;60
C_18.00;60;240
C_118.00;160;x418_BE
C_75.01;70;950
C_07.00;50;260
C_74.00;110;90
C_118.00;170;x417_CR
C_80.00;120;250
C_75.01;90;2540
C_75.01;100;690
J_06.00;290;500
C_07.00;150;90
C_25.00;120;30
C_74.00;50;345
C_114.00;202;x417_MZ
F_46.00;110;50
C_08.01;280;160
C_13.01;90;520
C_75.01;60;820
C_34.05;80;50
F_09.02;10;150
J_02.00;60;640
C_17.01;100;370
C_32.02;40;70
C_118.00;190;x417_BJ
C_80.00;100;80
D_05.00;30;G46_38
F_18.00;106;550
D_05.00;100;K64_91
C_81.00;80;350
C_66.01;190;730
C_22.00;50;90
D_05.00;40;C13_3
C_114.00;190;x417_CR
D_05.00;120;D35_14
F_18.00;180;390
F_32.01;20;70
C_73.00;50;205
C_18.00;70;260
C_75.01;40;1790
C_80.00;100;530
F_46.00;110;90
C_118.00;180;x418_IN
D_05.00;110;S95_12
C_08.01;240;20
C_24.00;110;20
D_05.00;110;J61_9
F_20.04;40;20
C_118.00;160;x417_CL
C_23.00;30;120
F_25.02;140;120
F_20.04;26;30
C_13.01;150;650
C_08.01;60;60
C_118.00;160;x415_NC
C_120.04;140;x10_x1286_x876_x15_x775
C_73.00;30;30
C_66.01;25;225
D_05.00;50;N79_11
D_05.00;110;G46_21
C_114.00;160;x418_IN
F_18.00;30;480
F_19.00;130;225
F_23.02;40;380
C_80.00;40;780
F_11.02;21;130
C_80.00;30;430
D_05.00;80;P85_52
C_13.01;170;670
F_08.01;40;250
D_09.02;140;30
C_23.00;10;100
D_05.00;130;F43_29
C_13.01;130;460
J_03.00;150;170
C_08.01;310;180
C_17.01;100;140
C_114.00;209;x418_CZ
C_75.01;40;1450
D_05.00;120;G47_91
J_03.00;140;350
C_114.00;207;x418_AE
C_80.00;20;200
C_32.02;110;170
C_114.00;170;x415_SA
D_05.00;20;G46_1
F_18.00;191;430
C_75.01;90;2330
C_07.00;110;280
C_74.00;120;60
C_22.00;90;380
F_18.00;180;540
D_05.00;90;G45_11
C_13.01;170;520
C_05.02;20;120
J_03.00;140;390
J_02.00;10;70
C_114.00;180;x416_GH
D_05.00;50;F43_32
J_07.00;300;630
F_18.00;141;216
J_06.00;20;500
F_18.00;197;390
F_18.00;910;225
D_05.00;70;G46_76
C_14.00;250;NULL
C_13.01;30;380
C_22.00;40;85
C_13.01;300;590
J_05.00;40;570
F_18.00;122;214
D_05.00;30;G47_25
D_05.00;140;F43_32
D_05.00;110;G46_74
C_66.01;10;700
D_07.00;30;340
C_71.00;20;120
C_75.01;70;1810
C_73.00;50;620
F_11.04;40;140
C_74.00;80;140
C_32.02;230;200
C_66.01;10;621
C_66.01;10;175
C_13.01;170;580
C_16.00;80;10
C_81.00;80;230
J_02.00;150;100
D_08.00;240;120
C_13.01;910;570
D_05.00;50;N81_1
C_118.00;160;x417_MU
C_35.03;20;10
J_09.00;20;50
C_75.01;90;2770
C_74.00;110;60
C_118.00;190;x418_CL
C_18.00;70;12
D_05.00;140;F42_21
C_09.04;30;120
C_75.01;20;1340
C_22.00;80;160
C_81.00;70;10
C_13.01;170;371
C_80.00;90;540
D_05.00;50;G47_64
F_04.10;50;20
J_08.00;30;130
C_118.00;190;x416_BH
F_23.03;120;50
C_74.00;50;10
F_23.02;160;410
C_114.00;170;x414_HR
C_75.01;80;2080
C_22.00;100;390
C_05.01;60;20
D_05.00;110;S96_04
J_03.00;130;490
C_35.02;30;40
C_80.00;120;1080
C_66.01;10;490
C_22.00;80;190
C_34.05;60;130
C_05.01;10;65
C_24.00;170;20
C_17.01;90;540
C_75.01;70;860
F_18.00;950;214
C_13.01;930;600
F_18.00;900;930
F_23.01;40;150
D_05.00;110;G47_25
F_08.01;37;230
C_75.01;100;2110
C_35.03;20;80
D_05.00;30;C10_72
C_117.00;60;NULL
C_80.00;40;670
J_02.00;140;70
C_13.01;220;510
D_05.00;100;G47_22
C_22.00;80;200
D_07.00;100;460
C_08.01;240;170
C_75.01;40;390
D_05.00;110;O84_25
C_75.01;90;1760
C_114.00;170;x415_IR
C_13.01;40;230
D_05.00;130;F43_9
J_03.00;150;140
C_09.04;30;110
C_13.01;30;630
J_02.00;140;40
C_13.01;150;120
C_75.01;60;1540
C_07.00;130;90
C_13.01;20;510
C_75.01;40;350
D_09.01;80;150
C_118.00;160;x416_CR
C_40.00;75;400
D_07.00;140;360
C_24.00;170;110
C_09.04;20;150
D_05.00;40;H49_39
D_05.00;50;M69_2
F_18.00;58;215
D_05.00;80;G47_91
C_118.00;204;x414_AT
C_16.00;50;80
C_13.01;40;241
D_05.00;40;G46_34
C_80.00;100;810
D_05.00;100;C27_11
C_21.00;70;22
D_05.00;140;G46_74
C_13.01;690;540
C_13.01;160;280
C_118.00;170;x414_SE
C_24.00;150;60
D_07.00;70;350
C_81.00;20;320
C_118.00;204;x414_HR
C_18.00;40;12
J_03.00;110;620
C_74.00;100;460
D_05.00;110;Q87_9
C_13.01;70;480
C_13.01;670;570
D_05.00;50;N79_12
C_118.00;180;x418_CA
C_103.00;250;NULL
C_34.02;90;40
D_05.00;80;C17_12
C_18.00;10;90
C_118.00;207;x414_SK
C_118.00;150;x416_KZ
C_118.00;190;x418_NZ
C_08.01;310;16
D_05.00;40;C32_99
C_07.00;70;320
R_04.01;70;0130_0130
J_05.00;280;590
C_34.05;160;50
C_14.01;432;NULL
R_01.00;80;10
C_114.00;130;x415_PH
F_08.01;40;160
D_05.00;50;F43_34
C_91.00;180;50
J_06.00;310;600
F_11.02;21;150
C_32.02;170;170
D_05.00;50;G47_62
C_40.00;75;380
C_13.01;670;510
C_32.02;60;200
D_05.00;100;N77_35
C_114.00;208;x415_SD
C_75.01;40;260
C_114.00;160;x416_IR
D_09.02;100;40
D_07.00;90;190
C_73.00;20;550
C_74.00;60;450
C_13.01;230;450
C_75.01;70;990
C_13.01;50;650
C_80.00;120;890
D_05.00;50;K66_11
D_05.00;80;C26_6
J_07.00;60;340
F_18.00;109;225
C_24.00;170;80
D_05.00;110;F43
D_05.00;140;D35_11
C_35.03;30;90
C_75.01;40;580
C_75.01;20;2570
C_73.00;20;270
F_10.00;40;201
C_13.01;40;371
D_05.00;110;G47_73
C_13.01;100;450
D_05.00;30;C15_12
D_05.00;110;C10_72
C_75.01;80;2820
C_13.01;900;450
C_75.01;80;460
C_80.00;90;620
D_05.00;30;C31_02
C_73.00;20;310
C_81.00;70;430
C_17.01;100;940
D_05.00;100;A1_61
C_75.01;80;1900
C_32.01;40;200
R_04.01;80;0410_0410
C_73.00;50;955
F_18.00;58;226
C_75.01;100;270
C_118.00;150;x416_ID
D_08.00;70;120
C_66.01;80;740
D_05.00;80;G46_77
C_13.01;930;500
D_07.00;70;390
C_07.00;50;150
C_13.01;270;470
F_04.07;21;20
C_75.01;90;1080
C_34.01;10;50
F_18.00;160;510
C_14.01;380;NULL
C_13.01;690;640
J_02.00;130;300
C_118.00;170;x416_CI
C_13.01;690;520
C_13.01;100;660
D_05.00;50;R93_21
C_114.00;160;x415_MY
D_05.00;30;G47_43
J_07.00;280;630
C_32.02;10;70
D_05.00;130;C26_3
C_73.00;20;340
J_02.00;70;600
D_05.00;120;H49_41
C_75.01;100;1570
F_18.00;121;920
D_05.00;140;G47_61
J_06.00;270;590
D_05.00;70;F43_11
F_18.00;141;920
C_32.02;240;210
F_18.00;122;480
C_114.00;204;x415_SD
J_03.00;150;560
C_75.01;60;1160
C_08.01;210;80
C_80.00;120;850
C_115.00;55;NULL
J_06.00;270;630
C_83.00;10;20
C_18.00;70;90
C_14.00;76;NULL
D_05.00;120;G46_42
D_05.00;30;F43_99
C_74.00;60;140
D_05.00;140;G46_12
D_05.00;40;G46_18
R_12.00;100;50
C_13.01;240;580
C_17.02;185;NULL
C_66.01;25;1050
C_32.02;140;210
F_04.09;30;7
C_106.01;120;x503
J_02.00;140;460
C_74.00;50;240
C_14.00;80;NULL
F_20.04;31;60
C_114.00;160;x417_DO
C_17.01;90;921
M_02.00;30;210
D_05.00;20;K64_92
C_34.05;160;30
C_34.02;110;40
F_18.00;140;223
D_05.00;40;G46_69
D_05.00;20;S94_12
C_114.00;160;x416_TN
C_17.01;100;240
D_05.00;40;C21_1
C_80.00;100;690
D_05.00;70;N77_11
D_07.00;120;360
F_18.00;197;520
C_73.00;30;1320
C_118.00;207;x417_AM
C_13.01;920;640
D_09.02;250;40
C_75.01;80;2730
D_09.02;90;60
D_07.00;130;460
C_05.02;60;100
C_08.01;140;20
D_05.00;50;N78_1
C_13.01;170;410
F_25.01;70;100
D_05.00;40;A1_4
C_35.01;20;20
J_06.00;20;490
C_13.01;40;610
C_73.00;20;170
C_13.01;30;254
C_09.04;30;20
J_02.00;140;550
D_05.00;70;N80_3
C_75.01;90;570
C_16.00;120;30
D_05.00;120;G46_11
C_13.01;680;600
C_13.01;50;530
C_22.00;80;300
F_15.00;70;41
C_114.00;150;x418_BE
C_118.00;203;x414_RO
C_73.00;20;210
J_05.00;290;300
F_10.00;40;20
C_17.02;70;NULL
C_118.00;190;x416_CL
R_12.00;10;40
C_118.00;180;x418_IT
C_75.01;20;680
F_09.01.1;120;230
C_75.01;40;1370
C_118.00;190;x417_GR
C_118.00;205;x418_FR
C_114.00;180;x414_CH
C_34.05;140;70
C_22.00;60;410
C_118.00;180;x419_DE
D_08.00;250;130
D_05.00;80;S96_04
F_04.03.1;40;40
F_18.00;910;380
D_05.00;100;A1_3
R_01.00;90;50
D_05.00;130;G47_29
C_75.01;60;1330
C_66.01;10;140
C_14.00;255;NULL
D_05.00;130;G46_45
C_66.01;25;790
C_120.01;120;x480
F_11.04;30;190
C_74.00;80;283
F_13.01;55;60
C_74.00;80;331
C_118.00;206;x418_CH
D_05.00;140;F41
D_05.00;50;C28_25
C_13.01;930;450
C_13.01;170;640
F_23.03;140;200
J_07.00;50;630
C_118.00;205;x419_GB
C_74.00;60;10
J_02.00;120;210
D_05.00;40;A2_2
C_80.00;20;410
C_08.01;60;160
C_66.01;25;910
C_22.00;60;330
C_73.00;30;250
D_07.00;150;380
C_32.02;90;170
M_05.00;110;x279_x629
M_02.00;30;170
J_03.00;40;610
C_40.00;75;210
C_80.00;100;340
F_08.01;40;330
F_18.00;910;530
C_14.01;362;NULL
D_05.00;20;Q88_9
C_118.00;150;x417_CL
F_18.00;160;480
C_84.00;40;90
F_23.03;120;200
C_34.05;80;160
D_05.00;100;B8_99
C_75.01;80;1360
D_05.00;90;H49_5
C_34.02;100;60
C_73.00;20;1420
C_74.00;110;317
C_05.01;50;441
D_05.00;100;H49_31
C_75.01;70;1430
C_75.01;70;470
C_11.00;40;120
D_05.00;20;G47_19
C_118.00;150;x417_AM
D_05.00;130;A1_3
D_05.00;90;G45_19
C_16.00;50;20
J_06.00;60;410
D_05.00;40;A1_11
F_08.01;40;410
C_114.00;150;x418_CA
F_23.01;50;120
C_17.01;100;970
C_84.00;30;70
D_05.00;110;N77_34
D_05.00;30;N81_21
F_23.02;50;200
C_106.01;100;x483
C_13.01;30;550
C_114.00;150;x415_CI
C_07.00;60;300
D_05.00;40;H49_5
C_22.00;100;360
F_15.00;100;80
F_23.03;170;90
C_80.00;100;550
D_07.00;160;400
F_18.00;142;212
C_118.00;170;x416_BH
F_15.00;100;91
C_114.00;140;x414_HR
C_40.00;75;340
C_118.00;150;x415_NC
C_75.01;20;200
D_05.00;70;F42_99
C_114.00;160;x414_TR
D_05.00;60;G46_42
F_18.00;170;380
D_05.00;110;H52_21
D_07.00;30;370
C_106.01;100;x569
D_09.02;170;60
C_81.00;90;370
C_75.01;80;400
C_73.00;60;955
C_120.01;120;x525
C_75.01;80;690
C_118.00;150;x415_CY
C_34.05;70;40
C_40.00;20;270
C_05.01;50;61
C_13.01;160;450
D_09.01;140;170
F_15.00;100;125
D_05.00;90;N77_35
J_04.00;70;600
C_75.01;80;1740
J_04.00;30;620
D_05.00;140;F43_91
F_18.00;101;440
D_05.00;50;S95_21
D_05.00;110;G46_42
C_07.00;230;90
C_75.01;40;2300
C_114.00;150;x415_AR
C_08.01;140;40
D_05.00;80;R93_21
F_09.01.1;130;200
D_05.00;20;F43_1
F_46.00;85;120
D_05.00;110;H52_29
D_05.00;130;F43_1
C_34.05;80;100
C_08.02;280;NULL
C_114.00;180;x415_MO
C_13.01;80;560
F_46.00;90;200
C_114.00;150;x418_AE
C_114.00;207;x418_CA
D_07.00;40;390
C_13.01;750;660
J_06.00;290;220
F_12.01;20;640
F_11.04;40;170
F_35.00;220;40
C_75.01;100;590
C_80.00;10;350
C_13.01;240;470
F_18.00;30;540
C_106.01;100;x665
J_07.00;280;590
C_22.00;100;130
C_74.00;120;250
F_18.00;191;490
J_02.00;150;360
D_05.00;90;F43_11
C_75.01;70;2250
C_118.00;150;x417_EG
C_75.01;90;2390
C_75.01;90;60
D_05.00;50;N80_2
F_19.00;130;215
D_05.00;140;C26_6
C_75.01;70;330
C_75.01;40;680
C_10.01;40;70
C_66.01;10;1100
C_32.02;80;60
D_05.00;70;C25_21
C_07.00;90;240
F_32.04;40;140
J_06.00;300;580
C_40.00;70;400
J_03.00;110;640
C_114.00;206;x415_MO
F_18.00;141;225
C_66.01;25;85
C_115.00;149;NULL
F_09.01.1;120;220
C_24.00;80;60
C_73.00;50;1400
C_80.00;100;980
C_74.00;100;110
D_05.00;50;N77_34
F_18.00;910;216
D_02.00;100;50
C_114.00;206;x414_SK
D_05.00;90;J58_14
C_13.01;750;500
C_106.01;100;x523
C_32.02;260;60
C_114.00;170;x415_GH
