table_id;coordinate;code;description;order_first;ignore;format
KRI;y_axis_rc_code;MRFA4700_1;Financial assets at fair value through other comprehensive income: Fair value level 2;;;Thousands
KRI;y_axis_rc_code;CRMAT_A231;Absolute volume of CRE portfolio;;;Millions
KRI;y_axis_rc_code;BSFL0800;Provisions;;;Thousands
KRI;y_axis_rc_code;LIQV0018;1Y senior unsecured securities spread (in basis points);;;Unit
KRI;y_axis_rc_code;MRCE2907;Multiplication factor (ms) x average of previous 60 working days (VaRavg): Total amount for general risk;;;Thousands
KRI;y_axis_rc_code;CRED139;Allowances ∕ Total loans;;;%
KRI;y_axis_rc_code;CRFA0400;Loans and advances past due >90 days but not impaired;;;Millions
KRI;y_axis_rc_code;LIQ55;Liquidity buffer quality ratio;;;%
KRI;y_axis_rc_code;LIQV0039;Other items providing CBC;;;Thousands
KRI;y_axis_rc_code;CRFA0709;Impaired loans and advances. Households;;;Thousands
KRI;y_axis_rc_code;BSFA4200;Total Assets, excluding non-Financial;;;Thousands
KRI;y_axis_rc_code;LEV001;Total leverage ratio exposure (TLRE) measure, fully phased-in T1 capital;;;Thousands
KRI;y_axis_rc_code;BSFL2000;Financial liabilities measured at amortised cost: Subordinated liabilities;;;Thousands
KRI;y_axis_rc_code;CRED172;Credit risk capital requirements: IRB exposure classes excluding securitisation positions: Institutions;;;%
KRI;y_axis_rc_code;LIQ261;Backtesting Planned vs Actual Long-term Debt Securities;;;%
KRI;y_axis_rc_code;LIQV0003;Encumbered assets;;;Thousands
KRI;y_axis_rc_code;MRFA1100;Financial assets held for trading: Loans and advances;;;Thousands
KRI;y_axis_rc_code;MARK133_C;Share of total general government exposures maturing beyond 5 years divided by total general government exposures;;;%
KRI;y_axis_rc_code;LIQV0053;1W covered bonds spread (in basis points);;;Unit
KRI;y_axis_rc_code;CRMAT_A131;Absolute volume of Households Other than Secured by RRE and Credit for consumption portfolio;;;Millions
KRI;y_axis_rc_code;CAP2;Tier 1 ratio (Tier 1 ∕ Risk Weighted Assets);;;%
KRI;y_axis_rc_code;CRED242;Evolution: Breakdown of total loans by NACE economic sector - Households: lending for house purchase;;;%
KRI;y_axis_rc_code;MR_NRMR_FWL_1;Potential impacts coming from non regulatory market risks to Total CET1;;;%
KRI;y_axis_rc_code;IDCARD530;Profit and loss before tax;;;Thousands
KRI;y_axis_rc_code;OPER86;Ratio total loss amount for clients, products and business practices to total operational risk capital requirements;;;%
KRI;y_axis_rc_code;CRED112;Evolution of total loans by NACE economic sector ∕ Total loans by type of NACE economic sector Non-financial Corporations;;;%
KRI;y_axis_rc_code;LIQV0029;10Y secured funding spread (in basis points);;;Unit
KRI;y_axis_rc_code;PRFI0300_ANNUAL;Auxiliary KRI for IRRBB168;;;Days
KRI;y_axis_rc_code;MARK61;Market risk capital requirements ∕ Own Funds;;;%
KRI;y_axis_rc_code;MR_RMR_FRTB_27;General interest rate risk (GIRR) net sensitivity in relation to OFR;;;%
KRI;y_axis_rc_code;IRRBB175;Change in the forecasted net interest income  after a parallel interest rate decrease of 200bps divided by Tier 1 Capital;;;%
KRI;y_axis_rc_code;CRED392_B_LSI;Identification of LSI Performing View Methodology;;;Months
KRI;y_axis_rc_code;PROF6;ROE (after tax);;;%
KRI;y_axis_rc_code;IRRBB255;Pass-through rate of NMD over 1 year horizon for NMD retail NON-transactional (parallel down);;;Unit
KRI;y_axis_rc_code;PROF3;ROA (Total profit or loss after tax ∕ Total assets);;;%
KRI;y_axis_rc_code;LIQV0177;3Y Forecast for Client Loans;;;Thousands
KRI;y_axis_rc_code;MR_NRMR_SIZE_1;Assets & liabilities measured at measured at fair value through OCI to Total Assets;;;%
KRI;y_axis_rc_code;IRRBB232;Loans @FV + FV of Loans @AC over the contribution of Loans to EVE;;;%
KRI;y_axis_rc_code;PROF55_MIN;Cost of Equity - SSM estimation (min);;;%
KRI;y_axis_rc_code;IRRBB187;Weighted average yield of NMD of NMD wholesale non financial;;;Year(s)
KRI;y_axis_rc_code;IDCARD66;CET1 ratio (fully loaded);;;%
KRI;y_axis_rc_code;CRED8;Identification of the institution's risk appetite (corporate, retail, etc.). Breakdown of original exposure value by class - Corporate;;;%
KRI;y_axis_rc_code;MARK100_ANNUAL_C;Annual net gains on financial assets and liabilities held for trading ∕ Market risk capital requirements;;;%
KRI;y_axis_rc_code;CRED451;Households: Coverage S2;;;%
KRI;y_axis_rc_code;MR_PNLOCI_BBFVOCI;P&L and OCI changes from BB items at FVOCI;;;Millions
KRI;y_axis_rc_code;IRRBB13;Change in the forecasted net interest income of the banking book under parallel interest rate decrease of 200 bps divided by Total equity;;;%
KRI;y_axis_rc_code;CAP69;Operational risk capital requirements ∕ own funds;;;%
KRI;y_axis_rc_code;CACE0100;Pillar I Credit risk capital requirements under standardised approach;;;Millions
KRI;y_axis_rc_code;CAP65;Systemic risk buffer;;;Millions
KRI;y_axis_rc_code;IDCARD76;Loans;;;Thousands
KRI;y_axis_rc_code;IDCARD45;ow: subordinated liabilities;;;Thousands
KRI;y_axis_rc_code;IRRBB235;Provisions for pensions and other post employment defined benefit obligations∕Tier 1;;;%
KRI;y_axis_rc_code;PROF174;Forecast error Average COR;;;%
KRI;y_axis_rc_code;LEV007;Excluded banking-type ancillary services of designated institutions in accordance with point (p) of Article 429a(1) CRR;;;Millions
KRI;y_axis_rc_code;MR_RMR_IRR_BWL_WSTD_NUM;Support formula to calculate other KRIs.;;;Millions
KRI;y_axis_rc_code;CRMAT_V301;Share of Loans and Advances to Credit institutions and Other financial institutions over Total Loans and Advances;;;%
KRI;y_axis_rc_code;PRFI1300;Administration costs;;;Thousands
KRI;y_axis_rc_code;CRNA2009;Collateral and other credit enhancement received for impaired and past due loans. Central banks;;;Millions
KRI;y_axis_rc_code;LEV5032;Volatility in the single value of exposures excluded from P1R-LR;;;%
KRI;y_axis_rc_code;LEV5031;Volatility in the total of exposures excluded from P1R-LR;;;%
KRI;y_axis_rc_code;MR_RMR_FRTB_7_THR;Threshold for triggering Market Risk flag in the P2R methodology;;;%
KRI;y_axis_rc_code;BSFA0300;ow: trading derivatives;;;Thousands
KRI;y_axis_rc_code;CRED469;Non Financial Coorporations: Share of Debt Securities to NFC in Performing-S2;;;%
KRI;y_axis_rc_code;MRFA4600;Financial assets designated at fair value through profit or loss: Fair value level 2;;;Thousands
KRI;y_axis_rc_code;PROF7;Operating margin;;;%
KRI;y_axis_rc_code;ORCE1659;Total negative loss adjustment amounts;;;Millions
KRI;y_axis_rc_code;LIQ311;3Y Forecasted Growth of Non-Financial Corporates Deposits;;;%
KRI;y_axis_rc_code;PRFI0900_annual;Annual overhead costs (quarter to quarter);;;Millions
KRI;y_axis_rc_code;CRED216;Breakdown of loans to NFC by NACE economic sector: Human health services and social work activities;;;%
KRI;y_axis_rc_code;CRED251;Increase of total loans by type of Counterparty ∕ Total loans by type of Counterparty - Credit institutions and Other Financial;;;%
KRI;y_axis_rc_code;IRRBB186;Weighted average yield of NMD of NMD retail transactional;;;Year(s)
KRI;y_axis_rc_code;PROF63;Operating income from Retail Brokerage∕ Total Operating income, net;;;%
KRI;y_axis_rc_code;PRFI1900;Administration costs: Staff expenses;;;Thousands
KRI;y_axis_rc_code;MARK21;Breakdown of financial liabilities designated at FVPL - Other financial liabilities;;;%
KRI;y_axis_rc_code;PROF32;Net other operating income to total operating income;;;%
KRI;y_axis_rc_code;CRFA0603;Loans and advances. Other financial corporations;;;Thousands
KRI;y_axis_rc_code;IDCARD424_LSI;Geographical breakdown of assets. EU non SSM;;;Thousands
KRI;y_axis_rc_code;MARK90;(Financial assets held for trading: Level 3 assets + Financial liabilities held for trading: Fair value level 3) ∕ Own funds;;;%
KRI;y_axis_rc_code;MR_RMR_EQR_BWL_SUM_WM;Support formula to calculate other KRIs.;;;%
KRI;y_axis_rc_code;PRFI4000_T3;Projected Net Interest Income, at t+3;;;Thousands
KRI;y_axis_rc_code;PROF39_annual;Annual Recurring earnings;;;%
KRI;y_axis_rc_code;PROF202;Automated viability anchor - Forecast error CIR for t-1;;;%
KRI;y_axis_rc_code;LIQV0091;Asset-backed securities;;;Thousands
KRI;y_axis_rc_code;LEV003;Fiduciary assets;;;Millions
KRI;y_axis_rc_code;CLIM09;Exposures to 7 key carbon-intensive sectors in the NFC portfolio as share of total NFC exposures (EU);;;%
KRI;y_axis_rc_code;IRRBB222;Contribution of loans to NII+MVC sensitivity  (widening CS) (%);;;%
KRI;y_axis_rc_code;CRED303;NPL Coverage Ratio - Credit institutions;;;%
KRI;y_axis_rc_code;MR_RMR_FRTB_2;3-month average of business subject to market risk in the Trading book to Total RWA;;;%
KRI;y_axis_rc_code;CRFA0800;Debt instruments;;;Thousands
KRI;y_axis_rc_code;LIQ280;1Y Forecasted Growth of Total Equity;;;%
KRI;y_axis_rc_code;CAP109;Systemic Risk Buffers (%);;;%
KRI;y_axis_rc_code;IDCARD405_LSI;Tax assets;;;Thousands
KRI;y_axis_rc_code;MR_RMR_FRTB_21;Share of Credit spread risk for non-securitisations in total SBM OFR;;;%
KRI;y_axis_rc_code;MARK106;Estimation of Share of Foreign exchange risk  in Total Capital Requirements;;;%
KRI;y_axis_rc_code;CRED96;Composition of securitised exposures. Securitised exposures by type of assets ∕ Total securitised assets - Commercial mortgages;;;%
KRI;y_axis_rc_code;MARK116_B;(Assets at fair value through other comprehensive income + FVPL assets and liabilities)∕(assets and liabilities HFT);;;%
KRI;y_axis_rc_code;FWL3;Automated viability anchor score - Core Revenue to Assets;;;Unit
KRI;y_axis_rc_code;LIQV0006;O∕N unsecured deposits funding spread (in basis points);;;Unit
KRI;y_axis_rc_code;OPER39;Ratio sum of the five largest losses for corporate items to sum across all business lines of the sums of the five largest business line losses;;;%
KRI;y_axis_rc_code;LIQV0135;Actual Client Loans;;;Thousands
KRI;y_axis_rc_code;CRED3;Loans by type of collateral on Total Loans - Real estate collateralized loans;;;%
KRI;y_axis_rc_code;OPER18;Ratio gross loss amount for execution, delivery and process management to total gross loss amount;;;%
KRI;y_axis_rc_code;CRMAT_A621;Absolute volume of Held for sale portfolio;;;Millions
KRI;y_axis_rc_code;CRED105;Increase of total loans by type of collateral ∕ Total loans by type of Collateral: Other collateralized loans;;;%
KRI;y_axis_rc_code;CRED489;CCR exposure value not centrally cleared as a share of total CCR exposure value;;;%
KRI;y_axis_rc_code;PRFI3000;Profit (loss) from non-current assets and disposal groups classified as held for sale not qualifying as discontinued operations;;;Thousands
KRI;y_axis_rc_code;ORNE1638;Sum of five largest losses for commercial banking;;;Thousands
KRI;y_axis_rc_code;IDCARD84;RWA for credit risk (top 2nd country);;;Thousands
KRI;y_axis_rc_code;PRFI4002F;General banking reserves;;;Millions
KRI;y_axis_rc_code;IDCARD18;Other liabilities;;;Thousands
KRI;y_axis_rc_code;CAP139;Leverage ratio headroom above OLRR and P2G (fully-loaded) as % of leverage exposure;;;%
KRI;y_axis_rc_code;CRED379;Sovereign exposures ∕ Total assets;;;%
KRI;y_axis_rc_code;MR_RMR_IRR_BWL;3-year weighted volatility of quarterly P&L (Items at FVPL sensitive to IR) to Total RWA;;;%
KRI;y_axis_rc_code;CRED431;Counterparty Credit Risk: SUM Top 20 CCR RWEA∕ Total CCR RWEA;;;%
KRI;y_axis_rc_code;MR_RMR_FXR_SIZE;Trading derivative sensitive to FX (Fair value) to Total Assets;;;%
KRI;y_axis_rc_code;IDCARD537;Pillar 1 Leverage Ratio requirement;;;%
KRI;y_axis_rc_code;MR_NRMR_SFX_BWL_1;3-year weighted volatility of quarterly OCI changes (Investments in foreign operations and related hedges) to Total CET1;;;%
KRI;y_axis_rc_code;IRRBB269;Change in the economic value of equity under interest rate decrease divided by Tier 1 capital;;;%
KRI;y_axis_rc_code;PRFI5300_LINEAR;Measures the cost of risk linearly annualised numerator for loans subject to impairment granted to all the counterparty types;;;Unit
KRI;y_axis_rc_code;MR_NRMR_CSR_BWL;3-year weighted volatility of quarterly P&L and OCI changes (Credit instruments at FVOCI) to Total RWA;;;%
KRI;y_axis_rc_code;CRNA111J;Gross carrying amount of loans and advances to non-financial corporations - Information and communication;;;Millions
KRI;y_axis_rc_code;ORCE1663;Gross loss from new events for clients, products and business practices;;;Millions
KRI;y_axis_rc_code;PRFI0400_ANNUAL;Annual total trading income (quarter to quarter);;;Millions
KRI;y_axis_rc_code;LIQ292;3Y Forecasted Growth of Short-term Debt Securities;;;%
KRI;y_axis_rc_code;CRMAT_S401;Share Non-Performing or Stage 2 Loans and Advances to Central banks and General governments over Total Loans and Advances to Central banks and General governments;;;%
KRI;y_axis_rc_code;CAP14;Dynamics of own funds: Tier 2 capital;;;%
KRI;y_axis_rc_code;MRFL3600;Financial liabilities held for trading: Short positions-Equity instruments;;;Thousands
KRI;y_axis_rc_code;LIQ114;Deposits ratio (% of total funding);;;%
KRI;y_axis_rc_code;CAP91;TSCR: to be made up of Tier 1 capital;;;%
KRI;y_axis_rc_code;LANP0800A;Total loans and advances. Accumulated impairment on non-performing exposure;;;Millions
KRI;y_axis_rc_code;LIQ44;Central bank eligible assets ratio;;;%
KRI;y_axis_rc_code;CACE0900_3Y_MEAN;3 year average of RWA;;;Millions
KRI;y_axis_rc_code;LEV501_LSI;Total value of exposures excluded from P1R LR (w∕o IPS, IG, Basel) to TLRE;;;%
KRI;y_axis_rc_code;CRED210;Breakdown of loans to NFC by NACE economic sector: Information and communication;;;%
KRI;y_axis_rc_code;PRFI0600;Net realised gains (losses) on financial assets & liabilities not measured at FVPL;;;Thousands
KRI;y_axis_rc_code;CACE0250;Pillar I Capital requirements for contributions to the default fund of a CCP;;;Millions
KRI;y_axis_rc_code;CRMAT_V303;Share of Debt securities Credit institutions and Other financial institutions over Total Debt instruments other than held for trading or held for sale;;;%
KRI;y_axis_rc_code;PRFI1000_ANNUAL_ONEOFF;Impairments, excl. one-offs;;;Millions
KRI;y_axis_rc_code;LIQV0208;3Y Forecast for Non-Financial Corporates Deposits;;;Thousands
KRI;y_axis_rc_code;LIQ291;3Y Forecasted Growth of Deposits;;;%
KRI;y_axis_rc_code;IRNM0601;Change in the economic value of equity under parallel interest rate decrease of 200 bps (Millions);;;Millions
KRI;y_axis_rc_code;IDCARD406_LSI;Other assets, incl. FV changes of the hedged items and held for sale;;;Thousands
KRI;y_axis_rc_code;MR_RMR_FRTB_36;Difference of long and short JTD in relation to DRC OFR for securitisations not included in the ACTP;;;%
KRI;y_axis_rc_code;BSFE0100;Equity;;;Thousands
KRI;y_axis_rc_code;ORCE1642;Loss adjustments for execution, delivery and process management;;;Millions
KRI;y_axis_rc_code;IDCARD412_LSI;Tax expenses;;;Thousands
KRI;y_axis_rc_code;IRRBB242;Asset modified Duration;;;%
KRI;y_axis_rc_code;CAP49;Composition of capital requirements: Other capital requirements;;;%
KRI;y_axis_rc_code;CRED100;Composition of securitised exposures. Securitised exposures by type of assets ∕ Total securitised assets - Consumer loans;;;%
KRI;y_axis_rc_code;PROF181;Long-term CRA (standard deviation);;;%
KRI;y_axis_rc_code;IDCARD87_LSI_SK;Geographical breakdown of assets. SSM country - Slovakia;;;Thousands
KRI;y_axis_rc_code;MR_RMR_FRTB_30;Credit spread risk for securitisation included in the alternative correlation trading portfolio (ACTP CSR) net sensitivity in relation to OFR;;;%
KRI;y_axis_rc_code;OPER88;Ratio total loss amount for business disruption and system failures to total operational risk capital requirements;;;%
KRI;y_axis_rc_code;MARK56;Breakdown of net gains on financial assets and liabilities held for trading - Interest rate instruments and related derivatives;;;%
KRI;y_axis_rc_code;IRRBB153;Proportion of core deposits ∕ Stock of Non-Maturity deposits [Wholesale non-financial];;;%
KRI;y_axis_rc_code;MR_RMR_FXR_FWL;Potential impacts coming from Items at FVPL sensitive to FX to Total RWA;;;%
KRI;y_axis_rc_code;CAP83;Aggregation weight for operational risk;;;%
KRI;y_axis_rc_code;MRCE2906;Multiplication factor (ms) x average of previous 60 working days (VaRavg): Commodities risk;;;Thousands
KRI;y_axis_rc_code;IDCARD546;Margin effect;;;%
KRI;y_axis_rc_code;PRFI6401;Financial assets subject to impairment (LSIs - Gross carrying amount);;;Thousands
KRI;y_axis_rc_code;CRFA4100;Derivatives held-for-trading. Of which OTC. Assets;;;Thousands
KRI;y_axis_rc_code;BSFA3900;Total assets (Domestic);;;Thousands
KRI;y_axis_rc_code;MR_NRMR_BWL;3-year weighted volatility of quarterly P&L and OCI changes (Non-regulatory market risk) to Total RWA;;;%
KRI;y_axis_rc_code;IRRBB155;Proportion of core deposits ∕ Stock of Non-Maturity deposits [Retail Non-Transactional] [EUR only];;;%
KRI;y_axis_rc_code;LANP0360;Total loans and advances. Non-Performing. Gross carrying amount (Of which: impaired);;;Millions
KRI;y_axis_rc_code;WS1EUCount;# of countries active within SSM;;;Unit
KRI;y_axis_rc_code;CRED87;Net flow of allowances for NPLs to non-financial corporations by collateral (t) ∕ NPLs to non-financial corporations by collateral (t-1) - Loans collateralised by commercial immovable property;;;%
KRI;y_axis_rc_code;PROF153;Projected Core Revenue to Assets Ratio at t as reported in year t-2;;;%
KRI;y_axis_rc_code;PROF121;Size of Assets under Management compared to total assets;;;%
KRI;y_axis_rc_code;IRRBB129;Forecasted Earnings expected within 12 months in a baseline scenario divides by Tier 1 Capital;;;%
KRI;y_axis_rc_code;PRFI2600;Gains (losses) on financial assets and liabilities held for trading, net: Other (including hybrid instruments);;;Thousands
KRI;y_axis_rc_code;PROF4_annual;Annual Net revenue to total assets;;;%
KRI;y_axis_rc_code;LIQ202;CBC Quality ratio;;;%
KRI;y_axis_rc_code;LIQ251;Backtesting Planned vs Actual Total Assets;;;%
KRI;y_axis_rc_code;CACE0600;Pillar I Settlement and delivery risk capital requirements;;;Thousands
KRI;y_axis_rc_code;LIQV0186;3Y Forecast for Other Liabilities;;;Thousands
KRI;y_axis_rc_code;CRMAT_A401;Absolute volume of Central banks and General governments portfolio;;;Millions
KRI;y_axis_rc_code;CRED422;Counterparty Credit Risk: Derivatives lower quality collateral received∕ Total Collateral received;;;%
KRI;y_axis_rc_code;CRMAT_F101;Share of Performing Loans and Advances to Households with Forbearance Measures to Total Performing Loans and Advances to Households;;;%
KRI;y_axis_rc_code;LIQ240b;Contractual 2Y Gap (excl. retail and operational deposits) to Total Assets;;;%
KRI;y_axis_rc_code;CRED371;Stage 2 Coverage Ratio;;;%
KRI;y_axis_rc_code;CRED239;Variation rate of loans to NFC by NACE economic sector - Arts, entertainment and recreation;;;%
KRI;y_axis_rc_code;CRED409;Central banks and general governments: UTP share of total NPL;;;%
KRI;y_axis_rc_code;CRED440;Credit institutions and other financial institutions: Movements among Stages S1-S3 (% of all movements);;;%
KRI;y_axis_rc_code;CAP61;Combined buffer requirement;;;Thousands
KRI;y_axis_rc_code;IDCARD420_LSI;deposits from non-financial corporations;;;Thousands
KRI;y_axis_rc_code;IRRBB19;Change in the forecasted net interest income of the banking book under parallel interest rate increase ∕ decrease of 200 bps (worst of both shifts) divided by Annualised total net interest income;;;%
KRI;y_axis_rc_code;PRFI4400;Impairments on non-financial assets;;;Millions
KRI;y_axis_rc_code;MARK15;Breakdown of financial liabilities held for trading - Deposits;;;%
KRI;y_axis_rc_code;CACE0300;Pillar I Securitisation capital requirements;;;Thousands
KRI;y_axis_rc_code;LIQ248;Share of securitisations issued in Asset Encumbrance sources;;;%
KRI;y_axis_rc_code;STCE0407;Total capital requirements before cap: on balance sheet items as sponsor – traditional sec - IRB;;;Thousands
KRI;y_axis_rc_code;WS1NonEUCount;# of countries active outside SSM;;;Unit
KRI;y_axis_rc_code;CAP115;AT1 requirement;;;%
KRI;y_axis_rc_code;CAP141;TREA Standardized models;;;Thousands
KRI;y_axis_rc_code;CLIM14;Emission intensity in the NFC portfolio (Scope 1, 2 and 3) (non-EU);;;%
KRI;y_axis_rc_code;PROF50_1;Staff expenses over total operating income;;;%
KRI;y_axis_rc_code;CRED434;Credit institutions and other financial institutions: Coverage S1;;;%
KRI;y_axis_rc_code;CRFA1300;All allowances debt instruments;;;Thousands
KRI;y_axis_rc_code;DQI4;Accuracy – data quality indicator;;;Unit
KRI;y_axis_rc_code;CRED474;Share of securitisation in total asset encumbrance  of the bank;;;%
KRI;y_axis_rc_code;PRFI0300;Net fee & commission income;;;Thousands
KRI;y_axis_rc_code;MARK18;Financial liabilities designated at FVPL ∕ (Total liabilities + Equity);;;%
KRI;y_axis_rc_code;LEV005;Exposures exempted in accordance with point (j) of Article 429a(1) CRR;;;Millions
KRI;y_axis_rc_code;LEV410_LSI;Exposure adjustments (SFTs+Derivatives) over TLRE;;;%
KRI;y_axis_rc_code;DQI1;Overall data quality indicator;;;Unit
KRI;y_axis_rc_code;CRED405;Central banks and general governments: S3 share of total NPL;;;%
KRI;y_axis_rc_code;CRED465;Households: NP HH-Rre with Forbearance Measures∕ Total HH-RRE;;;%
KRI;y_axis_rc_code;PROF211_YE;Present value of defined benefit obligations ∕RWA - year-end;;;%
KRI;y_axis_rc_code;LIQV0002;Unencumbered eligible assets;;;Thousands
KRI;y_axis_rc_code;IDCARD540;AVA Equivalent Risk Exposure;;;Thousands
KRI;y_axis_rc_code;LEV012;Exposures deducted in accordance with point (q) of Article 429a(1) CRR;;;%
KRI;y_axis_rc_code;PRFI2300;Net Profit ∕ Loss;;;Millions
KRI;y_axis_rc_code;IDCARD683;OCR + P2G (ID CARDS);;;%
KRI;y_axis_rc_code;ORCE1606;Total loss amount for payment and settlement;;;Millions
KRI;y_axis_rc_code;MR_RMR_63;Trading interest rate derivatives (Liabilities) excluding Economic hedges to Total Liabilities;;;%
KRI;y_axis_rc_code;IRRBB181;Share of wholesale non-financial NMDs;;;%
KRI;y_axis_rc_code;LIQV0153;Actual Total Equity;;;Thousands
KRI;y_axis_rc_code;LIQST010;Funding deficit∕surplus (as % of total assets) Extreme case 1 Month.;;;%
KRI;y_axis_rc_code;LEV202;Average density of CCFs for the leverage ratio exposure purposes;;;%
KRI;y_axis_rc_code;IRRBB227;quarterly volatility of realized earnings over Tier 1 capital;;;%
KRI;y_axis_rc_code;IRRBB179;Share of NMDs in total BB liabilities;;;%
KRI;y_axis_rc_code;LIQ74;deposits from households;;;Thousands
KRI;y_axis_rc_code;CRED352;Coverage ratio for all non performing debt instruments including held for sale;;;%
KRI;y_axis_rc_code;LIQV0184;3Y Forecast for Long-term Debt Securities;;;Thousands
KRI;y_axis_rc_code;CAP131;Leverage ratio headroom above OLRR and P2G (phased-in) as % of Leverage Exposure;;;%
KRI;y_axis_rc_code;LIQV0095;ABS securities issued;;;Thousands
KRI;y_axis_rc_code;IRRBB213;Average repricing time Loan and advancess secured by RRE: Parallel Shock Down - Behavioral Baseline;;;Months
KRI;y_axis_rc_code;OPER6;Ratio operational risk capital requirements to total capital requirements;;;%
KRI;y_axis_rc_code;CAP93;OCR: to be made up of CET1 capital;;;%
KRI;y_axis_rc_code;MR_NRMR_EQR_SBM_1;Capital requirements proxy for Equity risk in the banking book;;;Year(s)
KRI;y_axis_rc_code;LIQV0010;short term (1Y) money due from credit institutions;;;Thousands
KRI;y_axis_rc_code;MRCE0402;Total capital requirements for banks using internal models - Previous day VaR;;;Thousands
KRI;y_axis_rc_code;IDCARD671;T1 ratio (fully loaded) Numerator;;;Thousands
KRI;y_axis_rc_code;SNL243500;Employees;;;Unit
KRI;y_axis_rc_code;OPER21;Ratio loss amount for retail brokerage to total loss amount;;;%
KRI;y_axis_rc_code;LIQ226;Share in Funding Concentration per Counterparty Sector: General governments (eba_CT:x1);;;%
KRI;y_axis_rc_code;CRED125;Breakdown of total loans by NACE economic sector - Non-financial corporations;;;%
KRI;y_axis_rc_code;LANP0300a;Total loans and advances. Non-Performing. Gross carrying amount.;;;Millions
KRI;y_axis_rc_code;CRED191;Traditional securitisation, outstanding amount, sponsor, on-balance sheet items;;;%
KRI;y_axis_rc_code;IDCARD72;Credit Risk RWA;;;Millions
KRI;y_axis_rc_code;CRED477;Total notional amount of senior tranches of originated SRT securitizations;;;Millions
KRI;y_axis_rc_code;MR_PRR_XVA_BWL_1;3-year weighted volatility of quarterly xVA changes to Total CET1;;;%
KRI;y_axis_rc_code;MARK9_B;Breakdown of financial assets designated at FVPL: Loans and advances;;;%
KRI;y_axis_rc_code;LIQ73;Non-financial corporations deposits;;;Thousands
KRI;y_axis_rc_code;PRFI1100;Profit or loss after tax from continuing operations;;;Millions
KRI;y_axis_rc_code;PROF5_ANNUAL_ONEOFF;Cost∕income ratio, excluding one-offs;;;%
KRI;y_axis_rc_code;LIQ302;3Y Forecasted Growth for Innovative Instruments;;;%
KRI;y_axis_rc_code;PROF93;NFC loans coming from the main business sector by NACE codes∕ Total NFC loans;;;%
KRI;y_axis_rc_code;PRFI0100_Annual;Annual net interest income (quarter to quarter);;;Millions
KRI;y_axis_rc_code;PROF1;Profitability of the income (after tax);;;%
KRI;y_axis_rc_code;MARK128_C;Change in the total general government exposures over the past 6 months;;;%
KRI;y_axis_rc_code;MARK10_B;(Financial assets held for trading + financial assets designated at FVPL) ∕ Total assets;;;%
KRI;y_axis_rc_code;IDCARD549;NII evolution;;;%
KRI;y_axis_rc_code;MR_RMR_BWL_WSTD_NUM_1;Support formula to calculate other KRIs.;;;Millions
KRI;y_axis_rc_code;LIQST001;Survival Period Baseline case (days).;;;Days
KRI;y_axis_rc_code;CRED442;Credit institutions and other financial institutions: Outflow to NPLs (Abs.) [All L&A except HfT and HfS];;;Millions
KRI;y_axis_rc_code;LIQ271;1Y Forecasted Growth of Derivatives Assets;;;%
KRI;y_axis_rc_code;LIQV0155;Actual NSFR;;;%
KRI;y_axis_rc_code;IRRBB259;UL amount from total assets and liabilities (before hedges, behaviour and other economic value-relevant aspects) ∕ Tier 1 capital;;;%
KRI;y_axis_rc_code;LIQ94;Covered bonds ratio (% of total liabilities);;;%
KRI;y_axis_rc_code;CRED450;Households: Coverage S1;;;%
KRI;y_axis_rc_code;LIQ15;Loan to Stable Funding Ratio;;;%
KRI;y_axis_rc_code;CRED400;Central banks and general governments: Inflow to NPLs (Abs.) [All L&A except HfT and HfS];;;Millions
KRI;y_axis_rc_code;MR_NRMR_SFX_BWL_SUM;Support formula to calculate other KRIs.;;;Millions
KRI;y_axis_rc_code;MARK96_B;Level 3 assets ( at fair value through other comprehensive income) ∕ Assets at fair value through other comprehensive income;;;%
KRI;y_axis_rc_code;CAP113;P2R (CET1);;;%
KRI;y_axis_rc_code;MR_PRR_FADJ_DENSITY_EQ;Total FVadj on Equities on total Equities exposure;;;%
KRI;y_axis_rc_code;MARK113;Phase 1 report information Forex;;;%
KRI;y_axis_rc_code;CRED128;Herfindahl index built on NACE sector aggregated data;;;%
KRI;y_axis_rc_code;PRFI0400_LINEAR;Net trading income. Linear (YTD) annualization.;;;Unit
KRI;y_axis_rc_code;LIQV0090;CB credit facility;;;Thousands
KRI;y_axis_rc_code;MARK63;Breakdown of market risk capital requirements under standardised approaches (SA) - traded debt instruments;;;%
KRI;y_axis_rc_code;LANP0600A;Total loans and advances - Credit Institutions. Non-Performing. Gross carrying amount;;;Millions
KRI;y_axis_rc_code;CRED215;Breakdown of loans to NFC by NACE economic sector: Education;;;%
KRI;y_axis_rc_code;IRRBB104;Change in the economic value of equity under Steepener divided by Tier 1 capital;;;%
KRI;y_axis_rc_code;CRED207;Breakdown of loans to NFC by NACE economic sector: Wholesale and retail trade;;;%
KRI;y_axis_rc_code;STCE0202;Total capital requirements before cap: off balance sheet items and derivatives as originator – traditional sec - SA;;;Thousands
KRI;y_axis_rc_code;CRMAT_V402;Share of RWA for exposures to Central banks and General Governments over Total Credit RWA;;;%
KRI;y_axis_rc_code;CRED128_N;HERFINDALHL INDEX ON NACE SECTORS FOR NFC PORTFOLIOS;;;%
KRI;y_axis_rc_code;CACO5700;Total original own funds for general solvency purposes;;;Thousands
KRI;y_axis_rc_code;CRED226;Variation rate of loans to NFC by NACE economic sector - Electricity, gas, steam and air conditioning supply;;;%
KRI;y_axis_rc_code;CRED202;Breakdown of loans to NFC by NACE economic sector: Mining and quarrying;;;%
KRI;y_axis_rc_code;CRED415;Country risk: Top 1 country with highest exposure (% over total exposure);;;%
KRI;y_axis_rc_code;CRMAT_V131;Share of Loans and Advances to Households Other than Secured by RRE and Credit for consumption over Total Loans and Advances;;;%
KRI;y_axis_rc_code;LIQ303;3Y Forecasted Growth for Public Funding;;;%
KRI;y_axis_rc_code;LIQV0145;Actual Total Liabilities;;;Thousands
KRI;y_axis_rc_code;MR_RMR_FRTB_13;Impact of low correlation scenario on SBM OFR;;;%
KRI;y_axis_rc_code;MR_RMR_COM_BWL_SUM;Support formula to calculate other KRIs.;;;Millions
KRI;y_axis_rc_code;CRED49_1;Breakdown of total loans by type of Counterparty - Non-financial corporations;;;%
KRI;y_axis_rc_code;CRMAT_O201;Share Off-Balance sheet commitments to NFCs over Total On-Balance Sheet Loans and Advances;;;%
KRI;y_axis_rc_code;CRFA0600;Non performing loans and advances;;;Millions
KRI;y_axis_rc_code;BSFL2600;Financial liabilities measured at fair value to profit or loss excluding those held for trading;;;Thousands
KRI;y_axis_rc_code;CLIM04;Share of gross fee and commission income from carbon intensive sectors in the NFC portfolio (non-EU);;;%
KRI;y_axis_rc_code;PRFI4600_T1;Projected Net Trading (and Investment) Income at t+1;;;Thousands
KRI;y_axis_rc_code;CACE1301;Credit risk capital requirements: IRB exposure classes excluding securitisation positions: Central Government and Central Banks;;;Thousands
KRI;y_axis_rc_code;CRCE0206;Original exposure pre-conversion factors exposures class-by-exposure class (IRB): Institutions;;;Thousands
KRI;y_axis_rc_code;MR_PNL_TB_EH;P&L from Economic hedges (Trading);;;Millions
KRI;y_axis_rc_code;BSFA0400;Investments in subs∕JV∕assoc;;;Thousands
KRI;y_axis_rc_code;MR_PRR_FADJ_DENSITY_L3_DERIV;Total FVadj on L3 derivatives on total L3 derivatives exposure;;;%
KRI;y_axis_rc_code;CRED456;Households: Outflow - Share of NPLs to HH at the end of last Quarter that become Performing in the Quarter;;;%
KRI;y_axis_rc_code;MRFA4900_1;Financial assets at fair value through other comprehensive income: Fair value level 3;;;Thousands
KRI;y_axis_rc_code;MR_FVADS_THR;Threshold for triggering Market Risk flag in the P2R methodology;;;%
KRI;y_axis_rc_code;IDCARD77;Debt securities issued;;;Thousands
KRI;y_axis_rc_code;OPER66;Maximum single loss for external fraud;;;Millions
KRI;y_axis_rc_code;PROF4_quarterly;Quaterly Net revenue to total assets;;;%
KRI;y_axis_rc_code;CRED82;Inflows and outflows of Allowances by type of delinquencies, by type of counterparty - Credit institutions;;;%
KRI;y_axis_rc_code;LIQ277;1Y Forecasted Growth of Long-term Debt Securities;;;%
KRI;y_axis_rc_code;LIQ246;Share of Other Collateralised deposits in Asset Encumbrance sources;;;%
KRI;y_axis_rc_code;CRMAT_V201;Share of Loans and Advances to NFCs over Total Loans and Advances;;;%
KRI;y_axis_rc_code;BSFL0300;Debt securities issued;;;Thousands
KRI;y_axis_rc_code;LIQV0156;Planned 1Y LCR;;;%
KRI;y_axis_rc_code;MREL_SUPPLY_TEM;Own funds and eligible liabilities as a percentage of the total exposure measure. External and internal MREL include a risk- and a leverage-based dimension which are both legally binding.;;;Unit
KRI;y_axis_rc_code;ORNE1637;Sum of five largest losses for retail brokerage;;;Thousands
KRI;y_axis_rc_code;LIQ132;CHF committed facilities ∕ Total CBC;;;%
KRI;y_axis_rc_code;CRED377;Share of Stage 3 on Total Loans;;;%
KRI;y_axis_rc_code;OPER116;Total net loss amount for employment practices and workplace safety including loss adjustments relating to previous reporting periods;;;Unit
KRI;y_axis_rc_code;CACE1501;Credit risk capital requirements under IRB approaches when own estimates of LGD and∕or conversion factors are used: IRB exposure classes excluding securitisation positions: Central Government and Central Banks;;;Thousands
KRI;y_axis_rc_code;IDCARD413_LSI;Risk weighted exposure amounts for credit and counterparty risk;;;Thousands
KRI;y_axis_rc_code;CRED211;Breakdown of loans to NFC by NACE economic sector: Real estate activities;;;%
KRI;y_axis_rc_code;PROF72;Interest income from Households∕ Total loans and advances interest income;;;%
KRI;y_axis_rc_code;GBDA0100;Total assets. Counterparties in SSM countries excluding Domestic country;;;Millions
KRI;y_axis_rc_code;RES001;Custody assets (total);;;Millions
KRI;y_axis_rc_code;LIQV0205;1Y Forecast for Non-Financial Corporates Deposits;;;Thousands
KRI;y_axis_rc_code;SFIP0200;NSFR components. Retail deposits;;;Millions
KRI;y_axis_rc_code;MARK110;Phase 1 report information TDI;;;%
KRI;y_axis_rc_code;PRFI4600_ANNUAL_ONEOFF;Trading income, excluding one-offs;;;Millions
KRI;y_axis_rc_code;IDCARD17;Derivative liabilities;;;Thousands
KRI;y_axis_rc_code;CRCE0606;Exposure value exposure class-by-exposure class (IRB): Institutions;;;Millions
KRI;y_axis_rc_code;PRFI6100;Three Year Average Net Trading (and Investment) Income;;;Millions
KRI;y_axis_rc_code;IDCARD85;RWA for credit risk (top 3rd country);;;Thousands
KRI;y_axis_rc_code;CACE1204;Credit risk capital requirements: SA exposure classes excluding securitisation positions: Multilateral Development Banks;;;Thousands
KRI;y_axis_rc_code;MR_PRR_CVA_PIT;OTC derivatives and SFTs exposed to CVA risk (Fair value) to Total Assets [Max(T, average 4 quarters)];;;%
KRI;y_axis_rc_code;CRCE0502;Exposure value exposure class-by-exposure class (SA): Regional governments or local authorities;;;Millions
KRI;y_axis_rc_code;CRED133;Increase of PD by Exposure class (for IRB and FIRB banks). FIRB Institutions;;;%
KRI;y_axis_rc_code;STCE0305;Total exposure value: on balance sheet items as sponsor – traditional sec - IRB;;;Thousands
KRI;y_axis_rc_code;ORCE1638;Loss adjustments for employment practices and workplace safety;;;Millions
KRI;y_axis_rc_code;MRFA3200;Financial assets held for trading: Debt securities - Central banks;;;Thousands
KRI;y_axis_rc_code;PRFI3400;Interest income;;;Thousands
KRI;y_axis_rc_code;CAP119;AT1∕T2 Gap;;;%
KRI;y_axis_rc_code;CRED430;Counterparty Credit Risk: SFTs lower quality collateral received∕ Total Collateral received;;;%
KRI;y_axis_rc_code;CRED391;Stage 2 coverage ratio;;;%
KRI;y_axis_rc_code;CRFA3600_LSI;Loans and advances. Consumer credit;;;Millions
KRI;y_axis_rc_code;IRRBB177;Worst EVE projection (including parallel shock down, shorts rates shock down, steepener, flattener) divided by Tier 1 Capital;;;%
KRI;y_axis_rc_code;PRFI2000;Profit or loss after tax from discontinued operations;;;Millions
KRI;y_axis_rc_code;LIQ285;3Y Forecasted Growth of Reverse Repurchase Agreements;;;%
KRI;y_axis_rc_code;CRED253_1;Variation rate of NPLs by type of counterparty - Credit institutions and other financial corporations;;;%
KRI;y_axis_rc_code;CRED246;Inflow of non-performing loans of the year ∕ Performing loans at the end of the previous year (including interbank exposures);;;%
KRI;y_axis_rc_code;LIQV0203;Actual Financial Corporates Deposits;;;Thousands
KRI;y_axis_rc_code;IDCARD535;Leverage ratio (transitional) - Numerator;;;Thousands
KRI;y_axis_rc_code;LIQV0190;Actual Innovative Instruments;;;Thousands
KRI;y_axis_rc_code;CRED396;Central banks and general governments: Coverage S1;;;%
KRI;y_axis_rc_code;CRED310;NPL Forbearance ratio over total forbearance;;;%
KRI;y_axis_rc_code;CAPA0012;(-) Excess deduction from AT1 items over AT1 Capital;;;Thousands
KRI;y_axis_rc_code;CAP106;G-SII Buffer (%);;;%
KRI;y_axis_rc_code;MR_BWL_WEIGHTS_1;Support formula to calculate other KRIs.;;;Millions
KRI;y_axis_rc_code;CRED46_1;Breakdown of total loans by type of Counterparty - General governments;;;%
KRI;y_axis_rc_code;IDCARD81;Operational Risk RWA;;;Thousands
KRI;y_axis_rc_code;LIQV0078;5Y covered bonds spread (in basis points);;;Unit
KRI;y_axis_rc_code;BSFA0900;Tangible assets;;;Thousands
KRI;y_axis_rc_code;PRFI6200;Gains and losses on financial assets and liabilities;;;Thousands
KRI;y_axis_rc_code;LIQ111;Illiquid assets ratio;;;%
KRI;y_axis_rc_code;CRED99;Composition of securitised exposures. Securitised exposures by type of assets ∕ Total securitised assets - Loans to corporates or SMEs (treated as corporates);;;%
KRI;y_axis_rc_code;IDCARD527;loans to other financial corporations;;;Millions
KRI;y_axis_rc_code;LIQ41;Short term wholesales funding ratio;;;%
KRI;y_axis_rc_code;LANP0800;Loans and advances at amortised cost. Accumulated impairment on non-performing exposure;;;Millions
KRI;y_axis_rc_code;CACE1206;Credit risk capital requirements: SA exposure classes excluding securitisation positions: Institutions;;;Thousands
KRI;y_axis_rc_code;LRLM0200;Total stock of high quality liquid assets plus usage of alternative treatment;;;Millions
KRI;y_axis_rc_code;CRED393_B_THR;Threshold for triggering Credit Risk flag in the P2R methodology;;;%
KRI;y_axis_rc_code;IRRBB21;Change in the forecasted net interest income of the banking book under parallel interest rate increase ∕ decrease of 200 bps (worst of both shifts) divided by Total equity;;;%
KRI;y_axis_rc_code;IDCARD40;Derivatives;;;Thousands
KRI;y_axis_rc_code;LIQV0128;Planned 1Y Reverse Repurchase Agreements;;;Thousands
KRI;y_axis_rc_code;LANP0700;Total Loans and advances. Accumulated impairment (except HFT);;;Millions
KRI;y_axis_rc_code;CRED463;Non Financial Coorporations: Movements among Stages S1-S2 (% of all movements);;;%
KRI;y_axis_rc_code;PRFI4000_QUARTERLY;Quarterly Impairments, excluding one-offs;;;Millions
KRI;y_axis_rc_code;CAP96;OCR and P2G: to be made up of CET1 capital;;;%
KRI;y_axis_rc_code;STCE0610;Total securitised exposures. Commercial mortgages;;;Thousands
KRI;y_axis_rc_code;LIQV0080;10Y unsecured wholesale deposits spread (in basis points);;;Unit
KRI;y_axis_rc_code;CRFA2600;Allowances for individually and collectively assessed loans and advances: decreases due to amounts reversed for estimated loan losses during the period;;;Thousands
KRI;y_axis_rc_code;LIQ236;Share in Buffer Concentration per Issuer Sector: Credit institutions (eba_CT:x12);;;%
KRI;y_axis_rc_code;CRED453;Households: Inflow - Share of NPLs to HH at the end of last Quarter that become Non- Performing in the Quarter;;;%
KRI;y_axis_rc_code;IDCARD88;Assets (top 2nd country);;;Thousands
KRI;y_axis_rc_code;PROF173;Forecast error Average CRA;;;%
KRI;y_axis_rc_code;CRED316;NPL Forbearance ratio - Other financial corporations;;;%
KRI;y_axis_rc_code;CRED492;Derivatives CCR exposure value as a share of total CCR exposure value;;;%
KRI;y_axis_rc_code;PRFI1200;ow: attributable to owners of the parent;;;Thousands
KRI;y_axis_rc_code;LIQ108;Long term funding ratio;;;%
KRI;y_axis_rc_code;MRFA1300_1;Financial assets designated at fair value through profit or loss: Debt securities;;;Thousands
KRI;y_axis_rc_code;CRED23_LSI;Quality of the portfolio. Inflow of non-performing loans of the year ∕ Performing loans at the end of the previous year (excluding interbank loans);;;%
KRI;y_axis_rc_code;CAP103;Conservation Buffer due to macro-prudential or systemic risk identified at the level of a Member State (%);;;%
KRI;y_axis_rc_code;LANP0300;Loans and advances at amortised cost. Non-Performing. Gross carrying amount;;;Millions
KRI;y_axis_rc_code;CACO1200;Reserves;;;Thousands
KRI;y_axis_rc_code;CRCE0515;Exposure value exposure class-by-exposure class (SA): Other items;;;Millions
KRI;y_axis_rc_code;CRED88;LTV Ratio NPL by type of counterparty - Central Banks;;;%
KRI;y_axis_rc_code;CRED176;Credit risk capital requirements under IRB approaches when neither own estimates of LGD nor conversion factors are used: IRB exposure classes excluding securitisation positions: Central Government and Central Banks;;;%
KRI;y_axis_rc_code;CRED480;Total notional amount of First Loss tranches of originated SRT securitizations;;;Millions
KRI;y_axis_rc_code;MRCE2915;Stressed VaR. Multiplication factor (ms) x average of previous 60 working days (SVaRavg): Foreign exchange risk;;;Thousands
KRI;y_axis_rc_code;MR_RMR_BWL_SUM_1;Support formula to calculate other KRIs.;;;Millions
KRI;y_axis_rc_code;OPER107;Total net loss amount for external fraud excluding loss adjustments relating to previous reporting periods;;;Unit
KRI;y_axis_rc_code;PRFI4600_QUARTERLY_ONEOFF;Quarterly trading income, excluding one-offs;;;Millions
KRI;y_axis_rc_code;CAP11;Composition of own funds: Eligible reserves;;;%
KRI;y_axis_rc_code;BSFA3100;Equity instruments other than held for trading and Investments in associates, subsidiaries jv;;;Thousands
KRI;y_axis_rc_code;LIQ274;1Y Forecasted Growth of Repurchase Agreements;;;%
KRI;y_axis_rc_code;MR_RMR_FRTB_15;Impact of all correlation scenarios on SBM OFR;;;%
KRI;y_axis_rc_code;MARK14;Breakdown of financial liabilities held for trading - Short positions;;;%
KRI;y_axis_rc_code;LIQV0166;1Y Forecast for Deposits;;;Thousands
KRI;y_axis_rc_code;CAP19;Composition of own funds: Share premium;;;%
KRI;y_axis_rc_code;LIQV0111;Total assets and received collateral;;;Thousands
KRI;y_axis_rc_code;BSFA1000;Goodwill;;;Thousands
KRI;y_axis_rc_code;CRED83;Inflows and outflows of Allowances by type of delinquencies, by type of counterparty - Other financial corporations;;;%
KRI;y_axis_rc_code;CRED247;Coverage ratio. Specific allowances for loans on Non-performing loans (alternative approach SPE2);;;%
KRI;y_axis_rc_code;LIQV0183;3Y Forecast for Short-term Debt Securities;;;Thousands
KRI;y_axis_rc_code;LIQ92;CD ratio (% of total liabilities);;;%
KRI;y_axis_rc_code;MR_RMR_COM_SIZE;Trading derivative sensitive to COM (Fair value) to Total Assets;;;%
KRI;y_axis_rc_code;MR_BWL_SUM_WM_1;Support formula to calculate other KRIs.;;;%
KRI;y_axis_rc_code;MARK59;Breakdown of net gains on financial assets and liabilities held for trading - Commodities and related derivatives;;;%
KRI;y_axis_rc_code;PROF51;3Y average Cost of Risk;;;%
KRI;y_axis_rc_code;IDCARD78;ow: paid-in capital;;;Thousands
KRI;y_axis_rc_code;IRRBB184;Average maturity of NMDs across types and currencies;;;Months
KRI;y_axis_rc_code;LIQST009;Funding deficit∕surplus (as % of total assets) Adverse case 6 Month.;;;%
KRI;y_axis_rc_code;PROF5_BANKSTATS;Cost∕income ratio - adapted (bankstats);;;%
KRI;y_axis_rc_code;IRRBB193;Deposits from Natural persons <50k + SME < 100k ∕ Total NMDs;;;%
KRI;y_axis_rc_code;MARK52_abs;Net gains on financial assets and liabilities held for trading ∕ Total operating income;;;%
KRI;y_axis_rc_code;OPER78;Sum of the five largest losses for execution, delivery and process management;;;Millions
KRI;y_axis_rc_code;CRED45_1;Breakdown of total loans by type of Counterparty - Central banks;;;%
KRI;y_axis_rc_code;IDCARD56;Other;;;Millions
KRI;y_axis_rc_code;CACE1307;Credit risk capital requirements: IRB exposure classes excluding securitisation positions: Corporates;;;Thousands
KRI;y_axis_rc_code;MRCE0921;Market risk capital requirements for SA banks: Traded debt instruments: General and specific risk reported in MKR SA TDI;;;Thousands
KRI;y_axis_rc_code;BSFA0500;Loans and advances to credit institutions;;;Millions
KRI;y_axis_rc_code;CRNA111F;Gross carrying amount of loans and advances to non-financial corporations - Construction;;;Millions
KRI;y_axis_rc_code;PROF123;Projected Total profit or loss after tax ∕ Total assets at t+1;;;%
KRI;y_axis_rc_code;MARK121_B;(Assets at fair value through other comprehensive income + FVPL assets and liabilities) ∕ Total assets;;;%
KRI;y_axis_rc_code;CRFA0605;Loans and advances. Households;;;Thousands
KRI;y_axis_rc_code;CRED394_THR;Threshold for triggering Credit Risk flag in the P2R methodology;;;%
KRI;y_axis_rc_code;LIQV0196;3Y Forecast for Innovative Instruments;;;Thousands
KRI;y_axis_rc_code;CRED182;Credit risk capital requirements under IRB approaches when own estimates of LGD and ∕ or conversion factors are used: IRB exposure classes excluding securitisation positions: Retail;;;%
KRI;y_axis_rc_code;CRED219;Breakdown of total loans by NACE economic sector - Households: credit for consumption;;;%
KRI;y_axis_rc_code;IRRBB174_THR;Threshold for triggering IRRBB flag in the P2R methodology;;;%
KRI;y_axis_rc_code;LIQV0040;Financial guarantees given;;;Thousands
KRI;y_axis_rc_code;BSFL0100;deposits from banks;;;Thousands
KRI;y_axis_rc_code;CACE1000;Market risk capital requirements under simplifed standardised approaches;;;Thousands
KRI;y_axis_rc_code;IDCARD325;Coverage ratio denominator (IDCARD129);;;Thousands
KRI;y_axis_rc_code;OPER16;Ratio gross loss amount for damage to physical assets to total gross loss amount;;;%
KRI;y_axis_rc_code;LIQV0086;Liabilities providing stable funding in USD;;;Thousands
KRI;y_axis_rc_code;PRFI4100_ANNUAL;Annualized Dividend Income, excluding trading dividend income;;;Millions
KRI;y_axis_rc_code;IDCARD87_LSI_MT;Geographical breakdown of assets. SSM country - Malta;;;Thousands
KRI;y_axis_rc_code;PROF92;NFC loans coming from Other services (NACE code)∕ Total NFC loans;;;%
KRI;y_axis_rc_code;PROF119;Size of Assets under Custody compared to total assets;;;%
KRI;y_axis_rc_code;IDCARD409_LSI;Provisions & impairments;;;Thousands
KRI;y_axis_rc_code;CRED385;Gross NPL ratio (excluding cash balances at central banks);;;%
KRI;y_axis_rc_code;OPER42_LSI;3-year average of the relevant indicator over Total Own Funds;;;%
KRI;y_axis_rc_code;IRRBB20;Change in the forecasted net interest income of the banking book under parallel interest rate increase ∕ decrease of 200 bps (worst of both shifts) divided by Interest bearing assets;;;%
KRI;y_axis_rc_code;CRCE0601;Exposure value exposure class-by-exposure class (IRB): Central governments and central banks;;;Millions
KRI;y_axis_rc_code;LEV411B_LSI;Nominal value of additional own funds (SFTs);;;Millions
KRI;y_axis_rc_code;LIQ262;Backtesting Planned vs Actual Derivatives Liabilities;;;%
KRI;y_axis_rc_code;OPER38;Ratio sum of the five largest losses for asset management to sum across all business lines of the sums of the five largest business line losses;;;%
KRI;y_axis_rc_code;PROF79;NFC loans coming from Construction (NACE code)∕ Total NFC loans;;;%
KRI;y_axis_rc_code;IRRBB251;Average share of deposits subject to behavioral modelling;;;%
KRI;y_axis_rc_code;IDCARD109;Total liabilities and equity;;;Thousands
KRI;y_axis_rc_code;IDCARD50;Other assets;;;Millions
KRI;y_axis_rc_code;LIQV0096;Issued covered bonds;;;Thousands
KRI;y_axis_rc_code;CRED410_B;Support formula to calculate other KRIs.;;;%
KRI;y_axis_rc_code;CRED252_1;Variation rate of NPLs by type of counterparty - Central banks and general governments;;;%
KRI;y_axis_rc_code;PRFI1800;Gains (losses) on financial assets and liabilities held for trading, net: Credit risk instruments and related derivatives;;;Thousands
KRI;y_axis_rc_code;LIQV0171;1Y Forecast for Total Equity;;;Thousands
KRI;y_axis_rc_code;MR_RMR_IRR_BWL_WEIGHTS;Support formula to calculate other KRIs.;;;Millions
KRI;y_axis_rc_code;MR_FWL_CVA;Potential impacts coming from CVA risk to Total RWA;;;%
KRI;y_axis_rc_code;CRED205;Breakdown of loans to NFC by NACE economic sector: Water supply;;;%
KRI;y_axis_rc_code;IDCARD686;P2G (LR);;;%
KRI;y_axis_rc_code;PROF88;NFC loans coming from Public administration and defence, compulsory social security (NACE code)∕ Total NFC loans;;;%
KRI;y_axis_rc_code;IRRBBMAT_5;Average weighted maturity Non-maturing deposits after modelling;;;Months
KRI;y_axis_rc_code;PRFI4600_T3;Projected Net Trading (and Investment) Income at t+3;;;Thousands
KRI;y_axis_rc_code;CRMAT_V502;Share of RWA for Securitisation exposures over Total Credit RWA;;;%
KRI;y_axis_rc_code;CAP23;Composition of own funds: Reserves;;;%
KRI;y_axis_rc_code;PROF98;Interest income from Deposits∕ Total interest income;;;%
KRI;y_axis_rc_code;CRED476;Number of the originated SRT NPE Securitizations.;;;Unit
KRI;y_axis_rc_code;IRRBBMAT_2;Absolute value of Derivatives over sum of total Assets and Liabilities;;;%
KRI;y_axis_rc_code;MR_RMR_FRTB_29;Credit spread risk for securitisation not included in the alternative correlation trading portfolio (non-ACTP CSR) net sensitivity in relation to OFR;;;%
KRI;y_axis_rc_code;MR_PRR_VR_FWL_1;Potential impacts coming from valuation risk to Total CET1;;;%
KRI;y_axis_rc_code;PROF195;Ratio of dividend income to dividend Income, excluding trading income;;;%
KRI;y_axis_rc_code;LIQ245;Share of Repurchase agreements in Asset Encumbrance sources;;;%
KRI;y_axis_rc_code;PROF164;Forecast error CIR t-3;;;%
KRI;y_axis_rc_code;IDCARD37;VaR;;;Thousands
KRI;y_axis_rc_code;MR_PRR_AVA_DENSITY_DERIV;Total AVA on derivatives on total derivatives exposure;;;%
KRI;y_axis_rc_code;IRRBB144;Weighted average repricing maturity of NMDs [Wholesale non-financial];;;Unit
KRI;y_axis_rc_code;LIQ252;Backtesting Planned vs Actual Cash and Cash Balances at CBs;;;%
KRI;y_axis_rc_code;CRED135;Increase of PD by Exposure class (for IRB and FIRB banks). FIRB Corporates;;;%
KRI;y_axis_rc_code;PRFI0500_1;Net gains on financial assets and liabilities designated at FVPL;;;Thousands
KRI;y_axis_rc_code;IRRBB169;Change in NII of the banking book under parallel interest rate increase of 200bps divided by realized NII;;;%
KRI;y_axis_rc_code;MR_NRMR_CSR_BWL_WEIGHTS;Support formula to calculate other KRIs.;;;Millions
KRI;y_axis_rc_code;CLIM25;Share of collateral with unknown EPC in RRE portfolio (non-EU);;;%
KRI;y_axis_rc_code;IDCARD411_LSI;Profit and losses before tax;;;Thousands
KRI;y_axis_rc_code;MR_NRMR_BWL_WEIGHTS_1;Support formula to calculate other KRIs.;;;Millions
KRI;y_axis_rc_code;LIQ79_LSI;Other financial liabilities incl. short positions;;;Thousands
KRI;y_axis_rc_code;IDCARD407_LSI;Tax liabilities;;;Thousands
KRI;y_axis_rc_code;PRFI4000_T2;Projected Net Interest Income, at t+2;;;Thousands
KRI;y_axis_rc_code;OVERLAP_LRE;LR exposure of the Parent ∕ LR exposure of the group;;;%
KRI;y_axis_rc_code;CACE1207;Credit risk capital requirements: SA exposure classes excluding securitisation positions: Corporates;;;Thousands
KRI;y_axis_rc_code;MR_NRMR_EQR_FWL_SBM_1;Capital requirements proxy for Equity risk in the banking book to CET1;;;%
KRI;y_axis_rc_code;IDCARD532;Equity 4Q Average;;;Thousands
KRI;y_axis_rc_code;ORCE1662;Gross loss from new events for employment practices and workplace safety;;;Millions
KRI;y_axis_rc_code;MR_RMR_EQR_BWL_WSTD_NUM;Support formula to calculate other KRIs.;;;Millions
KRI;y_axis_rc_code;MR_NRMR_EQR_SBM_LC;Capital requirements proxy for Equity risk in the banking book – Low correlation scenario;;;Year(s)
KRI;y_axis_rc_code;SUBCOUNT;# of subsidiaries in prudential scope of consolidation;;;Unit
KRI;y_axis_rc_code;IRRBB244;Net Modified Duration (Modified Duration of Assets - Modified Duration of Liabilities);;;%
KRI;y_axis_rc_code;CLIM10;Exposures to 7 key carbon-intensive sectors in the NFC portfolio as share of total NFC exposures (non-EU);;;%
KRI;y_axis_rc_code;MR_RMR_MDL_3;Potential impacts coming from residual risk to Total RWA;;;%
KRI;y_axis_rc_code;LIQV0149;Actual Long-term Debt Securities;;;Thousands
KRI;y_axis_rc_code;MARK27;Breakdown of OTC derivatives (assets) - Rest;;;%
KRI;y_axis_rc_code;CAP24;Dynamics of own funds: Reserves;;;%
KRI;y_axis_rc_code;BSFL0500;Total liabilities;;;Thousands
KRI;y_axis_rc_code;CRMAT_A921;Absolute volume of SFTS CCR RWEA;;;Millions
KRI;y_axis_rc_code;LIQ260;Backtesting Planned vs Actual Short-term Debt Securities;;;%
KRI;y_axis_rc_code;MRFA1000;ow: trading assets;;;Thousands
KRI;y_axis_rc_code;MR_RMR_EQR_FWL;Potential impacts coming from Items at FVPL sensitive to EQ to Total RWA;;;%
KRI;y_axis_rc_code;MRFA3100;Financial assets held for trading: Equity instruments - Non-financial corporations;;;Thousands
KRI;y_axis_rc_code;PRFI5500;Loans subject to impairment granted to NFCs;;;Unit
KRI;y_axis_rc_code;IRRBB214;Economic value of equity under baseline scenario by Tier 1 Capital;;;%
KRI;y_axis_rc_code;CRMAT_V221;Share of Loans and Advances to SMEs over Total Loans and Advances;;;%
KRI;y_axis_rc_code;PROF27;Net fee and commission income to total operating income;;;%
KRI;y_axis_rc_code;CRED55;Increase of total loans by type of Counterparty ∕ Total loans by type of Counterparty - Non-financial corporations;;;%
KRI;y_axis_rc_code;ORCE1665;Gross loss from new events for business disruption and system failures;;;Millions
KRI;y_axis_rc_code;LIQV0136;Actual Derivatives Assets;;;Thousands
KRI;y_axis_rc_code;IRRBB238;2nd biggest contribution to EVE sensitivities (parallel up scenario);;;Months
KRI;y_axis_rc_code;OPER70;Maximum single loss for business disruption and system failures;;;Millions
KRI;y_axis_rc_code;LIQV0042;Loan commitments given;;;Thousands
KRI;y_axis_rc_code;IRRBB145;Weighted average repricing maturity of NMDs:[Retail Transactional] [EUR only];;;Unit
KRI;y_axis_rc_code;LIQV0127;Planned 1Y Cash and Cash Balances at CBs;;;Thousands
KRI;y_axis_rc_code;IRRBB_SV_EVE_6;Change in the Supervisory EVE under IR steepener divided by Tier 1 capital;;;%
KRI;y_axis_rc_code;CRED23T_LSI;Quality of the portfolio. Inflow of non-performing loans of the year ∕ Performing loans at the end of the previous year (including interbank loans);;;%
KRI;y_axis_rc_code;MRCE2918;Stressed VaR. Multiplication factor (ms) x average of previous 60 working days (SVaRavg): Total amount for specific risk;;;Thousands
KRI;y_axis_rc_code;CRED60_1;Breakdown of NPL ratio by type of Counterparty - Other financial corporations;;;%
KRI;y_axis_rc_code;MRCE2400;Memorandum items: SVaR Multiplication Factor (ms);;;%
KRI;y_axis_rc_code;MR_NRMR_CSR_BWL_WSTD_NUM;Support formula to calculate other KRIs.;;;Millions
KRI;y_axis_rc_code;LIQ208;CBC Level 1 assets ratio;;;%
KRI;y_axis_rc_code;CRNAF005;Loans and advances. Forborne exposures. Other financial institutions;;;Thousands
KRI;y_axis_rc_code;BSFL3700;Deposits: Non-financial corporations-Designated at fair value through profit or loss;;;Thousands
KRI;y_axis_rc_code;IRRBB273;ΔNII computed using harmonized EBA criteria (worst scenario) ∕ RWAs;;;%
KRI;y_axis_rc_code;MR_PRR_AVA_DENSITY_EQ;Total AVA on Equities on total Equities exposure;;;%
KRI;y_axis_rc_code;CRED433;Counterparty Credit Risk: Weighted Average Counterparty PD;;;%
KRI;y_axis_rc_code;OVERLAP_TA;TA of the parent ∕ TA of the group;;;%
KRI;y_axis_rc_code;LIQ103;Level 1 Liquid assets to Total Assets;;;%
KRI;y_axis_rc_code;PRFI4100_T1;Projected Dividend Income, at t+1;;;Thousands
KRI;y_axis_rc_code;LIQ278;1Y Forecasted Growth of Derivatives Liabilities;;;%
KRI;y_axis_rc_code;MR_PRR_TOTAL_DENSITY_OTHER;Total AVAs  plus Fadj  on Other securities divided total Other securities exposure;;;%
KRI;y_axis_rc_code;PROF177;Long-term CRA average;;;%
KRI;y_axis_rc_code;IDCARD4;loans to non-financials;;;Thousands
KRI;y_axis_rc_code;MARK100_ANNUAL;Annual net gains on financial assets and liabilities held for trading ∕ Financial assets held for trading;;;%
KRI;y_axis_rc_code;CRFA0708;Loans and advances past due for more than 90 days but not impaired. Non-financial corporations;;;Thousands
KRI;y_axis_rc_code;CLIM11;Emission intensity to 7 key transition sectors in the NFC portfolio (EU);;;%
KRI;y_axis_rc_code;MR_PRR_CVA_BWL_SUM;Support formula to calculate other KRIs.;;;Millions
KRI;y_axis_rc_code;STCE0401;Total capital requirements before cap: on balance sheet items as originator – traditional sec - IRB;;;Thousands
KRI;y_axis_rc_code;IDCARD9;Equity instruments;;;Thousands
KRI;y_axis_rc_code;LIQV0146;Actual Repurchase Agreements;;;Thousands
KRI;y_axis_rc_code;CRED386;FA + HFS ratio: (Net foreclosed assets + net non-performing debt instruments held for sale) ∕ (Total gross loans and advances including debt instrument held for sale + gross foreclosed assets);;;%
KRI;y_axis_rc_code;PROF103;Interest Income coming from main instrument∕ Total interest income;;;%
KRI;y_axis_rc_code;CAP107;O-SII Buffer (%);;;%
KRI;y_axis_rc_code;CRED486;Stage 2 Loans;;;Thousands
KRI;y_axis_rc_code;CRNA111P;Gross carrying amount of loans and advances to non-financial corporations - Education;;;Millions
KRI;y_axis_rc_code;MR_RMR_EQR_FWL_1;Potential impacts coming from Items at FVPL sensitive to EQ to Total CET1;;;%
KRI;y_axis_rc_code;PRFI6300;Three year average Impairments on financial assets (LSIs);;;Unit
KRI;y_axis_rc_code;PROF175;Long-term ROA average;;;%
KRI;y_axis_rc_code;MARK131_C;Share of total general government exposures maturing within 1 year divided by total general government exposures;;;%
KRI;y_axis_rc_code;CRED137;Non-performing loans adjusted with foreclosures ∕ Total loans (excluding interbank exposures);;;%
KRI;y_axis_rc_code;CRMAT_F211;Share of Performing Loans and Advances to Corporates and Large corporates with Forbearance Measures to Total Performing Loans and Advances to Corporates and Large corporates;;;%
KRI;y_axis_rc_code;MR_PRR_XVA_PIT;OTC derivatives and SFTs exposed to xVAs risks (Fair value) to Total Assets [Max(T, average 4 quarters)];;;%
KRI;y_axis_rc_code;IRRBB_SV_EVE_3;Change in the Supervisory EVE under IR short rates shock up divided by Tier 1 capital;;;%
KRI;y_axis_rc_code;CRMAT_V241;Share of Project finance loans over Total Loans and advances;;;%
KRI;y_axis_rc_code;IRRBB199_A;Hedging ratio;;;0
KRI;y_axis_rc_code;LIQ221;Unencumbered Non-CB Eligible Assets & Collateral Received ratio;;;%
KRI;y_axis_rc_code;IRRBB198;Average Percentage of deposits subject to modelling;;;%
KRI;y_axis_rc_code;PROF999;Correction factor Total Assets at t;;;%
KRI;y_axis_rc_code;CACE1508;Credit risk capital requirements under IRB approaches when own estimates of LGD and∕or conversion factors are used: IRB exposure classes excluding securitisation positions: Retail;;;Thousands
KRI;y_axis_rc_code;PROF5;Cost∕income ratio;;;%
KRI;y_axis_rc_code;IDCARD539;Loan to Deposit ratio (NFC & HH);;;%
KRI;y_axis_rc_code;CRCE0105;Original exposure pre-conversion factors exposures class-by-exposure class (SA): International Organisations;;;Thousands
KRI;y_axis_rc_code;PRFI0300_T1;Projected Net fee & commission income at t+1;;;Thousands
KRI;y_axis_rc_code;PRFITAT01;Total Annual Turnover;;;Millions
KRI;y_axis_rc_code;CRED1;Materiality of Credit Risk on Total Asset (Total Loans ∕ Total Assets);;;%
KRI;y_axis_rc_code;MR_NRMR_CSR_SIZE;Banking book items sensitive to CS (Fair value) to Total Assets;;;%
KRI;y_axis_rc_code;IDCARD94;Deposits (top 4th country);;;Thousands
KRI;y_axis_rc_code;CRED259;Evolution Largest 10 exposures  (variation rate);;;%
KRI;y_axis_rc_code;CRED416;Country risk: Top 2 country with highest exposure (% over total exposure);;;%
KRI;y_axis_rc_code;PROF185;HH portfolio CoR using linear annualised numerator and PiT denominator;;;%
KRI;y_axis_rc_code;MARK30;Breakdown of OTC derivatives (liabilities) - Other financial corporations;;;%
KRI;y_axis_rc_code;LEV004;Excluded guaranteed parts of exposures arising from export credits;;;Millions
KRI;y_axis_rc_code;LIQV0114;Total liabilities providing stable funding;;;Millions
KRI;y_axis_rc_code;CRMAT_S121;Share of Performing Loans and Advances to Households Credit for consumption in Stage 2 over Total Performing Loans and Advances to Households Credit for consumption;;;%
KRI;y_axis_rc_code;CRED134;Increase of PD by Exposure class (for IRB and FIRB banks). IRB Corporates;;;%
KRI;y_axis_rc_code;CRED390;Inflow Stage 2 ratio: Inflow in Stage 2 from Stage 1 ∕ Initial stock performing Stage 1;;;%
KRI;y_axis_rc_code;PROF168;Forecast error COR t-1;;;%
KRI;y_axis_rc_code;STCE0206;Total capital requirements before cap: off balance sheet items and derivatives as investor – traditional sec - SA;;;Thousands
KRI;y_axis_rc_code;LIQ253;Backtesting Planned vs Actual Reverse Repurchase Agreements;;;%
KRI;y_axis_rc_code;CRMAT_V921;Share of SFTs CCR RWEA of Total RWA;;;%
KRI;y_axis_rc_code;CRED372;Stage 3 Coverage Ratio;;;%
KRI;y_axis_rc_code;OVERALL_IRRBB;IRRBB capital requirements;;;Thousands
KRI;y_axis_rc_code;CRED410;Central banks and general governments: YoY growth of absolute volume Debt securities to CB&Gs;;;%
KRI;y_axis_rc_code;IRRBB223;earnings (NII and MVC) over tier 1 capital (baseline scenario);;;%
KRI;y_axis_rc_code;CRED420;Counterparty Credit Risk: CB & Gov Share of total CCR EAD;;;%
KRI;y_axis_rc_code;IDCARD531;Tax expenses or income;;;Thousands
KRI;y_axis_rc_code;IRRBB268;Change in the economic value of equity under interest rate increase divided by Tier 1 capital;;;%
KRI;y_axis_rc_code;IDCARD71;ow: reserves;;;Millions
KRI;y_axis_rc_code;CRED179;Credit risk capital requirements under IRB approaches when own estimates of LGD and ∕ or conversion factors are used: IRB exposure classes excluding securitisation positions: Central Government and Central Banks;;;%
KRI;y_axis_rc_code;CAP142;Output floor applied (%);;;%
KRI;y_axis_rc_code;IRRBB273_THR;Threshold for triggering IRRBB flag in the P2R methodology;;;%
KRI;y_axis_rc_code;LIQV0097;Other debt securities issued;;;Thousands
KRI;y_axis_rc_code;CRNA2012;Collateral and other credit enhancement received for impaired and past due loans. Other financial institutions;;;Millions
KRI;y_axis_rc_code;CRED425;Counterparty Credit Risk: EAD unmargined business∕ EAD pre credit risk mitigation;;;%
KRI;y_axis_rc_code;LIQV0023b;Contractual 5Y Gap (excl. retail and operational deposits and incl. CBC);;;Thousands
KRI;y_axis_rc_code;LIQV0133;Actual Cash and Cash Balances at CBs;;;Thousands
KRI;y_axis_rc_code;CRED217;Breakdown of loans to NFC by NACE economic sector: Arts, entertainment and recreation;;;%
KRI;y_axis_rc_code;IRRBB261;Economic value (reported via STE) from hedging ∕ Tier 1 capital;;;%
KRI;y_axis_rc_code;CRMAT_A211;Absolute volume of Corporates and Large corporates portfolio;;;Millions
KRI;y_axis_rc_code;IRRBBMAT_3;Share of NMDs over total Liabilities (excl. derivatives);;;%
KRI;y_axis_rc_code;IDCARD524;General allowances for banking risks - Closing balance;;;Thousands
KRI;y_axis_rc_code;LIQV0150;Actual Derivatives Liabilities;;;Thousands
KRI;y_axis_rc_code;PROF197;Automated viability anchor - Forecast error ROA for t;;;%
KRI;y_axis_rc_code;MR_NRMR_SFX_TOTAL;Total Structural FX position to Total RWA;;;%
KRI;y_axis_rc_code;CRED63_1;Breakdown of NPL ratio Households - residential mortgages;;;%
KRI;y_axis_rc_code;MARK109;Share of derivatives in total assets;;;%
KRI;y_axis_rc_code;IDCARD538;Loan to Deposit ratio - Denominator;;;Thousands
KRI;y_axis_rc_code;BSFL3500;Deposits: Other financial corporations-Amortised cost;;;Thousands
KRI;y_axis_rc_code;PRFI3700;Tax expenses or income related to profit or loss from continuing operations;;;Millions
KRI;y_axis_rc_code;BSFL1100;Financial liabilities held for trading: Deposits (other than from credit institutions);;;Thousands
KRI;y_axis_rc_code;CRED218;Breakdown of loans to NFC by NACE economic sector: Other services;;;%
KRI;y_axis_rc_code;SUBCOUNT_F;Number of subsidiaries under the scope of accounting consolidation as reported in FINREP;;;Unit
KRI;y_axis_rc_code;PROF66;Operating income coming from the main business line∕ Total Operating income, net;;;%
KRI;y_axis_rc_code;PRFI6100_ANNUAL_ONEOFF;3-year Trading income, excluding one-offs;;;Millions
KRI;y_axis_rc_code;MR_RMR_PIT;Assets & liabilities measured at measured at fair value through P&L to Total Assets [Max(T, average 4 quarters)];;;%
KRI;y_axis_rc_code;CRNA1121;Gross carrying amount of loans and advances to households – Credit for consumption (By purpose);;;Millions
KRI;y_axis_rc_code;CACE1507;Credit risk capital requirements under IRB approaches when own estimates of LGD and∕or conversion factors are used: IRB exposure classes excluding securitisation positions: Corporates;;;Thousands
KRI;y_axis_rc_code;CRED119;Evolution of total original exposure by class ∕ Total original exposure. Institutions;;;%
KRI;y_axis_rc_code;MF_FYE;Months from Financial Year End: it indicates the number of months between the financial year end (attribute FINYEAREND in SUBA) and the reported period.;;;Months
KRI;y_axis_rc_code;MARK31;Breakdown of OTC derivatives (liabilities) - Rest;;;%
KRI;y_axis_rc_code;LIQ95;Other debt securities issued ratio (% of total liabilities);;;%
KRI;y_axis_rc_code;CRED165;Credit risk capital requirements under standardised approach: SA exposure classes excluding securitisation positions: Corporates;;;%
KRI;y_axis_rc_code;MR_FWL_BBFVPL_EQ_1;Potential impacts coming from equity risk of BB instruments at FVPL to Total CET1;;;%
KRI;y_axis_rc_code;PROF39_quarterly;Quaterly Recurring earnings;;;%
KRI;y_axis_rc_code;IRRBB237;1st biggest contribution to EVE sensitivities (parallel up scenario);;;Months
KRI;y_axis_rc_code;PROF34;Total profit or loss from continuing operations stemming from domestic activities ∕ Total profit or loss from continuing operations;;;%
KRI;y_axis_rc_code;CRNA111R;Gross carrying amount of loans and advances to non-financial corporations - Arts, entertainment and recreation;;;Millions
KRI;y_axis_rc_code;LIQST006;Funding deficit∕surplus (as % of total assets) Baseline case 6 Month.;;;%
KRI;y_axis_rc_code;IRRBB176;Change in the forecasted net interest income  after a parallel interest rate increase of 200bps divided by Tier 1 Capital;;;%
KRI;y_axis_rc_code;IRRBB228;impact of IR derivatives (excluding hedges) on NII sensitivity (parallel shock up scenario);;;%
KRI;y_axis_rc_code;CRFA0703;Loans and advances past due for more than 90 days but not impaired. General governments;;;Thousands
KRI;y_axis_rc_code;MR_RMR_FXR_BWL_SUM;Support formula to calculate other KRIs.;;;Millions
KRI;y_axis_rc_code;MARK139;Total general government exposures;;;Year(s)
KRI;y_axis_rc_code;LIQV0189;Actual Deposit-like Financial Instruments;;;Thousands
KRI;y_axis_rc_code;LIQ80;Other liabilities;;;Thousands
KRI;y_axis_rc_code;IDCARD534;Loan to stable funding ratio - Denominator;;;Thousands
KRI;y_axis_rc_code;IRRBB272_THR;Threshold for triggering IRRBB flag in the P2R methodology;;;%
KRI;y_axis_rc_code;LANP0200;Loans and advances at amortised cost. Gross carrying amount;;;Millions
KRI;y_axis_rc_code;BSFL1000;Financial liabilities held for trading: Deposits from credit institutions;;;Thousands
KRI;y_axis_rc_code;MRCE2901;Multiplication factor (ms) x average of previous 60 working days (VaRavg): Traded debt instruments - General risk;;;Thousands
KRI;y_axis_rc_code;LIQV0085;Exposures to central banks (stress);;;Thousands
KRI;y_axis_rc_code;CRED435;Credit institutions and other financial institutions: Coverage S2;;;%
KRI;y_axis_rc_code;IDCARD18_LSI;Other liabilities, incl. FV changes of the hedged items, share capital repayable on demand and held for sale;;;Thousands
KRI;y_axis_rc_code;PROF148;Projected Cost∕income ratio at t+1 as reported in year t-1;;;%
KRI;y_axis_rc_code;IRRBB183;Share of NMD retail transactional exempted from 5 years cap;;;%
KRI;y_axis_rc_code;IDCARD90;Assets (top 4th country);;;Thousands
KRI;y_axis_rc_code;LEV410C_LSI;Own funds to cover window dressing (derivatives) over TLRE;;;%
KRI;y_axis_rc_code;PROF50;Costs to Assets ratio;;;%
KRI;y_axis_rc_code;BSFL1600;Financial liabilities designated at FVPL: Subordinated liabilities;;;Thousands
KRI;y_axis_rc_code;IDCARD51_BANKSTATS;Total deposits from non-financial corporations and households (excluding held for trading) - adapted;;;Thousands
KRI;y_axis_rc_code;IRRBB245;Unrealised losses from all assets and liabilities after hedges over Tier 1 capital;;;%
KRI;y_axis_rc_code;MRFA1900;Derivatives held for trading - Assets - Carrying amount: OTC - Credit institutions;;;Thousands
KRI;y_axis_rc_code;CRNA2013;Collateral and other credit enhancement received for impaired and past due loans. Non-financial corporations;;;Millions
KRI;y_axis_rc_code;CRMAT_A911;Absolute volume of Derivatives CCR RWEA;;;Millions
KRI;y_axis_rc_code;PROF136;Cost∕income ratio at t (used for forecast errors only);;;%
KRI;y_axis_rc_code;MR_NRMR_EQR_FWL_1;Potential impacts coming from equity risk of BB instruments at FVOCI to Total CET1;;;%
KRI;y_axis_rc_code;ORCE1604;Total loss amount for commercial banking;;;Millions
KRI;y_axis_rc_code;MRFL5800;Financial liabilities held for trading: Carrying amount - Domestic;;;Thousands
KRI;y_axis_rc_code;PRFI4300;Trading Dividend Income;;;Millions
KRI;y_axis_rc_code;CRMAT_LC111;Weighted average LTV for RRE loans granted (YtD);;;%
KRI;y_axis_rc_code;OPER63;Number of events for business disruption and system failures;;;Unit
KRI;y_axis_rc_code;PRFI2800;Negative goodwill immediately recognised in profit or loss;;;Thousands
KRI;y_axis_rc_code;PROF89;NFC loans coming from Education (NACE code)∕ Total NFC loans;;;%
KRI;y_axis_rc_code;CRFA3800;Loans and advances. Total;;;Thousands
KRI;y_axis_rc_code;LIQV0182;3Y Forecast for Deposits;;;Thousands
KRI;y_axis_rc_code;IDCARD689;Overall leverage ratio requirement (OLRR);;;%
KRI;y_axis_rc_code;CRCM0107;PD assigned to the obligor grade or pool (%) by each exposure IRB class: Corporates with own estimates of LGD or conversion factors;;;%
KRI;y_axis_rc_code;MARK89;Breakdown of stressed VaR (between general and specific risk) - specific risk;;;%
KRI;y_axis_rc_code;ORCE1647;Positive loss adjustment amounts for clients, products and business practices;;;Millions
KRI;y_axis_rc_code;MR_RMR_CSR_BWL_WEIGHTS;Support formula to calculate other KRIs.;;;Millions
KRI;y_axis_rc_code;LIQ1500_LSI;Loan to stable funding ratio;;;%
KRI;y_axis_rc_code;MARK70;(Settlement∕delivery risk capital requirements) ∕ Total capital requirements;;;%
KRI;y_axis_rc_code;MR_FWL_1;Potential impacts coming from market risks to Total CET1;;;%
KRI;y_axis_rc_code;MRFA5400;Financial assets held for trading: Carrying amount - Domestic;;;Thousands
KRI;y_axis_rc_code;MRFA1200_1;Financial assets designated at fair value through profit or loss: Equity instruments;;;Thousands
KRI;y_axis_rc_code;STRC0100;FTE - Full-time equivalents;;;Unit
KRI;y_axis_rc_code;CRED255_1;Variation rate of NPLs by type of counterparty - Households;;;%
KRI;y_axis_rc_code;PROF102;Interest income from Other Liabilities∕ Total interest income;;;%
KRI;y_axis_rc_code;CRED208;Breakdown of loans to NFC by NACE economic sector: Transport and storage;;;%
KRI;y_axis_rc_code;CACO0900;Paid up capital;;;Thousands
KRI;y_axis_rc_code;PRFI5700;Loans subject to impairment granted to HHs;;;Unit
KRI;y_axis_rc_code;idcard7_LSI;Loans and advances;;;Thousands
KRI;y_axis_rc_code;CRED473;Non Financial Coorporations: YoY growth of absolute volume Debt securities to NFCs;;;%
KRI;y_axis_rc_code;OPER68;Maximum single loss for clients, products and business practices;;;Millions
KRI;y_axis_rc_code;CRED460;Non Financial Coorporations: Coverage S2;;;%
KRI;y_axis_rc_code;IDCARD100;loans to governments;;;Thousands
KRI;y_axis_rc_code;BSFM0200;Derivatives used as hedging instruments in accounting hedges [notional];;;Thousands
KRI;y_axis_rc_code;MRFA0900;Financial assets held for trading: Total Fair value level 3;;;Millions
KRI;y_axis_rc_code;CRMAT_V121;Share of Loans and Advances to Households Credit for consumption over Total Loans and Advances;;;%
KRI;y_axis_rc_code;MR_PRR_CON_1;Valuation adjustments for concentrated positions to Total RWA;;;%
KRI;y_axis_rc_code;CRED367;Migration Rate: from stage 1 to 2;;;%
KRI;y_axis_rc_code;MR_RMR_FRTB_17;Relevance of RRAO in relation to Model Risk Additional Valuation Adjustments;;;%
KRI;y_axis_rc_code;LIQV0188;3Y Forecast for NSFR;;;%
KRI;y_axis_rc_code;CRED444;Credit institutions and other financial institutions: Share of Forbearance measures to already NPL (late flagging∕late measure);;;%
KRI;y_axis_rc_code;CLIM28;Share of collateral with estimated EPC in CRE portfolio (non-EU);;;%
KRI;y_axis_rc_code;LIQV0148;Actual Short-term Debt Securities;;;Thousands
KRI;y_axis_rc_code;CRMAT_V101;Share of Loans and Advances to Households over Total Loans and Advances;;;%
KRI;y_axis_rc_code;PROF82;NFC loans coming from Accommodation and food service activities (NACE code)∕ Total NFC loans;;;%
KRI;y_axis_rc_code;PROF15;Assets (domestic activities) to total assets;;;%
KRI;y_axis_rc_code;CRED380;Sovereign exposures ∕ RWA;;;%
KRI;y_axis_rc_code;PROF211;Present value of defined benefit obligations ∕RWA;;;%
KRI;y_axis_rc_code;LIQV0071;1Y secured funding spread (in basis points);;;Unit
KRI;y_axis_rc_code;LIQV0125;Contractual 2Y Gap (including CBC);;;Thousands
KRI;y_axis_rc_code;PROF84;NFC loans coming from Financial and insurance activities (NACE code)∕ Total NFC loans;;;%
KRI;y_axis_rc_code;LIQ52;Liquid assets ratio;;;%
KRI;y_axis_rc_code;CRMAT_A241;Absolute volume of Project finance portfolio;;;Millions
KRI;y_axis_rc_code;CAP55;Quality of Capital (IRB provision-shortfall on Total Capital);;;%
KRI;y_axis_rc_code;PRFI4100_T3;Projected Dividend Income, at t+3;;;Thousands
KRI;y_axis_rc_code;IRNI1200;Change in the forecasted net interest income of the banking book under parallel interest rate increase of 200 bps (Millions);;;Millions
KRI;y_axis_rc_code;CAP53;Capital margins with respect to initial capital (Total Capital - Initial Capital);;;Thousands
KRI;y_axis_rc_code;LIQ215;Non-Euro Buffer ratio;;;%
KRI;y_axis_rc_code;IDCARD323;Forborne exposures ratio denominator (IDCARD24);;;Thousands
KRI;y_axis_rc_code;IDCARD80;Market Risk RWA;;;Thousands
KRI;y_axis_rc_code;FWL2;Automated viability anchor score - Cost to Income ratio;;;Unit
KRI;y_axis_rc_code;LIQV0129;Planned 1Y Client Loans (t-1);;;Thousands
KRI;y_axis_rc_code;CRNA111N;Gross carrying amount of loans and advances to non-financial corporations - Administrative and support service activities;;;Millions
KRI;y_axis_rc_code;MR_NRMR_SFX_SENSITIVITY;Total SFX position incl. in the sensitivity calc. to Total SFX position suitable for the exemption;;;%
KRI;y_axis_rc_code;PRFI3300;Exchange differences [gain (loss)], net;;;Thousands
KRI;y_axis_rc_code;LIQST012;Funding deficit∕surplus (as % of total assets) Extreme case 6 Month.;;;%
KRI;y_axis_rc_code;CRNA111L;Gross carrying amount of loans and advances to non-financial corporations - Real estate activities;;;Millions
KRI;y_axis_rc_code;MR_PRR_AVA_DENSITY_OTHER;Total AVA on Other securities on total Other securities exposure;;;%
KRI;y_axis_rc_code;IRRBB270_THR;Threshold for triggering IRRBB flag in the P2R methodology;;;%
KRI;y_axis_rc_code;IRRBB178;Worst EVE projection (including parallel shock up, shorts rates shock up, steepener, flattener) divided by Tier 1 Capital;;;%
KRI;y_axis_rc_code;CRED201;Breakdown of loans to NFC by NACE economic sector: Agriculture, forestry and fishing;;;%
KRI;y_axis_rc_code;LANP0600;Loans and advances at amortised cost - Credit institutions. Non-Performing. Gross carrying amount;;;Millions
KRI;y_axis_rc_code;CLIM24;Share of collateral with estimated EPC in CRE portfolio (EU);;;%
KRI;y_axis_rc_code;IRRBB1;Change in the economic value of equity under parallel interest rate increase of 200 bps divided by Total capital;;;%
KRI;y_axis_rc_code;SUB_REQ_FINAL_TREA;The subordination requirment is legally binding. Deadline to meet the final target was 01∕01∕2024. In exceptional cases banks received a deadline extension according to Article 12 k (1) SRMR.;;;%
KRI;y_axis_rc_code;BSFE0600;ow: minority;;;Thousands
KRI;y_axis_rc_code;CRCE0506;Exposure value exposure class-by-exposure class (SA): Institutions;;;Millions
KRI;y_axis_rc_code;PROF206;Automated viability anchor - Forecast error CIR for t-2;;;%
KRI;y_axis_rc_code;MARK111;Phase 1 report information Equity;;;%
KRI;y_axis_rc_code;CRNA111Q;Gross carrying amount of loans and advances to non-financial corporations - Human health services and social work activities;;;Millions
KRI;y_axis_rc_code;CAP64;Institution specific countercyclical capital buffer;;;Millions
KRI;y_axis_rc_code;MR_RMR_60;Breakdown of market risk capital requirements under standardised approaches (SA) - CIUs;;;%
KRI;y_axis_rc_code;CRED399;Central banks and general governments: Inflow to NPLs (% of all Inflows) [All L&A except HfT and HfS];;;%
KRI;y_axis_rc_code;IDCARD684;OC Level (ID CARDS);;;%
KRI;y_axis_rc_code;CAP70;Leverage ratio (transitional) reported value;;;%
KRI;y_axis_rc_code;CRMAT_F131;Share of Performing Loans and Advances to Households ther than Secured by RRE and Credit for consumption with Forbearance Measures to Total Performing Loans and Advances to Households Other than Secured by RRE and Credit for consumption;;;%
KRI;y_axis_rc_code;FWL17;Forecast Error CRA;;;%
KRI;y_axis_rc_code;ORCE1644;Positive loss adjustment amounts for internal fraud;;;Millions
KRI;y_axis_rc_code;LIQ56;Contractual 5Y Gap to Total Assets;;;%
KRI;y_axis_rc_code;CRCE0102;Original exposure pre-conversion factors exposures class-by-exposure class (SA): Regional governments or local authorities;;;Thousands
KRI;y_axis_rc_code;IDCARD8;Debt securities;;;Thousands
KRI;y_axis_rc_code;CRED53;Increase of total loans by type of Counterparty ∕ Total loans by type of Counterparty - Credit institutions;;;%
KRI;y_axis_rc_code;LEV402C;Magnitude of the drop in derivatives value around reporting dates (using quarterly data);;;%
KRI;y_axis_rc_code;OPER26;Ratio loss amount for asset management to total loss amount;;;%
KRI;y_axis_rc_code;LEV401C;Materiality of average derivatives in comparison to total leverage ratio exposure (TLRE) (using quarterly data);;;%
KRI;y_axis_rc_code;LIQ105;Derivatives funding ratio;;;%
KRI;y_axis_rc_code;CRED395;NPL adjusted coverage;;;%
KRI;y_axis_rc_code;LIQV0110;Total items providing stable funding (net derivatives);;;Thousands
KRI;y_axis_rc_code;CRFA2100;ow: trading equity instruments;;;Thousands
KRI;y_axis_rc_code;ORCE1651;Total positive loss adjustment amounts;;;Millions
KRI;y_axis_rc_code;CAP32;Operational Risk Capital Requirements on Total Capital Requirements;;;%
KRI;y_axis_rc_code;CRED156;OTC derivatives ∕ Derivatives (trading and hedging);;;%
KRI;y_axis_rc_code;CAPA0501;Transitional provisions: Grandfathered instruments adjustments;;;Thousands
KRI;y_axis_rc_code;CRED398;Central banks and general governments: Coverage S3;;;%
KRI;y_axis_rc_code;MRCE2914;Stressed VaR. Multiplication factor (ms) x average of previous 60 working days (SVaRavg): Equities - Specific risk;;;Thousands
KRI;y_axis_rc_code;PRFI1500;Other operating expenses;;;Thousands
KRI;y_axis_rc_code;MREL_SUPPLY_TREA;Own funds and eligible liabilities as a percentage of the total risk exposure amount. External and internal MREL include a risk- and a leverage-based dimension which are both legally binding.;;;Millions
KRI;y_axis_rc_code;IDCARD548_ANNUAL;Annualised interest bearing assets;;;Millions
KRI;y_axis_rc_code;IRRBB17;Change in the economic value of equity under parallel interest rate increase ∕ decrease of 200 bps (worst of both shifts) divided by Total capital;;;%
KRI;y_axis_rc_code;BSFL0200;Deposits from counterparties other than from credit institutions and central banks;;;Millions
KRI;y_axis_rc_code;CRED107;Increase of total loans by type of collateral ∕ Total loans by type of Collateral: Other;;;%
KRI;y_axis_rc_code;LIQ310;3Y Forecasted Growth of Households Deposits;;;%
KRI;y_axis_rc_code;CAP18;Dynamics of own funds: Paid capital;;;%
KRI;y_axis_rc_code;CRED414;Country risk: SSM exposure over total exposure in all countries;;;%
KRI;y_axis_rc_code;PROF212_THR;Threshold for triggering Operational Risk flag in the P2R methodology;;;%
KRI;y_axis_rc_code;PRFI5600;Measures the cost of risk point-in-time denominator for loans subject to impairment granted to NFCs;;;Unit
KRI;y_axis_rc_code;BSFL2200;Short positions;;;Thousands
KRI;y_axis_rc_code;CLIM20;% of portfolio for which proxies are used to estimate GHG financed emissions (scope 1, 2, 3) (non-EU);;;%
KRI;y_axis_rc_code;BSF00100;Off-balance sheet items;;;Thousands
KRI;y_axis_rc_code;LIQ267;1Y Forecasted Growth of Total Assets;;;%
KRI;y_axis_rc_code;IDCARD54;Administration and depreciation;;;Millions
KRI;y_axis_rc_code;CLIM40;Share of NFC exposure to carbon-intensive sectors (non-EU);;;%
KRI;y_axis_rc_code;MR_RMR_EQR_BWL;3-year weighted volatility of quarterly P&L (Items at FVPL sensitive to EQ) to Total RWA;;;%
KRI;y_axis_rc_code;IRRBB191;Percentage of core NMDS repricing after 10Y;;;%
KRI;y_axis_rc_code;MR_PRR_VR_BWL_WSTD_NUM;Support formula to calculate other KRIs.;;;Millions
KRI;y_axis_rc_code;PROF67;Interest income from Central banks∕ Total loans and advances interest income;;;%
KRI;y_axis_rc_code;CRMAT_O101;Share Off-Balance sheet commitments to Households over Total On-Balance Sheet Loans and Advances;;;%
KRI;y_axis_rc_code;PROF19;Central banks' deposits to total deposits;;;%
KRI;y_axis_rc_code;PROF212;Assets under management to Tier 1 capital (AuM ∕ T1);;;%
KRI;y_axis_rc_code;CRCE0108;Original exposure pre-conversion factors exposures class-by-exposure class (SA): Retail;;;Thousands
KRI;y_axis_rc_code;IDCARD87_LSI_DE;Geographical breakdown of assets. SSM country - Germany;;;Thousands
KRI;y_axis_rc_code;MR_PRR_FADJ_DENSITY_DEBT;Total FVadj on Debt securities on total Debt securities exposure;;;%
KRI;y_axis_rc_code;CRED266;Regional governments and local authorities Credit risk capital requirement;;;Millions
KRI;y_axis_rc_code;MR_FWL_TB;Potential impacts coming from Regulatory trading book items to Total RWA;;;%
KRI;y_axis_rc_code;IDCARD89;Assets (top 3rd country);;;Thousands
KRI;y_axis_rc_code;LIQ62;DGS deposits ratio;;;%
KRI;y_axis_rc_code;LEV402B_LSI;Magnitude of the drop in SFTs value around the reporting dates (using quarterly data);;;%
KRI;y_axis_rc_code;PROF56;Operating income from Corporate Finance∕ Total Operating income, net;;;%
KRI;y_axis_rc_code;CRMAT_V262;{[Total Exposure to highly leveraged transactions - Total exposure to non-investment grade borrowers identified as highly leveraged transactions due to temporary deterioration in EBITDA] * [Total RWEAs for highly leveraged transactions∕(Total RWEAs for highly leveraged transactions+ Associated RWEAs relief of applying credit risk mitigation techniques)]}∕ (OCR Tier 1 capital requirements* Total RWA);;;%
KRI;y_axis_rc_code;FLIC0100;Total Deposits. Carrying amount;;;Millions
KRI;y_axis_rc_code;CRMAT_N211;Share Non-Performing Loans and Advances to Corporates and Large corporates over Total Loans and Advances to Corporates and Large corporates;;;%
KRI;y_axis_rc_code;CRED10;Identification of the institution's risk appetite (corporate, retail, etc.). Breakdown of original exposure value by class - Central Banks and Government;;;%
KRI;y_axis_rc_code;CRED122;Evolution of total original exposure by class ∕ Total original exposure. Central banks and central governments;;;%
KRI;y_axis_rc_code;MR_RMR_FRTB_23;Share of Credit spread risk for securitisation included in ACTP in total SBM OFR;;;%
KRI;y_axis_rc_code;CAP110;P2G;;;%
KRI;y_axis_rc_code;LEV203_LSI;The notional amount of OBS items after the application of CCFs < 100% to TLRE;;;%
KRI;y_axis_rc_code;CRED478;Total notional amount of mezzanine tranches of originated SRT securitizations;;;Millions
KRI;y_axis_rc_code;MARK65;Breakdown of market risk capital requirements under standardised approaches (SA) - foreign exchange;;;%
KRI;y_axis_rc_code;MRCE0922;Market risk capital requirements for SA banks: Traded debt instruments: Specific risk securitisation positions;;;Thousands
KRI;y_axis_rc_code;LIQV0105;Unsecured funding from financial customers;;;Thousands
KRI;y_axis_rc_code;PROF6_quarterly;Quarterly ROE (after tax);;;%
KRI;y_axis_rc_code;OPER34;Ratio sum of the five largest losses for commercial banking to sum across all business lines of the sums of the five largest business line losses;;;%
KRI;y_axis_rc_code;CRED484;Non Financial Coorporations: Inflow to NPLs (% of all Inflows) [All L&A except HfT and HfS];;;%
KRI;y_axis_rc_code;CRED458;Non Financial Coorporations: Collateral assigned to Forborne NFC exposures∕Total Forborne NFC exposures;;;%
KRI;y_axis_rc_code;CAP51;Dynamics of capital requirements: Total capital requirements;;;%
KRI;y_axis_rc_code;MARK6_B;Financial assets at FVPL ∕ Total assets;;;%
KRI;y_axis_rc_code;CACO0100;Total capital;;;Millions
KRI;y_axis_rc_code;CAP136;CET1 headroom above P2G (fully-loaded) as % of RWA;;;%
KRI;y_axis_rc_code;MR_RMR_FRTB_26;Share of Foreign exchange risk in total SBM OFR;;;%
KRI;y_axis_rc_code;MR_PRR_AVA_DENSITY_DEBT;Total AVA on Debt securities on total Debt securities exposure;;;%
KRI;y_axis_rc_code;IRRBB163;Share of fix rate loans over total loans in the Banking Book;;;%
KRI;y_axis_rc_code;MARK122_B;Level 2 & 3 (Assets at fair value through other comprehensive income and FVPL assets & liabilities) ∕ (Total Assets at fair value through other comprehensive income and FVPL assets & liabilities);;;%
KRI;y_axis_rc_code;CRFA1100;Debt instruments past due >90 days but not impaired;;;Thousands
KRI;y_axis_rc_code;IDCARD542;Cost of Risk - Numerator;;;Thousands
KRI;y_axis_rc_code;PROF61;Operating income from Agency Services∕ Total Operating income, net;;;%
KRI;y_axis_rc_code;CRMAT_S221;Share of Performing Loans and Advances to SMEs in Stage 2 over Total Performing Loans and Advances to SMEs;;;%
KRI;y_axis_rc_code;CRED485;Binary Variable indicating whether Bank uses the IMM method;;;Unit
KRI;y_axis_rc_code;CRED406;Central banks and general governments: Provisions to off-balance exposures (Accumulated impairment, accumulated negative changes in fair value due to credit risk and provisions);;;Millions
KRI;y_axis_rc_code;LEV011;Excluded exposures to shareholders according to Article 429a, paragraph (1) point (da);;;%
KRI;y_axis_rc_code;OPER35;Ratio sum of the five largest losses for retail banking to sum across all business lines of the sums of the five largest business line losses;;;%
KRI;y_axis_rc_code;PRFI2300_ANNUAL_ONEOFF;Net profit, excluding one-offs;;;Millions
KRI;y_axis_rc_code;PROF48;Core Revenue to Assets Ratio;;;%
KRI;y_axis_rc_code;LIQ241;LCP without contingent outflows (months);;;Months
KRI;y_axis_rc_code;CRED34;Loss absorption capability. Inflow of Allowances (increase of allowances for individually and collectively assessed loans) ∕ Total Operating Income;;;%
KRI;y_axis_rc_code;CRED167;Credit risk capital requirements under standardised approach: SA exposure classes excluding securitisation positions: Secured by real estate property;;;%
KRI;y_axis_rc_code;PRFI3100;Expenses on share capital repayable on demand;;;Thousands
KRI;y_axis_rc_code;IRRBB252;Share of core NMDs to total Deposits (NMDs + Term Deposits);;;%
KRI;y_axis_rc_code;PROF166;Forecast error CRA t-2;;;%
KRI;y_axis_rc_code;CAP134;Total capital headroom above OCR (fully-loaded) as % of RWA;;;%
KRI;y_axis_rc_code;IDCARD87_LSI_BE;Geographical breakdown of assets. SSM country - Belgium;;;Thousands
KRI;y_axis_rc_code;LIQ297;3Y Forecasted Growth of NSFR (in base points);;;Unit
KRI;y_axis_rc_code;CRED199;Debt securities at fair value (Bbook) ∕ Total asset;;;%
KRI;y_axis_rc_code;ORCE1637;Loss adjustments for external fraud;;;Millions
KRI;y_axis_rc_code;ORCE1649;Positive loss adjustment amounts for business disruption and system failures;;;Millions
KRI;y_axis_rc_code;MRCE2910;Incremental default and migration risk capital charge: last measure;;;Thousands
KRI;y_axis_rc_code;PRFI0300_T2;Projected Net fee & commission income at t+2;;;Thousands
KRI;y_axis_rc_code;IDCARD61;Total Adjustments to CET1;;;Millions
KRI;y_axis_rc_code;MRCE0923;Market risk capital requirements for SA banks: Traded debt instruments: Specific risk correlation trading portfolio;;;Thousands
KRI;y_axis_rc_code;PROF75;NFC loans coming from Mining and quarrying (NACE code)∕ Total NFC loans;;;%
KRI;y_axis_rc_code;CAP62;Capital conservation buffer;;;Millions
KRI;y_axis_rc_code;LIQ295;3Y Forecasted Growth of Other Liabilities;;;%
KRI;y_axis_rc_code;IRRBB200;∆ EVE - Parallel shock up;;;0
KRI;y_axis_rc_code;MRFA4800_1;Financial assets designated at fair value through profit or loss and Non-trading financial assets mandatorily at fair value through profit or loss: Fair value level 3;;;Thousands
KRI;y_axis_rc_code;IRRBB240;Change of market value due to 1 bp shift of the CS (Widening CS);;;%
KRI;y_axis_rc_code;LIQV0115;Non-Euro Buffer;;;Thousands
KRI;y_axis_rc_code;RES104;Assets under custody subject to regulatory or contractual restitution obligation for which a further sub-delegation is contractually allowed;;;%
KRI;y_axis_rc_code;BSFL3900;Total liabilities (Domestic);;;Thousands
KRI;y_axis_rc_code;CRMAT_V302;Share of RWA for exposures to Credit institutions and Other financial institutions over Total Credit RWA;;;%
KRI;y_axis_rc_code;PROF51_ONEOFF;3Y average Cost of Risk, excluding one-offs;;;%
KRI;y_axis_rc_code;PROF182;Long-term COR (standard deviation);;;%
KRI;y_axis_rc_code;CRED209;Breakdown of loans to NFC by NACE economic sector: Accommodation and food services;;;%
KRI;y_axis_rc_code;LIQ82;Retail overnight spread (basis points);;;Unit
KRI;y_axis_rc_code;LIQV0181;3Y Forecast for Repurchase Agreements;;;Thousands
KRI;y_axis_rc_code;MRCE2917;Stressed VaR. Multiplication factor (ms) x average of previous 60 working days (SVaRavg): Total amount for general risk;;;Thousands
KRI;y_axis_rc_code;CRED166;Credit risk capital requirements under standardised approach: SA exposure classes excluding securitisation positions: Retail;;;%
KRI;y_axis_rc_code;PROF145;Core Revenue to Assets Ratio at t-2 (used for forecast errors only);;;%
KRI;y_axis_rc_code;CLUSTNonSSMCount;Number of non-SSM countries in which the institution has significant exposure (above EUR 1Bn) to non-financial corporations and households according to the residence of the counterparty;;;Unit
KRI;y_axis_rc_code;CRFA4110;Derivatives-Hedge accounting. Of which OTC. Assets;;;Thousands
KRI;y_axis_rc_code;FWL8;4 Barrier CRA;;;Unit
KRI;y_axis_rc_code;LANP0400;Total Loans and advances - Credit institutions. Gross carrying amount (except HFT);;;Millions
KRI;y_axis_rc_code;ORCE1636;Loss adjustments for internal fraud;;;Millions
KRI;y_axis_rc_code;CRED80;Net flow of allowances for NPLs by type of counterparty (t) ∕ NPLs by type of counterparty (t-1) - Central banks;;;%
KRI;y_axis_rc_code;OPER67;Maximum single loss for employment practices and workplace safety;;;Millions
KRI;y_axis_rc_code;LIQV0172;1Y Forecast for NSFR;;;%
KRI;y_axis_rc_code;CRED376;Share of Stage 2 on Total Loans;;;%
KRI;y_axis_rc_code;STCE0101;Total exposure value: on balance sheet items as originator – traditional sec - SA;;;Thousands
KRI;y_axis_rc_code;CRFA3600;Loans and advances. Consumer credit;;;Thousands
KRI;y_axis_rc_code;OPER61;Number of events for clients, products and business practices;;;Unit
KRI;y_axis_rc_code;OPER24;Ratio loss amount for payment and settlement to total loss amount;;;%
KRI;y_axis_rc_code;IDCARD28;Impairment;;;Thousands
KRI;y_axis_rc_code;MR_NRMR_CON_1;Herfindahl-Hirschmann Index on BB Sovereign exposures at FVPL;;;%
KRI;y_axis_rc_code;IDCARD525;Total Assets 4Q Average;;;Thousands
KRI;y_axis_rc_code;LELE0401;Large exposures. First ten counterparties.;;;Millions
KRI;y_axis_rc_code;CRED373;MATERIALITY OF CORPORATE PORTFOLIOS;;;%
KRI;y_axis_rc_code;CRFA0714;Loans and advances. Other collateralised loans. Past due for more than 90 days but not impaired;;;Thousands
KRI;y_axis_rc_code;OPER82;Threshold applied in data collection;;;Thousands
KRI;y_axis_rc_code;IRRBB199_C;Hedging ratio;;;0
KRI;y_axis_rc_code;CACO2300;Intangible assets deductible;;;Thousands
KRI;y_axis_rc_code;CRCE0509;Exposure value exposure class-by-exposure class (SA): Secured by mortgages on immovable property and ADC exposures;;;Millions
KRI;y_axis_rc_code;PROF52;Tax rate on continuing operation;;;%
KRI;y_axis_rc_code;MARK100_QUARTERLY;Quaterly net gains on financial assets and liabilities held for trading ∕ Financial assets held for trading;;;%
KRI;y_axis_rc_code;CRED411;Country risk: Domestic exposure over total exposure in all countries;;;%
KRI;y_axis_rc_code;IRRBB270;NII ratio under worst scenario over T1;;;%
KRI;y_axis_rc_code;CRED464;Non Financial Coorporations: Movements among Stages S1-S3 (% of all movements);;;%
KRI;y_axis_rc_code;BSFA3300;Financial assets measured at FVPL excluding those held for trading and hedging derivatives;;;Thousands
KRI;y_axis_rc_code;LIQV0024;2Y senior unsecured securities spread (in basis points);;;Unit
KRI;y_axis_rc_code;CRFA0601;Loans and advances. Central banks;;;Thousands
KRI;y_axis_rc_code;CRED236;Variation rate of loans to NFC by NACE economic sector - Public administration and defence, compulsory social security;;;%
KRI;y_axis_rc_code;CRED335;NPL past due ratio;;;%
KRI;y_axis_rc_code;LIQV0037;Counterbalancing capacity;;;Thousands
KRI;y_axis_rc_code;MARK4;Breakdown of financial assets held for trading - Debt securities;;;%
KRI;y_axis_rc_code;BSFL3600;Deposits: Non-financial corporations-Held for trading;;;Thousands
KRI;y_axis_rc_code;LIQV0014;1W senior unsecured securities spread (in basis points);;;Unit
KRI;y_axis_rc_code;CRFA2000_1;Cash, trading, and Financial assets at fair value through other comprehensive income;;;Thousands
KRI;y_axis_rc_code;PRFI3200;Gains (losses) from hedge accounting, net;;;Thousands
KRI;y_axis_rc_code;IDCARD529;Administrative expenses and depreciation;;;Thousands
KRI;y_axis_rc_code;CAP104;Countercyclical Buffer (CCyB) (%);;;%
KRI;y_axis_rc_code;MR_PRR_BWL_WEIGHTS;Support formula to calculate other KRIs.;;;Millions
KRI;y_axis_rc_code;CRED418;Country risk: Top 4 country with highest exposure (% over total exposure);;;%
KRI;y_axis_rc_code;LIQ31;Net Stable Funding Ratio;;;%
KRI;y_axis_rc_code;CRED340;Forbearance ratio;;;%
KRI;y_axis_rc_code;CRMAT_S101;share of Performing Loans and Advances to Households in Stage 2 over Total Performing Loans and Advances to Households;;;%
KRI;y_axis_rc_code;CRMAT_S201;Share of Performing Loans and Advances to NFCs in Stage 2 over Total Performing Loans and Advances to NFCs;;;%
KRI;y_axis_rc_code;IDCARD92;Deposits (top 2nd country);;;Thousands
KRI;y_axis_rc_code;PROF144;Cost∕income ratio at t-2 (used for forecast errors only);;;%
KRI;y_axis_rc_code;LIQ120;CHF LCR;;;%
KRI;y_axis_rc_code;PROF55_MEAN;Cost of Equity - SSM estimation (mean);;;%
KRI;y_axis_rc_code;PROF6_annual;Annualised ROE (after tax);;;%
KRI;y_axis_rc_code;PROF199;Automated viability anchor - Forecast error CRA for t;;;%
KRI;y_axis_rc_code;MR_RMR_EQR_BWL_1;3-year weighted volatility of quarterly P&L (Items at FVPL sensitive to EQ) to Total CET1;;;%
KRI;y_axis_rc_code;ORNE1636;Sum of five largest losses for trading and sales;;;Thousands
KRI;y_axis_rc_code;CRED374_N;Numerator of core NPL ratio for NFC and HH adjusted with foreclosures;;;Millions
KRI;y_axis_rc_code;CRED154;Equity instruments (Bbook) ∕ Total asset;;;%
KRI;y_axis_rc_code;MR_RMR_IRR_BWL_1;3-year weighted volatility of quarterly P&L (Items at FVPL sensitive to IR) to Total CET1;;;%
KRI;y_axis_rc_code;CRMAT_V202;Share of RWA for NFC exposures over Total Credit RWA;;;%
KRI;y_axis_rc_code;CRED313;NPL Forbearance ratio - Credit institutions;;;%
KRI;y_axis_rc_code;CAP133;TIER1 headroom above OCR (fully-loaded) as % of RWA;;;%
KRI;y_axis_rc_code;IRRBB219;Higher EVE (tightening and widening scenario);;;%
KRI;y_axis_rc_code;CRFA3100;Loans and advances. Mortgage loans. Residential;;;Thousands
KRI;y_axis_rc_code;CRED117;Evolution of total original exposure by class ∕ Total original exposure by class. Retail;;;%
KRI;y_axis_rc_code;CAP143;Output floor adjustment to TREA;;;Thousands
KRI;y_axis_rc_code;FWL13;Supervisory expectation - CRA;;;%
KRI;y_axis_rc_code;LEV410A;Projection of own funds to cover window dressing (using SFTs daily data);;;%
KRI;y_axis_rc_code;PROF9;Loans and advances to total financial assets;;;%
KRI;y_axis_rc_code;CAP97;OCR and P2G: to be made up of Tier 1 capital;;;%
KRI;y_axis_rc_code;PROF117;AuM trend over the past 3 years;;;Unit
KRI;y_axis_rc_code;CRFA2900;Foreclosure [tangible assets];;;Millions
KRI;y_axis_rc_code;CRMAT_S231;Share of Performing CRE Loans and Advances in Stage 2 over Total Performing CRE Loans and Advances;;;%
KRI;y_axis_rc_code;CAP122;Total capital requirements;;;Thousands
KRI;y_axis_rc_code;MR_PRR_FWL_1;Potential impacts coming from pricing related risk to Total CET1;;;%
KRI;y_axis_rc_code;IDCARD82;Market Risk and CVA RWA;;;Thousands
KRI;y_axis_rc_code;IRRBB225;PTR  under upward scenario (weighted average PTR);;;%
KRI;y_axis_rc_code;IDCARD73;Other Risk RWA;;;Millions
KRI;y_axis_rc_code;CRED468;Non Financial Coorporations: Share of Debt Securities to NFC in Non-performing;;;%
KRI;y_axis_rc_code;LIQV0047;O∕N senior unsecured securities spread (in basis points);;;Unit
KRI;y_axis_rc_code;LEV102;Materiality of SFTs in comparison to total leverage ratio exposure (TLRE);;;%
KRI;y_axis_rc_code;BSFL3000;Deposits: Households-Held for trading;;;Thousands
KRI;y_axis_rc_code;LIQ79;Other financial liabilities;;;Thousands
KRI;y_axis_rc_code;LIQ227;Share in Funding Concentration per Counterparty Sector: Central banks (eba_CT:x10);;;%
KRI;y_axis_rc_code;CRED461;Non Financial Coorporations: Coverage S3;;;%
KRI;y_axis_rc_code;OPER108;Total net loss amount for employment practices and workplace safety excluding loss adjustments relating to previous reporting periods;;;Unit
KRI;y_axis_rc_code;MR_PRR_CVA_BWL_WEIGHTS;Support formula to calculate other KRIs.;;;Millions
KRI;y_axis_rc_code;PROF201;Automated viability anchor - Forecast error ROA for t-1;;;%
KRI;y_axis_rc_code;CRED353;Non-performing Ratio - debt instruments held for sale;;;%
KRI;y_axis_rc_code;CRED436;Credit institutions and other financial institutions: Coverage S3;;;%
KRI;y_axis_rc_code;LIQ113;ABS buffer ratio;;;%
KRI;y_axis_rc_code;ORNE1635;Sum of five largest losses for corporate finance;;;Thousands
KRI;y_axis_rc_code;MR_PRR_FWL;Potential impacts coming from pricing related risk to Total RWA;;;%
KRI;y_axis_rc_code;CRED397;Central banks and general governments: Coverage S2;;;%
KRI;y_axis_rc_code;IRRBB130;Change in the forecasted Earnings under parallel interest rate decrease of 200 bps divided by Tier 1 Capital;;;%
KRI;y_axis_rc_code;BSFL3100;Deposits: Households-Designated at fair value through profit or loss;;;Thousands
KRI;y_axis_rc_code;PRFI4200;Net Interest Income from Trading;;;Millions
KRI;y_axis_rc_code;CRED136;Increase of PD by Exposure class (for IRB and FIRB banks). IRB Retail;;;%
KRI;y_axis_rc_code;MR_NRMR_BWL_SUM_WM_1;Support formula to calculate other KRIs.;;;%
KRI;y_axis_rc_code;LIQV0016;3M senior unsecured securities spread (in basis points);;;Unit
KRI;y_axis_rc_code;LIQV0072;1Y covered bonds spread (in basis points);;;Unit
KRI;y_axis_rc_code;MR_RMR_FRTB_28;Credit spread risk for non-securitisations (CSR) net sensitivity in relation to OFR;;;%
KRI;y_axis_rc_code;LIQV0165;1Y Forecast for Repurchase Agreements;;;Thousands
KRI;y_axis_rc_code;CRMAT_A221;Absolute volume of SME portfolio;;;Millions
KRI;y_axis_rc_code;CRED378;Sovereign exposures ∕ Total exposures;;;%
KRI;y_axis_rc_code;CRED157;OTC derivatives [notional] ∕ Derivatives (trading and hedging);;;%
KRI;y_axis_rc_code;OPER23;Ratio loss amount for retail banking to total loss amount;;;%
KRI;y_axis_rc_code;CRED84;Inflows and outflows of Allowances by type of delinquencies, by type of counterparty - Non-financial corporations;;;%
KRI;y_axis_rc_code;CRED206;Breakdown of loans to NFC by NACE economic sector: Construction;;;%
KRI;y_axis_rc_code;CRFA0604;Loans and advances. Non-financial corporations;;;Thousands
KRI;y_axis_rc_code;LANP1700_BANKSTATS;Total loans and advances to non-financial corporations and households (excluding held for trading) - adapted (bankstats);;;Thousands
KRI;y_axis_rc_code;CAP5;Composition of own funds: Tier 1 capital;;;%
KRI;y_axis_rc_code;PROF6_LSI;ROE (Total profit or loss after tax ∕ Equity);;;%
KRI;y_axis_rc_code;PRFI5100;Three year average Impairments on financial assets;;;Millions
KRI;y_axis_rc_code;CRFA1900;Cash and trading financial assets;;;Thousands
KRI;y_axis_rc_code;MR_NRMR_EQR_SBM_HC;Capital requirements proxy for Equity risk in the banking book – High correlation scenario;;;Year(s)
KRI;y_axis_rc_code;IDCARD87;Assets (top 1st country);;;Thousands
KRI;y_axis_rc_code;LRLM0300;Net cash outflows;;;Thousands
KRI;y_axis_rc_code;IRNM0600;Change of the economic value of the banking book under a parallel interest rate shift decline of 200 bp - following EBA∕GL∕2015∕08;;;Unit
KRI;y_axis_rc_code;LEV412C;Exposure adjustment for window dressing (using derivatives quarterly data);;;Unit
KRI;y_axis_rc_code;LIQ222;Unencumbered Central Bank Eligible Assets ratio;;;%
KRI;y_axis_rc_code;CRED89;LTV Ratio NPL by type of counterparty - Central Governments;;;%
KRI;y_axis_rc_code;IRRBB156;Proportion of core deposits ∕ Stock of Non-Maturity deposits [Wholesale non-financial] [EUR only];;;%
KRI;y_axis_rc_code;CRFM0200;Derivatives held-for-trading. Of which OTC. Notional amount;;;Thousands
KRI;y_axis_rc_code;LEV401A;Materiality of average SFTs in comparison to total leverage ratio exposure (TLRE) (using daily SFTs data);;;%
KRI;y_axis_rc_code;PROF73;Interest Income coming from main loans and advances counterparty sector∕ Total loans and advances interest income;;;%
KRI;y_axis_rc_code;CRED315;NPL Forbearance ratio - Non-financial corporations;;;%
KRI;y_axis_rc_code;CAP129;TIER1 headroom above P2G (phased-in) as % of RWA;;;%
KRI;y_axis_rc_code;BSFL3400;Deposits: Other financial corporations-Designated at fair value through profit or loss;;;Thousands
KRI;y_axis_rc_code;ORCE1601;Total loss amount for corporate finance;;;Millions
KRI;y_axis_rc_code;MR_RMR_EQR_BWL_WEIGHTS;Support formula to calculate other KRIs.;;;Millions
KRI;y_axis_rc_code;IRRBB147;Weighted average repricing maturity of NMDs [Wholesale non-financial] [EUR only];;;Unit
KRI;y_axis_rc_code;STCE0614;Total securitised exposures. Consumer loans;;;Thousands
KRI;y_axis_rc_code;IRRBB211;Average repricing dates on loans and advances (parallel up) - Average repricing dates on loans and advances (baseline behavioural scenario);;;Months
KRI;y_axis_rc_code;PROF76;NFC loans coming from Manufacturing (NACE code)∕ Total NFC loans;;;%
KRI;y_axis_rc_code;MR_PRR_XVA_BWL;3-year weighted volatility of quarterly xVA changes to Total RWA;;;%
KRI;y_axis_rc_code;IRRBB190;Percentage of core NMDs repricing after 1Y;;;%
KRI;y_axis_rc_code;BSFL3300;Deposits: Other financial corporations-Held for trading;;;Thousands
KRI;y_axis_rc_code;PROF109;3Y average Replacement rate (Custodian);;;%
KRI;y_axis_rc_code;PROF26;Net interest income to total operating income;;;%
KRI;y_axis_rc_code;PRFI6300_B;Impairments on financial assets (LSIs);;;Unit
KRI;y_axis_rc_code;LIQ305;Backtesting Planned vs Actual Non-Financial Corporates Deposits;;;%
KRI;y_axis_rc_code;CRED213;Breakdown of loans to NFC by NACE economic sector: Administrative and support services activities;;;%
KRI;y_axis_rc_code;IDCARD661;CET1 ratio (fully loaded) Numerator;;;Thousands
KRI;y_axis_rc_code;PROF108;3Y average Replacement rate (Asset management);;;%
KRI;y_axis_rc_code;CRMAT_A301;Absolute volume of Credit institutions and Other financial institutions portfolio;;;Millions
KRI;y_axis_rc_code;CLIM17;Emission intensity in the NFC portfolio (Scope 3) (EU);;;%
KRI;y_axis_rc_code;CRED15;Large exposure ratio (Large Exposure ∕Tier1 Capital);;;%
KRI;y_axis_rc_code;CRMAT_V261;Participation in LF data collection;;;Unit
KRI;y_axis_rc_code;LIQV0011;short term (1Y) liabilities from credit institutions;;;Thousands
KRI;y_axis_rc_code;IRRBB146;Weighted average repricing maturity of NMDs [Retail Non-Transactional] [EUR only];;;Unit
KRI;y_axis_rc_code;PROF162;Forecast error CIR t-1;;;%
KRI;y_axis_rc_code;PROF200;Automated viability anchor - Forecast error COR for t;;;%
KRI;y_axis_rc_code;PROF113;Replacement rate (Asset managent): yearly clients assets inflows∕clients assets outflows;;;%
KRI;y_axis_rc_code;LIQV0191;Actual Public Funding;;;Thousands
KRI;y_axis_rc_code;CRMAT_V111;Share of Loans and Advances to Households Secured by RRE over Total Loans and Advances;;;%
KRI;y_axis_rc_code;MRFL1500;Financial liabilities held for trading: Other financial liabilities;;;Thousands
KRI;y_axis_rc_code;PROF24;Debt securities issued to total financial liabilities;;;%
KRI;y_axis_rc_code;CRED203;Breakdown of loans to NFC by NACE economic sector: Manufacturing;;;%
KRI;y_axis_rc_code;LIQ270;1Y Forecasted Growth of Client Loans;;;%
KRI;y_axis_rc_code;IRRBB267;Projected NII in the Baseline IR scenario∕Realized NII (reported via STE);;;%
KRI;y_axis_rc_code;CRED490;Unmargined business’ CCR exposure value as a share of total CCR exposure value;;;%
KRI;y_axis_rc_code;PRFI0300_YCHANGE;Net fee & commission income - Yearly change;;;%
KRI;y_axis_rc_code;FWL1;Automated viability anchor score - Return on assets;;;Unit
KRI;y_axis_rc_code;STCE0105;Total exposure value: on balance sheet items as sponsor – traditional sec - SA;;;Thousands
KRI;y_axis_rc_code;IDCARD27_LSI;Net other operating income;;;Thousands
KRI;y_axis_rc_code;CRED267;Retail Credit risk capital requirement;;;Millions
KRI;y_axis_rc_code;CRCM0300;(-) IRB measurement of expected losses;;;Millions
KRI;y_axis_rc_code;PRFI3600;Impairment or (-) reversal of impairment of investments in subsidiaries, joint ventures and associates;;;Millions
KRI;y_axis_rc_code;BSFA2000;Financial assets designated at fair value through profit or loss: Debt securities: Counterparty sectors other than credit institutions;;;Thousands
KRI;y_axis_rc_code;OPER64;Number of events for execution, delivery and process management;;;Unit
KRI;y_axis_rc_code;CRED147;Total exposures deducted from own funds for traditional securitisation positions (SA and IRB) ∕ Total capital requirements;;;%
KRI;y_axis_rc_code;CRED321;NPL Forbearance ratio - General Governments;;;%
KRI;y_axis_rc_code;MR_NRMR_EQR_SIZE;Banking book items sensitive to EQ (Fair value) to Total Assets;;;%
KRI;y_axis_rc_code;IDCARD690;G-SII (LR);;;%
KRI;y_axis_rc_code;CRNA2014;Collateral and other credit enhancement received for impaired and past due loans. Households;;;Millions
KRI;y_axis_rc_code;CRFA0712;Loans and advances. Mortgage loans. Past due for more than 90 days but not impaired;;;Thousands
KRI;y_axis_rc_code;MR_RMR_SIZE_1;Assets & liabilities measured at measured at fair value through P&L to Total Assets;;;%
KRI;y_axis_rc_code;LIQV0103;5Y retail deposits funding spread (in basis points);;;Unit
KRI;y_axis_rc_code;CRED231;Variation rate of loans to NFC by NACE economic sector - Accommodation and food services;;;%
KRI;y_axis_rc_code;CRED58_1;Breakdown of NPL ratio by type of Counterparty - General governments;;;%
KRI;y_axis_rc_code;CRED401;Central banks and general governments: Movements among Stages S1-S2 (% of all movements);;;%
KRI;y_axis_rc_code;CRED332;Inflow forbearance ratio;;;%
KRI;y_axis_rc_code;OPER33;Ratio sum of the five largest losses for retail brokerage to sum across all business lines of the sums of the five largest business line losses;;;%
KRI;y_axis_rc_code;CRED249;OTC derivatives [notional] (trading and hedging) ∕ Total assets;;;%
KRI;y_axis_rc_code;PROF107;Return on AuC: Gross safekeeping fees revenues∕AuC;;;%
KRI;y_axis_rc_code;LIQ118;USD LCR;;;%
KRI;y_axis_rc_code;LIQ117;Unsecured funding ratio;;;%
KRI;y_axis_rc_code;PRFI0500;Net gains on financial assets and liabilities designated at FVPL;;;Thousands
KRI;y_axis_rc_code;PROF55_MAX;Cost of Equity - SSM estimation (max);;;%
KRI;y_axis_rc_code;LEV401B;Materiality of average SFTs in comparison to total leverage ratio exposure (TLRE) (using quarterly data);;;%
KRI;y_axis_rc_code;CAP112;P1 (OCR);;;%
KRI;y_axis_rc_code;LANP1000a;Total loans and advances - Credit Institutions. Accumulated impairment on non-performing exposure;;;Millions
KRI;y_axis_rc_code;PROF163;Forecast error CIR t-2;;;%
KRI;y_axis_rc_code;BSFL0400;Financial liabilities held for trading;;;Thousands
KRI;y_axis_rc_code;IRRBB195;Pass-through rate of NMD over 1 year horizon for NMD retail non-transactional (parallel up);;;%
KRI;y_axis_rc_code;STCE0613;Total securitised exposures. Loans to corporates and SMEs (treated as corporates);;;Thousands
KRI;y_axis_rc_code;STCE0302;Total exposure value: off balance sheet items and derivatives as originator – traditional sec - IRB;;;Thousands
KRI;y_axis_rc_code;LIQ287;3Y Forecasted Growth of Derivatives Assets;;;%
KRI;y_axis_rc_code;MARK64;Breakdown of market risk capital requirements under standardised approaches (SA) - equity;;;%
KRI;y_axis_rc_code;CRED61_1;Breakdown of NPL ratio by type of Counterparty - Non-financial corporations;;;%
KRI;y_axis_rc_code;CRED130;Increase of PD by Exposure class (for IRB and FIRB banks). IRB Central Governments;;;%
KRI;y_axis_rc_code;PROF127;Projected Cost∕income ratio at t+2;;;%
KRI;y_axis_rc_code;PROF95;Interest income from Debt securities∕ Total interest income;;;%
KRI;y_axis_rc_code;CRED334;Net NPL Collateral Gap;;;%
KRI;y_axis_rc_code;FWL6;4 Barrier ROA;;;Unit
KRI;y_axis_rc_code;MR_NRMR_EQR_BWL_SUM_WM_1;Support formula to calculate other KRIs.;;;%
KRI;y_axis_rc_code;MARK60;Breakdown of net gains on financial assets and liabilities held for trading - Other (including hybrid instruments);;;%
KRI;y_axis_rc_code;CRED408;Central banks and general governments: Share of Performing forborne exposures under probation reclassified from non-performing over total performing exposures with forbearance measures;;;%
KRI;y_axis_rc_code;CRMAT_S211;Share of Performing Loans and Advances to Coporates and Large corporates in Stage 2 over Total Performing Loans and Advances to Corporates and Large corporates;;;%
KRI;y_axis_rc_code;CAP35;Overall capital margins above capital requirements (Absolute value) (Total Capital - Total Capital Requirements);;;Thousands
KRI;y_axis_rc_code;CRED185;Past due debt instruments ∕ Debt instruments;;;%
KRI;y_axis_rc_code;PROF71;Interest income from Non-financial corporations∕ Total loans and advances interest income;;;%
KRI;y_axis_rc_code;PROF87;NFC loans coming from Administrative and support service activities (NACE code)∕ Total NFC loans;;;%
KRI;y_axis_rc_code;CRFA0700;Specific allowances for loans;;;Millions
KRI;y_axis_rc_code;MR_PRR_XVA_SIZE;OTC derivatives and SFTs exposed to xVAs risks (Fair value) to Total Assets;;;%
KRI;y_axis_rc_code;IDCARD27;Net other operating income;;;Thousands
KRI;y_axis_rc_code;MARK54_B;Net gains on financial assets and liabilities at FVPL (held for trading + non-held fortrading items) ∕ Total operating income;;;%
KRI;y_axis_rc_code;MR_RMR_FRTB_31;Equity risk (EQU) net sensitivity in relation to OFR;;;%
KRI;y_axis_rc_code;MR_FWL_BBFVPL_EQ;Potential impacts coming from equity risk of BB instruments at FVPL to Total RWA;;;%
KRI;y_axis_rc_code;MR_NRMR_SFX_HEDGING;Over∕underhedging of Structural FX risk to Total RWA;;;Days
KRI;y_axis_rc_code;MRFL5100;Financial liabilities designated at fair value through profit or loss: Fair value level 2;;;Thousands
KRI;y_axis_rc_code;MR_PRR_PIT;Weighted Level 2&3 Assets and Liabilities to Total Assets [Max(T, average 4 quarters)];;;%
KRI;y_axis_rc_code;IRRBB203;∆ NII - Parallel shock down;;;0
KRI;y_axis_rc_code;OPER114;Total net loss amount for clients, products and business practices including loss adjustments relating to previous reporting periods;;;Unit
KRI;y_axis_rc_code;MRCE2909;Stressed VaR: latest available;;;Thousands
KRI;y_axis_rc_code;OPER109;Total net loss amount for clients, products and business practices excluding loss adjustments relating to previous reporting periods;;;Unit
KRI;y_axis_rc_code;IRRBBMAT_4;Largest Derivatives EVE (across all IR scenarios) ∕ T1;;;%
KRI;y_axis_rc_code;MR_RMR_FXR_8;Items denominated in a foreign currency (short positions - SA banks) to Total Liabilities;;;%
KRI;y_axis_rc_code;LIQ15_LSI;Net Stable Funding Ratio (NSFR);;;%
KRI;y_axis_rc_code;IDCARD91;Deposits (top 1st country);;;Thousands
KRI;y_axis_rc_code;PRFI5800;Measures the cost of risk point-in-time denominator for loans subject to impairment granted to HHs;;;Unit
KRI;y_axis_rc_code;OPER10_THR;Threshold for triggering Operational Risk flag in the P2R methodology;;;%
KRI;y_axis_rc_code;IRRBB248;(Δ Obligations after interest rate shock up - Δ Assets after interest rate shock up) ∕ Tier 1 capital;;;%
KRI;y_axis_rc_code;LIQ70;deposits from general governments;;;Thousands
KRI;y_axis_rc_code;PRFI0800_LINEAR;Operating income. Linear (YTD) annualization.;;;Unit
KRI;y_axis_rc_code;PROF5_ANNUAL;Annualised Cost∕Income Ratio;;;%
KRI;y_axis_rc_code;MR_PIT;Weighted Assets & liabilities measured at fair value to Total Assets [Max(T, average 4 quarters)];;;%
KRI;y_axis_rc_code;CRED13;Identification of the institution's risk appetite (corporate, retail, etc.). Breakdown of RWA credit risk IRB by exposure class ∕ EAD by IRB exposure class - Corporates;;;%
KRI;y_axis_rc_code;PRFI0400;Net trading income;;;Millions
KRI;y_axis_rc_code;LIQ294;3Y Forecasted Growth of Derivatives Liabilities;;;%
KRI;y_axis_rc_code;PROF77;NFC loans coming from Electricity, gas, steam and air conditioning supply (NACE code)∕ Total NFC loans;;;%
KRI;y_axis_rc_code;MR_RMR_FRTB_32;Commodity risk (COM) net sensitivity in relation to OFR;;;%
KRI;y_axis_rc_code;BSFA0200_FP_T1;Total assets (as reported in funding plans) Planned Year 1 Position;;;Thousands
KRI;y_axis_rc_code;CAP12;Dynamics of own funds: Eligible reserves;;;%
KRI;y_axis_rc_code;LIQV0194;1Y Forecast for Public Funding;;;Thousands
KRI;y_axis_rc_code;LIQV0084;Short term wholesale funding;;;Thousands
KRI;y_axis_rc_code;MARK98;Level 3 liabilities (financial liabilities designated at FVPL) ∕ Financial liabilities designated at FVPL;;;%
KRI;y_axis_rc_code;MARK123;Standard deviation of (Net gains on HFT assets & liabilities) ∕ Average Own funds;;;%
KRI;y_axis_rc_code;CAP39;Composition of credit risk capital requirements: Credit risk capital requirements under IRB approach;;;%
KRI;y_axis_rc_code;LEV110;Leverage ratio (fully phase in) - Numerator;;;Year(s)
KRI;y_axis_rc_code;LIQV0025;5Y senior unsecured securities spread (in basis points);;;Unit
KRI;y_axis_rc_code;MR_RMR_FXR_BWL;3-year weighted volatility of quarterly P&L (Trading derivative sensitive to FX and BB FX differences) to Total RWA;;;%
KRI;y_axis_rc_code;MR_BWL_SUM_1;Support formula to calculate other KRIs.;;;Millions
KRI;y_axis_rc_code;LIQ232;Short-term unsecured WS funding ratio < 3M;;;%
KRI;y_axis_rc_code;MRCE2908;Multiplication factor (ms) x average of previous 60 working days (VaRavg): Total amount for specific risk;;;Thousands
KRI;y_axis_rc_code;CRMAT_V231;Share of CRE Loans and Advances over Total Loans and Advances;;;%
KRI;y_axis_rc_code;MRFA2900;Financial assets held for trading: Equity instruments - Credit institutions;;;Thousands
KRI;y_axis_rc_code;CRED113;Evolution of total loans by NACE economic sector ∕ Total loans by type of NACE economic sector Households;;;%
KRI;y_axis_rc_code;BSFL2600_1;Financial liabilities measured at fair value to profit or loss excluding those held for trading;;;Thousands
KRI;y_axis_rc_code;IDCARD526;loans to credit institutions;;;Millions
KRI;y_axis_rc_code;PRFI2300_QUARTERLY_ONEOFF;Quarterly Net profit, excluding one-offs;;;Millions
KRI;y_axis_rc_code;MRCE2905;Multiplication factor (ms) x average of previous 60 working days (VaRavg): Foreign exchange risk;;;Thousands
KRI;y_axis_rc_code;PRFI1100_quarterly;Quarterly Profit or loss after tax from continuing operations;;;Millions
KRI;y_axis_rc_code;MR_PnL_BBFVPL;P&L from BB items at FVPL;;;Millions
KRI;y_axis_rc_code;CRED301;NPL Coverage Ratio - Central banks;;;%
KRI;y_axis_rc_code;LIQV0185;3Y Forecast for Derivatives Liabilities;;;Thousands
KRI;y_axis_rc_code;IDCARD131N;NPL ratio excluding cash balances;;;%
KRI;y_axis_rc_code;IRRBB250;Worst NII impact with derivatives (across all parallel IR scenarios) – Worst NII without derivatives (across all parallel IR scenarios);;;Months
KRI;y_axis_rc_code;LIQV0052;1W secured funding spread (in basis points);;;Unit
KRI;y_axis_rc_code;IDCARD306;RWA (fully loaded);;;Thousands
KRI;y_axis_rc_code;MR_NRMR_EQR_SBM_MC;Capital requirements proxy for Equity risk in the banking book – Medium correlation scenario;;;Year(s)
KRI;y_axis_rc_code;CRMAT_F401;Share Non-Performing or Forborne performing Loans and Advances to Central banks and General governments over Total Loans and Advances to Central banks and General governments;;;%
KRI;y_axis_rc_code;CAP68;Other Systemically Important Institution buffer;;;Millions
KRI;y_axis_rc_code;CRED140;Inflow Allowances ∕ Non-performing loans;;;%
KRI;y_axis_rc_code;PRFI2300_quarterly;Quarterly Total profit or loss after tax and discontinued operations;;;Millions
KRI;y_axis_rc_code;LIQV0209;3Y Forecast for Financial Corporates Deposits;;;Thousands
KRI;y_axis_rc_code;CRFA2200;Debt securities subject to impairment;;;Thousands
KRI;y_axis_rc_code;MR_RMR_FRTB_6;Own funds requirements for Default risk to Total RWA;;;%
KRI;y_axis_rc_code;PROF133;Projected Cost of Risk at t+2;;;%
KRI;y_axis_rc_code;CRED214;Breakdown of loans to NFC by NACE economic sector: Public administration and defence, compulsory social security;;;%
KRI;y_axis_rc_code;LANP0310;Total loans and advances. Non-Performing. Gross carrying amount (past due <= 90 days);;;Millions
KRI;y_axis_rc_code;LIQ104;Wholesale funding ratio;;;%
KRI;y_axis_rc_code;PRFI2200;Impairment on non-financial assets;;;Thousands
KRI;y_axis_rc_code;LANP0500;Loans and advances at amortised cost - Credit institutions. Gross carrying amount;;;Millions
KRI;y_axis_rc_code;MR_RMR_FXR_PIT;Trading derivative sensitive to FX (Fair value) to Total Assets [Max(T, average 4 quarters)];;;%
KRI;y_axis_rc_code;MRCE2902;Multiplication factor (ms) x average of previous 60 working days (VaRavg): Traded debt instruments - Specific risk;;;Thousands
KRI;y_axis_rc_code;LIQV0193;1Y Forecast for Innovative Instruments;;;Thousands
KRI;y_axis_rc_code;IRRBB_SV_NII_dw;Supervisory View NII - Interest Rates decrease;;;%
KRI;y_axis_rc_code;CRED322;NPL ratio adjusted by foreclosure&performing forbearance;;;%
KRI;y_axis_rc_code;CRMAT_V211;Share of Loans and Advances to Corporates and Large corporates over Total Loans and Advances;;;%
KRI;y_axis_rc_code;LIQV0164;1Y Forecast for Total Liabilities;;;Thousands
KRI;y_axis_rc_code;LIQV0116;Weighted average residual maturity of Top 10 funding counterparties (days);;;Unit
KRI;y_axis_rc_code;MRCE0920;Settlement∕Delivery risk capital requirements in the non-trading book;;;Thousands
KRI;y_axis_rc_code;CAP137;TIER1 headroom above P2G (fully-loaded) as % of RWA;;;%
KRI;y_axis_rc_code;MR_RMR_COM_FWL;Potential impacts coming from Items at FVPL sensitive to COM to Total RWA;;;%
KRI;y_axis_rc_code;PRFI5400;Measures the cost of risk point-in-time denominator for loans subject to impairment granted to all the counterparty types;;;Unit
KRI;y_axis_rc_code;IDCARD48;Cash;;;Millions
KRI;y_axis_rc_code;CRMAT_A111;Absolute volume of Households Secured by RRE portfolio;;;Millions
KRI;y_axis_rc_code;CRMAT_G231;YoY growth of absolute volume CRE Loans and Advances;;;%
KRI;y_axis_rc_code;IRRBB212;Average repricing time Loan and advancess secured by RRE: Parallel Shock Up - Behavioral Baseline;;;Months
KRI;y_axis_rc_code;PROF106;Coverage net fee income from AM or C related business versus total operating expenses;;;%
KRI;y_axis_rc_code;CACE1210;Credit risk capital requirements: SA exposure classes excluding securitisation positions: Exposures in default;;;Thousands
KRI;y_axis_rc_code;PROF150;Projected Cost of Risk at t as reported in year t-1;;;%
KRI;y_axis_rc_code;IRNI1300;Change in the forecasted net interest income of the banking book under parallel interest rate decrease of 200 bps (Millions);;;Millions
KRI;y_axis_rc_code;MR_RMR_IRR_PIT;Financial assets & liabilities measured at fair value through P&L sensitive to IR (Fair value) to Total Assets [Max(T, average 4 quarters)];;;%
KRI;y_axis_rc_code;MR_PRR_CVA_BWL;3-year weighted volatility of quarterly CVA changes to Total RWA;;;%
KRI;y_axis_rc_code;IDCARD320N;NPL ratio based on F18 numerator (IDCARD131N);;;Millions
KRI;y_axis_rc_code;CRED375;Share of Stage 1 on Total Loans;;;%
KRI;y_axis_rc_code;MRCE0919;Settlement∕Delivery risk capital requirements in the trading book;;;Thousands
KRI;y_axis_rc_code;LIQV0008;O∕N moneys due from credit institutions;;;Thousands
KRI;y_axis_rc_code;ORCE1610;Total loss amount for internal fraud;;;Millions
KRI;y_axis_rc_code;LIQ200;LCP (months);;;Months
KRI;y_axis_rc_code;CRMAT_G301;YoY growth of absolute volume Loans and Advances to Credit institutions and Other financial institutions;;;%
KRI;y_axis_rc_code;CLIM06;Share of gross interest income from 7 key carbon-intensive sectors in the NFC portfolio (non-EU);;;%
KRI;y_axis_rc_code;MRCE2916;Stressed VaR. Multiplication factor (ms) x average of previous 60 working days (SVaRavg): Commodities risk;;;Thousands
KRI;y_axis_rc_code;CACE1209;Credit risk capital requirements: SA exposure classes excluding securitisation positions: Secured by mortgages on immovable property and ADC exposures;;;Thousands
KRI;y_axis_rc_code;MR_RMR_CSR_PIT;Financial assets & liabilities measured at fair value through P&L sensitive to CS (Fair value) to Total Assets [Max(T, average 4 quarters)];;;%
KRI;y_axis_rc_code;MR_RMR_FRTB_7;ASA REA to Current MR REA;;;%
KRI;y_axis_rc_code;IRRBB205;∆MV - Parallel shock down;;;0
KRI;y_axis_rc_code;OPER65;Maximum single loss for internal fraud;;;Millions
KRI;y_axis_rc_code;CRMAT_F301;Share Non-Performing or Forborne performing Loans and Advances to Credit institutions or Other financial institutions over Total Loans and Advances to Credit institutions and Other financial institutions;;;%
KRI;y_axis_rc_code;STCE0609;Total securitised exposures. Residential mortgages;;;Thousands
KRI;y_axis_rc_code;LIQV0204;1Y Forecast for Households Deposits;;;Thousands
KRI;y_axis_rc_code;IDCARD245;concentration exposure sector Retail mortgage;;;Thousands
KRI;y_axis_rc_code;CRED93;LTV Ratio NPL by type of counterparty - HouseHolds;;;%
KRI;y_axis_rc_code;CRED366;Migration Rate: from stage 3 to 2;;;%
KRI;y_axis_rc_code;PROF154;Projected Cost of Risk at t as reported in year t-2;;;%
KRI;y_axis_rc_code;LIQ106;Government deposits ratio;;;%
KRI;y_axis_rc_code;MR_NRMR_SFX_SIZE;Banking book items sensitive to FX (Fair value) to Total Assets;;;%
KRI;y_axis_rc_code;CRED184;Past due loans ∕ Total loan;;;%
KRI;y_axis_rc_code;IDCARD51;Deposits;;;Millions
KRI;y_axis_rc_code;CAP58;CET1 Ratio;;;%
KRI;y_axis_rc_code;CRMAT_A201;Absolute volume of NFC portfolio;;;Millions
KRI;y_axis_rc_code;IDCARD87_LSI_PT;Geographical breakdown of assets. SSM country - Portugal;;;Thousands
KRI;y_axis_rc_code;MARK1;(Financial assets held for trading + Financial liabilities held for trading) ∕ total assets;;;%
KRI;y_axis_rc_code;MR_PRR_VR_BWL_SUM;OTC derivatives and SFTs exposed to xVAs risks (Fair value) to Total Assets;;;Millions
KRI;y_axis_rc_code;PRFI5200_ANNUAL_ONEOFF;Core revenue, excluding one-offs;;;Millions
KRI;y_axis_rc_code;LIQ307;1Y Forecasted Growth of Households Deposits;;;%
KRI;y_axis_rc_code;CLIM27;Share of collateral with estimated EPC in RRE portfolio (non-EU);;;%
KRI;y_axis_rc_code;CLIM12;Emission intensity to 7 key transition sectors in the NFC portfolio (non-EU);;;%
KRI;y_axis_rc_code;CRED243;Evolution: Breakdown of total loans by NACE economic sector - Households: other purposes;;;%
KRI;y_axis_rc_code;OPER59;Number of events for external fraud;;;Unit
KRI;y_axis_rc_code;CRED459;Non Financial Coorporations: Coverage S1;;;%
KRI;y_axis_rc_code;ORCE1641;Loss adjustments for business disruption and system failures;;;Millions
KRI;y_axis_rc_code;CACE0800;Pillar I Total capital requirements;;;Millions
KRI;y_axis_rc_code;CRED404;Central banks and general governments: Outflow to NPLs (Abs.) [All L&A except HfT and HfS];;;Millions
KRI;y_axis_rc_code;BSFL0600;ow: trading derivatives liabilities;;;Thousands
KRI;y_axis_rc_code;IRRBB2;Change in the economic value of equity under parallel interest rate decrease of 200 bp divided by Total capital;;;%
KRI;y_axis_rc_code;CRED44_1;Debt securities coverage ratio. Allowances for non-performing debt securities ∕ Non-performing debt securities;;;%
KRI;y_axis_rc_code;CACE1700;Market risk capital requirements under standardised approaches: equity;;;Thousands
KRI;y_axis_rc_code;BSFA3300_1;Financial assets measured at FVPL excluding those held for trading and hedging derivatives;;;Thousands
KRI;y_axis_rc_code;PROF167;Forecast error CRA t-3;;;%
KRI;y_axis_rc_code;LIQV0045;Contractual 12M GAP;;;Thousands
KRI;y_axis_rc_code;PROF143;Total profit or loss after tax ∕ Total assets at t-2 (used for forecast errors only);;;%
KRI;y_axis_rc_code;CRED491;SFTs CCR exposure value as a share of total CCR exposure value;;;%
KRI;y_axis_rc_code;MR_RMR_CSR_BWL_SUM_WM;Support formula to calculate other KRIs.;;;%
KRI;y_axis_rc_code;LIQST003;Survival Period Extreme case (days).;;;Days
KRI;y_axis_rc_code;MR_RMR_FRTB_33;Foreign exchange risk (FX) net sensitivity in relation to OFR;;;%
KRI;y_axis_rc_code;CRMAT_V501;Share of Securitisation exposures originated over Total Loans and Advances;;;%
KRI;y_axis_rc_code;MARK129;Change in general government exposures designated at amortised cost over the past 6 months;;;%
KRI;y_axis_rc_code;LIQST008;Funding deficit∕surplus (as % of total assets) Adverse case 3 Month.;;;%
KRI;y_axis_rc_code;CAP125;TIER1 headroom above OCR (phased-in) as % of RWA;;;%
KRI;y_axis_rc_code;BSFL3200;Deposits: Households-Amortised cost;;;Thousands
KRI;y_axis_rc_code;LEV415B_LSI;Rel Change of Leverage Ratio;;;%
KRI;y_axis_rc_code;CAP135;Leverage ratio headroom above OLRR (fully-loaded) as % of Leverage exposure;;;%
KRI;y_axis_rc_code;IRRBB6;Change in the forecasted net interest income of the banking book under parallel interest rate increase of 200 bps divided by Annualised total net interest income;;;%
KRI;y_axis_rc_code;MARK83;Breakdown of VaR (between general and specific risk) - specific risk;;;%
KRI;y_axis_rc_code;CRED161;Credit risk capital requirements under standardised approach: SA exposure classes excluding securitisation positions: Administrative bodies and non-commercial undertakings;;;%
KRI;y_axis_rc_code;MR_RMR_COM_BWL_WSTD_NUM;Support formula to calculate other KRIs.;;;Millions
KRI;y_axis_rc_code;CRED109;Increase of total loans by type of collateral ∕ Total loans: Other collateralized loans;;;%
KRI;y_axis_rc_code;LELE0400;Large exposures. Total amount;;;Millions
KRI;y_axis_rc_code;LIQV0034;DGS covered deposits;;;Thousands
KRI;y_axis_rc_code;PROF70;Interest income from Other financial corporations∕ Total loans and advances interest income;;;%
KRI;y_axis_rc_code;CRED307;NPL Coverage Ratio: Households - residential Mortgages;;;%
KRI;y_axis_rc_code;LRSM0400;Available Stable Funding;;;Thousands
KRI;y_axis_rc_code;CRMAT_A121;Absolute volume of Households Credit for consumption portfolio;;;Millions
KRI;y_axis_rc_code;PROF94;Interest income from Derivatives - Trading∕ Total interest income;;;%
KRI;y_axis_rc_code;PROF11;Loans and advances to credit institutions to total loans and advances;;;%
KRI;y_axis_rc_code;PROF48_ANNUAL_ONEOFF;Core Revenue to Assets ratio, excluding one-offs;;;%
KRI;y_axis_rc_code;LIQV0198;Planned 1Y Household Deposits;;;Thousands
KRI;y_axis_rc_code;LIQV0106;Unadjusted Level 2 assets;;;Thousands
KRI;y_axis_rc_code;LIQV0163;1Y Forecast for Other Assets;;;Thousands
KRI;y_axis_rc_code;CRED111;Increase of total loans by type of collateral ∕ Total loans: Other;;;%
KRI;y_axis_rc_code;LIQ301;3Y Forecasted Growth for Deposit-like Financial Instruments;;;%
KRI;y_axis_rc_code;MR_PRR_BWL_SUM;Support formula to calculate other KRIs.;;;Millions
KRI;y_axis_rc_code;MARK8;Breakdown of financial assets designated at FVPL: Debt securities;;;%
KRI;y_axis_rc_code;PROF159;Forecast error ROA t-1;;;%
KRI;y_axis_rc_code;CRED369;Migration Rate: from stage 2 to 3;;;%
KRI;y_axis_rc_code;MARK8_B;Breakdown of financial assets designated at FVPL: Debt securities;;;%
KRI;y_axis_rc_code;CRNA111G;Gross carrying amount of loans and advances to non-financial corporations - Wholesale and retail trade;;;Millions
KRI;y_axis_rc_code;CRED439;Credit institutions and other financial institutions: Movements among Stages S1-S2 (% of all movements);;;%
KRI;y_axis_rc_code;MARK128;Change in the total general government exposures over the past 6 months;;;%
KRI;y_axis_rc_code;CRED95;Composition of securitised exposures. Securitised exposures by type of assets ∕ Total securitised assets - Residential mortgages;;;%
KRI;y_axis_rc_code;CRNA111M;Gross carrying amount of loans and advances to non-financial corporations - Professional, scientific and technical activities;;;Millions
KRI;y_axis_rc_code;MARK28;OTC derivatives (liabilities) ∕ Derivatives held for trading;;;%
KRI;y_axis_rc_code;PRFI0800_annual;Annual total operating income (quarter to quarter);;;Millions
KRI;y_axis_rc_code;LIQ239;Share in Buffer Concentration per Issuer Sector: Households (eba_CT:x5);;;%
KRI;y_axis_rc_code;IRRBB172;Change in the economic value of equity under parallel interest rate decrease of 200 bps  divided by Tier 1 Capital;;;%
KRI;y_axis_rc_code;CRED223;Variation rate of loans to NFC by NACE economic sector - Agriculture, forestry and fishing;;;%
KRI;y_axis_rc_code;CRED392_B;Identification of nGAAP banks;;;Unit
KRI;y_axis_rc_code;CRED308;NPL Coverage ratio: Households - credit for consumption;;;%
KRI;y_axis_rc_code;LIQV0056;1M unsecured wholesale deposits spread (in basis points);;;Unit
KRI;y_axis_rc_code;CRMAT_O301;Share Off-Balance sheet commitments to Credit institutions and Other financial institutions over Total On-Balance Sheet Loans and Advances;;;%
KRI;y_axis_rc_code;LIQ203;Unencumbered Central Bank Eligible Assets & Collateral Received ratio;;;%
KRI;y_axis_rc_code;CRED426;Counterparty Credit Risk: Exposures for trades at non-QCCPs ∕Total EAD;;;%
KRI;y_axis_rc_code;RDPF1600;Interest income by instrument: Debt securities;;;Millions
KRI;y_axis_rc_code;CRMAT_V203;Share of Debt securities NFC over Total Debt instruments other than held for trading or held for sale;;;%
KRI;y_axis_rc_code;PRFI0100_LINEAR;Net interest income. Linear (YTD) annualization.;;;Unit
KRI;y_axis_rc_code;LEV402A;Magnitude of the drop in SFTs value around the reporting dates (using daily data);;;%
KRI;y_axis_rc_code;ORCE1635;Gross operational losses. Total amount;;;Millions
KRI;y_axis_rc_code;MARK7_B;Breakdown of financial assets designated at FVPL: Equity instruments;;;%
KRI;y_axis_rc_code;MARK6;Financial assets designated at FVPL ∕ Total assets;;;%
KRI;y_axis_rc_code;LIQ93;ABS securities issued ratio (% of total liabilities);;;%
KRI;y_axis_rc_code;MARK57;Breakdown of net gains on financial assets and liabilities held for trading - Credit risk instruments and related derivatives;;;%
KRI;y_axis_rc_code;LIQ121;Liquidity coverage ratio (clean);;;%
KRI;y_axis_rc_code;MRFA3500;Financial assets held for trading: Debt securities - Corporates;;;Thousands
KRI;y_axis_rc_code;MR_PRR_VR_SIZE;Weighted Level 2 & 3 assets and liabilities (Fair value) to Total Assets;;;%
KRI;y_axis_rc_code;PROF17;Liabilities: Derivatives to total financial liabilities;;;%
KRI;y_axis_rc_code;MR_RMR_FRTB_22;Share of Credit spread risk for securitisation not in ACTP in total SBM OFR;;;%
KRI;y_axis_rc_code;CRED374_D;Denominator of core NPL ratio for NFC and HH adjusted with foreclosures;;;Millions
KRI;y_axis_rc_code;LIQV0161;1Y Forecast for Client Loans;;;Thousands
KRI;y_axis_rc_code;IDCARD35;Stressed VaR;;;Thousands
KRI;y_axis_rc_code;MR_NRMR_EQR_BWL_WEIGHTS_1;Support formula to calculate other KRIs.;;;Millions
KRI;y_axis_rc_code;LIQV0125b;Contractual 2Y Gap (excl. retail and operational deposits and incl. CBC);;;Thousands
KRI;y_axis_rc_code;LIQ76;Derivatives and short positions;;;Thousands
KRI;y_axis_rc_code;OPER84;Ratio total loss amount for external fraud to total operational risk capital requirements;;;%
KRI;y_axis_rc_code;MRFL2200;Derivatives held for trading - Liabilities - Carrying amount: OTC - Credit institutions;;;Thousands
KRI;y_axis_rc_code;CRED97;Composition of securitised exposures. Securitised exposures by type of assets ∕ Total securitised assets - Credit card receivables;;;%
KRI;y_axis_rc_code;OPER110;Total net loss amount for damage to physical assets excluding loss adjustments relating to previous reporting periods;;;Unit
KRI;y_axis_rc_code;LIQV0064;3M ABS spread (in basis points);;;Unit
KRI;y_axis_rc_code;LIQ231;Share in Funding Concentration per Counterparty Sector: Households (eba_CT:x5);;;%
KRI;y_axis_rc_code;LIQV0019;Total undjusted level 1 assets;;;Thousands
KRI;y_axis_rc_code;PROF36;Off-balance sheet activities to total assets;;;%
KRI;y_axis_rc_code;MR_NRMR_SFX_PIT;Banking book items sensitive to FX (Fair value) to Total Assets [Max(T, average 4 quarters)];;;%
KRI;y_axis_rc_code;IDCARD87_LSI_EE;Geographical breakdown of assets. SSM country - Estonia;;;Thousands
KRI;y_axis_rc_code;CRED171;Credit risk capital requirements: IRB exposure classes excluding securitisation positions: Central Government and Central Banks;;;%
KRI;y_axis_rc_code;LIQ279;1Y Forecasted Growth of Other Liabilities;;;%
KRI;y_axis_rc_code;CRED351;Coverage ratio for non-performing debt instruments held for sale;;;%
KRI;y_axis_rc_code;LIQV0202;Planned 1Y Financial Corporates Deposits;;;Thousands
KRI;y_axis_rc_code;MR_PRR_XVA_BWL_WSTD_NUM;Support formula to calculate other KRIs.;;;Millions
KRI;y_axis_rc_code;OPER31;Ratio sum of the five largest losses for corporate finance to sum across all business lines of the sums of the five largest business line losses;;;%
KRI;y_axis_rc_code;PRFI0800_QUARTERLY_ONEOFF;Quarterly operating income, excluding one-offs;;;Millions
KRI;y_axis_rc_code;PRFI0100_ANN_LSTYR;Annual net interest income (quarter to quarter) last year;;;Thousands
KRI;y_axis_rc_code;ORNE1640;Sum of five largest losses for payment and settlement;;;Thousands
KRI;y_axis_rc_code;MARK16;Breakdown of financial liabilities held for trading - Debt certificates;;;%
KRI;y_axis_rc_code;BSFA0200_FP;Total assets (as reported in funding plans);;;Thousands
KRI;y_axis_rc_code;CRNA2010;Collateral and other credit enhancement received for impaired and past due loans. General governments;;;Millions
KRI;y_axis_rc_code;CRCE0201;Original exposure pre-conversion factors exposures class-by-exposure class (IRB): Central governments and central banks;;;Thousands
KRI;y_axis_rc_code;MARK125_C;Share of total general government exposures divided by total assets;;;%
KRI;y_axis_rc_code;CACO6800;Participations in insurance undertakings;;;Thousands
KRI;y_axis_rc_code;LIQV0174;3Y Forecast for Total Assets;;;Thousands
KRI;y_axis_rc_code;MARK127;Share of general government exposures designated at fair value through other comprehensive income divided by total general government exposures;;;%
KRI;y_axis_rc_code;LRQM0700;Required Stable Funding;;;Thousands
KRI;y_axis_rc_code;OPER87;Ratio total loss amount for damage to physical assets to total operational risk capital requirements;;;%
KRI;y_axis_rc_code;CAP100;T2 ratio (%);;;%
KRI;y_axis_rc_code;IRRBB188;Percentage of NMDs repricing after 1Y;;;%
KRI;y_axis_rc_code;PROF160;Forecast error ROA t-2;;;%
KRI;y_axis_rc_code;IRRBB204;∆MV - Parallel shock up;;;0
KRI;y_axis_rc_code;MR_RMR_FRTB_3;3-month average of business subject to market risk in the Non-Trading book to Total RWA;;;%
KRI;y_axis_rc_code;MR_NRMR_CSR_BWL_SUM;Support formula to calculate other KRIs.;;;Millions
KRI;y_axis_rc_code;OPER10;Ratio total loss amount to operational risk capital requirements;;;%
KRI;y_axis_rc_code;IRRBB233;(Δ Obligations in credit spread widening scenario - Δ Assets in credit spread widening scenario) ∕ T1 capital;;;%
KRI;y_axis_rc_code;MARK130;Change in general government exposures designated at fair value through other comprehensive income over the past 6 months (Percentage);;;%
KRI;y_axis_rc_code;ORCE1653;Negative loss adjustment amounts for external fraud;;;Millions
KRI;y_axis_rc_code;PRFI2900;Share of the profit (loss) of investments in subsidiaries, associates and joint ventures;;;Thousands
KRI;y_axis_rc_code;LIQ290;3Y Forecasted Growth of Repurchase Agreements;;;%
KRI;y_axis_rc_code;CRED64_1;Breakdown of NPL ratio Households - credit for consumption;;;%
KRI;y_axis_rc_code;PROF122;Contribution of Asset Management fee revenue versus total fee revenue;;;%
KRI;y_axis_rc_code;CLIM18;Emission intensity in the NFC portfolio (Scope 3) (non-EU);;;%
KRI;y_axis_rc_code;LIQ230;Share in Funding Concentration per Counterparty Sector: Non-financial corporations (eba_CT:x20);;;%
KRI;y_axis_rc_code;IDCARD687;Total SREP leverage ratio requirement (TSLRR);;;%
KRI;y_axis_rc_code;PROF78;NFC loans coming from Water supply (NACE code)∕ Total NFC loans;;;%
KRI;y_axis_rc_code;OVERALL_CRED;Credit risk capital requirements;;;Thousands
KRI;y_axis_rc_code;CLIM05;Share of gross interest income from 7 key carbon-intensive sectors in the NFC portfolio (EU);;;%
KRI;y_axis_rc_code;LIQ304;Backtesting Planned vs Actual Households Deposits;;;%
KRI;y_axis_rc_code;LIQ217;Loan to Deposit ratio (extended);;;%
KRI;y_axis_rc_code;STCE0405;Total capital requirements before cap: on balance sheet items as investor – traditional sec - IRB;;;Thousands
KRI;y_axis_rc_code;PROF25;Liabilities (domestic activities) to total liabilities;;;%
KRI;y_axis_rc_code;CRED17;Materiality of credit risk. Credit risk capital requirements ∕ Total capital requirements;;;%
KRI;y_axis_rc_code;MR_NRMR_PIT;Assets & liabilities measured at measured at fair value through OCI to Total Assets [Max(T, average 4 quarters)];;;%
KRI;y_axis_rc_code;SNL133837;Price-to-book ratio;;;%
KRI;y_axis_rc_code;CRED448;FAs and HFS: Share of accumulated negative changes of foreclosed assets;;;%
KRI;y_axis_rc_code;OPER17;Ratio gross loss amount for business disruption and system failures to total gross loss amount;;;%
KRI;y_axis_rc_code;CRED233;Variation rate of loans to NFC by NACE economic sector - Real estate activities;;;%
KRI;y_axis_rc_code;PROF6_ex_minority;Return on equity excluding minority interests;;;%
KRI;y_axis_rc_code;IRRBB103;Change in the economic value of equity under Short Rates Shock Up divided by Tier 1 capital;;;%
KRI;y_axis_rc_code;IDCARD417_LSI;Total risk exposure amount for other risks;;;Thousands
KRI;y_axis_rc_code;IRRBB247;(Δ Obligations after interest rate shock down - Δ Assets after interest rate shock down) ∕ Tier 1 capital;;;%
KRI;y_axis_rc_code;CRED5;Loans to households for credit for consumption ∕ Total loans;;;%
KRI;y_axis_rc_code;PROF155;Projected Total profit or loss after tax ∕ Total assets at t as reported in year t-3;;;%
KRI;y_axis_rc_code;LEV502_LSI;Value of single exposure excluded from P1R LR (w∕o IPS, IG, Basel) to TLRE;;;%
KRI;y_axis_rc_code;CAP31;Market Risk Capital Requirements on Total Capital Requirements;;;%
KRI;y_axis_rc_code;IDCARD529_BANKSTATS;Administrative expenses and depreciation - adapted (bankstats);;;Thousands
KRI;y_axis_rc_code;CACO2500;Additional value adjustment necessary with respect to fair value instruments;;;Thousands
KRI;y_axis_rc_code;CAP20;Dynamics of own funds: Share premium;;;%
KRI;y_axis_rc_code;MR_PRR_FADJ_DENSITY_L3_DEBT;Total FVadj on L3 Debt securities on total L3 Debt securities exposure;;;%
KRI;y_axis_rc_code;CRED131;Increase of PD by Exposure class (for IRB and FIRB banks). FIRB Central Governments;;;%
KRI;y_axis_rc_code;ORCE1605;Total loss amount for retail banking;;;Millions
KRI;y_axis_rc_code;IDCARD83;RWA for credit risk (top 1st country);;;Thousands
KRI;y_axis_rc_code;CRED338;Performing coverage ratio;;;%
KRI;y_axis_rc_code;CAP111;P1 (CET1);;;%
KRI;y_axis_rc_code;CAP48;Dynamics of capital requirements: Settlement and delivery risk capital requirements;;;%
KRI;y_axis_rc_code;CRED19;Total RWA IRB ∕ Total EAD IRB;;;%
KRI;y_axis_rc_code;CAP92;Total SREP capital requirement (TSCR) ratio;;;%
KRI;y_axis_rc_code;LIQV0160;1Y Forecast for Reverse Repurchase Agreements;;;Thousands
KRI;y_axis_rc_code;CAP44;Dynamics of capital requirements: Market risk capital requirements;;;%
KRI;y_axis_rc_code;CRED472;Non Financial Coorporations: UTP share of total NPL;;;%
KRI;y_axis_rc_code;IDCARD87_LSI_CY;Geographical breakdown of assets. SSM country - Cyprus;;;Thousands
KRI;y_axis_rc_code;OPER76;Sum of the five largest losses for damage to physical assets;;;Millions
KRI;y_axis_rc_code;LEV401B_LSI;Materiality of average SFTs in comparison to total leverage ratio exposure (TLRE) (using quarterly data);;;%
KRI;y_axis_rc_code;CRNA2011;Collateral and other credit enhancement received for impaired and past due loans. Credit institutions;;;Millions
KRI;y_axis_rc_code;LIQV0031;1Y retail deposits funding spread (in basis points);;;Unit
KRI;y_axis_rc_code;PROF194;Ratio of net interest income to Net Interest Income, excluding trading income;;;%
KRI;y_axis_rc_code;STCE0303;Total exposure value: on balance sheet items as investor – traditional sec - IRB;;;Thousands
KRI;y_axis_rc_code;PROF3_annual;Annualised ROA (after tax);;;%
KRI;y_axis_rc_code;MARK105;Estimation of Share of TDI in Total Capital Requirements;;;%
KRI;y_axis_rc_code;CLUSTInterbankLoans;Total loans to credit institutions;;;Millions
KRI;y_axis_rc_code;CAP123;P1 (T1);;;%
KRI;y_axis_rc_code;PROF20;Households' deposits to total deposits;;;%
KRI;y_axis_rc_code;LIQV0169;1Y Forecast for Derivatives Liabilities;;;Thousands
KRI;y_axis_rc_code;CRED66;Forborne loans by type of counterparty ∕ Total loans - Central governments;;;%
KRI;y_axis_rc_code;PROF129;Projected Core Revenue to Assets Ratio at t+1;;;%
KRI;y_axis_rc_code;LEV502;Value of single largest exposure excluded from P1R-LR;;;%
KRI;y_axis_rc_code;CRED311;NPL Forbearance ratio - Central banks;;;%
KRI;y_axis_rc_code;IRRBB_SV_EVE_2;Change in the Supervisory EVE under parallel IR shock down divided by Tier 1 capital;;;%
KRI;y_axis_rc_code;MR_NRMR_EQR_BWL_WSTD_NUM_1;Support formula to calculate other KRIs.;;;Millions
KRI;y_axis_rc_code;MR_PRR_XVA_BWL_SUM_WM;Support formula to calculate other KRIs.;;;%
KRI;y_axis_rc_code;LIQ14;Liquidity Coverage Ratio;;;%
KRI;y_axis_rc_code;ORCE1615;Total loss amount for business disruption and system failures;;;Millions
KRI;y_axis_rc_code;CRED248;OTC derivatives (trading and hedging) ∕ Total assets;;;%
KRI;y_axis_rc_code;BSFA2100;Available-for-sale financial assets: Debt securities: Credit Institutions;;;Thousands
KRI;y_axis_rc_code;PROF23;Short positions (equity instruments and debt securities) to total financial liabilities;;;%
KRI;y_axis_rc_code;IDCARD87_LSI_LU;Geographical breakdown of assets. SSM country - Luxembourg;;;Thousands
KRI;y_axis_rc_code;PROF69;Interest income from Credit institutions∕ Total loans and advances interest income;;;%
KRI;y_axis_rc_code;LIQV0076;2Y ABS spread (in basis points);;;Unit
KRI;y_axis_rc_code;CRED387_LSI;NPL inflow ratio;;;%
KRI;y_axis_rc_code;CRED454;Households: Movements among Stages S1-S2 (% of all movements);;;%
KRI;y_axis_rc_code;LIQ84;Retail 6 months spread (basis points);;;Unit
KRI;y_axis_rc_code;LIQ46;Funding from TOP 10 counterparties to Total liabilities;;;%
KRI;y_axis_rc_code;CRMAT_N101;Share Non-Performing Loans and Advances to Households over Total Loans and Advances to Households;;;%
KRI;y_axis_rc_code;CRCE0107;Original exposure pre-conversion factors exposures class-by-exposure class (SA): Corporates;;;Thousands
KRI;y_axis_rc_code;CAP94;OCR: to be made up of Tier 1 capital;;;%
KRI;y_axis_rc_code;CRED6_1;Loans by type of collateral on Total Loans - Financial guarantees received;;;%
KRI;y_axis_rc_code;MR_RMR_EQR_BWL_SUM;Support formula to calculate other KRIs.;;;Millions
KRI;y_axis_rc_code;CRNAF006;Loans and advances. Forborne exposures. Non-financial corporations;;;Thousands
KRI;y_axis_rc_code;MR_FWL;Potential impacts coming from market risks to Total RWA;;;%
KRI;y_axis_rc_code;CRFA0702;Loans and advances past due for more than 90 days but not impaired. Central banks;;;Thousands
KRI;y_axis_rc_code;OPER83;Ratio total loss amount for internal fraud to total operational risk capital requirements;;;%
KRI;y_axis_rc_code;MR_RMR_FRTB_16;Relevance of RRAO in relation to total ASA OFR;;;%
KRI;y_axis_rc_code;CRED115;Evolution of total original exposure by class ∕ Total original exposure by class. Institutions;;;%
KRI;y_axis_rc_code;MR_PRR_L3;L3 Assets and Liabilities;;;Millions
KRI;y_axis_rc_code;IDCARD87_LSI_AT;Geographical breakdown of assets. SSM country - Austria;;;Thousands
KRI;y_axis_rc_code;CRMAT_V911;Share of Derivatives CCR RWEA over Total RWA;;;%
KRI;y_axis_rc_code;BSFA0100;Intangible and GW;;;Millions
KRI;y_axis_rc_code;PRFI6100_T1;Projected Three Year Average Net Trading (and Investment) Income at t+1;;;Thousands
KRI;y_axis_rc_code;CRED493;Gross Coverage ratio;;;%
KRI;y_axis_rc_code;CRED204;Breakdown of loans to NFC by NACE economic sector: Electricity, gas, steam and air conditioning supply;;;%
KRI;y_axis_rc_code;MR_NRMR_SFX_CURRENCIES;Total number of exempted currencies;;;Days
KRI;y_axis_rc_code;MR_RMR_COM_BWL_SUM_WM;Support formula to calculate other KRIs.;;;%
KRI;y_axis_rc_code;MR_RMR_FRTB_5;Own funds requirements for Sensitivity based method to Total RWA;;;%
KRI;y_axis_rc_code;CAP36;Prudential filter ∕ Tier 1 (quality of Tier 1);;;%
KRI;y_axis_rc_code;LIQV0126;Planned 1Y Total Assets;;;Thousands
KRI;y_axis_rc_code;SNL133859;Market capitalisation;;;Millions
KRI;y_axis_rc_code;LIQ254;Backtesting Planned vs Actual Client Loans;;;%
KRI;y_axis_rc_code;PRFI2900_T2;Projected Share of the profit (loss) of investments in subsidiaries, associates and joint ventures at t+2;;;Thousands
KRI;y_axis_rc_code;MR_BWL_THR;Threshold for triggering Market Risk flag in the P2R methodology;;;%
KRI;y_axis_rc_code;IDCARD416_LSI;Total risk exposure amount for settlement risk;;;Thousands
KRI;y_axis_rc_code;IRRBB243;Liabilities modified duration;;;%
KRI;y_axis_rc_code;IDCARD67;T1 ratio (fully loaded);;;%
KRI;y_axis_rc_code;PROF205;Automated viability anchor - Forecast error ROA for t-2;;;%
KRI;y_axis_rc_code;CRNA111B;Gross carrying amount of loans and advances to non-financial corporations - Mining and quarrying;;;Millions
KRI;y_axis_rc_code;PRFI0300_T3;Projected Net fee & commission income at t+3;;;Thousands
KRI;y_axis_rc_code;OPER37;Ratio sum of the five largest losses for agency services to sum across all business lines of the sums of the five largest business line losses;;;%
KRI;y_axis_rc_code;BSFL2500;Financial liabilities excluding those held for trading;;;Thousands
KRI;y_axis_rc_code;IRRBB199;Hedging ratio;;;0
KRI;y_axis_rc_code;LIQV0170;1Y Forecast for Other Liabilities;;;Thousands
KRI;y_axis_rc_code;PROF51_LSI;3Y average Cost of Risk for LSIs;;;%
KRI;y_axis_rc_code;CAP28;Dynamics of own funds: Other prudential filters;;;%
KRI;y_axis_rc_code;DQI2;Punctuality – data quality indicator;;;Unit
KRI;y_axis_rc_code;IDCARD548;Interest bearing assets;;;Millions
KRI;y_axis_rc_code;MARK100_QUARTERLY_C;Quaterly net gains on financial assets and liabilities held for trading ∕ Market risk capital requirements;;;%
KRI;y_axis_rc_code;CRED183_1;NP debt instruments ∕ Total debt instruments;;;%
KRI;y_axis_rc_code;OPER112;Total net loss amount for execution, delivery and process management excluding loss adjustments relating to previous reporting periods;;;Unit
KRI;y_axis_rc_code;MR_PRR_CVA_BWL_1;3-year weighted volatility of quarterly CVA changes to Total CET1;;;%
KRI;y_axis_rc_code;IRRBB15;Change in the forecasted net interest income of the banking book under parallel interest rate increase of 200 bps divided by Total capital;;;%
KRI;y_axis_rc_code;CLIM16;Emission intensity in the NFC portfolio (Scope 1 and 2) (non-EU);;;%
KRI;y_axis_rc_code;MR_NRMR_EQR_BWL;3-year weighted volatility of quarterly P&L and OCI changes (Equity instruments at FVOCI) to Total RWA;;;%
KRI;y_axis_rc_code;LIQ309;1Y Forecasted Growth of Financial Corporates Deposits;;;%
KRI;y_axis_rc_code;CRED421;Counterparty Credit Risk: Corporates Share of total CCR EAD;;;%
KRI;y_axis_rc_code;ORCE1666;Gross loss from new events for execution, delivery and process management;;;Millions
KRI;y_axis_rc_code;CRNA1122;Gross carrying amount of loans and advances to households – Lending for house purchase (By purpose);;;Millions
KRI;y_axis_rc_code;CRCM0101;PD assigned to the obligor grade or pool (%) by each exposure IRB class: Central governments and central banks with own estimates of LGD and∕or conversion factors;;;%
KRI;y_axis_rc_code;PROF141;Core Revenue to Assets Ratio at t-1 (used for forecast errors only);;;%
KRI;y_axis_rc_code;CRNA111I;Gross carrying amount of loans and advances to non-financial corporations - Accommodation and food service activities;;;Millions
KRI;y_axis_rc_code;PRFI4000;Net Interest Income, excluding trading income;;;Millions
KRI;y_axis_rc_code;IDCARD49;ow: non-trading assets at FV;;;Millions
KRI;y_axis_rc_code;CRED388;NPL risk mitigation ratio: (Provisions + short fall without exemptions + own fund deductions + 90% of immovable property as collateral on loans and advances to households and non-financial corporations) ∕ Non-performing loans and advances;;;%
KRI;y_axis_rc_code;PRFI3800;Commitments and guarantees given;;;Millions
KRI;y_axis_rc_code;CRED394_B;NFC portfolio - % of entire portfolio (STE);;;%
KRI;y_axis_rc_code;LEV106_LSI;Derivatives (excl written credit derivatives) to TLRE;;;%
KRI;y_axis_rc_code;PRNA2700;Profit (loss) after tax from continuing operations (Domestic);;;Thousands
KRI;y_axis_rc_code;MR_RMR_FRTB_25;Share of Commodity risk in total SBM OFR;;;%
KRI;y_axis_rc_code;CRED54;Increase of total loans by type of Counterparty ∕ Total loans by type of Counterparty - Other financial corporations;;;%
KRI;y_axis_rc_code;PRFI5300_ANNUAL;Annualised loans subject to impairment granted to all the counterparty types;;;Unit
KRI;y_axis_rc_code;IDCARD87_LSI_LV;Geographical breakdown of assets. SSM country - Latvia;;;Thousands
KRI;y_axis_rc_code;LIQV0009;O∕N liabilities from credit institutions;;;Thousands
KRI;y_axis_rc_code;LIQV0154;Planned 1Y NSFR;;;%
KRI;y_axis_rc_code;LIQV0070;1Y unsecured wholesale deposits spread (in basis points);;;Unit
KRI;y_axis_rc_code;STCE0408;Total capital requirements before cap: off balance sheet items and derivatives as sponsor – traditional sec - IRB;;;Thousands
KRI;y_axis_rc_code;MR_RMR_BWL_SUM_WM_1;Support formula to calculate other KRIs.;;;%
KRI;y_axis_rc_code;BSFM0100;Derivatives held for trading [notional];;;Thousands
KRI;y_axis_rc_code;STCE0612;Total securitised exposures. Leasing;;;Thousands
KRI;y_axis_rc_code;MR_PRR_PIT_THR;Threshold for triggering Market Risk flag in the P2R methodology;;;%
KRI;y_axis_rc_code;PROF21;Credit institutions' deposits to total deposits;;;%
KRI;y_axis_rc_code;IDCARD322;Forborne exposures ratio numerator (IDCARD24);;;Thousands
KRI;y_axis_rc_code;CRMAT_S301;Share Non-Performing or Stage 2 Loans and Advances to Credit institutions or Other financial institutions over Total Loans and Advances to Credit institutions and Other financial institutions;;;%
KRI;y_axis_rc_code;LIQV0045b;Contractual 12M GAP;;;Thousands
KRI;y_axis_rc_code;LEV411A;Notional value of projected additional own funds to cover window dressing (using SFTs daily data);;;Unit
KRI;y_axis_rc_code;IRRBB_SV_EVE_5;Change in the Supervisory EVE under IR flattener divided by Tier 1 capital;;;%
KRI;y_axis_rc_code;PROF208;Automated viability anchor - Forecast error COR for t-2;;;%
KRI;y_axis_rc_code;IDCARD79;ow: OCI;;;Thousands
KRI;y_axis_rc_code;MARK95_B;Level 3 assets (non-held for trading financial assets at FVPL) ∕ Non-held for trading financial assets at FVPL;;;%
KRI;y_axis_rc_code;IDCARD87_LSI_SI;Geographical breakdown of assets. SSM country - Slovenia;;;Thousands
KRI;y_axis_rc_code;PROF74;NFC loans coming from Agriculture, forestry and fishing (NACE code)∕ Total NFC loans;;;%
KRI;y_axis_rc_code;PROF132;Projected Cost of Risk at t+1;;;%
KRI;y_axis_rc_code;MR_RMR_FRTB_4;Own funds requirements for Alternative standardised approach to Total RWA;;;%
KRI;y_axis_rc_code;LEV415A_LSI;% Geo mean annual growth rate in TLRE (over 3 years);;;%
KRI;y_axis_rc_code;OPER85;Ratio total loss amount for employment practices and workplace safety to total operational risk capital requirements;;;%
KRI;y_axis_rc_code;CRFA0713;Loans and advances. Other collateralised loans. Impaired loans;;;Thousands
KRI;y_axis_rc_code;CRFA3200;Loans and advances. Other collateralised loans;;;Thousands
KRI;y_axis_rc_code;LIQV0134;Actual Reverse Repurchase Agreements;;;Thousands
KRI;y_axis_rc_code;PRFI4100;Dividend Income, excluding trading dividend income;;;Millions
KRI;y_axis_rc_code;CRED155_LSI;Debt securities ∕ Total assets;;;%
KRI;y_axis_rc_code;CRCE0516;Exposure value exposure class-by-exposure class (SA): Securitization;;;Millions
KRI;y_axis_rc_code;MR_RMR_CSR_BWL;3-year weighted volatility of quarterly P&L (Items at FVPL sensitive to CS) to Total RWA;;;%
KRI;y_axis_rc_code;LIQV0043;Contractual 3M GAP;;;Thousands
KRI;y_axis_rc_code;CRFA0100;Loans and advances;;;Millions
KRI;y_axis_rc_code;MR_RMR_FWL_1;Potential impacts coming from regulatory market risks to Total CET1;;;%
KRI;y_axis_rc_code;LIQST005;Funding deficit∕surplus (as % of total assets) Baseline case 3 Month.;;;%
KRI;y_axis_rc_code;LEV411C_LSI;Nominal value of additional own funds (derivatives);;;Millions
KRI;y_axis_rc_code;IRNM0501;Change in the economic value of equity under parallel interest rate increase of 200 bps (Millions);;;Millions
KRI;y_axis_rc_code;MRFL1800;Financial liabilities designated at fair value through profit or loss: Other financial liabilities;;;Thousands
KRI;y_axis_rc_code;CRED254_1;Variation rate of NPLs by type of counterparty - Non-financial corporations;;;%
KRI;y_axis_rc_code;CRED466;Non Financial Coorporations: Outflow to NPLs (% of all Outflows) [All L&A except HfT and HfS];;;%
KRI;y_axis_rc_code;CRED411_DEN;Support formula to calculate other KRIs.;;;Millions
KRI;y_axis_rc_code;MRFA4800;Financial assets designated at fair value through profit or loss: Fair value level 3;;;Thousands
KRI;y_axis_rc_code;LIQV0027;2Y secured funding spread (in basis points);;;Unit
KRI;y_axis_rc_code;MR_RMR_FXR_BWL_SUM_WM;Support formula to calculate other KRIs.;;;%
KRI;y_axis_rc_code;IDCARD533;Loan to stable funding ratio - Numerator;;;Thousands
KRI;y_axis_rc_code;CRED62_1;Breakdown of NPL ratio by type of Counterparty - Households;;;%
KRI;y_axis_rc_code;MARK131;Share of total general government exposures maturing within 1 year divided by total general government exposures;;;%
KRI;y_axis_rc_code;IDCARD541;ow: from discontinued operations;;;Thousands
KRI;y_axis_rc_code;CRFA3110;Loans and advances. Mortgage loans. Commercial;;;Thousands
KRI;y_axis_rc_code;MARK5;Breakdown of financial assets held for trading - Loans and advances;;;%
KRI;y_axis_rc_code;PROF68;Interest income from General governments∕ Total loans and advances interest income;;;%
KRI;y_axis_rc_code;FWL7;4 Barrier CIR;;;Unit
KRI;y_axis_rc_code;MR_PRR_XVA_BWL_WEIGHTS;Support formula to calculate other KRIs.;;;Millions
KRI;y_axis_rc_code;LIQ228;Share in Funding Concentration per Counterparty Sector: Credit institutions (eba_CT:x12);;;%
KRI;y_axis_rc_code;MR_OCI_SFX;OCI changes from Investments in foreign operations and related hedges;;;Millions
KRI;y_axis_rc_code;PROF131;Projected Core Revenue to Assets Ratio at t+3;;;%
KRI;y_axis_rc_code;PROF146;Cost of Risk at t-2 (used for forecast errors only);;;%
KRI;y_axis_rc_code;IDCARD321N;NPL ratio based on F18 denominator (IDCARD131N);;;Millions
KRI;y_axis_rc_code;MARK52;Net gains on financial assets and liabilities held for trading ∕ Total operating income;;;%
KRI;y_axis_rc_code;PROF192;3-year average ROE;;;%
KRI;y_axis_rc_code;MR_NRMR_SFX_BWL;3-year weighted volatility of quarterly OCI changes (Investments in foreign operations and related hedges) to Total RWA;;;%
KRI;y_axis_rc_code;CACE1600;Market risk capital requirements under standardised approaches: traded debt instruments;;;Thousands
KRI;y_axis_rc_code;IRRBB266;UL amount from total assets (after hedges) ∕ Tier 1 capital;;;%
KRI;y_axis_rc_code;MR_RMR_BWL_WEIGHTS_1;Support formula to calculate other KRIs.;;;Millions
KRI;y_axis_rc_code;MARK126;Share of general government exposures designated at amortised cost divided by total general government exposures;;;%
KRI;y_axis_rc_code;IDCARD685;P2R (LR);;;%
KRI;y_axis_rc_code;LIQV0158;1Y Forecast for Total Assets;;;Thousands
KRI;y_axis_rc_code;MR_PRR_VR_BWL;3-year weighted volatility of quarterly AVAs changes to Total RWA;;;%
KRI;y_axis_rc_code;IRRBB_SV_EVE_up;Supervisory View EVE - Interest Rates increase;;;%
KRI;y_axis_rc_code;CRFA1600;Impaired financial assets;;;Thousands
KRI;y_axis_rc_code;LIQV0001;High quality liquid assets (LCR definition);;;Thousands
KRI;y_axis_rc_code;CAP10;Dynamics of own funds: Eligible capital;;;%
KRI;y_axis_rc_code;CACE1313;Credit risk capital requirements: IRB and SA exposure classes excluding securitisation positions: Equity;;;Thousands
KRI;y_axis_rc_code;PROF29;Net realised gains (losses) on financial assets & liabilities not measured at fair value through profit and loss to total operating income;;;%
KRI;y_axis_rc_code;STCE0615;Total securitised exposures. Trade receivables;;;Thousands
KRI;y_axis_rc_code;IRRBB226;PTR  under  downward scenario  (weighted average PTR);;;%
KRI;y_axis_rc_code;SUB_REQ_FINAL_TEM;The subordination requirment is legally binding. Deadline to meet the final target was 01∕01∕2024. In exceptional cases banks received a deadline extension according to Article 12 k (1) SRMR.;;;%
KRI;y_axis_rc_code;CRMAT_V611;Share of Foreclosed assets over Total Loans and Advances;;;%
KRI;y_axis_rc_code;CRFA0900;Debt securities subject to impairment [gross of allowances for credit losses];;;Thousands
KRI;y_axis_rc_code;LIQV0007;O∕N secured funding spread (in basis points);;;Unit
KRI;y_axis_rc_code;MR_FVADS;Max (FV assets, Derivatives & SFTs) ∕ RWA;;;%
KRI;y_axis_rc_code;MR_RMR_FRTB_1;3-month average of business subject to market risk to Total RWA;;;%
KRI;y_axis_rc_code;IDCARD87_LSI_ES;Geographical breakdown of assets. SSM country - Spain;;;Thousands
KRI;y_axis_rc_code;CRED170;Credit risk capital requirements under standardised approach: SA exposure classes excluding securitisation positions: Covered bonds;;;%
KRI;y_axis_rc_code;OPER113;Total net loss amount for internal fraud including loss adjustments relating to previous reporting periods;;;Unit
KRI;y_axis_rc_code;BSFL1500;Financial liabilities designated at FVPL: Debt certificates (including bonds);;;Thousands
KRI;y_axis_rc_code;ORNE1642;Sum of five largest losses for asset management;;;Thousands
KRI;y_axis_rc_code;ORCE1612;Total loss amount for employment practices and workplace safety;;;Millions
KRI;y_axis_rc_code;MRFA2000;Derivatives held for trading - Assets - Carrying amount: OTC - Other financial corporations;;;Thousands
KRI;y_axis_rc_code;PROF54;Return on Regulatory Capital;;;%
KRI;y_axis_rc_code;MR_NRMR_SFX_EXCESS;Number of currencies with excluded position in excess;;;Days
KRI;y_axis_rc_code;LIQ286;3Y Forecasted Growth of Client Loans;;;%
KRI;y_axis_rc_code;CRED394;Sector concentration (from concentration STE exposures);;;%
KRI;y_axis_rc_code;IDCARD32;Other;;;Thousands
KRI;y_axis_rc_code;LIQ64;USD funding ratio;;;%
KRI;y_axis_rc_code;LIQ275;1Y Forecasted Growth of Deposits;;;%
KRI;y_axis_rc_code;CRED407;Central banks and general governments: Share of Forbearance measures to already NPL (late flagging∕late measure);;;%
KRI;y_axis_rc_code;PRFI0900_QUARTERLY_ONEOFF;Quarterly operating costs, excluding one-offs;;;Millions
KRI;y_axis_rc_code;MR_RMR_CSR_BWL_SUM;Support formula to calculate other KRIs.;;;Millions
KRI;y_axis_rc_code;CRED22_LSI;Quality of the portfolio. Non-performing loans ∕ Total loans (excluding interbank loans);;;%
KRI;y_axis_rc_code;STCE0201;Total capital requirements before cap: on balance sheet items as originator – traditional sec - SA;;;Thousands
KRI;y_axis_rc_code;LIQST004;Funding deficit∕surplus (as % of total assets) Baseline case 1 Month.;;;%
KRI;y_axis_rc_code;MRFA4500;Financial assets held for trading: Loans and advances: Fair value level 3;;;Thousands
KRI;y_axis_rc_code;CRED260_LSI;Credit risk capital requirements ∕ Own Funds;;;%
KRI;y_axis_rc_code;CRED200;Debt securities at amortised cost (Bbook) ∕ Total asset;;;%
KRI;y_axis_rc_code;CRED220;Breakdown of total loans by NACE economic sector - Households: lending for house purchase;;;%
KRI;y_axis_rc_code;LIQV0054;1W ABS spread (in basis points);;;Unit
KRI;y_axis_rc_code;OPER15;Ratio gross loss amount for clients, products and business practices to total gross loss amount;;;%
KRI;y_axis_rc_code;LIQV0082;10Y ABS spread (in basis points);;;Unit
KRI;y_axis_rc_code;CACO7100;Minimum initial capital required;;;Thousands
KRI;y_axis_rc_code;PROF114;Replacement rate (Custodian): yearly clients assets inflows∕clients assets outflows;;;%
KRI;y_axis_rc_code;PROF18;Deposits to total financial liabilities;;;%
KRI;y_axis_rc_code;CRED306;NPL Coverage Ratio - Other financial corporations;;;%
KRI;y_axis_rc_code;OPER74;Sum of the five largest losses for employment practices and workplace safety;;;Millions
KRI;y_axis_rc_code;CRMAT_F201;Share of Performing Loans and Advances to NFCs with Forbearance Measures to Total Performing Loans and Advances to NFCs;;;%
KRI;y_axis_rc_code;CRED339;Inflow NPL ratio;;;%
KRI;y_axis_rc_code;CAP117;Difference AT1;;;%
KRI;y_axis_rc_code;LIQ234;Share in Buffer Concentration per Issuer Sector: General governments (eba_CT:x1);;;%
KRI;y_axis_rc_code;MR_RMR_FRTB_18;Relevance of exotic underlying for RRAO;;;%
KRI;y_axis_rc_code;PROF196;Ratio of Net Trading (and Investment) Income to;;;%
KRI;y_axis_rc_code;CRCM0111;PD assigned to the obligor grade or pool (%) by each exposure IRB class: Central governments and central banks without own estimates of LGD and∕or conversion factors;;;%
KRI;y_axis_rc_code;LIQ266;Backtesting Planned vs Actual LCR (in base points);;;Unit
KRI;y_axis_rc_code;LEV412B_LSI;Exposure adjustment for window dressing (using SFTs quarterly data);;;Millions
KRI;y_axis_rc_code;LIQV0077;5Y unsecured wholesale deposits spread (in basis points);;;Unit
KRI;y_axis_rc_code;LIQ283;3Y Forecasted Growth of Total Assets;;;%
KRI;y_axis_rc_code;LIQ255;Backtesting Planned vs Actual Derivatives Assets;;;%
KRI;y_axis_rc_code;MARK132_C;Share of total general government exposures maturing beyond 1 year but within 5 years divided by total general government exposures;;;%
KRI;y_axis_rc_code;CRED302;NPL Coverage Ratio - General governments;;;%
KRI;y_axis_rc_code;CRED481;Total Capital Consumption of retained originated SRT tranches;;;Millions
KRI;y_axis_rc_code;BSFA3200;Financial assets excluding those held for trading;;;Thousands
KRI;y_axis_rc_code;CRMAT_A901;Absolute volume of CCR RWEA;;;Millions
KRI;y_axis_rc_code;LIQ212;4 Quarter Standard Deviation of relative changes for Outflows;;;Thousands
KRI;y_axis_rc_code;LIQV0099;Non liquid assets collateral;;;Thousands
KRI;y_axis_rc_code;CAP37;Composition of credit risk capital requirements: Credit risk capital requirements under standardised approach;;;%
KRI;y_axis_rc_code;STCE0616;Total securitised exposures. Other;;;Thousands
KRI;y_axis_rc_code;PRFI0900_quarterly;Quarterly overhead costs;;;Millions
KRI;y_axis_rc_code;MR_RMR_61;Trading interest rate derivatives excluding Economic hedges to Total Assets and Liabilities;;;%
KRI;y_axis_rc_code;MARK71;Breakdown of settlement ∕ delivery risk capital requirements - trading book;;;%
KRI;y_axis_rc_code;MRCE2100;Incremental default and migration risk capital charge: 12 weeks average measure;;;Thousands
KRI;y_axis_rc_code;PROF178;Long-term COR average;;;%
KRI;y_axis_rc_code;IDCARD519;General allowances for banking risks - Opening balance;;;Thousands
KRI;y_axis_rc_code;IRRBB161;Average maturity of Loans before prepayment modelling (Year(s)) [EUR only];;;Unit
KRI;y_axis_rc_code;CRFA2700;Allowances for individually and collectively assessed loans and advances: decreases due to amounts taken against allowances;;;Thousands
KRI;y_axis_rc_code;PROF176;Long-term CIR average;;;%
KRI;y_axis_rc_code;CRMAT_V901;Share of CCR RWEA over Total RWA;;;%
KRI;y_axis_rc_code;CRED101;Composition of securitised exposures - Trade;;;%
KRI;y_axis_rc_code;LIQV0059;1M ABS spread (in basis points);;;Unit
KRI;y_axis_rc_code;PRFI2100;Depreciation;;;Thousands
KRI;y_axis_rc_code;CRMAT_F111;Share of Performing Loans and Advances to Households Secured by RRE with Forbearance Measures to Total Performing Loans and Advances to Households Secured by RRE;;;%
KRI;y_axis_rc_code;MR_NRMR_SFX_FWL_1;Potential impacts coming from Structural FX risk to CET1;;;%
KRI;y_axis_rc_code;FWL12;Supervisory expectation - CIR;;;%
KRI;y_axis_rc_code;LIQV0178;3Y Forecast for Derivatives Assets;;;Thousands
KRI;y_axis_rc_code;PROF147;Projected Total profit or loss after tax ∕ Total assets at t as reported in year t-1;;;%
KRI;y_axis_rc_code;PROF6_LINEAR_SBS;Return on Equity. Linear annualization (YTD) of the numerator.;;;%
KRI;y_axis_rc_code;OPER28;Total Assets (change t-3 to t-1);;;%
KRI;y_axis_rc_code;OPER32;Ratio sum of the five largest losses for trading & sales to sum across all business lines of the sums of the five largest business line losses;;;%
KRI;y_axis_rc_code;ORCE1646;Positive loss adjustment amounts for employment practices and workplace safety;;;Millions
KRI;y_axis_rc_code;CRED261;Corporates Credit risk capital requirement;;;Millions
KRI;y_axis_rc_code;CLIM22;Share of collateral with unknown EPC in CRE portfolio (EU);;;%
KRI;y_axis_rc_code;CRED387;NPL inflows ratio;;;%
KRI;y_axis_rc_code;CAP46;Dynamics of capital requirements: Operational risk capital requirements;;;%
KRI;y_axis_rc_code;MR_RMR_62;Trading interest rate derivatives (Asset) excluding Economic hedges to Total Assets;;;%
KRI;y_axis_rc_code;CRED178;Credit risk capital requirements under IRB approaches when neither own estimates of LGD nor conversion factors are used: IRB exposure classes excluding securitisation positions: Corporates;;;%
KRI;y_axis_rc_code;CRED155;Debt securities (Bbook) ∕ Total asset;;;%
KRI;y_axis_rc_code;MR_RMR_IRR_FWL_1;Potential impacts coming from IRR in the TB to Total CET1;;;%
KRI;y_axis_rc_code;PRFI4700;Cash contributions to resolution funds and deposit guarantee schemes;;;Millions
KRI;y_axis_rc_code;CLIM13;Emission intensity in the NFC portfolio (Scope 1, 2 and 3) (EU);;;%
KRI;y_axis_rc_code;CRED228;Variation rate of loans to NFC by NACE economic sector - Construction;;;%
KRI;y_axis_rc_code;MRCM0100;Memorandum items: Number of overshooting during previous 250 working days;;;Unit
KRI;y_axis_rc_code;IRRBB24_LSI;Maximum economic value loss (IRRBB);;;Millions
KRI;y_axis_rc_code;LIQV0087;Liabilities providing stable funding in GBP;;;Thousands
KRI;y_axis_rc_code;BSFL0900;deposits from central banks;;;Thousands
KRI;y_axis_rc_code;LIQ273;1Y Forecasted Growth of Total Liabilities;;;%
KRI;y_axis_rc_code;LIQ97;CB funding ratio;;;%
KRI;y_axis_rc_code;PROF111;Contribution of Other fees from ancillary C activities versus total fee revenue;;;%
KRI;y_axis_rc_code;PROF203;Automated viability anchor - Forecast error CRA for t-1;;;%
KRI;y_axis_rc_code;IRRBB154;Proportion of core deposits ∕ Stock of Non-Maturity deposits [Retail Transactional] [EUR only];;;%
KRI;y_axis_rc_code;MR_NRMR_SFX_FWL;Potential impacts coming from Structural FX risk to Total RWA;;;%
KRI;y_axis_rc_code;PROF171;Forecast error Average ROA;;;%
KRI;y_axis_rc_code;OPER25;Ratio loss amount for agency services to total loss amount;;;%
KRI;y_axis_rc_code;LIQ306;Backtesting Planned vs Actual Financial Corporates Deposits;;;%
KRI;y_axis_rc_code;PROF110;AuC trend over the past 3 years;;;Unit
KRI;y_axis_rc_code;PROF6_ANNUAL_ex_minority;Annual Return on equity excluding minority interests;;;%
KRI;y_axis_rc_code;CAP81;Aggregation weight for market risk;;;%
KRI;y_axis_rc_code;PROF3_LSI;ROA (Total profit or loss after tax ∕ Total assets);;;%
KRI;y_axis_rc_code;PROF22;Other corporates' deposits to total deposits;;;%
KRI;y_axis_rc_code;CRCE0503;Exposure value exposure class-by-exposure class (SA): Public sector entities;;;Millions
KRI;y_axis_rc_code;PRFI1100_annual;Annual Profit or loss after tax from continuing operations (quarter to quarter);;;Millions
KRI;y_axis_rc_code;MR_PRR_CVA_SIZE;OTC derivatives and SFTs exposed to CVA risk (Fair value) to Total Assets;;;%
KRI;y_axis_rc_code;IDCARD418_LSI;deposits from other financial corporations;;;Thousands
KRI;y_axis_rc_code;BSFA4100;Financial assets subject to impairment (Gross carrying amount);;;Thousands
KRI;y_axis_rc_code;CRFM0210;Derivatives-Hedge accounting. Of which OTC. Notional amount;;;Thousands
KRI;y_axis_rc_code;MRCE2903;Multiplication factor (ms) x average of previous 60 working days (VaRavg): Equities - General risk;;;Thousands
KRI;y_axis_rc_code;CRMAT_F231;Share of Performing CRE Loans and Advances with Forbearance Measures to Total Performing CRE Loans and Advances;;;%
KRI;y_axis_rc_code;PRFI4800;Non-recurring events;;;Millions
KRI;y_axis_rc_code;LIQ133;JPY committed facilities ∕ Total CBC;;;%
KRI;y_axis_rc_code;MR_NRMR_CSR_BWL_1;3-year weighted volatility of quarterly P&L and OCI changes (Credit instruments at FVOCI) to Total CET1;;;%
KRI;y_axis_rc_code;PROF142;Cost of Risk at t-1 (used for forecast errors only);;;%
KRI;y_axis_rc_code;IDCARD681;TC ratio (fully loaded) Numerator;;;Thousands
KRI;y_axis_rc_code;CRMAT_G121;YoY growth of absolute volume Loans and Advances to Households Credit for consumption;;;%
KRI;y_axis_rc_code;PROF101;Interest income from Derivatives - Hedge accounting, interest rate risk∕ Total interest income;;;%
KRI;y_axis_rc_code;IRRBB196;Pass-through rate of NMD over 1 year horizon for NMD wholesale non financial (parallel up);;;Year(s)
KRI;y_axis_rc_code;LEV002;Exposures exempted in accordance with point (j) of Article 429a(1) CRR;;;Millions
KRI;y_axis_rc_code;PROF169;Forecast error COR t-2;;;%
KRI;y_axis_rc_code;CRED110;Increase of total loans by type of collateral ∕ Total loans: Consumer;;;%
KRI;y_axis_rc_code;IRRBB194;Pass-through rate of NMD over 1 year horizon for NMD retail transactional (parallel up);;;%
KRI;y_axis_rc_code;STCE0205;Total capital requirements before cap: on balance sheet items as investor – traditional sec - SA;;;Thousands
KRI;y_axis_rc_code;CRFA0711;Loans and advances. Mortgage loans. Impaired loans;;;Thousands
KRI;y_axis_rc_code;PRFI0900;Admin & depreciation;;;Millions
KRI;y_axis_rc_code;CAP138;Total capital headroom above P2G (fully-loaded) as % of RWA;;;%
KRI;y_axis_rc_code;CRED413;Country risk: Rest of the world exposure over total exposure in all countries;;;%
KRI;y_axis_rc_code;IDCARD48_LSI;Cash;;;Thousands
KRI;y_axis_rc_code;LIQV0033;retail and SME deposits;;;Thousands
KRI;y_axis_rc_code;CRED175;Credit risk capital requirements: IRB exposure classes excluding securitisation positions: Equity;;;%
KRI;y_axis_rc_code;CAP17;Composition of own funds: Paid up capital;;;%
KRI;y_axis_rc_code;LRSM0500;Required Stable Funding;;;Millions
KRI;y_axis_rc_code;MR_PRR_TOTAL_DENSITY_DERIV;Total AVA plus Fadj on derivatives divided total derivatives exposure;;;%
KRI;y_axis_rc_code;IRRBB180;Share of core NMDs in total NMDs;;;%
KRI;y_axis_rc_code;MRFL5300;Financial liabilities designated at fair value through profit or loss: Fair value level 3;;;Thousands
KRI;y_axis_rc_code;CRED423;Counterparty Credit Risk: EAD Derivatives∕ Total Assets;;;%
KRI;y_axis_rc_code;ORCE1613;Total loss amount for clients, products and business practices;;;Millions
KRI;y_axis_rc_code;PRFI0100;Net interest income;;;Millions
KRI;y_axis_rc_code;PRFI0100_QUARTERLY;Quarterly net interest income;;;Millions
KRI;y_axis_rc_code;MRCE2911;Stressed VaR. Multiplication factor (ms) x average of previous 60 working days (SVaRavg): Traded debt instruments - General risk;;;Thousands
KRI;y_axis_rc_code;LIQV0049;O∕N ABS spread (in basis points);;;Unit
KRI;y_axis_rc_code;MR_RMR_COM_BWL;3-year weighted volatility of quarterly P&L (Items at FVPL sensitive to COM) to Total RWA;;;%
KRI;y_axis_rc_code;PROF128;Projected Cost∕income ratio at t+3;;;%
KRI;y_axis_rc_code;PRFI6400;Mean financial assets subject to impairment (LSIs - Gross carrying amount);;;Millions
KRI;y_axis_rc_code;BSFE0200;Share premium reserve;;;Thousands
KRI;y_axis_rc_code;PRFI4100_T2;Projected Dividend Income, at t+2;;;Thousands
KRI;y_axis_rc_code;IDCARD542_ANNUAL;Cost of Risk - Annual Numerator;;;Thousands
KRI;y_axis_rc_code;CRCE0510;Exposure value exposure class-by-exposure class (SA): Exposures in default;;;Millions
KRI;y_axis_rc_code;LIQV0130;Planned 1Y Derivatives Assets;;;Thousands
KRI;y_axis_rc_code;LIQST015;Cliff Effect indicator Extreme case.;;;%
KRI;y_axis_rc_code;IRRBBMAT_4_A;Delta modelled maturity Assets without derivatives;;;Months
KRI;y_axis_rc_code;IDCARD543;Cost of Risk - Denominator;;;Thousands
KRI;y_axis_rc_code;CRFA0701;Impaired loans and advances. Central banks;;;Thousands
KRI;y_axis_rc_code;CRED187;Traditional securitisation, originator, outstanding amount, on-balance sheet items;;;%
KRI;y_axis_rc_code;MRFL2300;Derivatives held for trading - Liabilities - Carrying amount: OTC - Other financial corporations;;;Thousands
KRI;y_axis_rc_code;CAP101;Combined Buffer (%);;;%
KRI;y_axis_rc_code;CRED31;Foreclosed assets ∕ Total Loans subject to impairment;;;%
KRI;y_axis_rc_code;MR_PnL_BBAC;P&L from disposal of BB items measured at amortised cost;;;Millions
KRI;y_axis_rc_code;CRED224;Variation rate of loans to NFC by NACE economic sector - Mining and quarrying;;;%
KRI;y_axis_rc_code;CRMAT_N121;Share Non-Performing Loans and Advances to Households Credit for consumption over Total Loans and Advances to Households Credit for consumption;;;%
KRI;y_axis_rc_code;MARK132;Share of total general government exposures maturing beyond 1 year but within 5 years divided by total general government exposures;;;%
KRI;y_axis_rc_code;IDCARD68;TC ratio (fully loaded);;;%
KRI;y_axis_rc_code;MRFA3400;Financial assets held for trading: Debt securities - Other financial corporations;;;Thousands
KRI;y_axis_rc_code;CLIM02;Share of gross interest income from carbon intensive sectors in the NFC portfolio (non-EU);;;%
KRI;y_axis_rc_code;CRED452;Households: Coverage S3;;;%
KRI;y_axis_rc_code;PRFI0700;Net other operating income;;;Thousands
KRI;y_axis_rc_code;IRRBB230;Unrealised losses on debt securities (assets) after hedges over Tier 1 capital;;;%
KRI;y_axis_rc_code;CLIM03;Share of gross fee and commission income from carbon intensive sectors in the NFC portfolio (EU);;;%
KRI;y_axis_rc_code;PROF48_ANNUAL;Annual Core Revenue to Assets Ratio;;;%
KRI;y_axis_rc_code;MEAN_HH_NFC;Mean loans to HH and NFC in 2019Q4 and 2020Q4;;;Unit
KRI;y_axis_rc_code;CRMAT_G201;YoY growth of absolute volume Loans and Advances to NFCs;;;%
KRI;y_axis_rc_code;MR_PRR_CVA_BWL_SUM_WM;Support formula to calculate other KRIs.;;;%
KRI;y_axis_rc_code;ORCE1648;Positive loss adjustment amounts for damage to physical assets;;;Millions
KRI;y_axis_rc_code;CRED432;Counterparty Credit Risk: Total lower quality collateral received∕ Total Collateral received;;;%
KRI;y_axis_rc_code;OPER30;Ratio sum of the five largest losses to operational risk capital requirements;;;%
KRI;y_axis_rc_code;CRED222;Breakdown of total loans by NACE economic sector - General Governments;;;%
KRI;y_axis_rc_code;CRED56;Increase of total loans by type of Counterparty ∕ Total loans by type of Counterparty - Households;;;%
KRI;y_axis_rc_code;OPER75;Sum of the five largest losses for clients, products and business practices;;;Millions
KRI;y_axis_rc_code;MR_RMR_FRTB_35;Difference of long and short JTD in relation to DRC OFR for Non-securitisations;;;%
KRI;y_axis_rc_code;IDCARD688;OLRR and P2G requirement;;;%
KRI;y_axis_rc_code;PROF151;Projected Total profit or loss after tax ∕ Total assets at t as reported in year t-2;;;%
KRI;y_axis_rc_code;LIQV0195;3Y Forecast for Deposit-like Financial Instruments;;;Thousands
KRI;y_axis_rc_code;CRED98;Composition of securitised exposures. Securitised exposures by type of assets ∕ Total securitised assets - Leasing;;;%
KRI;y_axis_rc_code;CACE1100;Market risk capital requirements under internal models;;;Millions
KRI;y_axis_rc_code;LIQ265;Backtesting Planned vs Actual NSFR (in base points);;;Unit
KRI;y_axis_rc_code;CRED67;Forborne loans by type of counterparty ∕ Total loans - Credit institutions;;;%
KRI;y_axis_rc_code;MARK112;Phase 1 report information Commodities;;;%
KRI;y_axis_rc_code;STCE0306;Total exposure value: off balance sheet items and derivatives as sponsor – traditional sec - IRB;;;Thousands
KRI;y_axis_rc_code;LIQV0055;1M retail deposits spread (in basis points);;;Unit
KRI;y_axis_rc_code;LIQV0122;Liabilities providing stable funding in Foreign Currencies (all);;;Thousands
KRI;y_axis_rc_code;OPER58;Number of events for internal fraud;;;Unit
KRI;y_axis_rc_code;CRED212;Breakdown of loans to NFC by NACE economic sector: Professional, scientific and technical activities;;;%
KRI;y_axis_rc_code;MR_RMR_FXR_FWL_1;Potential impacts coming from Items at FVPL sensitive to FX to Total CET1;;;%
KRI;y_axis_rc_code;ORCE1667;Total gross loss from new events;;;Millions
KRI;y_axis_rc_code;IRRBB209;Share of total liabilities with sold optionality (behavioural view);;;%
KRI;y_axis_rc_code;PROF183;Overall CoR using linear annulised numerator and PiT denominator;;;%
KRI;y_axis_rc_code;CRED159;Credit risk capital requirements under standardised approach: SA exposure classes excluding securitisation positions: Regional Governments and Local Authorities;;;%
KRI;y_axis_rc_code;CRED455;Households: Movements among Stages S1-S3 (% of all movements);;;%
KRI;y_axis_rc_code;IRRBBMAT_6;Weighted average maturity of Assets: behavioral - contractual;;;Months
KRI;y_axis_rc_code;CRED57_1;Breakdown of NPL ratio by type of Counterparty - Central banks;;;%
KRI;y_axis_rc_code;LIQ1_BANKSTATS;Loan-to-deposit ratio (excluding held for trading) - adapted (bankstats);;;%
KRI;y_axis_rc_code;MR_RMR_IRR_BWL_SUM_WM;Support formula to calculate other KRIs.;;;%
KRI;y_axis_rc_code;CAP42;Dynamics of capital requirements: Securitisation capital requirements;;;%
KRI;y_axis_rc_code;LIQ237;Share in Buffer Concentration per Issuer Sector: Financial corporations other than credit institutions (eba_CT:x18);;;%
KRI;y_axis_rc_code;CRED120;Evolution of total original exposure by class ∕ Total original exposure. Corporate;;;%
KRI;y_axis_rc_code;CRFA0700_BANKSTATS;Specific allowances for loans (excluding cb);;;Millions
KRI;y_axis_rc_code;CRED192;Traditional securitisation, outstanding amount, sponsor, off-balance sheet items;;;%
KRI;y_axis_rc_code;CRED395_LSI;NPL inflow ratio;;;%
KRI;y_axis_rc_code;CACE0450;Market risk and CVA capital requirements before application of output floor;;;Millions
KRI;y_axis_rc_code;MR_NRMR_BWL_WSTD_NUM_1;Support formula to calculate other KRIs.;;;Millions
KRI;y_axis_rc_code;LIQ56b;Contractual 5Y Gap (excl. retail and operational deposits) to Total Assets;;;%
KRI;y_axis_rc_code;MR_RMR_IRR_SIZE;Financial assets & liabilities measured at fair value through P&L sensitive to IR (Fair value) to Total Assets;;;%
KRI;y_axis_rc_code;IRRBB189;Percentage of NMDS repricing after 10Y;;;%
KRI;y_axis_rc_code;IRRBB192;Percentage of Retail NMDS repricing after 5Y;;;%
KRI;y_axis_rc_code;IDCARD86;RWA for credit risk (top 4th country);;;Thousands
KRI;y_axis_rc_code;LIQV0144;Planned 1Y Other Liabilities (t-1);;;Thousands
KRI;y_axis_rc_code;LIQST014;Cliff Effect indicator Adverse case.;;;%
KRI;y_axis_rc_code;CACO2200;Other prudential filters;;;Thousands
KRI;y_axis_rc_code;LIQST016;Automatic Block 3 score;;;Unit
KRI;y_axis_rc_code;CAP99;AT1 ratio (%);;;%
KRI;y_axis_rc_code;CAP126;Total capital headroom above OCR (phased-in) as % of RWA;;;%
KRI;y_axis_rc_code;PRFI4500;Depreciation - excluding Goodwill depreciation;;;Millions
KRI;y_axis_rc_code;MARK2;Breakdown of financial assets held for trading - Derivatives held for trading;;;%
KRI;y_axis_rc_code;IRRBB173;Change in the economic value of equity under parallel interest rate increase of 200 bps divided by Tier 1 Capital;;;%
KRI;y_axis_rc_code;CRED250;Increase of total loans by type of Counterparty ∕ Total loans by type of Counterparty - Central banks and Central Governments;;;%
KRI;y_axis_rc_code;OPER11;Ratio of Gross Loss to Business Indicator;;;%
KRI;y_axis_rc_code;CRED163;Credit risk capital requirements under standardised approach: SA exposure classes excluding securitisation positions: International Organisations;;;%
KRI;y_axis_rc_code;CRED70;Forborne exposures ∕ Total loans - Households;;;%
KRI;y_axis_rc_code;LIQ8;Credit institutions deposits ratio;;;%
KRI;y_axis_rc_code;CRED118;Evolution of total original exposure by class ∕ Total original exposure by class. Central banks and central governments;;;%
KRI;y_axis_rc_code;CRNA111H;Gross carrying amount of loans and advances to non-financial corporations - Transport and storage;;;Millions
KRI;y_axis_rc_code;OPER72;Sum of the five largest losses for internal fraud;;;Millions
KRI;y_axis_rc_code;PRFI6100_T3;Projected Three Year Average Net Trading (and Investment) Income at t+3;;;Thousands
KRI;y_axis_rc_code;CRED445;Credit institutions and other financial institutions: Share of Performing forborne exposures under probation reclassified from non-performing over total performing exposures with forbearance measures;;;%
KRI;y_axis_rc_code;IRNI1201;Forecasted net interest income of the banking book under parallel interest rate increase of 200 bps scenario (Millions);;;Millions
KRI;y_axis_rc_code;OPER52;Number of events;;;Unit
KRI;y_axis_rc_code;IDCARD74;CET1 capital (fully loaded);;;Thousands
KRI;y_axis_rc_code;CRED479;Number of originated SRT mezzanine tranches;;;Unit
KRI;y_axis_rc_code;LIQ229;Share in Funding Concentration per Counterparty Sector: Financial corporations other than credit institutions (eba_CT:x18);;;%
KRI;y_axis_rc_code;CRED196;Traditional securitisation, outstanding amount, investor, off-balance sheet items;;;%
KRI;y_axis_rc_code;MR_RMR_COM_BWL_1;3-year weighted volatility of quarterly P&L (Items at FVPL sensitive to COM) to Total CET1;;;%
KRI;y_axis_rc_code;CRED314;NPL Forbearance ratio - Households;;;%
KRI;y_axis_rc_code;PRFI1000_QUARTERLY_ONEOFF;Quarterly Impairments, excluding one-offs;;;Millions
KRI;y_axis_rc_code;PROF118;Contribution of Other fees from ancillary C activities versus total fee revenue;;;%
KRI;y_axis_rc_code;MR_PRR_L2;L2 Assets and Liabilities;;;Millions
KRI;y_axis_rc_code;PROF124;Projected Total profit or loss after tax ∕ Total assets at t+2;;;%
KRI;y_axis_rc_code;PROF16;Equity to total liabilities;;;%
KRI;y_axis_rc_code;IRRBB102;Change in the economic value of equity under Short Rates Shock Down divided by Tier 1 capital;;;%
KRI;y_axis_rc_code;CRED304;NPL Coverage Ratio - Households;;;%
KRI;y_axis_rc_code;MR_PRR_VR_BWL_1;3-year weighted volatility of quarterly AVAs changes to Total CET1;;;%
KRI;y_axis_rc_code;IRRBB272;ΔEVE computed using harmonized EBA criteria (worst scenario) ∕ RWAs;;;%
KRI;y_axis_rc_code;MARK114;Phase 1 report information Diversification;;;%
KRI;y_axis_rc_code;MRFA1200;Financial assets designated at fair value through profit or loss: Equity instruments;;;Thousands
KRI;y_axis_rc_code;MARK100_C;Net gains on financial assets and liabilities held for trading ∕ Market risk capital requirements;;;%
KRI;y_axis_rc_code;LEV412A;Exposure adjustment for window dressing (using SFTs daily data);;;Unit
KRI;y_axis_rc_code;IDCARD536;Leverage ratio (transitional) - Denominator;;;Thousands
KRI;y_axis_rc_code;CRNA111S;Gross carrying amount of loans and advances to non-financial corporations - Other services;;;Millions
KRI;y_axis_rc_code;CRMAT_A101;Absolute volume of Households portfolio;;;Millions
KRI;y_axis_rc_code;CRFA2300;Allowances on debt securities: specific - Closing balance;;;Thousands
KRI;y_axis_rc_code;BSFA2400;Loans and receivables (including finance lease): Debt securities: Counterparty sectors other than credit institutions;;;Thousands
KRI;y_axis_rc_code;PROF81;NFC loans coming from Transport and storage (NACE code)∕ Total NFC loans;;;%
KRI;y_axis_rc_code;MR_RMR_FRTB_24;Share of Equity risk in total SBM OFR;;;%
KRI;y_axis_rc_code;CRNA1130;Gross carrying amount of loans and advances to General Governments;;;Millions
KRI;y_axis_rc_code;IRRBB131;Change in the forecasted Earnings under parallel interest rate increase of 200 bps divided by Tier 1 Capital;;;%
KRI;y_axis_rc_code;OPER29;Ratio operational risk capital requirements to total assets;;;%
KRI;y_axis_rc_code;CRED229;Variation rate of loans to NFC by NACE economic sector - Wholesale and retail trade;;;%
KRI;y_axis_rc_code;CRMAT_N131;Share Non-Performing Loans and Advances to Households Other than Secured by RRE and Credit for consumption over Total Loans and Advances to Households Other than Secured by RRE and Credit for consumption;;;%
KRI;y_axis_rc_code;LIQV0199;Actual Households Deposits;;;Thousands
KRI;y_axis_rc_code;IRRBB133;Standard deviation of forecasted earnings under baseline scenario over past 4 quarters;;;Unit
KRI;y_axis_rc_code;ORCE1609;Total loss amount for corporate items;;;Millions
KRI;y_axis_rc_code;CRED14;Identification of the institution's risk appetite (corporate, retail, etc.). Breakdown of RWA credit risk IRB by exposure class ∕ EAD by IRB exposure class - Retails;;;%
KRI;y_axis_rc_code;MARK20;Breakdown of financial liabilities designated at FVPL - Debt securities issued;;;%
KRI;y_axis_rc_code;LIQV0038;All other liabilities (more than 1% of liabilities);;;Thousands
KRI;y_axis_rc_code;IRRBB217;Higher NII sensitivity (tightening and widening scenario);;;%
KRI;y_axis_rc_code;CRFA0710;Loans and advances past due for more than 90 days but not impaired. Households;;;Thousands
KRI;y_axis_rc_code;MR_NRMR_EQR_FWL_SBM;Capital requirements proxy for Equity risk in the banking book to Total RWA;;;%
KRI;y_axis_rc_code;OPER53;Gross Loss amount (new events);;;Millions
KRI;y_axis_rc_code;LIQV0143;Planned 1Y Derivatives Liabilities;;;Thousands
KRI;y_axis_rc_code;MR_NRMR_EQR_FWL;Potential impacts coming from equity risk of BB instruments at FVOCI to Total RWA;;;%
KRI;y_axis_rc_code;LIQV0017;6M senior unsecured securities spread (in basis points);;;Unit
KRI;y_axis_rc_code;MR_PnL_TB;P&L from trading items;;;Millions
KRI;y_axis_rc_code;LIQ289;3Y Forecasted Growth of Total Liabilities;;;%
KRI;y_axis_rc_code;LIQ235;Share in Buffer Concentration per Issuer Sector: Central banks (eba_CT:x10);;;%
KRI;y_axis_rc_code;RES103;Assets under custody subject to regulatory or contractual restitution obligation that are held outside the EU∕EEA;;;%
KRI;y_axis_rc_code;OPER105;Total recovery from insurance and other risk transfer mechanisms;;;Unit
KRI;y_axis_rc_code;IRRBB_SV_EVE_1;Change in the Supervisory EVE under parallel IR shock up divided by Tier 1 capital;;;%
KRI;y_axis_rc_code;LIQV0098;Cash and cash balances at CB;;;Thousands
KRI;y_axis_rc_code;IDCARD545;Annualised Net Interest Margin;;;%
KRI;y_axis_rc_code;CRCE0106;Original exposure pre-conversion factors exposures class-by-exposure class (SA): Institutions;;;Thousands
KRI;y_axis_rc_code;LIQ276;1Y Forecasted Growth of Short-term Debt Securities;;;%
KRI;y_axis_rc_code;LIQV0157;Actual LCR;;;%
KRI;y_axis_rc_code;LEV501;Total value of exposures excluded from P1R-LR in comparison to total leverage ratio exposure (TLRE);;;%
KRI;y_axis_rc_code;GBDL0100;Total liabilities. Counterparties in SSM countries excluding Domestic country;;;Millions
KRI;y_axis_rc_code;LIQST007;Funding deficit∕surplus (as % of total assets) Adverse case 1 Month.;;;%
KRI;y_axis_rc_code;BSFL3800;Deposits: Non-financial corporations-Amortised cost;;;Thousands
KRI;y_axis_rc_code;OPER111;Total net loss amount for business disruption and system failures excluding loss adjustments relating to previous reporting periods;;;Thousands
KRI;y_axis_rc_code;CAP40;Dynamics of capital requirements: Credit risk capital requirements under IRB approach;;;%
KRI;y_axis_rc_code;LIQ272;1Y Forecasted Growth of Other Assets;;;%
KRI;y_axis_rc_code;STCE0102;Total exposure value: off balance sheet items and derivatives as originator – traditional sec - SA;;;Thousands
KRI;y_axis_rc_code;LIQ131;GBP committed facilities ∕ Total CBC;;;%
KRI;y_axis_rc_code;LIQV0168;1Y Forecast for Long-term Debt Securities;;;Thousands
KRI;y_axis_rc_code;CRED195;Traditional securitisation, outstanding amount, investor, on-balance sheet items;;;%
KRI;y_axis_rc_code;CACE0280;Capital requirements for credit risk, contributions to the default fund of a CCP, securitisation and settlement ∕ delivery;;;Millions
KRI;y_axis_rc_code;ORCE1645;Positive loss adjustment amounts for external fraud;;;Millions
KRI;y_axis_rc_code;CRNAF004;Loans and advances. Forborne exposures. Credit institutions;;;Thousands
KRI;y_axis_rc_code;IDCARD55;Net operating income;;;Millions
KRI;y_axis_rc_code;RES201;Fee & commission income from activities linked to AuC entrusted to other entities to Total net fee & commission income;;;%
KRI;y_axis_rc_code;PRFI2900_ANNUAL;Annualized Share of the profit (loss) of investments in subsidiaries, associates and joint ventures;;;Unit
KRI;y_axis_rc_code;PROF198;Automated viability anchor - Forecast error CIR for t;;;%
KRI;y_axis_rc_code;OPER55;Sum of the five largest losses;;;Millions
KRI;y_axis_rc_code;CAP50;Dynamics of capital requirements: Other capital requirements;;;%
KRI;y_axis_rc_code;LIQ288;3Y Forecasted Growth of Other Assets;;;%
KRI;y_axis_rc_code;CACE0900;RWA;;;Millions
KRI;y_axis_rc_code;IRRBB171;Change in NII of the banking book under parallel interest rate decrease of 200bps divided by realized NII;;;%
KRI;y_axis_rc_code;CRED457;Households: Share of non-performing L&As to HH with Forbearance Measures over Total non-performing HH;;;%
KRI;y_axis_rc_code;OPER118;Total net loss amount for execution, delivery and process management including loss adjustments relating to previous reporting periods;;;Unit
KRI;y_axis_rc_code;CRNA0700;Impaired loans and advances to Credit Institutions;;;Thousands
KRI;y_axis_rc_code;CACE1212;Credit risk capital requirements: SA exposure classes excluding securitisation positions: Covered bonds;;;Thousands
KRI;y_axis_rc_code;PRFI5400_MEAN;Measures the rolling cost of risk average denominator for loans subject to impairment granted to all the counterparty types;;;Unit
KRI;y_axis_rc_code;IRRBB264;Change over the past quarter of UL amount from total assets and liabilities (before hedges, behaviour and other economic value-relevant aspects) ∕ Tier 1 capital;;;%
KRI;y_axis_rc_code;MARK133;Share of total general government exposures maturing beyond 5 years divided by total general government exposures;;;%
KRI;y_axis_rc_code;MRFA2100;Derivatives held for trading - Assets - Carrying amount: OTC - Rest;;;Thousands
KRI;y_axis_rc_code;LIQ72;Other financial corporations deposits;;;Thousands
KRI;y_axis_rc_code;PRFI1000_QUARTERLY;Quarterly Net fee & commission income;;;Millions
KRI;y_axis_rc_code;IRRBB162;Average modelled prepayment rate of Loans (Percentage) [EUR only];;;%
KRI;y_axis_rc_code;LIQV0063;3M covered bonds spread (in basis points);;;Unit
KRI;y_axis_rc_code;LIQ130;USD committed facilities ∕ Total CBC;;;%
KRI;y_axis_rc_code;PRFI2000_annual;Annual Profit or loss after tax from discontinued operations (quarter to quarter);;;Millions
KRI;y_axis_rc_code;MAIN_REQ_FINAL_TREA;The TREA requirment is legally binding. Deadline to meet the final target was 01∕01∕2024. In exceptional cases banks received a deadline extension according to Article 12 k (1) SRMR.;;;%
KRI;y_axis_rc_code;PROF138_FWL;Cost of Risk at t (aggregated by reported period for the sample of entities in BMA_FWL_ENTITIES);;;%
KRI;y_axis_rc_code;IRRBB271_THR;Threshold for triggering IRRBB flag in the P2R methodology;;;%
KRI;y_axis_rc_code;LIQV0093;Secured funding;;;Thousands
KRI;y_axis_rc_code;LIQV0201;Actual Non-Financial Corporates Deposits;;;Thousands
KRI;y_axis_rc_code;CRCE0208;Original exposure pre-conversion factors exposures class-by-exposure class (IRB): Retail;;;Thousands
KRI;y_axis_rc_code;PRFI2500;Gains (losses) on financial assets and liabilities held for trading, net: Commodities and related derivatives;;;Thousands
KRI;y_axis_rc_code;CRED427;Counterparty Credit Risk: Exposures for trades at QCCPs ∕Total EAD;;;%
KRI;y_axis_rc_code;MRFL1600;Financial liabilities designated at fair value through profit or loss: Deposits;;;Thousands
KRI;y_axis_rc_code;CRED237;Variation rate of loans to NFC by NACE economic sector - Education;;;%
KRI;y_axis_rc_code;IDCARD87_LSI_FI;Geographical breakdown of assets. SSM country - Finland;;;Thousands
KRI;y_axis_rc_code;IRRBB220;Contribution of debt securities to NII+MVC sensitivity  (widening CS) (%);;;%
KRI;y_axis_rc_code;LIQ233;Short-term unsecured WS funding ratio more than 3M;;;%
KRI;y_axis_rc_code;CRED235;Variation rate of loans to NFC by NACE economic sector - Administrative and support services activities;;;%
KRI;y_axis_rc_code;CRED238;Variation rate of loans to NFC by NACE economic sector - Human health services and social work activities;;;%
KRI;y_axis_rc_code;IRRBB249;Worst EVE impact with derivatives (across all IR scenarios) – Worst EVE impact without derivatives (across all IR scenarios);;;Months
KRI;y_axis_rc_code;CLIM26;Share of collateral with unknown EPC in CRE portfolio (non-EU);;;%
KRI;y_axis_rc_code;PRNA3500;Gains or losses on derecognition of non financial assets, net;;;Thousands
KRI;y_axis_rc_code;CRFA1800;Trading financial assets;;;Millions
KRI;y_axis_rc_code;CRED336;Unlikely to Pay Ratio;;;%
KRI;y_axis_rc_code;LIQV0179;3Y Forecast for Other Assets;;;Thousands
KRI;y_axis_rc_code;MR_RMR_IRR_FWL;Potential impacts coming from IRR in the TB to Total RWA;;;%
KRI;y_axis_rc_code;MR_RMR_FRTB_10;Curvature risk in the high-correlation scenario to Total RWA;;;%
KRI;y_axis_rc_code;LIQV0074;2Y unsecured wholesale deposits spread (in basis points);;;Unit
KRI;y_axis_rc_code;MRFA0100;Financial assets held for trading: Debt securities: General Governments;;;Thousands
KRI;y_axis_rc_code;LIQV0138;Planned 1Y Total Liabilities;;;Thousands
KRI;y_axis_rc_code;IDCARD87_LSI_NL;Geographical breakdown of assets. SSM country - The Netherlands;;;Thousands
KRI;y_axis_rc_code;IRRBB207;Share of total assets with sold optionality (under behavioural view);;;%
KRI;y_axis_rc_code;OPER69;Maximum single loss for damage to physical assets;;;Millions
KRI;y_axis_rc_code;CRED260;Central Government and Central Banks Credit risk capital requirement;;;Millions
KRI;y_axis_rc_code;PROF134;Projected Cost of Risk at t+3;;;%
KRI;y_axis_rc_code;CLIM21;Share of collateral with unknown EPC in RRE portfolio (EU);;;%
KRI;y_axis_rc_code;PROF57;Operating income from Trading & Sales∕ Total Operating income, net;;;%
KRI;y_axis_rc_code;MR_PRR_TOTAL_DENSITY_DEBT;Total AVAs  plus Fadj  on Debt securities divided total Debt securities exposure;;;%
KRI;y_axis_rc_code;LIQ282;1Y Forecasted Growth of LCR (in base points);;;Unit
KRI;y_axis_rc_code;ORCE1611;Total loss amount for external fraud;;;Millions
KRI;y_axis_rc_code;LIQV0023;Contractual 5Y Gap (including CBC);;;Thousands
KRI;y_axis_rc_code;PROF3_quarterly;Quaterly ROA (Total profit or loss after tax ∕ Total assets);;;%
KRI;y_axis_rc_code;LRQM0600;Available Stable Funding;;;Thousands
KRI;y_axis_rc_code;MR_RMR_BWL;3-year weighted volatility of quarterly P&L (Regulatory market risks) to Total RWA;;;%
KRI;y_axis_rc_code;LANP0340;Total loans and advances. Non-Performing. Gross carrying amount (past due > 1 year);;;Millions
KRI;y_axis_rc_code;CRED137T_LSI;Non-performing loans adjusted with foreclosures ∕ Total loans (including interbank exposures);;;%
KRI;y_axis_rc_code;CACE1407;Credit risk capital requirements under IRB approaches when neither own estimates of LGD nor conversion factors are used: IRB exposure classes excluding securitisation positions: Corporates;;;Thousands
KRI;y_axis_rc_code;PROF191;ROE_pre;;;%
KRI;y_axis_rc_code;PROF157;Projected Core Revenue to Assets Ratio at t+as reported in year t-3;;;%
KRI;y_axis_rc_code;LIQ224;yearly Average LCR;;;%
KRI;y_axis_rc_code;CRFA0705;Impaired loans and advances. Other financial institutions;;;Thousands
KRI;y_axis_rc_code;CRMAT_N231;Share Non-Performing CRE Loans and Advances over Total CRE Loans and Advances;;;%
KRI;y_axis_rc_code;PROF136_FWL;Cost∕income ratio at t (aggregated by reported period for the sample of entities in BMA_FWL_ENTITIES);;;%
KRI;y_axis_rc_code;CAP27;Composition of own funds: Other prudential filters;;;%
KRI;y_axis_rc_code;MARK107;Estimation of Share of Commodities in Total Capital Requirements;;;%
KRI;y_axis_rc_code;MR_PRR_L1;L1 Assets and Liabilities;;;Millions
KRI;y_axis_rc_code;CRMAT_O401;Share Off-Balance sheet commitments to Central banks and General governments over Total On-Balance Sheet Loans and Advances;;;%
KRI;y_axis_rc_code;PROF49;Core Profitability Ratio;;;%
KRI;y_axis_rc_code;CLIM15;Emission intensity in the NFC portfolio (Scope 1 and 2) (EU);;;%
KRI;y_axis_rc_code;LIQ86;Loans and financial commitments to Counterbalancing capacity;;;%
KRI;y_axis_rc_code;STCE0402;Total capital requirements before cap: off balance sheet items and derivatives as originator – traditional sec - IRB;;;Thousands
KRI;y_axis_rc_code;PROF60;Operating income from Payment and Settlement∕ Total Operating income, net;;;%
KRI;y_axis_rc_code;MRCE0100;Total capital requirements for Commodities under standardised approach (SA);;;Thousands
KRI;y_axis_rc_code;CAP108;Own funds requirements related to Pillar II adjustments (%);;;%
KRI;y_axis_rc_code;CRMAT_S111;Share of Performing Loans and Advances to Households Secured by RRE in Stage 2 over Total Performing Loans and Advances to Households Secured by RRE;;;%
KRI;y_axis_rc_code;IDCARD317;Loan to Deposit ratio - Numerator;;;Thousands
KRI;y_axis_rc_code;BSFL1900;Financial liabilities measured at amortised cost: Debt certificates (including bonds);;;Thousands
KRI;y_axis_rc_code;PRFI0100_YCHANGE;Net interest income - Yearly change;;;%
KRI;y_axis_rc_code;IRRBB105;Change in the economic value of equity under  Flattener divided by Tier 1 capital;;;%
KRI;y_axis_rc_code;MR_NRMR_EQR_BWL_SUM_1;Support formula to calculate other KRIs.;;;Millions
KRI;y_axis_rc_code;IRRBB132;Year on year change in forecasted net interest income expected within 12 months in the baseline scenario (percentage);;;%
KRI;y_axis_rc_code;STCE0103;Total exposure value: on balance sheet items as investor – traditional sec - SA;;;Thousands
KRI;y_axis_rc_code;CRED392;(Performing forborne loans and advances + Past due 30∕60 days) ∕ Total performing loans and advances;;;%
KRI;y_axis_rc_code;CRFA2500;Allowances for individually and collectively assessed loans and advances: increases due to amounts set aside for estimated loan losses during the period;;;Thousands
KRI;y_axis_rc_code;LIQV0207;3Y Forecast for Households Deposits;;;Thousands
KRI;y_axis_rc_code;PROF161;Forecast error ROA t-3;;;%
KRI;y_axis_rc_code;CAP128;CET1 headroom above P2G (phased-in) as % of RWA;;;%
KRI;y_axis_rc_code;OPER22;Ratio loss amount for commercial banking to total loss amount;;;%
KRI;y_axis_rc_code;CRED121;Evolution of total original exposure by class ∕ Total original exposure. Retail;;;%
KRI;y_axis_rc_code;PRFI0900_ANNUAL_ONEOFF;Operating costs, excluding one-offs;;;Millions
KRI;y_axis_rc_code;LIQ83;Retail 3 months spread (basis points);;;Unit
KRI;y_axis_rc_code;CRED467;Non Financial Coorporations: Outflow to NPLs (Abs.) [All L&A except HfT and HfS];;;Millions
KRI;y_axis_rc_code;PROF115;Investment Performance Fee income∕total AM fee income;;;%
KRI;y_axis_rc_code;PRFI0800;Operating income;;;Millions
KRI;y_axis_rc_code;IDCARD87_LSI_LT;Geographical breakdown of assets. SSM country - Lithuania;;;Thousands
KRI;y_axis_rc_code;CRMAT_G611;YoY growth of absolute volume Foreclosed Assets;;;%
KRI;y_axis_rc_code;LIQ209;CBC Level 2 assets ratio;;;%
KRI;y_axis_rc_code;OPER60;Number of events for employment practices and workplace safety;;;Unit
KRI;y_axis_rc_code;CRED65;Forborne loans by type of counterparty ∕ Total loans - Central banks;;;%
KRI;y_axis_rc_code;LIQV0152;Planned 1Y Total Equity;;;Thousands
KRI;y_axis_rc_code;CACO6900;IRB provision excess (+) or shortfall (-);;;Thousands
KRI;y_axis_rc_code;MARK25;Breakdown of OTC derivatives (assets) - Credit institutions;;;%
KRI;y_axis_rc_code;IRRBB152;Proportion of core deposits ∕ Stock of Non-Maturity deposits [Retail Non-Transactional];;;%
KRI;y_axis_rc_code;PROF83;NFC loans coming from Information and communication (NACE code)∕ Total NFC loans;;;%
KRI;y_axis_rc_code;PRFI2300_LINEAR;Net Profit ∕ Loss. Linear (YTD) annualization.;;;Unit
KRI;y_axis_rc_code;LIQV0206;1Y Forecast for Financial Corporates Deposits;;;Thousands
KRI;y_axis_rc_code;LANP0350;Total loans and advances. Non-Performing. Gross carrying amount (Of which: defaulted);;;Millions
KRI;y_axis_rc_code;LIQV0151;Actual Other Liabilities;;;Thousands
KRI;y_axis_rc_code;CRED168;Credit risk capital requirements under standardised approach: SA exposure classes excluding securitisation positions: Past due items;;;%
KRI;y_axis_rc_code;MARK72;Breakdown of settlement ∕ delivery risk capital requirements - non-trading book;;;%
KRI;y_axis_rc_code;SUBCOUNT_C;Number of subsidiaries under the scope of prudential consolidation as reported in COREP (template C_06.02);;;Unit
KRI;y_axis_rc_code;LIQ243;Share of Over-The-Counter derivatives in Asset Encumbrance sources;;;%
KRI;y_axis_rc_code;LIQV0043b;Contractual 3M GAP;;;Thousands
KRI;y_axis_rc_code;LIQ201;Short-term unsecured WS funding ratio (excl. CB offset);;;%
KRI;y_axis_rc_code;LIQ63;Funding geographical concentration ratio;;;%
KRI;y_axis_rc_code;IRRBB151;Proportion of core deposits ∕ Stock of Non-Maturity deposits [Retail Transactional];;;%
KRI;y_axis_rc_code;IRNI1301;Forecasted net interest income of the banking book under parallel interest rate decrease of 200 bps scenario (Millions);;;Millions
KRI;y_axis_rc_code;PRFI2000_quarterly;Quarterly Profit or loss after tax from discontinued operations;;;Millions
KRI;y_axis_rc_code;CACE1208;Credit risk capital requirements: SA exposure classes excluding securitisation positions: Retail;;;Thousands
KRI;y_axis_rc_code;MARK88;Breakdown of stressed VaR (between general and specific risk) - general risk;;;%
KRI;y_axis_rc_code;MR_NRMR_EQR_FWL_DELTA;Total Delta sensitivity from equities in the banking book to Total RWA;;;%
KRI;y_axis_rc_code;OPER41_LSI;Operational losses over gross income;;;%
KRI;y_axis_rc_code;MR_RMR_COM_7;Commodity derivatives to Total Assets and Liabilities;;;%
KRI;y_axis_rc_code;PRFI6100_T2;Projected Three Year Average Net Trading (and Investment) Income at t+2;;;Thousands
KRI;y_axis_rc_code;CRED32_LSI;Coverage ratio. Specific allowances for loans on Non-performing loans (excluding interbank loans);;;%
KRI;y_axis_rc_code;PRFI1700;Gains (losses) on financial assets and liabilities held for trading, net: Interest rate instruments and related derivatives;;;Thousands
KRI;y_axis_rc_code;CRED9;Identification of the institution's risk appetite (corporate, retail, etc.). Breakdown of original exposure value by class - Retail;;;%
KRI;y_axis_rc_code;STCE0207;Total capital requirements before cap: on balance sheet items as sponsor – traditional sec - SA;;;Thousands
KRI;y_axis_rc_code;PRFI5900;Loans subject to impairment granted to HHs and NFCs;;;Unit
KRI;y_axis_rc_code;MRFA4000;Financial assets held for trading: Derivatives held for trading: Fair level 3;;;Thousands
KRI;y_axis_rc_code;CRCE0512;Exposure value exposure class-by-exposure class (SA): Covered bonds;;;Millions
KRI;y_axis_rc_code;CRED424;Counterparty Credit Risk: EAD SFTs∕ Total Assets;;;%
KRI;y_axis_rc_code;LIQV0131;Planned 1Y Other Assets (t-1);;;Thousands
KRI;y_axis_rc_code;CRMAT_G131;YoY growth of absolute volume Loans and Advances to Households Other than Secured by RRE and Credit for consumption;;;%
KRI;y_axis_rc_code;MARK95;Level 3 assets (financial assets designated at FVPL) ∕ Financial assets designated at FVPL;;;%
KRI;y_axis_rc_code;OPER14;Ratio gross loss amount for employment practices and workplace safety to total gross loss amount;;;%
KRI;y_axis_rc_code;LIQ298;1Y Forecasted Growth for Deposit-like Financial Instruments;;;%
KRI;y_axis_rc_code;MARK53;Net gains on financial assets and liabilities designated at FVPL ∕ Total operating income;;;%
KRI;y_axis_rc_code;MARK11;Available-for-sale financial assets ∕ Total assets;;;%
KRI;y_axis_rc_code;IRRBB199_B;Duration Gap Hedging Ratio;;;0
KRI;y_axis_rc_code;CRMAT_LA111;Share of RRE loans granted with LTI>6 or LTI not available over Total RRE loans granted (YtD);;;%
KRI;y_axis_rc_code;CLIM19;% of portfolio for which proxies are used to estimate GHG financed emissions (scope 1, 2, 3) (EU);;;%
KRI;y_axis_rc_code;CRED11;Identification of the institution's risk appetite (corporate, retail, etc.). Breakdown of RWA credit risk IRB by exposure class ∕ EAD by IRB exposure class - Central Banks and Central Governments;;;%
KRI;y_axis_rc_code;MREL_SUPPLY_SUB_TEM;Own funds and eligible liabilities as a percentage of the total exposure measure, of which own funds and subordinated liabilities;;;Unit
KRI;y_axis_rc_code;IRRBB258;Amount of NMDs repricing within 1 year over Tier1;;;%
KRI;y_axis_rc_code;LIQ263;Backtesting Planned vs Actual Other Liabilities;;;%
KRI;y_axis_rc_code;OPER13;Ratio gross loss amount for external fraud to total gross loss amount;;;%
KRI;y_axis_rc_code;CRMAT_A611;Absolute volume of Foreclosed assets;;;Millions
KRI;y_axis_rc_code;MR_NRMR_EQR_FWL_VEGA;Total Vega sensitivity from equities in the banking book to Total RWA;;;%
KRI;y_axis_rc_code;CRED437;Credit institutions and other financial institutions: Inflow to NPLs (% of all Inflows) [All L&A except HfT and HfS];;;%
KRI;y_axis_rc_code;LIQV0079;5Y ABS spread (in basis points);;;Unit
KRI;y_axis_rc_code;MR_PRR_BWL;3-year weighted volatility of quarterly fair value adjustments to Total RWA;;;%
KRI;y_axis_rc_code;LIQV0100;Long term funding;;;Thousands
KRI;y_axis_rc_code;CRED449;FAs and HFS: Share of gross foreclosed assets clasified as HFS;;;%
KRI;y_axis_rc_code;MARK10;(Financial assets held for trading + financial assets designated at FVPL) ∕ Total assets;;;%
KRI;y_axis_rc_code;CRCE0514;Exposure value exposure class-by-exposure class (SA): Collective investments undertakings (CIU);;;Millions
KRI;y_axis_rc_code;CAP29;Risk Weighted Assets on Total assets;;;%
KRI;y_axis_rc_code;PRFI0200;Dividend income;;;Thousands
KRI;y_axis_rc_code;MRCE2904;Multiplication factor (ms) x average of previous 60 working days (VaRavg): Equities - Specific risk;;;Thousands
KRI;y_axis_rc_code;LIQ312;3Y Forecasted Growth of Financial Corporates Deposits;;;%
KRI;y_axis_rc_code;IDCARD682;CET1 requirements + P2G (ID CARDS);;;%
KRI;y_axis_rc_code;PRFI2300_annual;Annual Total profit or loss after tax and discontinued operations (quarter to quarter);;;Millions
KRI;y_axis_rc_code;MRCE2913;Stressed VaR. Multiplication factor (ms) x average of previous 60 working days (SVaRavg): Equities - General risk;;;Thousands
KRI;y_axis_rc_code;ORCE1664;Gross loss from new events for damage to physical assets;;;Millions
KRI;y_axis_rc_code;MR_RMR_FRTB_38;ASA DRC for Non-Securitisation to Current Incremental Risk Charge model;;;%
KRI;y_axis_rc_code;RES102;Assets under custody subject to regulatory or contractual restitution obligation;;;%
KRI;y_axis_rc_code;DQI3;Completeness – data quality indicator;;;Unit
KRI;y_axis_rc_code;PROF207;Automated viability anchor - Forecast error CRA for t-2;;;%
KRI;y_axis_rc_code;MR_RMR_FRTB_34;Default risk charge in relation to total ASA OFR;;;%
KRI;y_axis_rc_code;MARK7;Breakdown of financial assets designated at FVPL: Equity instruments;;;%
KRI;y_axis_rc_code;STCE0304;Total exposure value: off balance sheet items and derivatives as investor – traditional sec - IRB;;;Thousands
KRI;y_axis_rc_code;CRED403;Central banks and general governments: Outflow to NPLs (% of all Outflows) [All L&A except HfT and HfS];;;%
KRI;y_axis_rc_code;STCE0208;Total capital requirements before cap: off balance sheet items and derivatives as sponsor – traditional sec - SA;;;Thousands
KRI;y_axis_rc_code;PROF62;Operating income from Asset Management∕ Total Operating income, net;;;%
KRI;y_axis_rc_code;CRED68;Forborne loans by type of counterparty ∕ Total loans - Other financial corporations;;;%
KRI;y_axis_rc_code;CRMAT_G211;YoY growth of absolute volume Loans and Advances to Corporates and Large corporates;;;%
KRI;y_axis_rc_code;CRED443;Credit institutions and other financial institutions: S3 share of total NPL;;;%
KRI;y_axis_rc_code;CRED389;Stage 2 ratio;;;%
KRI;y_axis_rc_code;CRMAT_V701;Share of Exposures in coutries outside EA over Total exposures in all countries;;;%
KRI;y_axis_rc_code;PROF211_YE_THR;Threshold for triggering BMA flag in the P2R methodology;;;%
KRI;y_axis_rc_code;LEV201;Notional amount of OBS items with CCFs < 100% to total leverage ratio exposure (TLRE);;;%
KRI;y_axis_rc_code;ORCE1655;Negative loss adjustment amounts for clients, products and business practices;;;Millions
KRI;y_axis_rc_code;IRRBB234;(Δ Obligations in credit spread tightening scenario - Δ Assets in credit spread tightening scenario) ∕ T1 capital;;;%
KRI;y_axis_rc_code;ORCE1661;Gross loss from new events for external fraud;;;Millions
KRI;y_axis_rc_code;PRFI0300_LINEAR;Net fee & commission income. Linear (YTD) annualization.;;;Unit
KRI;y_axis_rc_code;LIQV0092;Wholesale funding;;;Thousands
KRI;y_axis_rc_code;PROF152;Projected Cost∕income ratio at t as reported in year t-2;;;%
KRI;y_axis_rc_code;LIQV0175;3Y Forecast for Cash and Cash Balances at CBs;;;Thousands
KRI;y_axis_rc_code;IDCARD545_LSTYR;Net Interest Margin (Annualised) Last Year;;;%
KRI;y_axis_rc_code;OPER27;Ratio loss amount for corporate items to total loss amount;;;%
KRI;y_axis_rc_code;CRMAT_G501;YoY growth of absolute volume Securitisation exposures originated;;;%
KRI;y_axis_rc_code;LEV402B;Magnitude of the drop in SFTs value around the reporting dates (using quarterly data);;;%
KRI;y_axis_rc_code;IRRBB7;Change in the forecasted net interest income of the banking book under parallel interest rate decrease of 200 bps divided by Annualised total net interest income;;;%
KRI;y_axis_rc_code;MARK17;Breakdown of financial liabilities held for trading - Other financial liabilities;;;%
KRI;y_axis_rc_code;MARK101_C;Net gains on financial assets and liabilities held for trading ∕ VaR;;;%
KRI;y_axis_rc_code;CRED337;Past-due >1 year ratio;;;%
KRI;y_axis_rc_code;IRRBB271;CSRBB Assets ∕ RWA;;;%
KRI;y_axis_rc_code;LIQV0173;1Y Forecast for LCR;;;%
KRI;y_axis_rc_code;IRRBB208;Share of total liabilities with bought optionality (under behavioural view);;;%
KRI;y_axis_rc_code;CRED227;Variation rate of loans to NFC by NACE economic sector - Water supply;;;%
KRI;y_axis_rc_code;CRMAT_G401;YoY growth of absolute volume Loans and Advances to Central banks and General governments;;;%
KRI;y_axis_rc_code;MR_PRR_FADJ_DENSITY_L3_OTHER;Total FVadj on L3 Other securities on total L3 Other securities exposure;;;%
KRI;y_axis_rc_code;LIQV0187;3Y Forecast for Total Equity;;;Thousands
KRI;y_axis_rc_code;LIQV0132;Actual Total Assets;;;Thousands
KRI;y_axis_rc_code;CAP121;T+2 OC Ratio Forecast;;;%
KRI;y_axis_rc_code;MARK12;Financial liabilities held for trading ∕ (Total liabilities + Equity);;;%
KRI;y_axis_rc_code;STCE0301;Total exposure value: on balance sheet items as originator – traditional sec - IRB;;;Thousands
KRI;y_axis_rc_code;LEV006;Excluded banking-type ancillary services of CSD∕institutions in accordance with point (o) of Article 429a(1) CRR;;;Millions
KRI;y_axis_rc_code;CRED173;Credit risk capital requirements: IRB exposure classes excluding securitisation positions: Corporates;;;%
KRI;y_axis_rc_code;PROF59;Operating income from Commercial Banking∕ Total Operating income, net;;;%
KRI;y_axis_rc_code;CRED417;Country risk: Top 3 country with highest exposure (% over total exposure);;;%
KRI;y_axis_rc_code;PROF130;Projected Core Revenue to Assets Ratio at t+2;;;%
KRI;y_axis_rc_code;CRED333;Cost of Credit;;;%
KRI;y_axis_rc_code;MARK99;Market risk capital requirements ∕ Financial assets held for trading;;;%
KRI;y_axis_rc_code;CRED462;Non Financial Coorporations: Inflow to NPLs (Abs.) [All L&A except HfT and HfS];;;Millions
KRI;y_axis_rc_code;CAP95;Overall capital requirement (OCR) ratio;;;%
KRI;y_axis_rc_code;MR_RMR_BWL_1;3-year weighted volatility of quarterly P&L (Regulatory market risks) to Total CET1;;;%
KRI;y_axis_rc_code;LIQ43;Liquid assets to Short-Term Liabilities;;;%
KRI;y_axis_rc_code;CLIM23;Share of collateral with estimated EPC in RRE portfolio (EU);;;%
KRI;y_axis_rc_code;LIQ281;1Y Forecasted Growth of NSFR (in base points);;;Unit
KRI;y_axis_rc_code;CRED441;Credit institutions and other financial institutions: Outflow to NPLs (% of all Outflows) [All L&A except HfT and HfS];;;%
KRI;y_axis_rc_code;FWL14;Supervisory expectation - COR;;;%
KRI;y_axis_rc_code;LIQV0147;Actual Deposits;;;Thousands
KRI;y_axis_rc_code;IDCARD87_LSI_GR;Geographical breakdown of assets. SSM country - Greece;;;Thousands
KRI;y_axis_rc_code;OPER71;Maximum single loss for execution, delivery and process management;;;Millions
KRI;y_axis_rc_code;PROF112;Return on AuM: Gross Asset Management fee revenue∕AuM;;;%
KRI;y_axis_rc_code;CRED393_B;Single name concentration (from concentration STE exposures);;;%
KRI;y_axis_rc_code;CACO0500;Eligible Capital;;;Thousands
KRI;y_axis_rc_code;LIQ6;Households deposits ratio;;;%
KRI;y_axis_rc_code;CRED91;LTV Ratio NPL by type of counterparty - Other Financial Corporations;;;%
KRI;y_axis_rc_code;CRMAT_N111;Share Non-Performing Loans and Advances to Households Secured by RRE over Total Loans and Advances to Households Secured by RRE;;;%
KRI;y_axis_rc_code;CACO0600;Eligible Reserves;;;Thousands
KRI;y_axis_rc_code;LIQV0050;1W retail deposits spread (in basis points);;;Unit
KRI;y_axis_rc_code;LIQ1;Loan to Deposit Ratio (Households and NFCs);;;%
KRI;y_axis_rc_code;ORCE1639;Loss adjustments for clients, products and business practices;;;Millions
KRI;y_axis_rc_code;CRCE0207;Original exposure pre-conversion factors exposures class-by-exposure class (IRB): Corporates;;;Thousands
KRI;y_axis_rc_code;LIQV0075;2Y covered bonds spread (in basis points);;;Unit
KRI;y_axis_rc_code;BSFL1200;Financial liabilities held for trading: Debt certificates (including bonds);;;Thousands
KRI;y_axis_rc_code;LIQ256;Backtesting Planned vs Actual Other Assets;;;%
KRI;y_axis_rc_code;CRED108;Increase of total loans by type of collateral ∕ Total loans: Mortgage;;;%
KRI;y_axis_rc_code;CACO5700_3Y_MEAN;3 year average of Total original own funds for general solvency purposes;;;Millions
KRI;y_axis_rc_code;LEV008;Excluded exposures of public development credit institutions;;;Millions
KRI;y_axis_rc_code;MR_FWL_CVA_1;Potential impacts coming from CVA risk to Total CET1;;;%
KRI;y_axis_rc_code;LIQV0140;Planned 1Y Deposits (t-1);;;Thousands
KRI;y_axis_rc_code;PROF180;Long-term CIR (standard deviation);;;%
KRI;y_axis_rc_code;MARK29;Breakdown of OTC derivatives (liabilities) - Credit institutions;;;%
KRI;y_axis_rc_code;IDCARD425_LSI;Geographical breakdown of assets. Other;;;Thousands
KRI;y_axis_rc_code;OPER36;Ratio sum of the five largest losses for payment & settlement to sum across all business lines of the sums of the five largest business line losses;;;%
KRI;y_axis_rc_code;MARK97;Level 3 liabilities (financial liabilities held for trading) ∕ Financial liabilities held for trading;;;%
KRI;y_axis_rc_code;CACE0200;Pillar I Credit risk capital requirements under IRB approach;;;Millions
KRI;y_axis_rc_code;CRCE0104;Original exposure pre-conversion factors exposures class-by-exposure class (SA): Multilateral Development Banks;;;Thousands
KRI;y_axis_rc_code;IRRBB256;Pass-through rate of NMD over 1 year horizon for NMD wholesale financial (parallel up);;;Unit
KRI;y_axis_rc_code;CRED475;Total notional amount of originated SRT NPE securitizations.;;;Millions
KRI;y_axis_rc_code;IRRBB142;Weighted average repricing maturity of NMDs [Retail Transactional];;;Unit
KRI;y_axis_rc_code;PRFI2900_T3;Projected Share of the profit (loss) of investments in subsidiaries, associates and joint ventures at t+3;;;Thousands
KRI;y_axis_rc_code;PROF140;Cost∕income ratio at t-1 (used for forecast errors only);;;%
KRI;y_axis_rc_code;PRFI4600_QUARTERLY;Quarterly total trading (and investment) income;;;Thousands
KRI;y_axis_rc_code;IRRBB168;Change in NII of the banking book under parallel interest rate increase of 200bps plus net fee & commission income divided by annual overhead costs;;;%
KRI;y_axis_rc_code;LIQV0180;3Y Forecast for Total Liabilities;;;Thousands
KRI;y_axis_rc_code;CRED181;Credit risk capital requirements under IRB approaches when own estimates of LGD and ∕ or conversion factors are used: IRB exposure classes excluding securitisation positions: Corporates;;;%
KRI;y_axis_rc_code;OPER73;Sum of the five largest losses for external fraud;;;Millions
KRI;y_axis_rc_code;FWL10;4 Barrier total;;;Unit
KRI;y_axis_rc_code;ORNE1639;Sum of five largest losses for retail banking;;;Thousands
KRI;y_axis_rc_code;LIQV0026;10Y senior unsecured securities spread (in basis points);;;Unit
KRI;y_axis_rc_code;RES002;Custody assets to Tier 1;;;%
KRI;y_axis_rc_code;PROF4;Net revenue to total assets;;;%
KRI;y_axis_rc_code;PRFI4000_T1;Projected Net Interest Income, at t+1;;;Thousands
KRI;y_axis_rc_code;CRED365;Migration Rate: from stage 3 to 1;;;%
KRI;y_axis_rc_code;CRED126;Breakdown of total loans by NACE economic sector - Households;;;%
KRI;y_axis_rc_code;CAP9;Composition of own funds: Eligible capital;;;%
KRI;y_axis_rc_code;CRED393;Single name concentration: Sum of the 100 largest exposures to individual counterparties ∕ loans and advances to all counterparties;;;%
KRI;y_axis_rc_code;PROF138;Cost of Risk at t (used for forecast errors only);;;%
KRI;y_axis_rc_code;CRMAT_N221;Share Non-Performing Loans and Advances to SMEs over Total Loans and Advances to SMEs;;;%
KRI;y_axis_rc_code;BSFA0200;Total assets;;;Millions
KRI;y_axis_rc_code;PRFI2900_T1;Projected Share of the profit (loss) of investments in subsidiaries, associates and joint ventures at t+1;;;Thousands
KRI;y_axis_rc_code;LIQ66;CHF funding ratio;;;%
KRI;y_axis_rc_code;PRFI5700_LINEAR;Measures the cost of risk linearly annualised numerator for loans subject to impairment granted to HHs;;;Unit
KRI;y_axis_rc_code;PRFI4301_ANNUAL_ONEOFF;NII and NFCI, excluding one-offs;;;Millions
KRI;y_axis_rc_code;BSFA0700;Debt securities excluding those held for trading;;;Thousands
KRI;y_axis_rc_code;IRRBB197;Pass-through rate of NMD over 1 year horizon for NMD wholesale non financial (parallel down);;;%
KRI;y_axis_rc_code;CRED487;Total Loans;;;Thousands
KRI;y_axis_rc_code;RES101;Custody assets entrusted to other entities to Tier 1;;;%
KRI;y_axis_rc_code;LIQV0044b;Contractual 6M GAP;;;Thousands
KRI;y_axis_rc_code;CRED230;Variation rate of loans to NFC by NACE economic sector - Transport and storage;;;%
KRI;y_axis_rc_code;CRED429;Counterparty Credit Risk: Retail & Others Share of total CCR EAD;;;%
KRI;y_axis_rc_code;PROF135;Total profit or loss after tax ∕ Total assets at t (used for forecast errors only);;;%
KRI;y_axis_rc_code;PROF125;Projected Total profit or loss after tax ∕ Total assets at t+3;;;%
KRI;y_axis_rc_code;CRED240;Variation rate of loans to NFC by NACE economic sector - Other services;;;%
KRI;y_axis_rc_code;CRFA1400;Specific allowances for debt instruments;;;Thousands
KRI;y_axis_rc_code;PROF126;Projected Cost∕income ratio at t+1;;;%
KRI;y_axis_rc_code;CRNA111O;Gross carrying amount of loans and advances to non-financial corporations - Public administration and defence, compulsory social security;;;Millions
KRI;y_axis_rc_code;PROF170;Forecast error COR t-3;;;%
KRI;y_axis_rc_code;IDCARD528;loans to central banks;;;Millions
KRI;y_axis_rc_code;PROF12;Loans and advances to other corporates to total loans and advances;;;%
KRI;y_axis_rc_code;CRED225;Variation rate of loans to NFC by NACE economic sector - Manufacturing;;;%
KRI;y_axis_rc_code;CRED446;Credit institutions and other financial institutions: UTP share of total NPL;;;%
KRI;y_axis_rc_code;LIQV0067;6M secured funding spread (in basis points);;;Unit
KRI;y_axis_rc_code;CRCM0118;PD assigned to the obligor grade or pool (%) by each exposure IRB class: Retail;;;%
KRI;y_axis_rc_code;MRFA1300;Financial assets designated at fair value through profit or loss: Debt securities;;;Thousands
KRI;y_axis_rc_code;ORCE1616;Total loss amount for execution, delivery and process management;;;Millions
KRI;y_axis_rc_code;CRED164;Credit risk capital requirements under standardised approach: SA exposure classes excluding securitisation positions: Institutions;;;%
KRI;y_axis_rc_code;PROF33;Total profit and loss after tax to total operating income;;;%
KRI;y_axis_rc_code;BSFA0200_BR;Total assets of branches determined on the basis of the year-end statistical data;;;Millions
KRI;y_axis_rc_code;CRMAT_A501;Absolute volume of Securitisations portfolio;;;Millions
KRI;y_axis_rc_code;IRRBB121;Year on year change in forecasted net interest income expected within 12 months under the baseline scenario (percentage);;;%
KRI;y_axis_rc_code;CACE1306;Credit risk capital requirements: IRB exposure classes excluding securitisation positions: Institutions;;;Thousands
KRI;y_axis_rc_code;LIQ68;CB credit facility ratio (% of Liquid assets);;;%
KRI;y_axis_rc_code;CRMAT_G111;YoY growth of absolute volume Loans and Advances to Households Secured by RRE;;;%
KRI;y_axis_rc_code;LIQ284;3Y Forecasted Growth of Cash and Cash Balances at CBs;;;%
KRI;y_axis_rc_code;CACE1401;Credit risk capital requirements under IRB approaches when neither own estimates of LGD nor conversion factors are used: IRB exposure classes excluding securitisation positions: Central Government and Central Banks;;;Thousands
KRI;y_axis_rc_code;MR_PRR_VR_PIT;Weighted Level 2 & 3 assets and liabilities (Fair value) to Total Assets [Max(T, average 4 quarters)];;;%
KRI;y_axis_rc_code;CACE1205;Credit risk capital requirements: SA exposure classes excluding securitisation positions: International Organisations;;;Thousands
KRI;y_axis_rc_code;IRRBB9;Change in the forecasted net interest income of the banking book under parallel interest rate increase of 200 bps divided by Interest bearing assets;;;%
KRI;y_axis_rc_code;MR_RMR_CSR_BWL_1;3-year weighted volatility of quarterly P&L (Items at FVPL sensitive to CS) to Total CET1;;;%
KRI;y_axis_rc_code;PROF35;Securitisation capital requirements to total capital requirements;;;%
KRI;y_axis_rc_code;LIQ115;O∕N wholesale funding ratio;;;%
KRI;y_axis_rc_code;LIQV0035;deposits from non domestic activities;;;Thousands
KRI;y_axis_rc_code;CAP127;Leverage ratio headroom above OLRR (phased-in) as % of Leverage expsoure;;;%
KRI;y_axis_rc_code;PROF14;Total assets CRR-scope of consolidation to total assets IFRS-scope of consolidation;;;%
KRI;y_axis_rc_code;LIQV0057;1M secured funding spread (in basis points);;;Unit
KRI;y_axis_rc_code;MR_NRMR_CON_2;Herfindahl-Hirschmann Index on BB Sovereign exposures at FVOCI;;;%
KRI;y_axis_rc_code;CRED51;Increase of total loans by type of Counterparty ∕ Total loans by type of Counterparty - Central banks;;;%
KRI;y_axis_rc_code;BSFA0200_FP_T3;Total assets (as reported in funding plans) Planned Year 3 Position;;;Thousands
KRI;y_axis_rc_code;ORNE1641;Sum of five largest losses for agency services;;;Thousands
KRI;y_axis_rc_code;CACE0400;Pillar I Market risk capital requirements;;;Millions
KRI;y_axis_rc_code;PROF96;Interest income from Loans and advances∕ Total interest income;;;%
KRI;y_axis_rc_code;PROF39;Recurring earnings;;;%
KRI;y_axis_rc_code;IRRBB265;Change over the past year of UL amount from total assets and liabilities (before hedges, behaviour and other economic value-relevant aspects) ∕ Tier 1 capital;;;%
KRI;y_axis_rc_code;PRNA3700;PL before tax from discontinued operations;;;Thousands
KRI;y_axis_rc_code;PRFI2400;Gains (losses) on financial assets and liabilities held for trading, net: Foreign exchange and related derivatives;;;Thousands
KRI;y_axis_rc_code;IDCARD544;Annualised Cost of Risk;;;%
KRI;y_axis_rc_code;PROF179;Long-term ROA (standard deviation);;;%
KRI;y_axis_rc_code;CRED92;LTV ratio NPL by type of counterparty - Non-financial corporations;;;%
KRI;y_axis_rc_code;LANP1300;Total Loans and advances. Financial guarantees received on non-performing exposures;;;Millions
KRI;y_axis_rc_code;IRRBB201;∆ EVE - Parallel shock down;;;0
KRI;y_axis_rc_code;PRFI1400;Other operating income;;;Thousands
KRI;y_axis_rc_code;IDCARD246;concentration exposure sector Consumer lending;;;Thousands
KRI;y_axis_rc_code;IDCARD3;loans to households;;;Thousands
KRI;y_axis_rc_code;IDCARD324;Coverage ratio numerator (IDCARD129);;;Thousands
KRI;y_axis_rc_code;CRMAT_F121;Share of Performing Loans and Advances to Households Credit for consumption with Forbearance Measures to Total Performing Loans and Advances to Households Credit for consumption;;;%
KRI;y_axis_rc_code;LIQ264;Backtesting Planned vs Actual Total Equity;;;%
KRI;y_axis_rc_code;FWL11;Supervisory expectation - ROA;;;%
KRI;y_axis_rc_code;CRMAT_V621;Share of Held for sale portfolio over Total Loans and Advances;;;%
KRI;y_axis_rc_code;CAP140;Unfloored TREA;;;Thousands
KRI;y_axis_rc_code;CRED106;Increase of total loans by type of collateral ∕ Total loans by type of Collateral: Consumer;;;%
KRI;y_axis_rc_code;FWL16;Forecast Error CIR;;;%
KRI;y_axis_rc_code;CRED402;Central banks and general governments: Movements among Stages S1-S3 (% of all movements);;;%
KRI;y_axis_rc_code;LIQ296;3Y Forecasted Growth of Total Equity;;;%
KRI;y_axis_rc_code;LIQV0102;Short term liabilities;;;Thousands
KRI;y_axis_rc_code;PRFI3500;Interest expenses;;;Millions
KRI;y_axis_rc_code;PRFI5200;Core revenues;;;Millions
KRI;y_axis_rc_code;LIQV0051;1W unsecured wholesale deposits spread (in basis points);;;Unit
KRI;y_axis_rc_code;LANP0330;Total loans and advances. Non-Performing. Gross carrying amount (past due > 180 days <= 1 year);;;Millions
KRI;y_axis_rc_code;PROF116;Share of assets under active management∕total AuM;;;%
KRI;y_axis_rc_code;MR_PRR_BWL_SUM_WM;Support formula to calculate other KRIs.;;;Millions
KRI;y_axis_rc_code;CRMAT_V403;Share of Debt securities Central banks and General governments over Total Debt instruments other than held for trading or held for sale;;;%
KRI;y_axis_rc_code;LIQ268;1Y Forecasted Growth of Cash and Cash Balances at CBs;;;%
KRI;y_axis_rc_code;MRFA3300;Financial assets held for trading: Debt securities - Credit institutions;;;Thousands
KRI;y_axis_rc_code;CRCE0101;Original exposure pre-conversion factors exposures class-by-exposure class (SA): Central governments or central banks;;;Thousands
KRI;y_axis_rc_code;LIQ293;3Y Forecasted Growth of Long-term Debt Securities;;;%
KRI;y_axis_rc_code;LEV101;Materiality of derivatives in comparison to total leverage ratio exposure (TLRE);;;%
KRI;y_axis_rc_code;MR_PRR_TOTAL_DENSITY_EQ;Total  AVAs  plus Fadj on Equities divided total Equities exposure;;;%
KRI;y_axis_rc_code;LIQ216;Non-Euro funding ratio;;;%
KRI;y_axis_rc_code;PROF100;Interest income from Other financial liabilities∕ Total interest income;;;%
KRI;y_axis_rc_code;IDCARD87_LSI_FR;Geographical breakdown of assets. SSM country - France;;;Thousands
KRI;y_axis_rc_code;IRRBB254;Pass-through rate of NMD over 1 year horizon for NMD retail transactional (parallel down);;;Unit
KRI;y_axis_rc_code;LEV410B_LSI;Own funds to cover window dressing (SFTs) over TLRE;;;%
KRI;y_axis_rc_code;BSFA4000;Total assets with IFRS scope of consolidation;;;Thousands
KRI;y_axis_rc_code;PRFI6000;Measures the cost of risk point-in-time denominator for loans subject to impairment granted to HHs and NFCs;;;Unit
KRI;y_axis_rc_code;MR_NRMR_SFX_ELIGIBLE;Total Structural FX position suitable for the exemption to Total RWA;;;%
KRI;y_axis_rc_code;IDCARD423_LSI;Geographical breakdown of assets. SSM;;;Thousands
KRI;y_axis_rc_code;LIQ247;Share of Covered bonds issued in Asset Encumbrance sources;;;%
KRI;y_axis_rc_code;LANP0900;Total loans and advances. Credit institutions. Accumulated impairment (except HFT);;;Millions
KRI;y_axis_rc_code;CRNAF007;Loans and advances. Forborne exposures. Households;;;Thousands
KRI;y_axis_rc_code;MR_RMR_COM_PIT;Trading derivative sensitive to COM (Fair value) to Total Assets [Max(T, average 4 quarters)];;;%
KRI;y_axis_rc_code;CRED241;Evolution: Breakdown of total loans by NACE economic sector - Households: credit for consumption;;;%
KRI;y_axis_rc_code;CRED305;NPL Coverage Ratio - Non-financial corporations;;;%
KRI;y_axis_rc_code;OPER104;Total direct loss recovery;;;Unit
KRI;y_axis_rc_code;LEV009;Excluded passing-through promotional loan exposures by non-public development credit institutions (or units);;;Millions
KRI;y_axis_rc_code;PROF204;Automated viability anchor - Forecast error COR for t-1;;;%
KRI;y_axis_rc_code;CRED48_1;Breakdown of total loans by type of Counterparty - Other financial corporations;;;%
KRI;y_axis_rc_code;PROF165;Forecast error CRA t-1;;;%
KRI;y_axis_rc_code;CRED23;Inflow of non-performing loans of the year ∕ Performing loans at the end of the previous year (excluding interbank loans);;;%
KRI;y_axis_rc_code;MARK66;Breakdown of market risk capital requirements under standardised approaches (SA) - Total capital requirements for Commodities under standardised approach (SA);;;%
KRI;y_axis_rc_code;MR_BWL;3-year weighted volatility of quarterly P&L and OCI changes (Overall) to Total RWA;;;%
KRI;y_axis_rc_code;CAP54;Participations held in insurance companies ∕ Total Capital;;;%
KRI;y_axis_rc_code;PROF85;NFC loans coming from Real estate activities (NACE code)∕ Total NFC loans;;;%
KRI;y_axis_rc_code;LIQ53;Buffer concentration ratio;;;%
KRI;y_axis_rc_code;LIQ223;Unencumbered Central Bank Collateral Received ratio;;;%
KRI;y_axis_rc_code;IRRBB16;Change in the forecasted net interest income of the banking book under parallel interest rate decrease of 200 bps divided by Total capital;;;%
KRI;y_axis_rc_code;PROF158;Projected Cost of Risk at t as reported in year t-3;;;%
KRI;y_axis_rc_code;MARK58;Breakdown of net gains on financial assets and liabilities held for trading - Foreign exchanges and related derivatives;;;%
KRI;y_axis_rc_code;CRMAT_LB111;Share of RRE loans granted with LSTI>45% or LSTI not available over Total RRE loans granted (YtD);;;%
KRI;y_axis_rc_code;CRMAT_V401;Share of Loans and Advances to Central banks and General governments over Total Loans and Advances;;;%
KRI;y_axis_rc_code;CRED354;Non-performing Ratio - debt instruments (including held for sale);;;%
KRI;y_axis_rc_code;CRED482;Total Capital Consumption pre securitization (originated SRT);;;Millions
KRI;y_axis_rc_code;LIQV0073;1Y ABS spread (in basis points);;;Unit
KRI;y_axis_rc_code;MR_RMR_FRTB_9;Vega risk in the high-correlation scenario to Total RWA;;;%
KRI;y_axis_rc_code;IRRBB170;Change in NII of the banking book under parallel interest rate decrease of 200bps plus net fee & commission income divided by annual overhead costs;;;%
KRI;y_axis_rc_code;CACO1000;Share premium;;;Thousands
KRI;y_axis_rc_code;LIQ308;1Y Forecasted Growth of Non-Financial Corporates Deposits;;;%
KRI;y_axis_rc_code;FWL4;Automated viability anchor score - Cost of Risk;;;Unit
KRI;y_axis_rc_code;PRFI4900;Three Year Average Trading Income;;;Millions
KRI;y_axis_rc_code;IRRBB239;Backtesting KRI;;;%
KRI;y_axis_rc_code;IRRBB174;Outcome of the supervisory outlier test divided by Tier 1 Capital;;;%
KRI;y_axis_rc_code;OPER50;Operational losses to capital requirements;;;%
KRI;y_axis_rc_code;CAP1;Total capital ratio (Regulatory Capital ∕ Risk Weighted Assets);;;%
KRI;y_axis_rc_code;CRMAT_S131;Share of Performing Loans and Advances to Households Other than Secured by RRE and Credit for consumption in Stage 2 over Total Performing Loans and Advances to Households Other than Secured by RRE and Credit for consumption;;;%
KRI;y_axis_rc_code;MR_NRMR_BWL_1;3-year weighted volatility of quarterly P&L and OCI changes (Non-regulatory market risk) to Total CET1;;;%
KRI;y_axis_rc_code;IDCARD311;Total capital FL numerator (IDCARD68);;;Thousands
KRI;y_axis_rc_code;ORCE1652;Negative loss adjustment amounts for internal fraud;;;Millions
KRI;y_axis_rc_code;FWL15;Forecast Error ROA;;;%
KRI;y_axis_rc_code;OPER77;Sum of the five largest losses for business disruption and system failures;;;Millions
KRI;y_axis_rc_code;PRFI4600;Net Trading (and Investment) Income;;;Millions
KRI;y_axis_rc_code;MARK24;OTC derivatives (assets) ∕ Derivatives held for trading;;;%
KRI;y_axis_rc_code;MR_SIZE_1;Weighted Assets & liabilities measured at fair value to Total Assets;;;%
KRI;y_axis_rc_code;MR_RMR_IRR_BWL_SUM;Support formula to calculate other KRIs.;;;Millions
KRI;y_axis_rc_code;MR_NRMR_SFX_BWL_SUM_WM;Support formula to calculate other KRIs.;;;%
KRI;y_axis_rc_code;MARK62;Market risk capital requirements under internal models (IM) ∕ Market risk capital requirements;;;%
KRI;y_axis_rc_code;CRED232;Variation rate of loans to NFC by NACE economic sector - Information and communication;;;%
KRI;y_axis_rc_code;IRRBBMAT_4_L;Delta modelled maturity Liabulities without derivatives;;;Months
KRI;y_axis_rc_code;PROF105;Standard deviation of the Annual ROE in the last 5 years;;;%
KRI;y_axis_rc_code;PROF172;Forecast error Average CIR;;;%
KRI;y_axis_rc_code;MARK36;Breakdown of financial liabilities held for trading - Domestic;;;%
KRI;y_axis_rc_code;CRED488;Top 20 counterparties’ exposure value as a share of CCR exposure value;;;%
KRI;y_axis_rc_code;CRMAT_G221;YoY growth of absolute volume Loans and Advances to SMEs;;;%
KRI;y_axis_rc_code;CRMAT_N201;Share Non-Performing Loans and Advances to NFCs over Total Loans and Advances to NFCs;;;%
KRI;y_axis_rc_code;IRRBB262;Economic value (reported via STE) from behaviour ∕ Tier 1 capital;;;%
KRI;y_axis_rc_code;MR_PRR_VR_BWL_SUM_WM;Support formula to calculate other KRIs.;;;%
KRI;y_axis_rc_code;LIQ299;1Y Forecasted Growth for Innovative Instruments;;;%
KRI;y_axis_rc_code;CACE0700;Pillar I Other capital requirements;;;Thousands
KRI;y_axis_rc_code;LIQ238;Share in Buffer Concentration per Issuer Sector: Non-financial corporations (eba_CT:x20);;;%
KRI;y_axis_rc_code;PROF184;NFC portfolio CoR using linear annualised numerator and PiT denominator;;;%
KRI;y_axis_rc_code;MR_RMR_FRTB_19;Relevance of other residual risk for RRAO;;;%
KRI;y_axis_rc_code;CRED114;Evolution of total loans by NACE economic sector ∕ Total loans by type of NACE economic sector General Governments;;;%
KRI;y_axis_rc_code;LIQV0066;6M unsecured wholesale deposits spread (in basis points);;;Unit
KRI;y_axis_rc_code;LIQV0141;Planned 1Y Short-term Debt Securities;;;Thousands
KRI;y_axis_rc_code;PRFI4600_T2;Projected Net Trading (and Investment) Income at t+2;;;Thousands
KRI;y_axis_rc_code;CAP63;Conservation buffer due to macro-prudential or systemic risk identified at the level of a Member State;;;Millions
KRI;y_axis_rc_code;CRED90;LTV Ratio NPL by type of counterparty - Credit Institutions;;;%
KRI;y_axis_rc_code;LIQV0036;deposits from domestic activities;;;Thousands
KRI;y_axis_rc_code;MRFA1400;Financial assets designated at fair value through profit or loss: Loans and advances;;;Thousands
KRI;y_axis_rc_code;BSFA0200_FP_T2;Total assets (as reported in funding plans) Planned Year 2 Position;;;Thousands
KRI;y_axis_rc_code;CRNA0600;Impaired loans and advances to General Governments;;;Thousands
KRI;y_axis_rc_code;MR_BWL_WSTD_NUM_1;Support formula to calculate other KRIs.;;;Millions
KRI;y_axis_rc_code;LIQ7;Non-financial corporations deposits ratio;;;%
KRI;y_axis_rc_code;ORNE1643;Sum of five largest losses for corporate items;;;Thousands
KRI;y_axis_rc_code;CRED177;Credit risk capital requirements under IRB approaches when neither own estimates of LGD nor conversion factors are used: IRB exposure classes excluding securitisation positions: Institutions;;;%
KRI;y_axis_rc_code;CAP82;Aggregation weight for IRRBB;;;%
KRI;y_axis_rc_code;STCE0611;Total securitised exposures. Credit card receivables;;;Thousands
KRI;y_axis_rc_code;MRFA1400_1;Financial assets designated at fair value through profit or loss: Loans and advances;;;Thousands
KRI;y_axis_rc_code;OPER115;Total net loss amount for damage to physical assets including loss adjustments relating to previous reporting periods;;;Unit
KRI;y_axis_rc_code;ORCE1607;Total loss amount for agency services;;;Millions
KRI;y_axis_rc_code;CACE1202;Credit risk capital requirements: SA exposure classes excluding securitisation positions: Central Government and Central Banks;;;Thousands
KRI;y_axis_rc_code;MARK53_B;Net gains on financial assets and liabilities at FVPL (non-held for trading) ∕ Total operating income;;;%
KRI;y_axis_rc_code;MR_PRR_XVA_BWL_SUM;Support formula to calculate other KRIs.;;;Millions
KRI;y_axis_rc_code;MR_RMR_FRTB_14;Impact of high correlation scenario on SBM OFR;;;%
KRI;y_axis_rc_code;MR_RMR_FRTB_11;Relevance of non-linear market risk in SBM;;;%
KRI;y_axis_rc_code;CRED160;Credit risk capital requirements under standardised approach: SA exposure classes excluding securitisation positions: Central Government and Central Banks;;;%
KRI;y_axis_rc_code;CAP105;Systemic Risk Buffer (SyRB) (%);;;%
KRI;y_axis_rc_code;ORCE1660;Gross loss from new events for internal fraud;;;Millions
KRI;y_axis_rc_code;MARK104;Estimation of Share of Equity in Total Capital Requirements;;;%
KRI;y_axis_rc_code;OTHER1_LSI;Bindingness of P2R-LR;;;%
KRI;y_axis_rc_code;CAP38;Dynamics of capital requirements: Credit risk capital requirements under standardised approach;;;%
KRI;y_axis_rc_code;CRED2;Evolution of credit risk (excluding trading). Net flow of total loans ∕ Total assets;;;%
KRI;y_axis_rc_code;LIQ65;GBP funding ratio;;;%
KRI;y_axis_rc_code;LIQV0089;Liabilities providing stable funding in JPY;;;Thousands
KRI;y_axis_rc_code;PRFI1000;Impairments on financial assets;;;Thousands
KRI;y_axis_rc_code;MR_NRMR_FWL;Potential impacts coming from non regulatory market risks to Total RWA;;;%
KRI;y_axis_rc_code;LIQV0192;1Y Forecast for Deposit-like Financial Instruments;;;Thousands
KRI;y_axis_rc_code;LANP1000;Total loans and advances at amortised cost - Credit institutions. Accumulated impairment on non-performing exposure;;;Millions
KRI;y_axis_rc_code;CRCE0513;Exposure value exposure class-by-exposure class (SA): Short-term claims on institutions and corporate;;;Millions
KRI;y_axis_rc_code;BSFA1900;Financial assets designated at fair value through profit or loss: Debt securities: Credit institutions;;;Thousands
KRI;y_axis_rc_code;PROF86;NFC loans coming from Professional, scientific and technical activities (NACE code)∕ Total NFC loans;;;%
KRI;y_axis_rc_code;MR_RMR_FRTB_8;Delta risk in the high-correlation scenario to Total RWA;;;%
KRI;y_axis_rc_code;MR_RMR_FXR_BWL_WEIGHTS;Support formula to calculate other KRIs.;;;Millions
KRI;y_axis_rc_code;CACO5800;Total additional own funds for general solvency purposes;;;Thousands
KRI;y_axis_rc_code;MR_PRR_SIZE_1;Weighted Level 2&3 Assets and Liabilities to Total Assets;;;%
KRI;y_axis_rc_code;CRCM0117;PD assigned to the obligor grade or pool (%) by each exposure IRB class: Corporates without own estimates of LGD or conversion factors;;;%
KRI;y_axis_rc_code;OPER54;Maximum single loss;;;Millions
KRI;y_axis_rc_code;CLIM01;Share of gross interest income from carbon intensive sectors in the NFC portfolio (EU);;;%
KRI;y_axis_rc_code;CRED438;Credit institutions and other financial institutions: Inflow to NPLs (Abs.) [All L&A except HfT and HfS];;;Millions
KRI;y_axis_rc_code;IDCARD87_LSI_IT;Geographical breakdown of assets. SSM country - Italy;;;Thousands
KRI;y_axis_rc_code;CRCE0608;Exposure value exposure class-by-exposure class (IRB): Retail;;;Millions
KRI;y_axis_rc_code;CRNA1123;Gross carrying amount of loans and advances to households - Purposes other than credit for consumption and lending for house purchase (By purpose);;;Millions
KRI;y_axis_rc_code;MR_PRR_FADJ_DENSITY_DERIV;Total FVadj on derivatives on total derivatives exposure;;;%
KRI;y_axis_rc_code;PRFI0400_QUARTERLY;Quarterly total trading income;;;Millions
KRI;y_axis_rc_code;MR_RMR_COM_BWL_WEIGHTS;Support formula to calculate other KRIs.;;;Millions
KRI;y_axis_rc_code;ORCE1640;Loss adjustments for damage to physical assets;;;Millions
KRI;y_axis_rc_code;LIQ112;Illiquid REPO to cash position;;;%
KRI;y_axis_rc_code;LIQ47;Core funding ratio;;;%
KRI;y_axis_rc_code;CRCE0501;Exposure value exposure class-by-exposure class (SA): Central governments or central banks;;;Millions
KRI;y_axis_rc_code;CRFA0706;Loans and advances past due for more than 90 days but not impaired. Other financial corporations;;;Thousands
KRI;y_axis_rc_code;LEV010;IPS exposures exempted in accordance with point (ca) of Article 429a(1) CRR;;;%
KRI;y_axis_rc_code;FWL5;AVA - Final automatically calculated profitability score;;;Unit
KRI;y_axis_rc_code;LIQ225;yearly LCR Standard Deviation;;;Unit
KRI;y_axis_rc_code;PROF97;Interest income from Other assets∕ Total interest income;;;%
KRI;y_axis_rc_code;CAP6;Dynamics of  own funds: Tier 1 capital;;;%
KRI;y_axis_rc_code;OPER20;Ratio loss amount for trading and sales to total loss amount;;;%
KRI;y_axis_rc_code;CRED483;Total Capital Release (originated SRT);;;Millions
KRI;y_axis_rc_code;STRC0200;Number of branches (open to customers);;;Unit
KRI;y_axis_rc_code;PRFI5500_LINEAR;Measures the cost of risk linearly annualised numerator for loans subject to impairment granted to NFCs;;;Unit
KRI;y_axis_rc_code;COREP_OPRISK;Indicates whether we receive the Operational losses template in STE, as opposed to the C17 template in COREP.;;;Unit
KRI;y_axis_rc_code;CRCM0116;PD assigned to the obligor grade or pool (%) by each exposure IRB class: Institutions without own estimates of LGD or conversion factors;;;%
KRI;y_axis_rc_code;CRED370;Stage 1 Coverage Ratio;;;%
KRI;y_axis_rc_code;PROF6_ONEOFF;ROE (after tax), excluding one-offs;;;%
KRI;y_axis_rc_code;MR_RMR_FXR_BWL_WSTD_NUM;Support formula to calculate other KRIs.;;;Millions
KRI;y_axis_rc_code;LIQV0197;3Y Forecast for Public Funding;;;Thousands
KRI;y_axis_rc_code;CRCE0508;Exposure value exposure class-by-exposure class (SA): Retail;;;Millions
KRI;y_axis_rc_code;IRRBB118;Forecasted net interest income in the banking book expected within 12 months in the baseline scenario divides by Tier 1 Capital;;;%
KRI;y_axis_rc_code;CRED85;Inflows and outflows of Allowances by type of delinquencies, by type of counterparty - Households;;;%
KRI;y_axis_rc_code;CRNA1122_LSI;Gross carrying amount of loans and advances to households – Lending for house purchase (By purpose);;;Millions
KRI;y_axis_rc_code;PROF90;NFC loans coming from Human health services and social work activities (NACE code)∕ Total NFC loans;;;%
KRI;y_axis_rc_code;LIQ219;Overcollateralization;;;%
KRI;y_axis_rc_code;BSFA2300;Loans and receivables (including finance lease): Debt securities: Credit Institutions;;;Thousands
KRI;y_axis_rc_code;LIQ96;Secured funding ratio;;;%
KRI;y_axis_rc_code;PROF65;Operating income from Others∕ Total Operating income, net;;;%
KRI;y_axis_rc_code;MARK54;(Net gains on financial assets and liabilities held for trading + net gains on financial assets and liabilities designated at FVPL) ∕ Total operating income;;;%
KRI;y_axis_rc_code;CRCE0507;Exposure value exposure class-by-exposure class (SA): Corporates;;;Millions
KRI;y_axis_rc_code;CRED129;Securitisation capital requirements ∕ Credit risk capital requirements;;;%
KRI;y_axis_rc_code;MRCE2912;Stressed VaR. Multiplication factor (ms) x average of previous 60 working days (SVaRavg): Traded debt instruments - Specific risk;;;Thousands
KRI;y_axis_rc_code;LIQV0159;1Y Forecast for Cash and Cash Balances at CBs;;;Thousands
KRI;y_axis_rc_code;IDCARD26_LSI;Results on financial assets and liabilities;;;Thousands
KRI;y_axis_rc_code;CLIM07;Share of gross fee and commission income from 7 key carbon-intensive sectors in the NFC portfolio (EU);;;%
KRI;y_axis_rc_code;MARK32;Breakdown of financial assets held for trading - Domestic;;;%
KRI;y_axis_rc_code;LIQV0094;Issued CDs;;;Thousands
KRI;y_axis_rc_code;IRRBB263;Economic value (reported via STE) from other economic value-relevant aspects ∕ Tier 1 capital;;;%
KRI;y_axis_rc_code;LIQV0044;Contractual 6M GAP;;;Thousands
KRI;y_axis_rc_code;IDCARD87_LSI_IE;Geographical breakdown of assets. SSM country - Ireland;;;Thousands
KRI;y_axis_rc_code;LIQ204;Short-term unsecured WS funding incl. CB offset;;;%
KRI;y_axis_rc_code;CRED162;Credit risk capital requirements under standardised approach: SA exposure classes excluding securitisation positions: Multilateral Development Banks;;;%
KRI;y_axis_rc_code;LIQV0068;6M covered bonds spread (in basis points);;;Unit
KRI;y_axis_rc_code;BSFL2300;Derivatives used as hedging instruments in accounting hedges [liabilities];;;Thousands
KRI;y_axis_rc_code;CRMAT_F221;Share of Performing Loans and Advances to SMEs with Forbearance Measures to Total Performing Loans and Advances to SMEs;;;%
KRI;y_axis_rc_code;CAP114;P2R (OCR);;;%
KRI;y_axis_rc_code;OPER62;Number of events for damage to physical assets;;;Unit
KRI;y_axis_rc_code;LIQ122;Other financial corporates deposits ratio;;;%
KRI;y_axis_rc_code;IRRBB257;Pass-through rate of NMD over 1 year horizon for NMD wholesale financial (parallel down);;;Unit
KRI;y_axis_rc_code;ORCE1603;Total loss amount for retail brokerage;;;Millions
KRI;y_axis_rc_code;MR_RMR_CSR_BWL_WSTD_NUM;Support formula to calculate other KRIs.;;;Millions
KRI;y_axis_rc_code;IRRBB185;Average maturity of core NMDs across types and currencies;;;Months
KRI;y_axis_rc_code;PROF53;Net Interest Margin;;;%
KRI;y_axis_rc_code;LIQ220;Asset Encumbrance at Central banks;;;%
KRI;y_axis_rc_code;IRRBB12;Change in the forecasted net interest income of the banking book under parallel interest rate increase of 200 bps divided by Total equity;;;%
KRI;y_axis_rc_code;CAP90;TSCR: to be made up of CET1 capital;;;%
KRI;y_axis_rc_code;CRED221;Breakdown of total loans by NACE economic sector - Households: other purposes;;;%
KRI;y_axis_rc_code;MR_RMR_COM_8;Commodity positions to Total exposures;;;%
KRI;y_axis_rc_code;IRRBB10;Change in the forecasted net interest income of the banking book under parallel interest rate decrease of 200 bps divided by Interest bearing assets;;;%
KRI;y_axis_rc_code;MARK137;CET1 sensitivity to sovereign credit spread shocks excluding amortised cost holdings and FVOCI;;;%
KRI;y_axis_rc_code;CRNA111A;Gross carrying amount of loans and advances to non-financial corporations - Agriculture, forestry and fishing;;;Millions
KRI;y_axis_rc_code;PROF120;Contribution of Safekeeping fee revenue versus total fee revenue;;;%
KRI;y_axis_rc_code;MR_NRMR_CSR_BWL_SUM_WM;Support formula to calculate other KRIs.;;;%
KRI;y_axis_rc_code;MARK22;(Financial liabilities held for trading + financial liabilities designated at FVPL) ∕ (Total liabilities + Equity);;;%
KRI;y_axis_rc_code;PRFI0800_ANNUAL_ONEOFF;Operating income, excluding one-offs;;;Millions
KRI;y_axis_rc_code;PROF139;Total profit or loss after tax ∕ Total assets at t-1 (used for forecast errors only);;;%
KRI;y_axis_rc_code;MR_PRR_VR_FWL;Potential impacts coming from valuation risk to Total RWA;;;%
KRI;y_axis_rc_code;MR_RMR_MDL_1;Stressed VaR to VaR (excl. multiplier);;;Unit
KRI;y_axis_rc_code;CRFA0707;Impaired loans and advances. Non-financial corporations;;;Thousands
KRI;y_axis_rc_code;CRED158;Increase of Off-balance Exposure ∕ Total assets;;;%
KRI;y_axis_rc_code;CRED15_N;BREACH ON LARGE EXPOSURES;;;Unit
KRI;y_axis_rc_code;LIQV0062;3M secured funding spread (in basis points);;;Unit
KRI;y_axis_rc_code;LIQ67;JPY funding ratio;;;%
KRI;y_axis_rc_code;MR_NRMR_SFX_EXCLUDED;Total Structural FX position excluded to Total RWA;;;%
KRI;y_axis_rc_code;LIQ257;Backtesting Planned vs Actual Total Liabilities;;;%
KRI;y_axis_rc_code;IDCARD543_ANNUAL;Cost of Risk - Annual Denominator;;;Thousands
KRI;y_axis_rc_code;CRED330;Securitised exposures;;;%
KRI;y_axis_rc_code;CRED412;Country risk: EU excl. SSM exposure over total exposure in all countries;;;%
KRI;y_axis_rc_code;LIQV0117;Total items providing stable funding;;;Millions
KRI;y_axis_rc_code;IRRBB231;Debt securities @FV + FV of  Debt securities @AC (assets)  over the contribution of debt securities to EVE level;;;%
KRI;y_axis_rc_code;PROF91;NFC loans coming from Arts, entertainment and recreation (NACE code)∕ Total NFC loans;;;%
KRI;y_axis_rc_code;PRFI0300_QUARTERLY;Quarterly Net Interest Income, excluding trading income;;;Millions
KRI;y_axis_rc_code;CAP80;Aggregation weight for credit risk;;;%
KRI;y_axis_rc_code;CRMAT_A701;Absolute volume of Exposures in countries outside EA;;;Millions
KRI;y_axis_rc_code;CAP130;Total capital headroom above P2G (phased-in) as % of RWA;;;%
KRI;y_axis_rc_code;PROF137;Core Revenue to Assets Ratio at t (used for forecast errors only);;;%
KRI;y_axis_rc_code;LIQV0058;1M covered bonds spread (in basis points);;;Unit
KRI;y_axis_rc_code;PRFI3900;Provisions or (-) reversal of provisions;;;Millions
KRI;y_axis_rc_code;MARK100;Net gains on financial assets and liabilities held for trading ∕ Financial assets held for trading;;;%
KRI;y_axis_rc_code;CAP118;Difference T2;;;%
KRI;y_axis_rc_code;PRFI5000;Three Year Average Dividend Income, ExcludingTrading Dividend Income;;;Millions
KRI;y_axis_rc_code;MR_RMR_FRTB_20;Share of GIRR in total SBM OFR;;;%
KRI;y_axis_rc_code;LIQV0200;Planned 1Y Non-Financial Corporates Deposits;;;Thousands
KRI;y_axis_rc_code;CAP67;Global Systemically Important Institution buffer;;;Millions
KRI;y_axis_rc_code;IRRBB229;Impact of IR Derivatives (excluding hedges) on NII sensitivity (parallel shock down scenario);;;%
KRI;y_axis_rc_code;CLIM08;Share of gross fee and commission income from 7 key carbon-intensive sectors in the NFC portfolio (non-EU);;;%
KRI;y_axis_rc_code;CRED234;Variation rate of loans to NFC by NACE economic sector - Professional, scientific and technical activities;;;%
KRI;y_axis_rc_code;PRFI5100_ONEOFF;3Y average impairments, excluding one-offs;;;Millions
KRI;y_axis_rc_code;CRNA111C;Gross carrying amount of loans and advances to non-financial corporations - Manufacturing;;;Millions
KRI;y_axis_rc_code;LIQV0028;5Y secured funding spread (in basis points);;;Unit
KRI;y_axis_rc_code;PROF3_ANNUAL_ONEOFF;ROA (after tax), excluding one-offs;;;%
KRI;y_axis_rc_code;MR_NRMR_EQR_PIT;Banking book items sensitive to EQ (Fair value) to Total Assets [Max(T, average 4 quarters)];;;%
KRI;y_axis_rc_code;CAP13;Composition of own funds: Tier 2 capital;;;%
KRI;y_axis_rc_code;LIQ218;Debt Securities to Total Liabilities;;;%
KRI;y_axis_rc_code;CACO0200;Tier 1 capital;;;Millions
KRI;y_axis_rc_code;OPER4;Total relevant indicator (3-year average);;;Millions
KRI;y_axis_rc_code;CRED59_1;Breakdown of NPL ratio by type of Counterparty - Credit institutions;;;%
KRI;y_axis_rc_code;MR_RMR_FWL;Potential impacts coming from regulatory market risks to Total RWA;;;%
KRI;y_axis_rc_code;IRRBB253;Internal capital allocated for IRRBB: IRRBB ICAAP ∕ Total ICAAP;;;%
KRI;y_axis_rc_code;PROF3_LINEAR_SBS;Return on Assets. Linear annualization (YTD) of the numerator.;;;%
KRI;y_axis_rc_code;OPER117;Total net loss amount for business disruption and system failures including loss adjustments relating to previous reporting periods;;;Unit
KRI;y_axis_rc_code;LIQV0088;Liabilities providing stable funding in CHF;;;Thousands
KRI;y_axis_rc_code;MRCE2000;Multiplication factor (ms) x average of previous 60 working days (SVaRavg);;;Thousands
KRI;y_axis_rc_code;MR_FWL_TB_1;Potential impacts coming from Regulatory trading book items to Total CET1;;;%
KRI;y_axis_rc_code;ORCE1614;Total loss amount for damage to physical assets;;;Millions
KRI;y_axis_rc_code;MRFA4600_1;Financial assets designated at fair value through profit or loss and Non-trading financial assets mandatorily at fair value through profit or loss: Fair value level 2;;;Thousands
KRI;y_axis_rc_code;MR_RMR_CSR_SIZE;Financial assets & liabilities measured at fair value through P&L sensitive to CS (Fair value) to Total Assets;;;%
KRI;y_axis_rc_code;CRED317;NPL ratio excluding credit institution;;;%
KRI;y_axis_rc_code;CRMAT_L231;Share of CRE loans with LtV>80% over Total Loans collateralised by commercial immovable property;;;%
KRI;y_axis_rc_code;CACE1800;Market risk capital requirements under standardised approaches: foreign exchange;;;Thousands
KRI;y_axis_rc_code;PROF104;Operating income coming from the main income source∕ Total Operating income;;;%
KRI;y_axis_rc_code;MRFA4400;Financial assets held for trading: Equity instruments: Fair value level 3;;;Thousands
KRI;y_axis_rc_code;LIQV0015;1M senior unsecured securities spread (in basis points);;;Unit
KRI;y_axis_rc_code;CACE1203;Credit risk capital requirements: SA exposure classes excluding securitisation positions: Public sector entities;;;Thousands
KRI;y_axis_rc_code;MR_RMR_EQR_SIZE;Financial assets & liabilities measured at fair value through P&L sensitive to EQ (Fair value) to Total Assets;;;%
KRI;y_axis_rc_code;CRNA111E;Gross carrying amount of loans and advances to non-financial corporations - Water supply;;;Millions
KRI;y_axis_rc_code;IRRBB202;∆ NII - Paraller shock up;;;0
KRI;y_axis_rc_code;ORCE1602;Total loss amount for trading and sales;;;Millions
KRI;y_axis_rc_code;MR_NRMR_SFX_BWL_WEIGHTS;Support formula to calculate other KRIs.;;;Millions
KRI;y_axis_rc_code;CRED104;Increase of total loans by type of collateral ∕ Total loans by type of Collateral: Mortgage;;;%
KRI;y_axis_rc_code;PROF210;Number of employees;;;Unit
KRI;y_axis_rc_code;CAP71;Leverage ratio (fully phase in) reported value;;;%
KRI;y_axis_rc_code;LIQV0142;Planned 1Y Long-term Debt Securities;;;Thousands
KRI;y_axis_rc_code;CRED16;Largest 10 exposures as % Total exposure. Index of concentration (Large exposures 1st, 2nd, 3rd,.. on Loans and advance);;;%
KRI;y_axis_rc_code;CRCE0504;Exposure value exposure class-by-exposure class (SA): Multilateral Development Banks;;;Millions
KRI;y_axis_rc_code;CRCE0103;Original exposure pre-conversion factors exposures class-by-exposure class (SA): Public sector entities;;;Thousands
KRI;y_axis_rc_code;LIQ240;Contractual 2Y Gap to Total Assets;;;%
KRI;y_axis_rc_code;PRFI1600;Gains (losses) on financial assets and liabilities held for trading, net: Equity instruments and related derivatives;;;Thousands
KRI;y_axis_rc_code;MREL_SUPPLY_SUB_TREA;Own funds and eligible liabilities as a percentage of the total risk exposure amount, of which: own funds and subordinated liabilities;;;Millions
KRI;y_axis_rc_code;ORCE1650;Positive loss adjustment amounts for execution, delivery and process management;;;Millions
KRI;y_axis_rc_code;IRRBB89;Embedded gains or losses divided by the Fair value of banking book;;;%
KRI;y_axis_rc_code;RES002_THR;Threshold for triggering Operational Risk flag in the P2R methodology;;;%
KRI;y_axis_rc_code;CRED188;Traditional securitisation, outstanding amount, originator, off-balance sheet items;;;%
KRI;y_axis_rc_code;LIQV0061;3M unsecured wholesale deposits spread (in basis points);;;Unit
KRI;y_axis_rc_code;CRED428;Counterparty Credit Risk: FI Share of total CCR EAD;;;%
KRI;y_axis_rc_code;LIQV0101;Illiquid assets and contingent liabilities;;;Thousands
KRI;y_axis_rc_code;PROF99;Interest income from Debt securities issued∕ Total interest income;;;%
KRI;y_axis_rc_code;MRFL5200;Financial liabilities held for trading: Fair value level 3;;;Thousands
KRI;y_axis_rc_code;MARK9;Breakdown of financial assets designated at FVPL: Loans and advances;;;%
KRI;y_axis_rc_code;MR_RMR_FXR_BWL_1;3-year weighted volatility of quarterly P&L (Trading derivative sensitive to FX and BB FX differences) to Total CET1;;;%
KRI;y_axis_rc_code;FWL18;Forecast Error COR;;;%
KRI;y_axis_rc_code;CACO0700;Tier 2 capital;;;Thousands
KRI;y_axis_rc_code;CRMAT_G101;YoY growth of absolute volume Loans and Advances to Households;;;%
KRI;y_axis_rc_code;CRED471;Non Financial Coorporations: Share of Performing forborne exposures under probation reclassified from non-performing over total performing exposures with forbearance measures;;;%
KRI;y_axis_rc_code;LIQV0139;Planned 1Y Repurchase Agreements;;;Thousands
KRI;y_axis_rc_code;BSFA2900;Derivatives used as hedging instruments in accounting hedges [assets];;;Thousands
KRI;y_axis_rc_code;CAP102;Capital Conservation Buffer (CCB) (%);;;%
KRI;y_axis_rc_code;LIQV0104;10Y retail deposits funding spread (in basis points);;;Unit
KRI;y_axis_rc_code;CRED79;Collateral and financial guarantees received on NPLs ∕ Total NPLs;;;%
KRI;y_axis_rc_code;MARK82;Breakdown of VaR (between general and specific risk) - general risk;;;%
KRI;y_axis_rc_code;IRRBBMAT_1;Share of Assets with automatic or behavioral optionality;;;%
KRI;y_axis_rc_code;LIQ250;Share of Other in Asset Encumbrance sources;;;%
KRI;y_axis_rc_code;IDCARD93;Deposits (top 3rd country);;;Thousands
KRI;y_axis_rc_code;IRRBB206;Share of total assets with bought optionality (under behavioural view);;;%
KRI;y_axis_rc_code;PROF2;Rotation of the equity (Total assets ∕ Total equity);;;%
KRI;y_axis_rc_code;MARK55;Breakdown of net gains on financial assets and liabilities held for trading - Equity instruments and related derivatives;;;%
KRI;y_axis_rc_code;LIQ259;Backtesting Planned vs Actual Deposits;;;%
KRI;y_axis_rc_code;PROF28;Dividend income to total operating income;;;%
KRI;y_axis_rc_code;OPER89;Ratio total loss amount for execution, delivery and process management to total operational risk capital requirements;;;%
KRI;y_axis_rc_code;MR_NRMR_CSR_PIT;Banking book items sensitive to CS (Fair value) to Total Assets [Max(T, average 4 quarters)];;;%
KRI;y_axis_rc_code;CACE0500;Pillar I Operational risk capital requirements;;;Millions
KRI;y_axis_rc_code;PROF10;Loans and advances to households to total loans and advances;;;%
KRI;y_axis_rc_code;IRRBB22;Change in the forecasted net interest income of the banking book under parallel interest rate increase ∕ decrease of 200 bps (worst of both shifts) divided by Total capital;;;%
KRI;y_axis_rc_code;PROF13;Assets: Derivatives held for trading to total financial assets;;;%
KRI;y_axis_rc_code;CRED419;Country risk: Top 5 country with highest exposure (% over total exposure);;;%
KRI;y_axis_rc_code;LIQ249;Share of Other Debt securities issued in Asset Encumbrance sources;;;%
KRI;y_axis_rc_code;CRED81;Inflows and outflows of Allowances by type of delinquencies, by type of counterparty - Central governments;;;%
KRI;y_axis_rc_code;MRFL2400;Derivatives held for trading - Liabilities - Carrying amount: OTC - Rest;;;Thousands
KRI;y_axis_rc_code;LIQV0137;Actual Other Assets;;;Thousands
KRI;y_axis_rc_code;ORCE1654;Negative loss adjustment amounts for employment practices and workplace safety;;;Millions
KRI;y_axis_rc_code;PRFI0800_QUARTERLY;Quarterly total operating income;;;Millions
KRI;y_axis_rc_code;MR_NRMR_SFX_BWL_WSTD_NUM;Support formula to calculate other KRIs.;;;Millions
KRI;y_axis_rc_code;CRED7;Identification of the institution's risk appetite (corporate, retail, etc.). Breakdown of original exposure value by class - Institutions;;;%
KRI;y_axis_rc_code;MARK19;Breakdown of financial liabilities designated at FVPL - Deposits;;;%
KRI;y_axis_rc_code;LIQ258;Backtesting Planned vs Actual Repurchase Agreements;;;%
KRI;y_axis_rc_code;LEV415_LSI;Geo mean annual growth rate in TLRE (over 3 years) * (0 ∕ 1 : LR decreased over past 3 years, low LR);;;%
KRI;y_axis_rc_code;CRCE0607;Exposure value exposure class-by-exposure class (IRB): Corporates;;;Millions
KRI;y_axis_rc_code;PRNA3600;PL before tax from continuing operations;;;Thousands
KRI;y_axis_rc_code;OPER12;Ratio gross loss amount for internal fraud to total gross loss amount;;;%
KRI;y_axis_rc_code;STCE0114;Total exposures deducted from own funds – traditional sec - SA + IRB;;;Thousands
KRI;y_axis_rc_code;IRRBB25_LSI;Total Capital Requirements + Maximum economic value loss (IRRBB);;;Millions
KRI;y_axis_rc_code;PROF58;Operating income from Retail Banking∕ Total Operating income, net;;;%
KRI;y_axis_rc_code;LIQ119;GBP LCR;;;%
KRI;y_axis_rc_code;PROF156;Projected Cost∕income ratio at t as reported in year t-3;;;%
KRI;y_axis_rc_code;LIQV0012;Top 10 liquidity buffer counterparties;;;Thousands
KRI;y_axis_rc_code;CRED86;Net flow of allowances for NPLs to households by collateral (t) ∕ NPLs to households by collateral (t-1) - Loans collateralised by residential immovable property;;;%
KRI;y_axis_rc_code;PROF55_STE;Cost of Equity - Bank self-reported;;;%
KRI;y_axis_rc_code;CRCE0618;Exposure value exposure class-by-exposure class (IRB): Securitization;;;Millions
KRI;y_axis_rc_code;LIQV0167;1Y Forecast for Short-term Debt Securities;;;Thousands
KRI;y_axis_rc_code;LIQV0176;3Y Forecast for Reverse Repurchase Agreements;;;Thousands
KRI;y_axis_rc_code;RDPF1700;Interest income by instrument: Loans and advances;;;Millions
KRI;y_axis_rc_code;CAP98;OCR and Pillar 2 Guidance (P2G);;;%
KRI;y_axis_rc_code;IRRBB221;Contribution of sovereign debt securities to NII+MVC sensitivity  (widening CS) (%);;;%
KRI;y_axis_rc_code;MR_RMR_FXR_7;Items denominated in a foreign currency (long positions - SA banks) to Total Assets;;;%
KRI;y_axis_rc_code;CRED319;Texas Ratio;;;%
KRI;y_axis_rc_code;LIQ213;4 Quarter Standard Deviation of relative changes of Inflows;;;Thousands
KRI;y_axis_rc_code;STCE0406;Total capital requirements before cap: off balance sheet items and derivatives as investor – traditional sec - IRB;;;Thousands
KRI;y_axis_rc_code;MARK3;Breakdown of financial assets held for trading - Equity instruments held for trading;;;%
KRI;y_axis_rc_code;PROF137_FWL;Core Revenue to Assets Ratio at t (aggregated by reported period for the sample of entities in BMA_FWL_ENTITIES);;;%
KRI;y_axis_rc_code;ORCE1657;Negative loss adjustment amounts for business disruption and system failures;;;Millions
KRI;y_axis_rc_code;LIQ61;Retail deposits ratio;;;%
KRI;y_axis_rc_code;MARK26;Breakdown of OTC derivatives (assets) - Other financial corporations;;;%
KRI;y_axis_rc_code;IRRBB241;Change of market value due to 1 bp shift of the CS (Tightening CS);;;%
KRI;y_axis_rc_code;LIQST013;Cliff Effect indicator Baseline case.;;;%
KRI;y_axis_rc_code;MR_PRR_BWL_1;3-year weighted volatility of quarterly fair value adjustments to Total CET1;;;%
KRI;y_axis_rc_code;LIQ45;Asset encumbrance ratio;;;%
KRI;y_axis_rc_code;IRRBB122;Standard Deviation of forecasted net interest income under baseline scenario over past 4 quarters;;;Unit
KRI;y_axis_rc_code;CRED374;CORE NPL RATIO FOR NFC AND HH ADJUSTED WITH FORECLOSURES;;;%
KRI;y_axis_rc_code;MR_RMR_EQR_PIT;Financial assets & liabilities measured at fair value through P&L sensitive to EQ (Fair value) to Total Assets [Max(T, average 4 quarters)];;;%
KRI;y_axis_rc_code;LIQV0081;10Y covered bonds spread (in basis points);;;Unit
KRI;y_axis_rc_code;LANP1500;Total Loans and advances. Collateral received on non-performing exposures;;;Millions
KRI;y_axis_rc_code;CRED470;Non Financial Coorporations: Share of Forbearance measures to already NPL (late flagging∕late measure);;;%
KRI;y_axis_rc_code;CRED364;Migration Rate: from stage 2 to 1;;;%
KRI;y_axis_rc_code;IDCARD547;Volume effect;;;%
KRI;y_axis_rc_code;LIQV0162;1Y Forecast for Derivatives Assets;;;Thousands
KRI;y_axis_rc_code;MRFA3000;Financial assets held for trading: Equity instruments - Other financial corporations;;;Thousands
KRI;y_axis_rc_code;MR_NRMR_EQR_BWL_1;3-year weighted volatility of quarterly P&L and OCI changes (Equity instruments at FVOCI) to Total CET1;;;%
KRI;y_axis_rc_code;OPER120;Total net loss including adjustments and loss recoveries;;;Thousands
KRI;y_axis_rc_code;CRED368;Migration Rate: from stage 1 to 3;;;%
KRI;y_axis_rc_code;MR_PRR_CVA_BWL_WSTD_NUM;Support formula to calculate other KRIs.;;;Millions
KRI;y_axis_rc_code;ORCE1656;Negative loss adjustment amounts for damage to physical assets;;;Millions
KRI;y_axis_rc_code;CACE1201;Credit risk capital requirements: SA exposure classes excluding securitisation positions: Regional Governments and Local Authorities;;;Thousands
KRI;y_axis_rc_code;CRFA0704;Loans and advances past due for more than 90 days but not impaired. Credit institutions;;;Millions
KRI;y_axis_rc_code;ORCE1643;Total loss adjustments relating to previous reporting periods;;;Millions
KRI;y_axis_rc_code;LIQST011;Funding deficit∕surplus (as % of total assets) Extreme case 3 Month.;;;%
KRI;y_axis_rc_code;CAP124;CET1 headroom above OCR (phased-in) as % of RWA;;;%
KRI;y_axis_rc_code;IRRBB_SV_NII_up;Supervisory View NII - Interest Rates increase;;;%
KRI;y_axis_rc_code;CRCM0200;Amount of provisions for IRB;;;Millions
KRI;y_axis_rc_code;CRED245;Quality of the portfolio. Non-performing loans ∕ Total loans (alternative approach SPE2);;;%
KRI;y_axis_rc_code;PRFI4301_QUARTERLY_ONEOFF;Quarterly NII and NFCI, excluding one-offs;;;Millions
KRI;y_axis_rc_code;MARK13;Breakdown of financial liabilities held for trading - Derivatives held for trading;;;%
KRI;y_axis_rc_code;CAP120;T+2 CET1 Ratio Forecast;;;%
KRI;y_axis_rc_code;CRNA111D;Gross carrying amount of loans and advances to non-financial corporations - Electricity, gas, steam and air conditioning supply;;;Millions
KRI;y_axis_rc_code;MR_NRMR_BWL_SUM_1;Support formula to calculate other KRIs.;;;Millions
KRI;y_axis_rc_code;OPER106;Total net loss amount for internal fraud excluding loss adjustments relating to previous reporting periods;;;Unit
KRI;y_axis_rc_code;STCE0104;Total exposure value: off balance sheet items and derivatives as investor – traditional sec - SA;;;Thousands
KRI;y_axis_rc_code;LIQV0048;O∕N covered bonds spread (in basis points);;;Unit
KRI;y_axis_rc_code;MR_RMR_COM_FWL_1;Potential impacts coming from Items at FVPL sensitive to COM to Total CET1;;;%
KRI;y_axis_rc_code;LANP0320;Total loans and advances. Non-Performing. Gross carrying amount (past due > 90 days <= 180 days);;;Millions
KRI;y_axis_rc_code;MR_PRR_VR_BWL_WEIGHTS;Support formula to calculate other KRIs.;;;Millions
KRI;y_axis_rc_code;IRRBB_SV_EVE_dw;Supervisory View EVE - Interest Rates decrease;;;%
KRI;y_axis_rc_code;LIQ242;Share of Exchange-traded derivatives in Asset Encumbrance sources;;;%
KRI;y_axis_rc_code;CRED116;Evolution of total original exposure by class ∕ Total original exposure by class. Corporate;;;%
KRI;y_axis_rc_code;CRED102;Composition of securitised exposures - Other;;;%
KRI;y_axis_rc_code;LIQV0113;Liabilities providing stable funding in EUR;;;Thousands
KRI;y_axis_rc_code;CLUSTSSMCount;Number of SSM countries in which the institution has significant exposure (above EUR 1Bn) to non-financial corporations and households according to the residence of the counterparty;;;Unit
KRI;y_axis_rc_code;MR_PnL_BBFX;P&L from FX differences on BB items;;;Millions
KRI;y_axis_rc_code;MR_RMR_MDL_2;Maximum of Stressed VaR and VaR;;;Unit
KRI;y_axis_rc_code;CRED127;Breakdown of total loans by NACE economic sector - Central governments;;;%
KRI;y_axis_rc_code;PROF8;Trading financial assets to total financial assets;;;%
KRI;y_axis_rc_code;MR_PRR_FADJ_DENSITY_OTHER;Total FVadj on Other securities on total Other securities exposure;;;%
KRI;y_axis_rc_code;CRED331;Foreclosure ratio over total assets;;;%
KRI;y_axis_rc_code;LIQ211;4 Quarter Standard Deviation of relative changes of HQLA;;;Thousands
KRI;y_axis_rc_code;MR_RMR_FRTB_37;Difference of long and short JTD in relation to DRC OFR for securitisations included in the ACTP;;;%
KRI;y_axis_rc_code;BSFA2200;Available-for-sale financial assets: Debt securities: Counterparty sectors other than credit institutions;;;Thousands
KRI;y_axis_rc_code;CRED318;NPL ratio adjusted by foreclosure&performing forbearance, excl credit institutions;;;%
KRI;y_axis_rc_code;CAP116;T2 requirement;;;%
KRI;y_axis_rc_code;LIQ300;1Y Forecasted Growth for Public Funding;;;%
KRI;y_axis_rc_code;FWL9;4 Barrier COR;;;Unit
KRI;y_axis_rc_code;LIQ269;1Y Forecasted Growth of Reverse Repurchase Agreements;;;%
KRI;y_axis_rc_code;CRED447;Credit institutions and other financial institutions: YoY growth of absolute volume Debt securities to CI&OFI;;;%
KRI;y_axis_rc_code;MRFL3700;Financial liabilities held for trading: Short positions-Debt securities;;;Thousands
KRI;y_axis_rc_code;OPER19;Ratio loss amount for corporate finance to total loss amount;;;%
KRI;y_axis_rc_code;CRED69;Forborne loans by type of counterparty ∕ Total loans - Non-financial corporations;;;%
KRI;y_axis_rc_code;IDCARD548_ANN_LSTYR;Interest bearing assets last year;;;Millions
KRI;y_axis_rc_code;PROF135_FWL;Total profit or loss after tax ∕ Total assets at t (aggregated by reported period for the sample of entities in BMA_FWL_ENTITIES);;;%
KRI;y_axis_rc_code;MR_BWL_1;3-year weighted volatility of quarterly P&L and OCI changes (Overall) to Total CET1;;;%
KRI;y_axis_rc_code;IRRBB210;Early redemption rate (parallel up) - Early redemption rate (baseline behavioural scenario);;;%
KRI;y_axis_rc_code;MAIN_REQ_FINAL_TEM;The TEM requirment is legally binding. Deadline to meet the final target was 01∕01∕2024. In exceptional cases banks received a deadline extension according to Article 12 k (1) SRMR.;;;%
KRI;y_axis_rc_code;LIQV0004;Funding from TOP 10 counterparties;;;Thousands
KRI;y_axis_rc_code;CAP132;CET1 headroom above OCR (fully-loaded) as % of RWA;;;%
KRI;y_axis_rc_code;CRNAF003;Loans and advances. Forborne exposures. General governments;;;Thousands
KRI;y_axis_rc_code;LIQ214;LCP without inflows (months);;;Months
KRI;y_axis_rc_code;CRCE0505;Exposure value exposure class-by-exposure class (SA): International Organisations;;;Millions
KRI;y_axis_rc_code;MR_PRR_BWL_WSTD_NUM;Support formula to calculate other KRIs.;;;Millions
KRI;y_axis_rc_code;STCE0106;Total exposure value: off balance sheet items and derivatives as sponsor – traditional sec - SA;;;Thousands
KRI;y_axis_rc_code;PRFI5300;Loans subject to impairment granted to all the counterparty types;;;Unit
KRI;y_axis_rc_code;LIQ109;Other financial liabilities ratio;;;%
KRI;y_axis_rc_code;IRNM0500;Change of the economic value of the banking book under a parallel interest rate shift rise of 200 bp - following EBA∕GL∕2015∕08;;;Unit
KRI;y_axis_rc_code;ORCE1658;Negative loss adjustment amounts for execution, delivery and process management;;;Millions
KRI;y_axis_rc_code;OPER119;Total net loss amount for external fraud including loss adjustments relating to previous reporting periods;;;Unit
KRI;y_axis_rc_code;MARK125;Share of total general government exposures divided by total assets;;;%
KRI;y_axis_rc_code;ORCE1608;Total loss amount for asset management;;;Millions
KRI;y_axis_rc_code;LIQV0083;O∕N wholesale funding;;;Thousands
KRI;y_axis_rc_code;CRNAF002;Loans and advances. Forborne exposures. Central banks;;;Thousands
KRI;y_axis_rc_code;IRRBB215;Net Interest Income under baseline scenario by Tier 1 Capital;;;%
KRI;y_axis_rc_code;MRCE0401;Total capital requirements for banks using internal models - Multiplication factor x average of previous 60 working days VaR;;;Thousands
KRI;y_axis_rc_code;PROF80;NFC loans coming from Wholesale and retail trade (NACE code)∕ Total NFC loans;;;%
KRI;y_axis_rc_code;CACE1406;Credit risk capital requirements under IRB approaches when neither own estimates of LGD nor conversion factors are used: IRB exposure classes excluding securitisation positions: Institutions;;;Thousands
KRI;y_axis_rc_code;PROF149;Projected Core Revenue to Assets Ratio at t as reported in year t-1;;;%
KRI;y_axis_rc_code;MRCE2300;Memorandum items: VaR Multiplication Factor (mc);;;%
KRI;y_axis_rc_code;CRMAT_G621;YoY growth of absolute volume Held for sale portfolio;;;%
KRI;y_axis_rc_code;CRED4_1;Loans by type of collateral on Total Loans - Other collateralised loans;;;%
KRI;y_axis_rc_code;MR_PRR_FADJ_DENSITY_L3_EQ;Total FVadj on L3 Equities on total L3 Equities exposure;;;%
KRI;y_axis_rc_code;CLIM39;Share of NFC exposure to carbon-intensive sectors (EU);;;%
KRI;y_axis_rc_code;IRRBB143;Weighted average repricing maturity of NMDs [Retail Non-Transactional];;;Unit
KRI;y_axis_rc_code;MR_OCI_BBFVPL;OCI changes from financial liabilities at FVPL attributable to credit risk;;;Millions
KRI;y_axis_rc_code;LIQST002;Survival Period Adverse case (days).;;;Days
KRI;y_axis_rc_code;LIQV0069;6M ABS spread (in basis points);;;Unit
KRI;y_axis_rc_code;IRRBB_SV_EVE_4;Change in the Supervisory EVE under IR short rates shock down divided by Tier 1 capital;;;%
