kri_data_point_id,kri_name,formula;;
"MRFA4700_1,Financial assets at fair value through other comprehensive income: Fair value level 2,""COALESCE({T(F_14.00)R(0101)C(0020)},{SPE.DPI(MRFA4700)})""";;
"CRMAT_A231,Absolute volume of CRE portfolio,""COALESCE(SUM({T(F_18.00.a)R(0140,0903,0923)C(0010)}), SUM({T(F_18.00.a.dp)R(0140)C(0010)}))""";;
"BSFL0800,Provisions,""COALESCE({T(F_01.02)R(0170)C(0010)},{T(F_01.02.dp)R(0170)C(0010)},{SPE.DPI(BSFL0800)})""";;
"LIQV0018,1Y senior unsecured securities spread (in basis points),""COALESCE({T(C_69.00.a)R(0035)C(0110)S(0010)}, {SPE.DPI(C69R050C110)})""";;
MRCE2907,Multiplication factor (ms) x average of previous 60 working days (VaRavg): Total amount for general risk,{T(C_24.00)R(0100)C(0030)};;
"CRED139,Allowances / Total loans,""COALESCE(DIVIDE(-SUM({T(F_18.00.b)R(0070,0191,0221)C(0130)}),SUM({T(F_18.00.a)R(0070,0191,0221)C(0010)})),DIVIDE(-SUM({T(F_18.00.b.dp)R(0070,0191,0221)C(0130)}),SUM({T(F_18.00.a.dp)R(0070,0191,0221)C(0010)})))""";;
"CRFA0400,Loans and advances past due >90 days but not impaired,""COALESCE(SUM({T(F_18.00.a)R(0005,0070,0191,0221)C(0055,0070,0080,0090,0101,0102,0106,0107)}),SUM({T(F_18.00.a_dp)R(0070,0191,0221)C(0070)}))""";;
"LIQ55,Liquidity buffer quality ratio,""DIVIDE({LIQV0106}, {LIQV0001})""";;
"LIQV0039,Other items providing CBC,""COALESCE({T(C_71.00.a)R(0120)C(0080)S(0010)}, {SPE.DPI(C71R120C080)})""";;
"CRFA0709,Impaired loans and advances. Households,""COALESCE(sum({T(F_07.01)R(0170)C(0070,0080,0090)}),{SPE.DPI(CRFA0709)})""";;
"BSFA4200,""Total Assets, excluding non-Financial"",""COALESCE(SUM({T(F_01.01)R(0380)C(0010)},-SUM({T(F_01.01)R(0270,0300,0330,0360)C(0010)})),SUM({T(F_01.01.dp)R(0380)C(0010)},-SUM({T(F_01.01.dp)R(0270,0300,0330,0360)C(0010)})))""";;
"LEV001,""Total leverage ratio exposure (TLRE) measure, fully phased-in T1 capital"",{T(C_47.00)R(0290)C(0010)}";;
"BSFL2000,Financial liabilities measured at amortised cost: Subordinated liabilities,""COALESCE(SUM({T(F_08.02)R(0030)C(0020,0030)}),SUM({T(F_08.02.dp)R(0030)C(0020,0030)}))""";;
"CRED172,Credit risk capital requirements: IRB exposure classes excluding securitisation positions: Institutions,""DIVIDE({CACE1306}*12.5, SUM({CACE0100}, {CACE0200})*12.5)""";;
"LIQ261,Backtesting Planned vs Actual Long-term Debt Securities,""IFN({LIQV0149}=0 AND {LIQV0142}=0,0,IFN({LIQV0142}=0,1,DIVIDE({LIQV0149}-{LIQV0142},{LIQV0142})))""";;
LIQV0003,Encumbered assets,{T(F_32.01)R(0010)C(0010)}+{T(F_32.02.a)R(0130)C(0010)};;
"MRFA1100,Financial assets held for trading: Loans and advances,""COALESCE(SUM({T(F_01.01)R(0090,0095)C(0010)}),SUM({T(F_01.01.dp)R(0090,0095)C(0010)}),{SPE.DPI(MRFA1100)})""";;
"MARK133_C,Share of total general government exposures maturing beyond 5 years divided by total general government exposures,""DIVIDE(SUM({T(C_33.00.a)R(0220,0230)C(0030-0070)S(x1)}),{MARK139})""";;
"LIQV0053,1W covered bonds spread (in basis points),""COALESCE({T(C_69.00.a)R(0065)C(0030)S(0010)}, {SPE.DPI(C69R060C030)})""";;
"CRMAT_A131,Absolute volume of Households Other than Secured by RRE and Credit for consumption portfolio,""SUM(COALESCE(SUM({T(F_18.00.a)R(0150,0197,0227)C(0010)}),SUM({T(F_18.00.a.dp)R(0150,0197,0227)C(0010)})),-SUM(COALESCE(SUM({T(F_18.00.a)R(0160,0910,0930,0170,0913,0933)C(0010)}),SUM({T(F_18.00.a.dp)R(0160,0170)C(0010)}))))""";;
"CAP2,Tier 1 ratio (Tier 1 / Risk Weighted Assets),""DIVIDE({CACO0200}, {CACE0900})""";;
"CRED242,Evolution: Breakdown of total loans by NACE economic sector - Households: lending for house purchase,""DIVIDE({CRNA1122}-{CRNA1122[T-1Y]}, {CRNA1122[T-1Y]})""";;
"MR_NRMR_FWL_1,Potential impacts coming from non regulatory market risks to Total CET1,""COALESCE(IFN(IFN(__attribute('ECBM_ENT', 'ACCOUNTFRAME')='IFRS',1,IFN(__attribute('ECBM_ENT', 'ACCOUNTFRAME')='nGAAP' AND __attribute('ECBM_ENT', 'ACCOUNTFRAMESOLO')='IFRS',0,IFN(__attribute('ECBM_ENT', 'ACCOUNTFRAMESOLO')='IFRS',1,0)))=1  OR __attribute('ECBM_ENT','SENDER') = 'ES2', {MR_NRMR_EQR_FWL_1}, -DIVIDE(SUM({T(F_01.01)R(0172,0235)C(0010)})*0.4,{T(C_01.00)R(0020)C(0010)})), IFN(__attribute('ECBM_ENT', 'ACCOUNTFRAME', 'IFRS')=1 OR __attribute('ECBM_ENT','SENDER') = 'ES2', {MR_NRMR_EQR_FWL_1}, -DIVIDE(SUM({T(F_01.01.dp)R(0172,0235)C(0010)})*0.4,{T(C_01.00)R(0020)C(0010)})))""";;
"IDCARD530,Profit and loss before tax,""COALESCE(SUM({T(F_02.00)R(0610,0633,0650)C(0010)}),SUM({T(F_02.00.dp)R(0610,0633,0650)C(0010)}))""";;
"OPER86,""Ratio total loss amount for clients, products and business practices to total operational risk capital requirements"",""DIVIDE({ORCE1613}, {CACE0500})""";;
"CRED112,Evolution of total loans by NACE economic sector / Total loans by type of NACE economic sector Non-financial Corporations,""DIVIDE(SUM({CRNA111A}, {CRNA111B}, {CRNA111C}, {CRNA111D}, {CRNA111E}, {CRNA111F}, {CRNA111G}, {CRNA111H}, {CRNA111I}, {CRNA111J}, {CRNA111L}, {CRNA111M}, {CRNA111N}, {CRNA111O}, {CRNA111P}, {CRNA111Q}, {CRNA111R}, {CRNA111S}) - SUM({CRNA111A[T-1Y]}, {CRNA111B[T-1Y]}, {CRNA111C[T-1Y]}, {CRNA111D[T-1Y]}, {CRNA111E[T-1Y]}, {CRNA111F[T-1Y]}, {CRNA111G[T-1Y]}, {CRNA111H[T-1Y]}, {CRNA111I[T-1Y]}, {CRNA111J[T-1Y]}, {CRNA111L[T-1Y]}, {CRNA111M[T-1Y]}, {CRNA111N[T-1Y]}, {CRNA111O[T-1Y]}, {CRNA111P[T-1Y]}, {CRNA111Q[T-1Y]}, {CRNA111R[T-1Y]}, {CRNA111S[T-1Y]}), SUM({CRNA111A[T-1Y]}, {CRNA111B[T-1Y]}, {CRNA111C[T-1Y]}, {CRNA111D[T-1Y]}, {CRNA111E[T-1Y]}, {CRNA111F[T-1Y]}, {CRNA111G[T-1Y]}, {CRNA111H[T-1Y]}, {CRNA111I[T-1Y]}, {CRNA111J[T-1Y]}, {CRNA111L[T-1Y]}, {CRNA111M[T-1Y]}, {CRNA111N[T-1Y]}, {CRNA111O[T-1Y]}, {CRNA111P[T-1Y]}, {CRNA111Q[T-1Y]}, {CRNA111R[T-1Y]}, {CRNA111S[T-1Y]}))""";;
"LIQV0029,10Y secured funding spread (in basis points),""COALESCE({T(C_69.00.a)R(0045)C(0170)S(0010)}, {SPE.DPI(C69R040C170)})""";;
"PRFI0300_ANNUAL,Auxiliary KRI for IRRBB168,""SUM({PRFI0300}, ifn({MF_FYE}=0, 0, ifn({MF_FYE}=3, {PRFI0300[T-1Q]}-{PRFI0300[T-1Y]}, ifn({MF_FYE}=6, {PRFI0300[T-2Q]}-{PRFI0300[T-1Y]}, ifn({MF_FYE}=9, {PRFI0300[T-3Q]}-{PRFI0300[T-1Y]}, 1/0)))))""";;
"MARK61,Market risk capital requirements / Own Funds,""DIVIDE({CACE0400}, {CACO0100})""";;
"MR_RMR_FRTB_27,General interest rate risk (GIRR) net sensitivity in relation to OFR,""DIVIDE({T(C_91.00)R(0020)C(0030)},{T(C_91.00)R(0020)C(0190)})""";;
IRRBB175,Change in the forecasted net interest income  after a parallel interest rate decrease of 200bps divided by Tier 1 Capital,For the formula specification please see the latest version of SUBA derived variables and indicators: https://darwin.escb.eu/livelink/livelink/app/nodes/1878940265;;
"CRED392_B_LSI,Identification of LSI Performing View Methodology,""IFN(__attribute('ECBM_ENT', 'SENDER')='ES2',1,IFN(__attribute('ECBM_ENT', 'ACCOUNTFRAME', 'IFRS')=1  OR __attribute('ECBM_ENT', 'ACCOUNTFRAMESOLO', 'IFRS')=1 ,1,IFN((__attribute('ECBM_ENT', 'ACCOUNTFRAME', 'nGAAP')=1 OR __attribute('ECBM_ENT', 'ACCOUNTFRAMESOLO', 'nGAAP')=1) AND (__attribute('ECBM_ENT', 'FINREP_TYPE_SOLO', 'DATAPOINTS')=0 OR __attribute('ECBM_ENT', 'FINREP_TYPE_CONS', 'DATAPOINTS')=0)	,2,3)))""";;
"PROF6,ROE (after tax),""DIVIDE(SUM({PRFI1100}, {PRFI2000}), {BSFE0100})""";;
"IRRBB255,Pass-through rate of NMD over 1 year horizon for NMD retail NON-transactional (parallel down),""SUM({T(J_08.00.b)R(0130)C(0060)S(*)}*DIVIDE({T(J_08.00.a)R(0040)C(0010)S(*)},SUM({T(J_08.00.a)R(0040)C(0010)S(*)})))""";;
"PROF3,ROA (Total profit or loss after tax / Total assets),""DIVIDE(SUM({PRFI1100}, {PRFI2000}), {BSFA0200})""";;
"LIQV0177,3Y Forecast for Client Loans,""COALESCE(SUM({T(P_01.01)R(030)C(050)},{T(P_01.01)R(100)C(050)},SUM({T(P_01.01)R(180,190)C(050)})),0)""";;
"MR_NRMR_SIZE_1,Assets & liabilities measured at measured at fair value through OCI to Total Assets,""COALESCE(IFN(IFN(__attribute('ECBM_ENT', 'ACCOUNTFRAME')='IFRS',1,IFN(__attribute('ECBM_ENT', 'ACCOUNTFRAME')='nGAAP' AND __attribute('ECBM_ENT', 'ACCOUNTFRAMESOLO')='IFRS',0,IFN(__attribute('ECBM_ENT', 'ACCOUNTFRAMESOLO')='IFRS',1,0)))=1  OR  __attribute('ECBM_ENT','SENDER') = 'ES2', DIVIDE(SUM({T(F_01.01)R(0142)C(0010)},ABS({T(F_01.03)R(0130)C(0010)}),ABS({T(F_01.03)R(0140)C(0010)})),2*{BSFA0200}), DIVIDE(SUM({T(F_01.01)R(0235,0172)C(0010)}),2*{BSFA0200})), IFN(__attribute('ECBM_ENT', 'ACCOUNTFRAME', 'IFRS')=1 OR __attribute('ECBM_ENT', 'ACCOUNTFRAMESOLO', 'IFRS')=1  OR  __attribute('ECBM_ENT','SENDER') = 'ES2', DIVIDE({T(F_01.01_dp)R(0142)C(0010)},2*{BSFA0200}), DIVIDE(SUM({T(F_01.01_dp)R(0235,0172)C(0010)}),2*{BSFA0200})))""";;
"IRRBB232,Loans @FV + FV of Loans @AC over the contribution of Loans to EVE,""DIVIDE(SUM({SPE.DPI(IRRBBT1_r0040_c0050)},{SPE.DPI(IRRBBT3_r0030_c0020)}),SUM({T(J_02.00)R(0050)C(0030)S(*)}))""";;
PROF55_MIN,Cost of Equity - SSM estimation (min),origin;;
"IRRBB187,Weighted average yield of NMD of NMD wholesale non financial,""COALESCE((SUM({T(J_05.00.b)R(0350)C(0050)S(*)}*DIVIDE({T(J_05.00.b)R(0350)C(0010)S(*)},SUM({T(J_05.00.b)R(0350)C(0010,0260)S(*)})),{T(J_05.00.b)R(0350)C(0300)S(*)}*DIVIDE({T(J_05.00.b)R(0350)C(0260)S(*)},SUM({T(J_05.00.b)R(0350)C(0010,0260)S(*)})))),(SUM({T(J_06.00.b)R(0350)C(0050)S(*)}*DIVIDE({T(J_06.00.b)R(0350)C(0010)S(*)},SUM({T(J_06.00.b)R(0350)C(0010,0260)S(*)})),{T(J_06.00.b)R(0350)C(0300)S(*)}*DIVIDE({T(J_06.00.b)R(0350)C(0260)S(*)},SUM({T(J_06.00.b)R(0350)C(0010,0260)S(*)})))),(SUM({T(J_07.00.b)R(0350)C(0050)S(*)}*DIVIDE({T(J_07.00.b)R(0350)C(0010)S(*)},SUM({T(J_07.00.b)R(0350)C(0010,0260)S(*)})),{T(J_07.00.b)R(0350)C(0300)S(*)}*DIVIDE({T(J_07.00.b)R(0350)C(0260)S(*)},SUM({T(J_07.00.b)R(0350)C(0010,0260)S(*)})))))""";;
"IDCARD66,CET1 ratio (fully loaded),""DIVIDE({IDCARD74}, {IDCARD306})""";;
"CRED8,""Identification of the institution's risk appetite (corporate, retail, etc.). Breakdown of original exposure value by class - Corporate"",""DIVIDE({T(C_07.00.a)R(0010)C(0010)S(qx2037)}+{T(C_07.00.a)R(0010)C(0010)S(qx2037)}+SUM({T(C_08.01.a)R(0010)C(0020)S(qx2015)}, {T(C_08.01.a)R(0010)C(0020)S(qx2014)}, {T(C_08.01.a)R(0010)C(0020)S(qx2013)}, {T(C_08.01.a)R(0010)C(0020)S(qx2012)}, {T(C_08.01.a)R(0010)C(0020)S(qx2075)}, {T(C_08.01.a)R(0010)C(0020)S(qx2076)}, {T(C_08.01.a)R(0010)C(0020)S(qx2077)}, {T(C_08.01.a)R(0010)C(0020)S(qx2078)}, {T(C_08.01.a)R(0010)C(0020)S(qx2079)}, {T(C_08.01.a)R(0010)C(0020)S(qx2080)}),SUM({T(F_18.00.a)R(0330)C(0010)},{T(F_09.01.1)R(0010)C(0010)},{T(F_09.01.1)R(0010)C(0020)},{T(F_09.01.1)R(0010)C(0030)},{T(F_09.01.1)R(0010)C(0100)},{T(F_09.01.1)R(0010)C(0120)},{T(F_09.01.1)R(0090)C(0010)},{T(F_09.01.1)R(0090)C(0020)},{T(F_09.01.1)R(0090)C(0030)},{T(F_09.01.1)R(0090)C(0100)},{T(F_09.01.1)R(0090)C(0120)},{T(F_09.01.1)R(0170)C(0010)},{T(F_09.01.1)R(0170)C(0020)},{T(F_09.01.1)R(0170)C(0030)},{T(F_09.01.1)R(0170)C(0100)},{T(F_09.01.1)R(0170)C(0120)}))""";;
"MARK100_ANNUAL_C,Annual net gains on financial assets and liabilities held for trading / Market risk capital requirements,""DIVIDE({PRFI0400} + ifn({MF_FYE}=0, 0, ifn({MF_FYE}=3, {PRFI0400[T-1Q]}-{PRFI0400[T-1Y]}, ifn({MF_FYE}=6, {PRFI0400[T-2Q]}-{PRFI0400[T-1Y]}, ifn({MF_FYE}=9, {PRFI0400[T-3Q]}-{PRFI0400[T-1Y]}, 1/0)))),MEAN({CACE0400},{CACE0400[T-1Q]},{CACE0400[T-2Q]},{CACE0400[T-3Q]}))""";;
"CRED451,Households: Coverage S2,""DIVIDE(-SUM({T(F_18.00.b)R(0150,0197)C(0142)}, {T(F_18.00.b)R(0150,0197)C(0950)}), SUM({T(F_18.00.a)R(0150,0197)C(0057)}, {T(F_18.00.a)R(0150,0197)C(0109)}))""";;
"MR_PNLOCI_BBFVOCI,P&L and OCI changes from BB items at FVOCI,""SUM({T(F_02.00)R(0191)C(0010)},{T(F_03.00)R(0081,0083)C(0010)},-{T(F_02.00)R(0191)C(0010)[T-1Q]},SUM({T(F_03.00)R(0081,0083)C(0010)[T-1Q]}))""";;
"IRRBB13,Change in the forecasted net interest income of the banking book under parallel interest rate decrease of 200 bps divided by Total equity,""DIVIDE({T(J_01.00)R(0140)C(0010)S(x1)}, {BSFE0100})""";;
"CAP69,Operational risk capital requirements / own funds,""DIVIDE({CACE0500}, {CACO0100})""";;
CACE0100,Pillar I Credit risk capital requirements under standardised approach,{T(C_02.00.a)R(0050)C(0010)}*0.08;;
CAP65,Systemic risk buffer,{T(C_04.00)R(0780)C(0010)};;
"IDCARD76,Loans,""COALESCE(SUM({T(F_01.01)R(0090,0095,0099,0130,0144,0174,0178,0183,0233,0237)C(0010)}),SUM({T(F_01.01_dp)R(0090,0095,0099,0130,0144,0174,0178,0183,0233,0237)C(0010)}))""";;
IDCARD45,ow: subordinated liabilities,For the formula specification please see the latest version of SUBA derived variables and indicators: https://darwin.escb.eu/livelink/livelink/app/nodes/1878940265;;
"IRRBB235,Provisions for pensions and other post employment defined benefit obligations/Tier 1,""DIVIDE({T(F_01.02)R(0180)C(0010)},{CACO0200})""";;
"PROF174,Forecast error Average COR,""IFN(ISNULL(MEAN({PROF168},{PROF169})),{PROF168},IFN(ISNULL(MEAN({PROF168},{PROF169},{PROF170})),MEAN({PROF168},{PROF169}),MEAN({PROF168},{PROF169},{PROF170})))""";;
LEV007,Excluded banking-type ancillary services of designated institutions in accordance with point (p) of Article 429a(1) CRR,{T(C_47.00)R(0257)C(0010)};;
MR_RMR_IRR_BWL_WSTD_NUM,Support formula to calculate other KRIs.,For the formula specification please see the latest version of SUBA derived variables and indicators: https://darwin.escb.eu/livelink/livelink/app/nodes/1821262705;;
"CRMAT_V301,Share of Loans and Advances to Credit institutions and Other financial institutions over Total Loans and Advances,""COALESCE(DIVIDE(SUM({T(F_18.00.a)R(0100,0194,0224,0110,0195,0225)C(0010)}),SUM({T(F_18.00.a)R(0070,0191,0221)C(0010)})),DIVIDE(SUM({T(F_18.00.a_dp)R(0100,0194,0224,0110,0195,0225)C(0010)}),SUM({T(F_18.00.a_dp)R(0070,0191,0221)C(0010)})))""";;
"PRFI1300,Administration costs,""COALESCE(SUM({T(F_02.00)R(0360,0385)C(0010)}),SUM({T(F_02.00_dp)R(0360)C(0010)}),{SPE.DPI(PRFI1300)})""";;
"CRNA2009,Collateral and other credit enhancement received for impaired and past due loans. Central banks,""SUM({T(F_18.00.d)R(0080,0192,0222)C(0200)},{T(F_18.00.c)R(0080,0192,0222)C(0210)})""";;
"LEV5032,Volatility in the single value of exposures excluded from P1R-LR,""DIVIDE(MIN({LEV003},{LEV004},{LEV005},{LEV006},{LEV007},{LEV008},{LEV009}),MIN({LEV003[T-1Y]},{LEV004[T-1Y]},{LEV005[T-1Y]},{LEV006[T-1Y]},{LEV007[T-1Y]},{LEV008[T-1Y]},{LEV009[T-1Y]}))""";;
"LEV5031,Volatility in the total of exposures excluded from P1R-LR,""DIVIDE(SUM({T(C_47.00)R(0252,0256,0257,0260,0261,0262,0263,0264,0265,0266,0267,0268,0900,0910)C(0010)}),SUM({T(C_47.00)R(0252,0256,0257,0260,0261,0262,0263,0264,0265,0266,0267,0268,0900,0910)C(0010)[T-1Y]})) -1""";;
MR_RMR_FRTB_7_THR,Threshold for triggering Market Risk flag in the P2R methodology,For the formula specification please see the latest version of SUBA derived variables and indicators: https://darwin.escb.eu/livelink/livelink/app/nodes/1821262705;;
"BSFA0300,ow: trading derivatives,""COALESCE({T(F_01.01)R(0060)C(0010)}+{T(F_01.01)R(0092)C(0010)},{T(F_01.01_dp)R(0060)C(0010)}+{T(F_01.01_dp)R(0092)C(0010)},{SPE.DPI(BSFA0300)})""";;
"CRED469,Non Financial Coorporations: Share of Debt Securities to NFC in Performing-S2,""DIVIDE(SUM({T(F_18.00.a)R(0060,0186)C(0057)}), SUM({T(F_18.00.a)R(0060,0186,0216)C(0010)}))""";;
"MRFA4600,Financial assets designated at fair value through profit or loss: Fair value level 2,""COALESCE({T(F_14.00)R(0060)C(0020)},{SPE.DPI(MRFA4600)})""";;
"PROF7,Operating margin,""DIVIDE(SUM({PRFI0100}, {PRFI0300}), SUM({PRFI0100}, {PRFI0200}, {PRFI0300}, {PRFI0400}, {PRFI0500}, {PRFI0600}, {PRFI0700}))""";;
ORCE1659,Total negative loss adjustment amounts,{T(C_17.01.a)R(0946)C(0080)};;
"LIQ311,3Y Forecasted Growth of Non-Financial Corporates Deposits,""IFN({LIQV0208}=0 AND {LIQV0201}=0,0,IFN({LIQV0201}=0,1,DIVIDE({LIQV0208}-{LIQV0201},{LIQV0201})))""";;
"PRFI0900_annual,Annual overhead costs (quarter to quarter),""SUM({PRFI0900}, ifn({MF_FYE}=0, 0, ifn({MF_FYE}=3, {PRFI0900[T-1Q]}-{PRFI0900[T-1Y]}, ifn({MF_FYE}=6, {PRFI0900[T-2Q]}-{PRFI0900[T-1Y]}, ifn({MF_FYE}=9, {PRFI0900[T-3Q]}-{PRFI0900[T-1Y]}, 1/0)))))""";;
"CRED216,Breakdown of loans to NFC by NACE economic sector: Human health services and social work activities,""DIVIDE({T(F_06.01)R(0160)C(0010)},COALESCE(SUM({T(F_18.00.a)R(0070,0191,0221)C(0010)}),SUM({T(F_18.00.a.dp)R(0070,0191,0221)C(0010)})))""";;
"IDCARD530,Profit and loss before tax,""COALESCE(SUM({T(F_02.00)R(0610,0633,0650)C(0010)}),SUM({T(F_02.00_dp)R(0610,0633,0650)C(0010)}))""";;
"CRED251,Increase of total loans by type of Counterparty / Total loans by type of Counterparty - Credit institutions and Other Financial,""DIVIDE(SUM({BSFA0500}, {CRFA0603}) - SUM({BSFA0500[T-1Y]}, {CRFA0603[T-1Y]}), SUM({BSFA0500}, {CRFA0603}))""";;
"IRRBB186,Weighted average yield of NMD of NMD retail transactional,""COALESCE((SUM({T(J_05.00.b)R(0270)C(0050)S(*)}*DIVIDE({T(J_05.00.b)R(0270)C(0010)S(*)},SUM({T(J_05.00.b)R(0270)C(0010,0260)S(*)})),{T(J_05.00.b)R(0270)C(0300)S(*)}*DIVIDE({T(J_05.00.b)R(0270)C(0260)S(*)},SUM({T(J_05.00.b)R(0270)C(0010,0260)S(*)})))),(SUM({T(J_06.00.b)R(0270)C(0050)S(*)}*DIVIDE({T(J_06.00.b)R(0270)C(0010)S(*)},SUM({T(J_06.00.b)R(0270)C(0010,0260)S(*)})),{T(J_06.00.b)R(0270)C(0300)S(*)}*DIVIDE({T(J_06.00.b)R(0270)C(0260)S(*)},SUM({T(J_06.00.b)R(0270)C(0010,0260)S(*)})))),(SUM({T(J_07.00.b)R(0270)C(0050)S(*)}*DIVIDE({T(J_07.00.b)R(0270)C(0010)S(*)},SUM({T(J_07.00.b)R(0270)C(0010,0260)S(*)})),{T(J_07.00.b)R(0270)C(0300)S(*)}*DIVIDE({T(J_07.00.b)R(0270)C(0260)S(*)},SUM({T(J_07.00.b)R(0270)C(0010,0260)S(*)})))))""";;
"PROF63,""Operating income from Retail Brokerage/ Total Operating income, net"",""DIVIDE({SPE.DPI(SRPRIB080010)},{SPE.DPI(SRPRIB110010)})""";;
"PRFI1900,Administration costs: Staff expenses,""COALESCE({T(F_02.00)R(0370)C(0010)},{T(F_02.00.dp)R(0370)C(0010)},{SPE.DPI(PRFI1900)})""";;
"MARK21,Breakdown of financial liabilities designated at FVPL - Other financial liabilities,""DIVIDE({MRFL1800}, {BSFL2600})""";;
"PROF32,Net other operating income to total operating income,""DIVIDE({PRFI0700}, {PRFI0800})""";;
"CRFA0603,Loans and advances. Other financial corporations,""COALESCE(SUM({T(F_18.00.a)R(0110,0195,0225)C(0010)}),SUM({T(F_18.00.a_dp)R(0110,0195,0225)C(0010)}),{SPE.DPI(CRFA0603)})""";;
"IDCARD424_LSI,Geographical breakdown of assets. EU non SSM,""SUM({T(F_20.04)R(0010,0040,0080,0140)C(0010)S(BG,CZ,DK,HR,HU,PL,RO,SE,GB)})""";;
"MARK90,(Financial assets held for trading: Level 3 assets + Financial liabilities held for trading: Fair value level 3) / Own funds,""DIVIDE(SUM({MRFA0900},{MRFL5200}) , {CACO0100})""";;
MR_RMR_EQR_BWL_SUM_WM,Support formula to calculate other KRIs.,For the formula specification please see the latest version of SUBA derived variables and indicators: https://darwin.escb.eu/livelink/livelink/app/nodes/1821262705;;
"PRFI4000_T3,""Projected Net Interest Income, at t+3"",""SUM({T(P_04.01)R(010)C(040)},-{T(P_04.01)R(090)C(040)})""";;
"PROF39_annual,Annual Recurring earnings,""DIVIDE(SUM({PROF39}*{BSFA0200}, ifn({MF_FYE}=0, 0, ifn({MF_FYE}=3, {PROF39[T-1Q]}*{BSFA0200[T-1Q]}-{PROF39[T-1Y]}*{BSFA0200[T-1Y]}, ifn({MF_FYE}=6, {PROF39[T-2Q]}*{BSFA0200[T-2Q]}-{PROF39[T-1Y]}*{BSFA0200[T-1Y]}, ifn({MF_FYE}=9, {PROF39[T-3Q]}*{BSFA0200[T-3Q]}-{PROF39[T-1Y]}*{BSFA0200[T-1Y]}, 1/0))))), MEAN({BSFA0200},{BSFA0200[T-1Q]},{BSFA0200[T-2Q]},{BSFA0200[T-3Q]}))""";;
PROF202,Automated viability anchor - Forecast error CIR for t-1,For the formula specification please see the latest version of SUBA derived variables and indicators: https://darwin.escb.eu/livelink/livelink/app/nodes/1821262705;;
"LIQV0091,Asset-backed securities,""COALESCE(SUM({T(C_72.00.a)R(0320,0330,0350)C(0010)}),SUM({SPE.DPI(C72R320C010)},{SPE.DPI(C72R330C010)},{SPE.DPI(C72R350C010)}))""";;
LEV003,Fiduciary assets,{T(C_47.00)R(0240)C(0010)};;
"CLIM09,Exposures to 7 key carbon-intensive sectors in the NFC portfolio as share of total NFC exposures (EU),""DIVIDE(SUM({SPE.DPI(CLIMNIIU004010)}, {SPE.DPI(CLIMNIIU005010)}, {SPE.DPI(CLIMNIIU006010)}, {SPE.DPI(CLIMNIIU007010)}, {SPE.DPI(CLIMNIIU008010)}, {SPE.DPI(CLIMNIIU019010)}, {SPE.DPI(CLIMNIIU020010)}, {SPE.DPI(CLIMNIIU023010)}, {SPE.DPI(CLIMNIIU024010)}, {SPE.DPI(CLIMNIIU025010)}, {SPE.DPI(CLIMNIIU035010)}, {SPE.DPI(CLIMNIIU047010)}), {SPE.DPI(CLIMNIIU056010)})""";;
"IRRBB222,Contribution of loans to NII+MVC sensitivity  (widening CS) (%),""DIVIDE(SUM({SPE.DPI(IRRBBT2_r0040_c0090)},{SPE.DPI(IRRBBT2_r0040_c0120)}),SUM({SPE.DPI(IRRBBT2_r0010_c0090)},-{SPE.DPI(IRRBBT2_r0160_c0090)},{SPE.DPI(IRRBBT2_r0010_c0120)},-{SPE.DPI(IRRBBT2_r0160_c0120)}))*100""";;
"CRED303,NPL Coverage Ratio - Credit institutions,""DIVIDE(-SUM({T(F_18.00.b)R(0100,0194,0224)C(0150)}),SUM({T(F_18.00.a)R(0100,0194,0224)C(0060)}))""";;
"MR_RMR_FRTB_2,3-month average of business subject to market risk in the Trading book to Total RWA,""DIVIDE(MEAN({T(C_90.00)R(0010,0020,0030)C(0020)}), {T(C_02.00.a)R(0010)C(0010)})""";;
"CRFA0800,Debt instruments,""SUM({T(F_01.01)R(0080,0094,0120,0173,0177,0232,0236,0090,0095,0130,0174,0178,0233,0237)C(0010)})""";;
"LIQ280,1Y Forecasted Growth of Total Equity,""IFN({LIQV0171}=0 AND {LIQV0153}=0,0,IFN({LIQV0153}=0,1,DIVIDE({LIQV0171}-{LIQV0153},{LIQV0153})))""";;
"CAP109,Systemic Risk Buffers (%),""SUM({CAP105}, MAX({CAP106},{CAP107}))""";;
"IDCARD405_LSI,Tax assets,""COALESCE({T(F_01.01)R(0330)C(0010)},{T(F_01.01_dp)R(0330)C(0010)},{SPE.DPI(IDCARD405_LSI)})""";;
"MR_RMR_FRTB_21,Share of Credit spread risk for non-securitisations in total SBM OFR,""DIVIDE({T(C_91.00)R(0030)C(0190)},SUM({T(C_91.00)R(0020)C(0190)},{T(C_91.00)R(0030)C(0190)}, {T(C_91.00)R(0040)C(0190)}, {T(C_91.00)R(0050)C(0190)}, {T(C_91.00)R(0060)C(0190)}, {T(C_91.00)R(0070)C(0190)}, {T(C_91.00)R(0080)C(0190)}))""";;
"MARK106,Estimation of Share of Foreign exchange risk  in Total Capital Requirements,""DIVIDE(SUM({CACE1800}, DIVIDE(SUM({MRCE2905}, {MRCE2915}), SUM({MRCE0401}, {MRCE2000})) * {CACE1100}), {CACE0800})""";;
"CRED96,Composition of securitised exposures. Securitised exposures by type of assets / Total securitised assets - Commercial mortgages,""DIVIDE({STCE0610}, SUM({STCE0609}, {STCE0610}, {STCE0611}, {STCE0612}, {STCE0613}, {STCE0614}, {STCE0615}, {STCE0616}))""";;
"MARK116_B,(Assets at fair value through other comprehensive income + FVPL assets and liabilities)/(assets and liabilities HFT),""DIVIDE(SUM({CRFA2000_1},-{CRFA1900},{BSFA3300_1},{BSFL2600_1}), SUM({CRFA1800},{BSFL0400}))""";;
FWL3,Automated viability anchor score - Core Revenue to Assets,For the formula specification please see the latest version of SUBA derived variables and indicators: https://darwin.escb.eu/livelink/livelink/app/nodes/1821262705;;
"LIQV0006,O/N unsecured deposits funding spread (in basis points),""COALESCE({T(C_69.00.a)R(0030)C(0010)S(0010)}, {SPE.DPI(C69R030C010)})""";;
"OPER39,Ratio sum of the five largest losses for corporate items to sum across all business lines of the sums of the five largest business line losses,""DIVIDE({ORNE1643}, SUM({ORNE1635}, {ORNE1636}, {ORNE1637}, {ORNE1638}, {ORNE1639}, {ORNE1640}, {ORNE1641}, {ORNE1642}, {ORNE1643}))""";;
"LIQV0135,Actual Client Loans,""COALESCE(SUM({T(P_01.01)R(030)C(010)},{T(P_01.01)R(100)C(010)},SUM({T(P_01.01)R(180,190)C(030)})),0)""";;
"CRED3,Loans by type of collateral on Total Loans - Real estate collateralized loans,""DIVIDE(SUM({CRFA3100},{CRFA3110}), {CRFA0100})""";;
"CRFA0400,Loans and advances past due >90 days but not impaired,""COALESCE(SUM({T(F_18.00.a)R(0005,0070,0191,0221)C(0055,0070,0080,0090,0101,0102,0106,0107)}),SUM({T(F_18.00.a.dp)R(0070,0191,0221)C(0070)}))""";;
"OPER18,""Ratio gross loss amount for execution, delivery and process management to total gross loss amount"",""DIVIDE({ORCE1616}, {OPER53})""";;
"CRMAT_A621,Absolute volume of Held for sale portfolio,""COALESCE({T(F_18.00.a)R(0335)C(0010)},{T(F_18.00.a_dp)R(0335)C(0010)})""";;
"CRED105,Increase of total loans by type of collateral / Total loans by type of Collateral: Other collateralized loans,""DIVIDE({CRFA3200}-{CRFA3200[T-1Y]}, {CRFA3200[T-1Y]})""";;
"CRED489,CCR exposure value not centrally cleared as a share of total CCR exposure value,""DIVIDE({T(C_34.02.b)R(0110)C(0170)S(0002)},{T(C_34.02.b)R(0110)C(0170)S(0001)})""";;
"PRFI3000,Profit (loss) from non-current assets and disposal groups classified as held for sale not qualifying as discontinued operations,""COALESCE({T(F_02.00)R(0600)C(0010)},{T(F_02.00.dp)R(0600)C(0010)},{SPE.DPI(PRFI3000)})""";;
ORNE1638,Sum of five largest losses for commercial banking,{T(C_17.01.a)R(0360)C(0080)};;
IDCARD84,RWA for credit risk (top 2nd country),For the formula specification please see the latest version of SUBA derived variables and indicators: https://darwin.escb.eu/livelink/livelink/app/nodes/293814368;;
PRFI4002F,General banking reserves,{T(C_01.00)R(0210)C(0010)}-{T(C_01.00)R(0210)C(0010)[T-4Q]};;
"IDCARD18,Other liabilities,""COALESCE(SUM({T(F_01.02)R(0030,0060,0063,0066,0100,0140,0144,0160,0240,0270,0280,0290)C(0010)}),SUM({T(F_01.02_dp)R(0030,0060,0063,0066,0100,0140,0144,0160,0240,0270,0280,0290)C(0010)}))""";;
"CAP139,Leverage ratio headroom above OLRR and P2G (fully-loaded) as % of leverage exposure,""SUM({CAP71},-{IDCARD688})""";;
"CRED379,Sovereign exposures / Total assets,""DIVIDE(SUM({T(C_07.00.a)R(0010)C(0200)S(qx16,qx23,qx22)}),{T(F_01.01)R(0380)C(0010)})""";;
MR_RMR_IRR_BWL,3-year weighted volatility of quarterly P&L (Items at FVPL sensitive to IR) to Total RWA,For the formula specification please see the latest version of SUBA derived variables and indicators: https://darwin.escb.eu/livelink/livelink/app/nodes/1821262705;;
"CRED431,Counterparty Credit Risk: SUM Top 20 CCR RWEA/ Total CCR RWEA,""DIVIDE(SUM({T(C_34.06)R(*)C(0130)}),{T(C_34.02)R(0110)C(0200)S(0001)})""";;
"MR_RMR_FXR_SIZE,Trading derivative sensitive to FX (Fair value) to Total Assets,""DIVIDE(SUM({T(F_10.00)R(0130)C(0010,0020)}), 2*{BSFA0200})""";;
IDCARD537,Pillar 1 Leverage Ratio requirement,For the formula specification please see the latest version of SUBA derived variables and indicators: https://darwin.escb.eu/livelink/livelink/app/nodes/1878940265;;
MR_NRMR_SFX_BWL_1,3-year weighted volatility of quarterly OCI changes (Investments in foreign operations and related hedges) to Total CET1,For the formula specification please see the latest version of SUBA derived variables and indicators: https://darwin.escb.eu/livelink/livelink/app/nodes/1821262705;;
"PRFI1900,Administration costs: Staff expenses,""COALESCE({T(F_02.00)R(0370)C(0010)},{T(F_02.00_dp)R(0370)C(0010)},{SPE.DPI(PRFI1900)})""";;
IRRBB269,Change in the economic value of equity under interest rate decrease divided by Tier 1 capital,For the formula specification please see the latest version of SUBA derived variables and indicators: https://darwin.escb.eu/livelink/livelink/app/nodes/1878940265;;
"BSFL0800,Provisions,""COALESCE({T(F_01.02)R(0170)C(0010)},{T(F_01.02_dp)R(0170)C(0010)},{SPE.DPI(BSFL0800)})""";;
"PRFI5300_LINEAR,Measures the cost of risk linearly annualised numerator for loans subject to impairment granted to all the counterparty types,""{PRFI5300}*12/IFN({MF_FYE}=0,12,{MF_FYE})""";;
MR_NRMR_CSR_BWL,3-year weighted volatility of quarterly P&L and OCI changes (Credit instruments at FVOCI) to Total RWA,For the formula specification please see the latest version of SUBA derived variables and indicators: https://darwin.escb.eu/livelink/livelink/app/nodes/1821262705;;
"CRNA111J,Gross carrying amount of loans and advances to non-financial corporations - Information and communication,""COALESCE({T(F_06.01)R(0100)C(0010)},{SPE.DPI(CRNA111J)})""";;
"ORCE1663,""Gross loss from new events for clients, products and business practices"",{T(C_17.01.a)R(0920)C(0040)}";;
"PRFI0400_ANNUAL,Annual total trading income (quarter to quarter),""SUM({PRFI0400}, ifn({MF_FYE}=0, 0, ifn({MF_FYE}=3, {PRFI0400[T-1Q]}-{PRFI0400[T-1Y]}, ifn({MF_FYE}=6, {PRFI0400[T-2Q]}-{PRFI0400[T-1Y]}, ifn({MF_FYE}=9, {PRFI0400[T-3Q]}-{PRFI0400[T-1Y]}, 1/0)))))""";;
"LIQ292,3Y Forecasted Growth of Short-term Debt Securities,""IFN({LIQV0183}=0 AND {LIQV0148}=0,0,IFN({LIQV0148}=0,1,DIVIDE({LIQV0183}-{LIQV0148},{LIQV0148})))""";;
"CRMAT_S401,Share Non-Performing or Stage 2 Loans and Advances to Central banks and General governments over Total Loans and Advances to Central banks and General governments,""DIVIDE(SUM(SUM({T(F_18.00.a)R(0080,0192,0222,0090,0193,0223)C(0060)}),SUM({T(F_18.00.a)R(0080,0192,0090,0193)C(0057)})),SUM({T(F_18.00.a)R(0080,0192,0222,0090,0193,0223)C(0010)}))""";;
"CAP14,Dynamics of own funds: Tier 2 capital,""DIVIDE({CACO0700}-{CACO0700[T-1Y]}, {CACO0700[T-1Y]})""";;
"MRFL3600,Financial liabilities held for trading: Short positions-Equity instruments,""COALESCE({T(F_08.01.a)R(0030)C(0010)},{SPE.DPI(MRFL3600)})""";;
"LIQ114,Deposits ratio (% of total funding),""DIVIDE(SUM({BSFL0100},{BSFL0200},{BSFL0900}), SUM({BSFL0500}, -MIN({BSFA0300}, {BSFL0600})))""";;
CAP91,TSCR: to be made up of Tier 1 capital,{T(C_03.00)R(0150)C(0010)};;
"LANP0800A,Total loans and advances. Accumulated impairment on non-performing exposure,""COALESCE(SUM({T(F_18.00.b)R(0005,0070,0191,0221)C(0150)}),SUM(-{T(F_18.00.b.dp)R(0010)C(0150)},{T(F_18.00.b.dp)R(0180,0191,0221)C(0150)}),{SPE.DPI(LANP0800a)})""";;
"LIQ44,Central bank eligible assets ratio,""DIVIDE({T(F_32.01)R(0010)C(0080)}, SUM({T(F_32.01)R(0010)C(0010)}, {T(F_32.01)R(0010)C(0060)}))""";;
"CACE0900_3Y_MEAN,3 year average of RWA,""MEAN({CACE0900},{CACE0900[T-1Q]},{CACE0900[T-2Q]},{CACE0900[T-3Q]},{CACE0900[T-4Q]},{CACE0900[T-5Q]},{CACE0900[T-6Q]},{CACE0900[T-7Q]},{CACE0900[T-8Q]},{CACE0900[T-9Q]},{CACE0900[T-10Q]},{CACE0900[T-11Q]})""";;
"LEV501_LSI,""Total value of exposures excluded from P1R LR (w/o IPS, IG, Basel) to TLRE"",""DIVIDE(-SUM({T(C_47.00)R(0240,0252,0256,0257,0260,0261,0262,0263,0264,0265,0266,0267)C(0010)}), {T(C_47.00)R(0290)C(0010)})""";;
"CRED210,Breakdown of loans to NFC by NACE economic sector: Information and communication,""DIVIDE({T(F_06.01)R(0100)C(0010)},COALESCE(SUM({T(F_18.00.a)R(0070,0191,0221)C(0010)}),SUM({T(F_18.00.a_dp)R(0070,0191,0221)C(0010)})))""";;
"PRFI0600,Net realised gains (losses) on financial assets & liabilities not measured at FVPL,""COALESCE({T(F_02.00)R(0220)C(0010)},{T(F_02.00_dp)R(0220)C(0010)},{SPE.DPI(PRFI0600)})""";;
CACE0250,Pillar I Capital requirements for contributions to the default fund of a CCP,{T(C_02.00.a)R(0460)C(0010)}*0.08;;
"CRMAT_V303,Share of Debt securities Credit institutions and Other financial institutions over Total Debt instruments other than held for trading or held for sale,""COALESCE(DIVIDE(SUM({T(F_18.00.a)R(0040,0050,0184,0185,0214,0215)C(0010)}),SUM({T(F_18.00.a)R(0180,0201,0231)C(0010)})),DIVIDE(SUM({T(F_18.00.a.dp)R(0040,0050,0184,0185,0214,0215)C(0010)}),SUM({T(F_18.00.a.dp)R(0180,0201,0231)C(0010)})))""";;
"PRFI1000_ANNUAL_ONEOFF,""Impairments, excl. one-offs"",For the formula specification please see the latest version of SUBA derived variables and indicators: https://darwin.escb.eu/livelink/livelink/app/nodes/1821262705";;
"LIQV0208,3Y Forecast for Non-Financial Corporates Deposits,""COALESCE({T(P_01.02)R(060)C(050)},0)""";;
"LIQ291,3Y Forecasted Growth of Deposits,""IFN({LIQV0182}=0 AND {LIQV0147}=0,0,IFN({LIQV0147}=0,1,DIVIDE({LIQV0182}-{LIQV0147},{LIQV0147})))""";;
IRNM0601,Change in the economic value of equity under parallel interest rate decrease of 200 bps (Millions),{T(J_01.00)R(0050)C(0010)S(x1)};;
"IDCARD406_LSI,""Other assets, incl. FV changes of the hedged items and held for sale"",""COALESCE({T(F_01.01)R(0360)C(0010)}+{T(F_01.01)R(0370)C(0010)}+{T(F_01.01)R(0250)C(0010)},{T(F_01.01_dp)R(0360)C(0010)}+{T(F_01.01_dp)R(0370)C(0010)}+{T(F_01.01_dp)R(0250)C(0010)})""";;
CAP109,Systemic Risk Buffers (%),For the formula specification please see the latest version of SUBA derived variables and indicators: https://darwin.escb.eu/livelink/livelink/app/nodes/1878940265;;
"MR_RMR_FRTB_36,Difference of long and short JTD in relation to DRC OFR for securitisations not included in the ACTP,""DIVIDE(SUM({T(C_91.00)R(0100)C(0160,0170)}),{T(C_91.00)R(0100)C(0190)})""";;
BSFE0100,Equity,For the formula specification please see the latest version of SUBA derived variables and indicators: https://darwin.escb.eu/livelink/livelink/app/nodes/1878940265;;
"ORCE1642,""Loss adjustments for execution, delivery and process management"",{T(C_17.01.a)R(0940)C(0070)}";;
"IDCARD412_LSI,Tax expenses,""COALESCE({T(F_02.00)R(0620)C(0010)}+{T(F_02.00)R(0634)C(0010)}+{T(F_02.00)R(0660)C(0010)},{T(F_02.00_dp)R(0620)C(0010)}+{T(F_02.00_dp)R(0634)C(0010)}+{T(F_02.00_dp)R(0660)C(0010)})""";;
"IRRBB242,Asset modified Duration,""COALESCE((SUM({T(J_02.00)R(0010)C(0020)S(*)}*DIVIDE({T(J_02.00)R(0010)C(0010)S(*)},SUM({T(J_02.00)R(0010)C(0010)S(*)})))),(SUM({T(J_03.00)R(0010)C(0020)S(*)}*DIVIDE({T(J_03.00)R(0010)C(0010)S(*)},SUM({T(J_03.00)R(0010)C(0010)S(*)})))),(SUM({T(J_04.00)R(0010)C(0020)S(*)}*DIVIDE({T(J_04.00)R(0010)C(0010)S(*)},SUM({T(J_04.00)R(0010)C(0010)S(*)})))))""";;
"CAP49,Composition of capital requirements: Other capital requirements,""DIVIDE({CACE0700}, {CACE0800})""";;
"CRED100,Composition of securitised exposures. Securitised exposures by type of assets / Total securitised assets - Consumer loans,""DIVIDE({STCE0614}, SUM({STCE0609}, {STCE0610}, {STCE0611}, {STCE0612}, {STCE0613}, {STCE0614}, {STCE0615}, {STCE0616}))""";;
PROF181,Long-term CRA (standard deviation),For the formula specification please see the latest version of SUBA derived variables and indicators: https://darwin.escb.eu/livelink/livelink/app/nodes/1821262705;;
IDCARD87_LSI_SK,Geographical breakdown of assets. SSM country - Slovakia,{T(F_20.04)R(0010)C(0010)S(SK)}+{T(F_20.04)R(0040)C(0010)S(SK)}+{T(F_20.04)R(0080)C(0010)S(SK)}+{T(F_20.04)R(0140)C(0010)S(SK)};;
"MR_RMR_FRTB_30,Credit spread risk for securitisation included in the alternative correlation trading portfolio (ACTP CSR) net sensitivity in relation to OFR,""DIVIDE({T(C_91.00)R(0050)C(0030)},{T(C_91.00)R(0050)C(0190)})""";;
"OPER88,Ratio total loss amount for business disruption and system failures to total operational risk capital requirements,""DIVIDE({ORCE1615}, {CACE0500})""";;
"IDCARD66,CET1 ratio (fully loaded),""DIVIDE(SUM({T(C_01.00)R(0020)C(0010)},-{T(C_05.01)R(0010)C(0010)},-{T(C_01.00)R(0440)C(0010)},MIN(SUM({T(C_01.00)R(0530)C(0010)},-{T(C_01.00)R(0740)C(0010)},-{T(C_05.01)R(0010)C(0020)},-{T(C_01.00)R(0720)C(0010)},MIN(SUM(0,{T(C_01.00)R(0750)C(0010)},-{T(C_01.00)R(0970)C(0010)},-{T(C_05.01)R(0010)C(0030)}),0)),0)),SUM({T(C_02.00.a)R(0010)C(0010)},-{T(C_05.01)R(0010)C(0040)}))""";;
"PRFI3000,Profit (loss) from non-current assets and disposal groups classified as held for sale not qualifying as discontinued operations,""COALESCE({T(F_02.00)R(0600)C(0010)},{T(F_02.00_dp)R(0600)C(0010)},{SPE.DPI(PRFI3000)})""";;
"MARK56,Breakdown of net gains on financial assets and liabilities held for trading - Interest rate instruments and related derivatives,""DIVIDE({PRFI1700}, {PRFI0400})""";;
"IRRBB153,Proportion of core deposits / Stock of Non-Maturity deposits [Wholesale non-financial],""DIVIDE(     SUM(COALESCE({T(J_08.00.a)R(0080)C(0010)S(*)}, {T(J_09.00.a)R(0080)C(0010)S(*)})),     SUM(COALESCE({T(J_08.00.a)R(0070)C(0010)S(*)}, {T(J_09.00.a)R(0070)C(0010)S(*)})) )""";;
"MR_RMR_FXR_FWL,Potential impacts coming from Items at FVPL sensitive to FX to Total RWA,""DIVIDE(COALESCE(-{T(C_91.00)R(0080)C(0190)},-{T(C_02.00.a)R(0560)C(0010)}*0.08), {T(C_02.00.a)R(0010)C(0010)})""";;
CAP83,Aggregation weight for operational risk,For the formula specification please see the latest version of SUBA derived variables and indicators: https://darwin.escb.eu/livelink/livelink/app/nodes/1821262705;;
MRCE2906,Multiplication factor (ms) x average of previous 60 working days (VaRavg): Commodities risk,{T(C_24.00)R(0090)C(0030)};;
"IDCARD546,Margin effect,""DIVIDE((({IDCARD545}-{IDCARD545_LSTYR})*{IDCARD548_ANN_LSTYR}),{PRFI0100_ANN_LSTYR})""";;
"PRFI6401,Financial assets subject to impairment (LSIs - Gross carrying amount),""COALESCE(SUM({T(F_18.00.a)R(0010,0070,0181,0191,0221)C(0010)}),SUM({T(F_18.00.a_dp)R(0010,0070,0181,0191,0221)C(0010)}))""";;
"CRFA4100,Derivatives held-for-trading. Of which OTC. Assets,""COALESCE(SUM({T(F_10.00)R(0300,0310,0320)C(0010)}),SUM({T(F_10.00_dp)R(0300,0310,0320)C(0010)}),{SPE.DPI(CRFA4100)})""";;
"BSFA3900,Total assets (Domestic),""COALESCE({T(F_20.01)R(0320)C(0010)},{SPE.DPI(BSFA3900)})""";;
MR_NRMR_BWL,3-year weighted volatility of quarterly P&L and OCI changes (Non-regulatory market risk) to Total RWA,For the formula specification please see the latest version of SUBA derived variables and indicators: https://darwin.escb.eu/livelink/livelink/app/nodes/1821262705;;
"IRRBB155,Proportion of core deposits / Stock of Non-Maturity deposits [Retail Non-Transactional] [EUR only],""DIVIDE(     SUM(COALESCE({T(J_08.00.a)R(0050)C(0010)S(EUR)}, {T(J_09.00.a)R(0050)C(0010)S(EUR)})),     SUM(COALESCE({T(J_08.00.a)R(0040)C(0010)S(EUR)}, {T(J_09.00.a)R(0040)C(0010)S(EUR)})) )""";;
"LANP0360,Total loans and advances. Non-Performing. Gross carrying amount (Of which: impaired),""COALESCE(SUM({T(F_18.00.a)R(0070,0191)C(0121)}),{SPE.DPI(LANP0360)})""";;
WS1EUCount,# of countries active within SSM,For the formula specification please see the latest version of SUBA derived variables and indicators: https://darwin.escb.eu/livelink/livelink/app/nodes/293814368;;
"CRED87,Net flow of allowances for NPLs to non-financial corporations by collateral (t) / NPLs to non-financial corporations by collateral (t-1) - Loans collateralised by commercial immovable property,""DIVIDE(SUM(SUM({T(F_18.00.b)R(0140)C(0150)}),-SUM({T(F_18.00.b)R(0140)C(0150)[T-1Y]})),SUM({T(F_18.00.a)R(0140)C(0060)[T-1Y]}))""";;
"PROF153,Projected Core Revenue to Assets Ratio at t as reported in year t-2,""DIVIDE(SUM({PRFI4000_T1[T-2Y]},{PRFI4100_T1[T-2Y]},{PRFI0300_T1[T-2Y]},{PRFI2900_T1[T-2Y]},MEAN({PRFI4600[T-2Y]},{PRFI4600[T-3Y]},{PRFI4600[T-4Y]})),MEAN({BSFA0200_FP_T1[T-2Y]},{BSFA0200_FP_T1[T-3Y]}))""";;
"PROF121,Size of Assets under Management compared to total assets,""DIVIDE({T(F_22.02)R(0010)C(0010)},COALESCE({T(F_01.01)R(0380)C(0010)},{T(F_01.01.dp)R(0380)C(0010)}))""";;
"IRRBB129,Forecasted Earnings expected within 12 months in a baseline scenario divides by Tier 1 Capital,""DIVIDE(SUM({T(J_01.00)R(0120)C(0010)S(x1)},{T(J_01.00)R(0150)C(0010)S(x1)}), {CACO0200})""";;
"PRFI2600,""Gains (losses) on financial assets and liabilities held for trading, net: Other (including hybrid instruments)"",""COALESCE({T(F_16.04)R(0060)C(0010)},{SPE.DPI(PRFI2600)})""";;
"PROF4_annual,Annual Net revenue to total assets,""DIVIDE(SUM({PRFI0100},{PRFI0200},{PRFI0300},{PRFI0400},{PRFI0500},{PRFI0600},{PRFI0700}, ifn({MF_FYE}=0, 0, ifn({MF_FYE}=3, SUM({PRFI0100[T-1Q]},{PRFI0200[T-1Q]},{PRFI0300[T-1Q]},{PRFI0400[T-1Q]},{PRFI0500[T-1Q]},{PRFI0600[T-1Q]},{PRFI0700[T-1Q]})-SUM({PRFI0100[T-1Y]},{PRFI0200[T-1Y]},{PRFI0300[T-1Y]},{PRFI0400[T-1Y]},{PRFI0500[T-1Y]},{PRFI0600[T-1Y]},{PRFI0700[T-1Y]}), ifn({MF_FYE}=6, SUM({PRFI0100[T-2Q]},{PRFI0200[T-2Q]},{PRFI0300[T-2Q]},{PRFI0400[T-2Q]},{PRFI0500[T-2Q]},{PRFI0600[T-2Q]},{PRFI0700[T-2Q]})-SUM({PRFI0100[T-1Y]},{PRFI0200[T-1Y]},{PRFI0300[T-1Y]},{PRFI0400[T-1Y]},{PRFI0500[T-1Y]},{PRFI0600[T-1Y]},{PRFI0700[T-1Y]}), ifn({MF_FYE}=9, SUM({PRFI0100[T-3Q]},{PRFI0200[T-3Q]},{PRFI0300[T-3Q]},{PRFI0400[T-3Q]},{PRFI0500[T-3Q]},{PRFI0600[T-3Q]},{PRFI0700[T-3Q]})-SUM({PRFI0100[T-1Y]},{PRFI0200[T-1Y]},{PRFI0300[T-1Y]},{PRFI0400[T-1Y]},{PRFI0500[T-1Y]},{PRFI0600[T-1Y]},{PRFI0700[T-1Y]}), 1/0)))) ), MEAN({BSFA0200},{BSFA0200[T-1Q]},{BSFA0200[T-2Q]},{BSFA0200[T-3Q]}))""";;
"LIQ202,CBC Quality ratio,""DIVIDE(SUM({LIQV0037},-0.07*{T(C_66.01.b)R(0810)C(0010)S(0010)},-0.15*SUM({T(C_66.01.b)R(0830,0840,0850,0930)C(0010)S(0010)}),-0.25*SUM({T(C_66.01.b)R(0870)C(0010)S(0010)})*DIVIDE(SUM({T(C_72.00.a)R(0320,0330)C(0010)}),SUM({T(C_72.00.a)R(0320,0330,0350)C(0010)})),-0.35*SUM({T(C_66.01.b)R(0870)C(0010)S(0010)})*DIVIDE({T(C_72.00.a)R(0350)C(0010)},SUM({T(C_72.00.a)R(0320,0330,0350)C(0010)})),-0.30*SUM({T(C_66.01.b)R(0880,0960)C(0010)S(0010)}),-0.50*SUM({T(C_66.01.b)R(0890,0900,0910,0940,0950,0980,0990,1040)C(0010)S(0010)}),-0.25*{T(C_66.01.b)R(1030)C(0010)S(0010)}),{LIQV0037})""";;
"LIQ251,Backtesting Planned vs Actual Total Assets,""IFN({LIQV0132}=0 AND {LIQV0126}=0,0,IFN({LIQV0126}=0,1,DIVIDE({LIQV0132}-{LIQV0126},{LIQV0126})))""";;
CACE0600,Pillar I Settlement and delivery risk capital requirements,{T(C_02.00.a)R(0490)C(0010)}*0.08;;
"LIQV0186,3Y Forecast for Other Liabilities,""COALESCE({T(P_01.02)R(381)C(050)},0)""";;
"CRMAT_A401,Absolute volume of Central banks and General governments portfolio,""COALESCE(SUM({T(F_18.00.a)R(0020,0030,0080,0182,0183,0192,0222,0090,0193,0212,0213,0223)C(0010)}),SUM({T(F_18.00.a_dp)R(0020,0030,0080,0182,0183,0192,0222,0090,0193,0212,0213,0223)C(0010)}))""";;
"CRED422,Counterparty Credit Risk: Derivatives lower quality collateral received/ Total Collateral received,""DIVIDE(SUM({T(C_34.08.a)R(0060,0070,0080)C(0010,0020,0030,0040)}), SUM({T(C_34.08.a)R(0090)C(0010,0020,0030,0040,0090,0100,0110,0120,0130)}))""";;
"CRMAT_F101,Share of Performing Loans and Advances to Households with Forbearance Measures to Total Performing Loans and Advances to Households,""DIVIDE(SUM({T(F_19.00.a)R(0150,0197,0227)C(0020)}),SUM({T(F_18.00.a)R(0150,0197,0227)C(0020)}))""";;
LIQ240b,Contractual 2Y Gap (excl. retail and operational deposits) to Total Assets,For the formula specification please see the latest version of SUBA derived variables and indicators: https://darwin.escb.eu/livelink/livelink/app/nodes/1878940265;;
"CRED371,Stage 2 Coverage Ratio,""DIVIDE(SUM(-SUM({T(F_04.03.1)R(0110)C(0060)}),-SUM({T(F_04.04.1)R(0070)C(0060)})),SUM(SUM({T(F_04.03.1)R(0110)C(0030)}),SUM({T(F_04.04.1)R(0070)C(0030)})))""";;
"CRED239,""Variation rate of loans to NFC by NACE economic sector - Arts, entertainment and recreation"",""DIVIDE({CRNA111R}-{CRNA111R[T-1Y]}, {CRNA111R[T-1Y]})""";;
"CRED409,Central banks and general governments: UTP share of total NPL,""DIVIDE(SUM({T(F_18.00.a)R(0080,0090,0192,0193,0222,0223)C(0070)}),SUM({T(F_18.00.a)R(0080,0090,0192,0193,0222,0223)C(0060)}))""";;
"PRFI0600,Net realised gains (losses) on financial assets & liabilities not measured at FVPL,""COALESCE({T(F_02.00)R(0220)C(0010)},{T(F_02.00.dp)R(0220)C(0010)},{SPE.DPI(PRFI0600)})""";;
"CRED440,Credit institutions and other financial institutions: Movements among Stages S1-S3 (% of all movements),""DIVIDE({T(F_12.02)R(0100)C(0050)},SUM({T(F_12.02)R(0100)C(0010,0020,0030,0040,0050,0060)}))""";;
CAP61,Combined buffer requirement,{T(C_04.00)R(0740)C(0010)};;
IDCARD420_LSI,deposits from non-financial corporations,For the formula specification please see the latest version of SUBA derived variables and indicators: https://darwin.escb.eu/livelink/livelink/app/nodes/1878940265;;
"IRRBB19,Change in the forecasted net interest income of the banking book under parallel interest rate increase / decrease of 200 bps (worst of both shifts) divided by Annualised total net interest income,""ifn((ISNULL({T(J_01.00)R(0130)C(0010)S(x1)}) = 0) AND (ISNULL({T(J_01.00)R(0140)C(0010)S(x1)}) = 0) AND (ISNULL({PRFI0100_ANNUAL})  = 0), MIN(DIVIDE({T(J_01.00)R(0130)C(0010)S(x1)}, {PRFI0100_ANNUAL}), DIVIDE({T(J_01.00)R(0140)C(0010)S(x1)}, {PRFI0100_ANNUAL}), 0), 1/0)""";;
"PRFI4400,Impairments on non-financial assets,""COALESCE({T(F_02.00)R(0520)C(0010)},{T(F_02.00.dp)R(0520)C(0010)})""";;
"MARK15,Breakdown of financial liabilities held for trading - Deposits,""DIVIDE(SUM({BSFL1000}, {BSFL1100}), {BSFL0400})""";;
CACE0300,Pillar I Securitisation capital requirements,{T(C_02.00.a)R(0470)C(0010)}*0.08;;
"LIQ248,Share of securitisations issued in Asset Encumbrance sources,""DIVIDE({T(F_32.04.b)R(0110)C(0030)},{T(F_32.04.b)R(0170)C(0030)})""";;
STCE0407,Total capital requirements before cap: on balance sheet items as sponsor – traditional sec - IRB,{T(C_13.01)R(0330)C(0720)}*0.08;;
WS1NonEUCount,# of countries active outside SSM,For the formula specification please see the latest version of SUBA derived variables and indicators: https://darwin.escb.eu/livelink/livelink/app/nodes/1878940265;;
CAP115,AT1 requirement,{CAP91}-{CAP90};;
CAP141,TREA Standardized models,{T(C_02.00.a)R(0010)C(0020)};;
"CLIM14,""Emission intensity in the NFC portfolio (Scope 1, 2 and 3) (non-EU)"",""DIVIDE({SPE.DPI(CLIMNIIU001100)}, SUM({T(D_01.00)R(0560)C(0010)}, -{SPE.DPI(CLIMNII056010)}))""";;
"PROF50_1,Staff expenses over total operating income,""COALESCE(DIVIDE({T(F_02.00)R(0370)C(0010)},{T(F_02.00)R(0355)C(0010)}),DIVIDE({T(F_02.00.dp)R(0370)C(0010)},{T(F_02.00.dp)R(0355)C(0010)}))""";;
"CRED434,Credit institutions and other financial institutions: Coverage S1,""DIVIDE(-SUM({T(F_18.00.b)R(0100,0194)C(0141)}),SUM({T(F_18.00.a)R(0100,0194)C(0056)}))""";;
"CRFA1300,All allowances debt instruments,""SUM(-{T(F_12.01.a)R(0010,0180,0360,0600)C(0100)})""";;
DQI4,Accuracy – data quality indicator,ITS;;
"CRED474,Share of securitisation in total asset encumbrance  of the bank,""DIVIDE({T(F_32.04.a)R(0110)C(0010)},{T(F_32.04.a)R(0170)C(0010)})""";;
PRFI0300,Net fee & commission income,For the formula specification please see the latest version of SUBA derived variables and indicators: https://darwin.escb.eu/livelink/livelink/app/nodes/1878940265;;
"MARK18,Financial liabilities designated at FVPL / (Total liabilities + Equity),""DIVIDE({BSFL2600}, SUM({BSFL0500},{BSFE0100}))""";;
LEV005,Exposures exempted in accordance with point (j) of Article 429a(1) CRR,{T(C_47.00)R(0260)C(0010)};;
"LEV410_LSI,Exposure adjustments (SFTs+Derivatives) over TLRE,""DIVIDE(SUM(MAX({LEV412B_LSI},0), MAX({LEV412C},0)), {T(C_47.00)R(0290)C(0010)})""";;
DQI1,Overall data quality indicator,ITS_STE;;
"CRED405,Central banks and general governments: S3 share of total NPL,""DIVIDE(SUM({T(F_18.00.a)R(0080,0090,0192,0193)C(0121)}),SUM({T(F_18.00.a)R(0080,0090,0192,0193,0222,0223)C(0060)}))""";;
"CRED465,Households: NP HH-Rre with Forbearance Measures/ Total HH-RRE,""DIVIDE({T(F_19.00.a)R(0160)C(0060)}, {T(F_18.00.a)R(0150)C(0060)})""";;
"PROF211_YE,Present value of defined benefit obligations /RWA - year-end,""IFN({MF_FYE}==0, {PROF211}, IFN({MF_FYE}==3, {PROF211[T-1Q]}, IFN({MF_FYE}==6, {PROF211[T-2Q]}, IFN({MF_FYE}==9, {PROF211[T-3Q]}, 1/0))))""";;
LIQV0002,Unencumbered eligible assets,{T(F_32.01)R(0010)C(0080)};;
IDCARD540,AVA Equivalent Risk Exposure,For the formula specification please see the latest version of SUBA derived variables and indicators: https://darwin.escb.eu/livelink/livelink/app/nodes/1878940265;;
LEV012,Exposures deducted in accordance with point (q) of Article 429a(1) CRR,{T(C_47.00)R(0268)C(0010)};;
"PRFI2300,Net Profit / Loss,""COALESCE({T(F_02.00)R(0670)C(0010)},{T(F_02.00_dp)R(0670)C(0010)},{SPE.DPI(PRFI2300)})""";;
IDCARD683,OCR + P2G (ID CARDS),For the formula specification please see the latest version of SUBA derived variables and indicators: https://darwin.escb.eu/livelink/livelink/app/nodes/1878940265;;
"ORCE1606,Total loss amount for payment and settlement,""MAX(SUM({T(C_17.01.a)R(0520)C(0080)},{T(C_17.01.a)R(0540)C(0080)}),{T(C_17.01.a)R(0520)C(0080)})""";;
"MR_RMR_63,Trading interest rate derivatives (Liabilities) excluding Economic hedges to Total Liabilities,""DIVIDE(SUM({T(F_10.00)R(0010)C(0020)},-{T(F_10.00)R(0020)C(0020)}),{T(F_01.02)R(0300)C(0010)})""";;
"IRRBB181,Share of wholesale non-financial NMDs,""DIVIDE(     SUM(COALESCE({T(J_08.00.a)R(0070)C(0010)S(*)}, {T(J_09.00.a)R(0070)C(0010)S(*)})),     SUM(COALESCE({T(J_08.00.a)R(0010,0040,0070,0100)C(0010)S(*)}, {T(J_09.00.a)R(0010,0040,0070,0100)C(0010)S(*)})) )""";;
"LIQV0153,Actual Total Equity,""COALESCE({T(P_01.02)R(370)C(010)},0)""";;
LIQST010,Funding deficit/surplus (as % of total assets) Extreme case 1 Month.,https://darwin.escb.eu/livelink/livelink?func=ll&objId=305648124&objAction=browse&viewType=1;;
"LEV202,Average density of CCFs for the leverage ratio exposure purposes,""DIVIDE(SUM({T(C_47.00)R(0150,0160,0170,0180)C(0010)}),SUM(({T(C_47.00)R(0150)C(0010)}/0.1),({T(C_47.00)R(0160)C(0010)}/0.2),({T(C_47.00)R(0170)C(0010)}/0.5),({T(C_47.00)R(0180)C(0010)}/1)))""";;
"IRRBB227,quarterly volatility of realized earnings over Tier 1 capital,""ifn({MF_FYE}=3,STDN(DIVIDE({PRFI0100},{CACO0200}),DIVIDE(SUM({PRFI0100[T-1Q]}, -{PRFI0100[T-2Q]}),{CACO0200[T-1Q]}),DIVIDE(SUM({PRFI0100[T-2Q]}, - {PRFI0100[T-3Q]}),{CACO0200[T-2Q]}),DIVIDE(SUM({PRFI0100[T-3Q]}, - {PRFI0100[T-1Y]}),{CACO0200[T-3Q]})),ifn({MF_FYE}=6,STDN(DIVIDE(SUM({PRFI0100},-{PRFI0100[T-1Q]}),{CACO0200}),DIVIDE({PRFI0100[T-1Q]},{CACO0200[T-1Q]}),DIVIDE(SUM({PRFI0100[T-2Q]}, - {PRFI0100[T-3Q]}),{CACO0200[T-2Q]}),DIVIDE(SUM({PRFI0100[T-3Q]}, - {PRFI0100[T-1Y]}),{CACO0200[T-3Q]})),ifn({MF_FYE}=9,STDN(DIVIDE(SUM({PRFI0100},-{PRFI0100[T-1Q]}),{CACO0200}),DIVIDE(SUM({PRFI0100[T-1Q]}, - {PRFI0100[T-2Q]}),{CACO0200[T-1Q]}),DIVIDE({PRFI0100[T-2Q]},{CACO0200[T-2Q]}),DIVIDE(SUM({PRFI0100[T-3Q]}, - {PRFI0100[T-1Y]}),{CACO0200[T-3Q]})),ifn({MF_FYE}=0,STDN(DIVIDE(SUM({PRFI0100},-{PRFI0100[T-1Q]}),{CACO0200}),DIVIDE(SUM({PRFI0100[T-1Q]}, - {PRFI0100[T-2Q]}),{CACO0200[T-1Q]}),DIVIDE(SUM({PRFI0100[T-2Q]}, - {PRFI0100[T-3Q]}),{CACO0200[T-2Q]}),DIVIDE({PRFI0100[T-3Q]},{CACO0200[T-3Q]})),1/0))))""";;
"IRRBB179,Share of NMDs in total BB liabilities,""COALESCE((DIVIDE(SUM({T(J_02.00)R(0270,0310,0350,0390)C(0010)S(*)}),SUM({T(J_02.00)R(0200)C(0010)S(*)}))),(DIVIDE(SUM({T(J_03.00)R(0270,0310,0350,0390)C(0010)S(*)}),SUM({T(J_03.00)R(0200)C(0010)S(*)}))))""";;
LIQ74,deposits from households,For the formula specification please see the latest version of SUBA derived variables and indicators: https://darwin.escb.eu/livelink/livelink/app/nodes/1878940265;;
"CRED352,Coverage ratio for all non performing debt instruments including held for sale,""DIVIDE(-SUM({T(F_18.00.b)R(0330,0335)C(0150)}),SUM({T(F_18.00.a)R(0330,0335)C(0060)}))""";;
"LIQV0184,3Y Forecast for Long-term Debt Securities,""COALESCE({T(P_01.02)R(180)C(050)},0)""";;
"CAP131,Leverage ratio headroom above OLRR and P2G (phased-in) as % of Leverage Exposure,""SUM({CAP70},-{IDCARD688})""";;
"LIQV0095,ABS securities issued,""SUM({T(F_08.01.a)R(0380)C(0010,0020,0030)})""";;
"IRRBB213,Average repricing time Loan and advancess secured by RRE: Parallel Shock Down - Behavioral Baseline,""SUM(({T(J_08.00.b)R(0190)C(0060)S(*)}-{T(J_08.00.b)R(0190)C(0040)S(*)})*DIVIDE({T(J_08.00.a)R(0190)C(0010)S(*)},SUM({T(J_08.00.a)R(0190)C(0010)S(*)})))""";;
"OPER6,Ratio operational risk capital requirements to total capital requirements,""DIVIDE({CACE0500}, {CACE0800})""";;
CAP93,OCR: to be made up of CET1 capital,{T(C_03.00)R(0170)C(0010)};;
MR_NRMR_EQR_SBM_1,Capital requirements proxy for Equity risk in the banking book,For the formula specification please see the latest version of SUBA derived variables and indicators: https://darwin.escb.eu/livelink/livelink/app/nodes/1821262705;;
LIQV0010,short term (1Y) money due from credit institutions,SUM({T(C_66.01.a)R(0620)C(0030-0190)S(0010)});;
MRCE0402,Total capital requirements for banks using internal models - Previous day VaR,{T(C_24.00)R(0010)C(0040)};;
IDCARD671,T1 ratio (fully loaded) Numerator,{T(C_01.00)R(0015)C(0010)};;
SNL243500,Employees,For the formula specification please see the latest version of SUBA derived variables and indicators: https://darwin.escb.eu/livelink/livelink/app/nodes/1760025303;;
"OPER21,Ratio loss amount for retail brokerage to total loss amount,""DIVIDE({ORCE1603}, {OPER53})""";;
"LIQ226,Share in Funding Concentration per Counterparty Sector: General governments (eba_CT:x1),""DIVIDE(SUM(LOGICAL({T(C_67.00.a)R(0020-0110)C(0030)S(0010)} EQ 'EBA:CT(x1)') * {T(C_67.00.a)R(0020-0110)C(0060)S(0010)}), {LIQV0004})""";;
"CRED125,Breakdown of total loans by NACE economic sector - Non-financial corporations,""DIVIDE({T(F_06.01)R(0190)C(0010)},SUM({T(F_18.00.a)R(0070)C(0010)},{T(F_18.00.a)R(0191)C(0010)},{T(F_18.00.a)R(0221)C(0010)}))""";;
"LANP0300a,Total loans and advances. Non-Performing. Gross carrying amount.,""COALESCE(SUM({T(F_18.00.a)R(0005,0070,0191,0221)C(0060)}),SUM(-{T(F_18.00.a_dp)R(0010)C(0060)},{T(F_18.00.a_dp)R(0180,0191,0221)C(0060)}))""";;
"CRED191,""Traditional securitisation, outstanding amount, sponsor, on-balance sheet items"",""DIVIDE(SUM({STCE0105}, {STCE0305}), {BSFA0200})""";;
IDCARD72,Credit Risk RWA,{T(C_02.00.a)R(0040)C(0010)};;
CRED477,Total notional amount of senior tranches of originated SRT securitizations,SUM(LOGICAL({T(C_14.00)R(*)C(0110)}='EBA:qRP(qx2020)' AND {T(C_14.00)R(*)C(0061)}='EBA:RT(x15)')*{T(C_14.00)R(*)C(0230)});;
MR_PRR_XVA_BWL_1,3-year weighted volatility of quarterly xVA changes to Total CET1,For the formula specification please see the latest version of SUBA derived variables and indicators: https://darwin.escb.eu/livelink/livelink/app/nodes/1821262705;;
"MARK9_B,Breakdown of financial assets designated at FVPL: Loans and advances,""DIVIDE({MRFA1400_1}, {BSFA3300_1})""";;
"LIQ73,Non-financial corporations deposits,""sum({BSFL3600},{BSFL3700},{BSFL3800})""";;
"PRFI1100,Profit or loss after tax from continuing operations,""COALESCE({T(F_02.00)R(0630)C(0010)},{T(F_02.00_dp)R(0630)C(0010)},{SPE.DPI(PRFI1100)})""";;
"PROF5_ANNUAL_ONEOFF,""Cost/income ratio, excluding one-offs"",For the formula specification please see the latest version of SUBA derived variables and indicators: https://darwin.escb.eu/livelink/livelink/app/nodes/1821262705";;
"LIQ302,3Y Forecasted Growth for Innovative Instruments,""IFN({LIQV0196}=0 AND {LIQV0190}=0,0,IFN({LIQV0190}=0,1,DIVIDE({LIQV0196}-{LIQV0190},{LIQV0190})))""";;
"PROF93,NFC loans coming from the main business sector by NACE codes/ Total NFC loans,""MAX({T(F_06.01)R(0010)C(0010)}/{T(F_06.01)R(0190)C(0010)},{T(F_06.01)R(0020)C(0010)}/{T(F_06.01)R(0190)C(0010)},{T(F_06.01)R(0030)C(0010)}/{T(F_06.01)R(0190)C(0010)},{T(F_06.01)R(0040)C(0010)}/{T(F_06.01)R(0190)C(0010)},{T(F_06.01)R(0050)C(0010)}/{T(F_06.01)R(0190)C(0010)},{T(F_06.01)R(0060)C(0010)}/{T(F_06.01)R(0190)C(0010)},{T(F_06.01)R(0070)C(0010)}/{T(F_06.01)R(0190)C(0010)},{T(F_06.01)R(0080)C(0010)}/{T(F_06.01)R(0190)C(0010)},{T(F_06.01)R(0090)C(0010)}/{T(F_06.01)R(0190)C(0010)},{T(F_06.01)R(0100)C(0010)}/{T(F_06.01)R(0190)C(0010)},{T(F_06.01)R(0105)C(0010)}/{T(F_06.01)R(0190)C(0010)},{T(F_06.01)R(0110)C(0010)}/{T(F_06.01)R(0190)C(0010)},{T(F_06.01)R(0120)C(0010)}/{T(F_06.01)R(0190)C(0010)},{T(F_06.01)R(0130)C(0010)}/{T(F_06.01)R(0190)C(0010)},{T(F_06.01)R(0140)C(0010)}/{T(F_06.01)R(0190)C(0010)},{T(F_06.01)R(0150)C(0010)}/{T(F_06.01)R(0190)C(0010)},{T(F_06.01)R(0160)C(0010)}/{T(F_06.01)R(0190)C(0010)},{T(F_06.01)R(0170)C(0010)}/{T(F_06.01)R(0190)C(0010)},{T(F_06.01)R(0180)C(0010)}/{T(F_06.01)R(0190)C(0010)})""";;
"PRFI0100_Annual,Annual net interest income (quarter to quarter),""SUM({PRFI0100}, ifn({MF_FYE}=0, 0, ifn({MF_FYE}=3, {PRFI0100[T-1Q]}-{PRFI0100[T-1Y]}, ifn({MF_FYE}=6, {PRFI0100[T-2Q]}-{PRFI0100[T-1Y]}, ifn({MF_FYE}=9, {PRFI0100[T-3Q]}-{PRFI0100[T-1Y]}, 1/0)))))""";;
"PROF1,Profitability of the income (after tax),""DIVIDE(SUM({PRFI1100}, {PRFI2000}), SUM({PRFI0100}, {PRFI0300}))""";;
"MARK128_C,Change in the total general government exposures over the past 6 months,""DIVIDE({MARK139},{MARK139[T-2Q]})-1""";;
"IDCARD406_LSI,""Other assets, incl. FV changes of the hedged items and held for sale"",""COALESCE({T(F_01.01)R(0360)C(0010)}+{T(F_01.01)R(0370)C(0010)}+{T(F_01.01)R(0250)C(0010)},{T(F_01.01.dp)R(0360)C(0010)}+{T(F_01.01.dp)R(0370)C(0010)}+{T(F_01.01.dp)R(0250)C(0010)})""";;
"MARK10_B,(Financial assets held for trading + financial assets designated at FVPL) / Total assets,""DIVIDE(SUM({CRFA1800}, {BSFA3300_1}), {BSFA0200})""";;
"IDCARD549,NII evolution,""SUM({IDCARD546},{IDCARD547})""";;
MR_RMR_BWL_WSTD_NUM_1,Support formula to calculate other KRIs.,For the formula specification please see the latest version of SUBA derived variables and indicators: https://darwin.escb.eu/livelink/livelink/app/nodes/1821262705;;
LIQST001,Survival Period Baseline case (days).,https://darwin.escb.eu/livelink/livelink?func=ll&objId=305648124&objAction=browse&viewType=1;;
CRED442,Credit institutions and other financial institutions: Outflow to NPLs (Abs.) [All L&A except HfT and HfS],{T(F_18.01)R(0030)C(0020)}*-1;;
"LIQ271,1Y Forecasted Growth of Derivatives Assets,""IFN({LIQV0162}=0 AND {LIQV0136}=0,0,IFN({LIQV0136}=0,1,DIVIDE({LIQV0162}-{LIQV0136},{LIQV0136})))""";;
"LIQV0155,Actual NSFR,""COALESCE({T(P_01.03)R(010)C(010)},0)""";;
"IRRBB259,""UL amount from total assets and liabilities (before hedges, behaviour and other economic value-relevant aspects) / Tier 1 capital"",""DIVIDE(SUM({SPE.DPI(IRRBBT3_r0010_c0020)},-{SPE.DPI(IRRBBT3_r0010_c0010)},-{SPE.DPI(IRRBBT3_r0050_c0020)},{SPE.DPI(IRRBBT3_r0050_c0010)}),{CACO0200})""";;
"LIQ94,Covered bonds ratio (% of total liabilities),""DIVIDE({LIQV0096}, {BSFL0500} - MIN({BSFA0300}, {BSFL0600}))""";;
"CRED450,Households: Coverage S1,""DIVIDE(-SUM({T(F_18.00.b)R(0150,0197)C(0141)}),SUM({T(F_18.00.a)R(0150,0197)C(0056)}))""";;
LIQ15,Loan to Stable Funding Ratio,For the formula specification please see the latest version of SUBA derived variables and indicators: https://darwin.escb.eu/livelink/livelink/app/nodes/1878940265;;
"CRED400,Central banks and general governments: Inflow to NPLs (Abs.) [All L&A except HfT and HfS],""SUM({T(F_18.01)R(0010)C(0010)}, {T(F_18.01)R(0020)C(0010)})""";;
MR_NRMR_SFX_BWL_SUM,Support formula to calculate other KRIs.,For the formula specification please see the latest version of SUBA derived variables and indicators: https://darwin.escb.eu/livelink/livelink/app/nodes/1821262705;;
"MARK96_B,Level 3 assets ( at fair value through other comprehensive income) / Assets at fair value through other comprehensive income,""DIVIDE({MRFA4900_1}, {CRFA2000_1}-{CRFA1900})""";;
CAP113,P2R (CET1),For the formula specification please see the latest version of SUBA derived variables and indicators: https://darwin.escb.eu/livelink/livelink/app/nodes/1878940265;;
"MR_PRR_FADJ_DENSITY_EQ,Total FVadj on Equities on total Equities exposure,""DIVIDE(SUM({SPE.DPI(MRT4_r0070_c0070)}, {SPE.DPI(MRT4_r0070_c0090)}, {SPE.DPI(MRT4_r0070_c0110)}, {SPE.DPI(MRT4_r0070_c0130)}, {SPE.DPI(MRT4_r0070_c0150)}, {SPE.DPI(MRT4_r0070_c0170)}, {SPE.DPI(MRT4_r0070_c0190)}, {SPE.DPI(MRT4_r0100_c0070)}, {SPE.DPI(MRT4_r0100_c0090)}, {SPE.DPI(MRT4_r0100_c0110)}, {SPE.DPI(MRT4_r0100_c0130)}, {SPE.DPI(MRT4_r0100_c0150)}, {SPE.DPI(MRT4_r0100_c0170)}, {SPE.DPI(MRT4_r0100_c0190)}), SUM({SPE.DPI(MRT4_r0070_c0010)}, {SPE.DPI(MRT4_r0100_c0010)}))""";;
"MARK113,Phase 1 report information Forex,""DIVIDE(SUM({MRCE2905}, {MRCE2915}) * {CACE1100}, SUM({MRCE0401}, {MRCE2000}) * {CACE0400})""";;
"CRED128,Herfindahl index built on NACE sector aggregated data,""DIVIDE(SUM({CRNA111A}**2, {CRNA111B}**2, {CRNA111C}**2, {CRNA111D}**2, {CRNA111E}**2, {CRNA111F}**2, {CRNA111G}**2, {CRNA111H}**2, {CRNA111I}**2, {CRNA111J}**2, {CRNA111L}**2, {CRNA111M}**2, {CRNA111N}**2, {CRNA111O}**2, {CRNA111P}**2, {CRNA111Q}**2, {CRNA111R}**2, {CRNA111S}**2, {CRNA1121}**2, {CRNA1122}**2, {CRNA1123}**2, {CRNA1130}**2), SUM({CRNA111A}, {CRNA111B}, {CRNA111C}, {CRNA111D}, {CRNA111E}, {CRNA111F}, {CRNA111G}, {CRNA111H}, {CRNA111I}, {CRNA111J}, {CRNA111L}, {CRNA111M}, {CRNA111N}, {CRNA111O}, {CRNA111P}, {CRNA111Q}, {CRNA111R}, {CRNA111S}, {CRNA1121}, {CRNA1122}, {CRNA1123}, {CRNA1130})**2)""";;
DQI1,Overall data quality indicator,ITS;;
"PRFI0400_LINEAR,Net trading income. Linear (YTD) annualization.,""({PRFI0400}*12)/IFN({MF_FYE}=0,12,{MF_FYE})""";;
"LIQV0090,CB credit facility,""COALESCE({T(C_72.00.a)R(0150)C(0010)},{SPE.DPI(C72R150C010)})""";;
"MARK63,Breakdown of market risk capital requirements under standardised approaches (SA) - traded debt instruments,""DIVIDE({CACE1600}, {CACE1000})""";;
"LANP0600A,Total loans and advances - Credit Institutions. Non-Performing. Gross carrying amount,""COALESCE(SUM({T(F_18.00.a)R(0100,0194,0224)C(0060)}),SUM({T(F_18.00.a_dp)R(0100,0194,0224)C(0060)}))""";;
"CRED215,Breakdown of loans to NFC by NACE economic sector: Education,""DIVIDE({T(F_06.01)R(0150)C(0010)},COALESCE(SUM({T(F_18.00.a)R(0070,0191,0221)C(0010)}),SUM({T(F_18.00.a.dp)R(0070,0191,0221)C(0010)})))""";;
"IRRBB104,Change in the economic value of equity under Steepener divided by Tier 1 capital,""DIVIDE({T(J_01.00)R(0060)C(0010)S(x1)}, {CACO0200})""";;
"CRED207,Breakdown of loans to NFC by NACE economic sector: Wholesale and retail trade,""DIVIDE({T(F_06.01)R(0070)C(0010)},COALESCE(SUM({T(F_18.00.a)R(0070,0191,0221)C(0010)}),SUM({T(F_18.00.a_dp)R(0070,0191,0221)C(0010)})))""";;
STCE0202,Total capital requirements before cap: off balance sheet items and derivatives as originator – traditional sec - SA,{T(C_13.01)R(0140)C(0740)}*0.08;;
"CRMAT_V402,Share of RWA for exposures to Central banks and General Governments over Total Credit RWA,""DIVIDE(SUM({T(C_02.00.a)R(0070,0080,0090,0100,0110,0260,0320)C(0010)}),{T(C_02.00.a)R(0040)C(0010)})""";;
"CRED128_N,HERFINDALHL INDEX ON NACE SECTORS FOR NFC PORTFOLIOS,""DIVIDE(SUM({T(F_06.01)R(0010)C(0010)}**2,{T(F_06.01)R(0020)C(0010)}**2,{T(F_06.01)R(0030)C(0010)}**2,{T(F_06.01)R(0040)C(0010)}**2,{T(F_06.01)R(0050)C(0010)}**2,{T(F_06.01)R(0060)C(0010)}**2,{T(F_06.01)R(0070)C(0010)}**2,{T(F_06.01)R(0080)C(0010)}**2,{T(F_06.01)R(0090)C(0010)}**2,{T(F_06.01)R(0100)C(0010)}**2,{T(F_06.01)R(0105)C(0010)}**2,{T(F_06.01)R(0110)C(0010)}**2,{T(F_06.01)R(0120)C(0010)}**2,{T(F_06.01)R(0130)C(0010)}**2,{T(F_06.01)R(0140)C(0010)}**2,{T(F_06.01)R(0150)C(0010)}**2,{T(F_06.01)R(0160)C(0010)}**2,{T(F_06.01)R(0170)C(0010)}**2,{T(F_06.01)R(0180)C(0010)}**2),SUM({T(F_06.01)R(0010-0180)C(0010)})**2)""";;
CACO5700,Total original own funds for general solvency purposes,For the formula specification please see the latest version of SUBA derived variables and indicators: https://darwin.escb.eu/livelink/livelink/app/nodes/1878940265;;
"CRED226,""Variation rate of loans to NFC by NACE economic sector - Electricity, gas, steam and air conditioning supply"",""DIVIDE({CRNA111D}-{CRNA111D[T-1Y]}, {CRNA111D[T-1Y]})""";;
"CRED202,Breakdown of loans to NFC by NACE economic sector: Mining and quarrying,""DIVIDE({T(F_06.01)R(0020)C(0010)},COALESCE(SUM({T(F_18.00.a)R(0070,0191,0221)C(0010)}),SUM({T(F_18.00.a_dp)R(0070,0191,0221)C(0010)})))""";;
"CRED415,Country risk: Top 1 country with highest exposure (% over total exposure),""DIVIDE(SUM(LOGICAL(RANK(SUM_DOMAIN(SUM_DOMAIN({T(F_20.04)R(0080,0140)C(0010,0011)S(*)}, 'ROW'), 'COLUMN'), 'DESC') IN [1])*(SUM_DOMAIN(SUM_DOMAIN({T(F_20.04)R(0080,0140)C(0010,0011)S(*)}, 'ROW'), 'COLUMN'))), {CRED411_DEN})""";;
"CRMAT_V131,Share of Loans and Advances to Households Other than Secured by RRE and Credit for consumption over Total Loans and Advances,""DIVIDE({CRMAT_A131},COALESCE(SUM({T(F_18.00.a)R(0070,0191,0221)C(0010)}),SUM({T(F_18.00.a.dp)R(0070,0191,0221)C(0010)})))""";;
"LIQ303,3Y Forecasted Growth for Public Funding,""IFN({LIQV0197}=0 AND {LIQV0191}=0,0,IFN({LIQV0191}=0,1,DIVIDE({LIQV0197}-{LIQV0191},{LIQV0191})))""";;
"LIQV0145,Actual Total Liabilities,""COALESCE(SUM({T(P_01.02)R(390)C(010)},-{T(P_01.02)R(370)C(010)}),0)""";;
"MR_RMR_FRTB_13,Impact of low correlation scenario on SBM OFR,""DIVIDE({T(C_91.00)R(0010)C(0070)} , {T(C_91.00)R(0010)C(0110)}) - 1""";;
MR_RMR_COM_BWL_SUM,Support formula to calculate other KRIs.,For the formula specification please see the latest version of SUBA derived variables and indicators: https://darwin.escb.eu/livelink/livelink/app/nodes/1821262705;;
"CRED49_1,Breakdown of total loans by type of Counterparty - Non-financial corporations,""COALESCE(DIVIDE(SUM({T(F_18.00.a)R(0120,0196,0226)C(0010)}),SUM({T(F_18.00.a)R(0070,0191,0221)C(0010)})),DIVIDE(SUM({T(F_18.00.a.dp)R(0120,0196,0226)C(0010)}),SUM({T(F_18.00.a.dp)R(0070,0191,0221)C(0010)})))""";;
"CRMAT_O201,Share Off-Balance sheet commitments to NFCs over Total On-Balance Sheet Loans and Advances,""COALESCE(DIVIDE(SUM({T(F_18.00.e)R(0390,0460,0530)C(0010)}),SUM({T(F_18.00.a)R(0070,0191,0221)C(0010)})),DIVIDE(SUM({T(F_18.00.e_dp)R(0390,0460,0530)C(0010)}),SUM({T(F_18.00.a_dp)R(0070,0191,0221)C(0010)})))""";;
"CRFA0600,Non performing loans and advances,""COALESCE(SUM({T(F_18.00.a)R(0005,0070,0191,0221)C(0060)}),SUM(-{T(F_18.00.a.dp)R(0010)C(0060)},{T(F_18.00.a.dp)R(0180,0191,0221)C(0060)}))""";;
"BSFL2600,Financial liabilities measured at fair value to profit or loss excluding those held for trading,""COALESCE(sum({T(F_01.02)R(0070)C(0010)},{T(F_01.02)R(0150)C(0010)}),sum({T(F_01.02_dp)R(0070)C(0010)},{T(F_01.02_dp)R(0150)C(0010)}),{SPE.DPI(BSFL2600)})""";;
"CLIM04,Share of gross fee and commission income from carbon intensive sectors in the NFC portfolio (non-EU),""DIVIDE({SPE.DPI(CLIMNIIU001090)}, {SPE.DPI(CLIMNIIU056090)})""";;
"PRFI4600_T1,Projected Net Trading (and Investment) Income at t+1,""SUM({T(P_04.01)R(280,285,287,290)C(020)})""";;
"CACE1301,Credit risk capital requirements: IRB exposure classes excluding securitisation positions: Central Government and Central Banks,""sum({T(C_02.00.a)R(0260)C(0010)},{T(C_02.00.a)R(0320)C(0010)})*0.08""";;
CRCE0206,Original exposure pre-conversion factors exposures class-by-exposure class (IRB): Institutions,{T(C_08.01.a)R(0010)C(0020)S(qx2018)};;
"MR_PNL_TB_EH,P&L from Economic hedges (Trading),""SUM({T(F_16.03)R(0015)C(0010)},-{T(F_16.03)R(0015)C(0010)[T-1Q]})""";;
BSFA0400,Investments in subs/JV/assoc,For the formula specification please see the latest version of SUBA derived variables and indicators: https://darwin.escb.eu/livelink/livelink/app/nodes/1878940265;;
"MR_PRR_FADJ_DENSITY_L3_DERIV,Total FVadj on L3 derivatives on total L3 derivatives exposure,""DIVIDE(SUM({SPE.DPI(MRT4_r0010_c0080)}, {SPE.DPI(MRT4_r0010_c0100)}, {SPE.DPI(MRT4_r0010_c0120)}, {SPE.DPI(MRT4_r0010_c0140)}, {SPE.DPI(MRT4_r0010_c0160)}, {SPE.DPI(MRT4_r0010_c0180)}, {SPE.DPI(MRT4_r0010_c0200)}), {SPE.DPI(MRT4_r0010_c0020)})""";;
"CRED456,Households: Outflow - Share of NPLs to HH at the end of last Quarter that become Performing in the Quarter,""DIVIDE({T(F_18.01)R(0100)C(0020)}, SUM({T(F_18.00.a)R(0150,0197,0227)C(0060)[T-1Q]}))*-1""";;
"BSFA0400,Investments in subs/JV/assoc,""COALESCE({T(F_01.01)R(0260)C(0010)},{T(F_01.01_dp)R(0260)C(0010)},{SPE.DPI(BSFA0400)})""";;
"MRFA4900_1,Financial assets at fair value through other comprehensive income: Fair value level 3,""COALESCE({T(F_14.00)R(0101)C(0030)},{SPE.DPI(MRFA4900)})""";;
MR_FVADS_THR,Threshold for triggering Market Risk flag in the P2R methodology,For the formula specification please see the latest version of SUBA derived variables and indicators: https://darwin.escb.eu/livelink/livelink/app/nodes/1821262705;;
"IDCARD77,Debt securities issued,""SUM({T(F_08.01.a)R(0360)C(0010,0020,0030,0034,0035)})""";;
"OPER66,Maximum single loss for external fraud,""COALESCE({T(C_17.01.a)R(0950)C(0020)}, {SPE.DPI(C17R930C20S)})""";;
"PROF4_quarterly,Quaterly Net revenue to total assets,""DIVIDE(SUM({PRFI0100},{PRFI0200},{PRFI0300},{PRFI0400},{PRFI0500},{PRFI0600},{PRFI0700}) - ifn({MF_FYE}=3, 0, ifn(({MF_FYE}=6) OR ({MF_FYE}=9) OR ({MF_FYE}=0), SUM({PRFI0100[T-1Q]},{PRFI0200[T-1Q]},{PRFI0300[T-1Q]},{PRFI0400[T-1Q]},{PRFI0500[T-1Q]},{PRFI0600[T-1Q]},{PRFI0700[T-1Q]}), 1/0)), {BSFA0200})""";;
"CRED82,""Inflows and outflows of Allowances by type of delinquencies, by type of counterparty - Credit institutions"",""DIVIDE(SUM(SUM({T(F_18.00.b)R(0100,0194,0224)C(0150)}),-SUM({T(F_18.00.b)R(0100,0194,0224)C(0150)[T-1Y]})),SUM({T(F_18.00.a)R(0100,0194,0224)C(0060)[T-1Y]}))""";;
"LIQ277,1Y Forecasted Growth of Long-term Debt Securities,""IFN({LIQV0168}=0 AND {LIQV0149}=0,0,IFN({LIQV0149}=0,1,DIVIDE({LIQV0168}-{LIQV0149},{LIQV0149})))""";;
"PRFI2300,Net Profit / Loss,""COALESCE({T(F_02.00)R(0670)C(0010)},{T(F_02.00.dp)R(0670)C(0010)},{SPE.DPI(PRFI2300)})""";;
"LIQ246,Share of Other Collateralised deposits in Asset Encumbrance sources,""DIVIDE(({T(F_32.04.b)R(0070)C(0030)}-{T(F_32.04.b)R(0080)C(0030)}),{T(F_32.04.b)R(0170)C(0030)})""";;
"CRMAT_V201,Share of Loans and Advances to NFCs over Total Loans and Advances,""COALESCE(DIVIDE(SUM({T(F_18.00.a)R(0120,0196,0226)C(0010)}),SUM({T(F_18.00.a)R(0070,0191,0221)C(0010)})),DIVIDE(SUM({T(F_18.00.a.dp)R(0120,0196,0226)C(0010)}),SUM({T(F_18.00.a.dp)R(0070,0191,0221)C(0010)})))""";;
"BSFL0300,Debt securities issued,""COALESCE({T(F_01.02)R(0050)C(0010)}+{T(F_01.02)R(0065)C(0010)}+{T(F_01.02)R(0090)C(0010)}+{T(F_01.02)R(0130)C(0010)}+{T(F_01.02)R(0143)C(0010)},{T(F_01.02.dp)R(0050)C(0010)}+{T(F_01.02.dp)R(0065)C(0010)}+{T(F_01.02.dp)R(0090)C(0010)}+{T(F_01.02.dp)R(0130)C(0010)}+{T(F_01.02.dp)R(0143)C(0010)},{SPE.DPI(BSFL0300)},{SPE.DPI(BSFL0300_LSI)})""";;
"LIQV0156,Planned 1Y LCR,""COALESCE({T(P_01.03)R(030)C(030)[T-1Y]},0)""";;
MREL_SUPPLY_TEM,Own funds and eligible liabilities as a percentage of the total exposure measure. External and internal MREL include a risk- and a leverage-based dimension which are both legally binding.,{T(M_01.00)R(0320)C(0010)};;
"CRED489,CCR exposure value not centrally cleared as a share of total CCR exposure value,""DIVIDE({T(C_34.02)R(0110)C(0170)S(0002)},{T(C_34.02)R(0110)C(0170)S(0001)})""";;
ORNE1637,Sum of five largest losses for retail brokerage,{T(C_17.01.a)R(0260)C(0080)};;
"LIQ132,CHF committed facilities / Total CBC,""DIVIDE({T(C_66.01.w)R(1090)C(0020)S(CHF)}, {T(C_66.01.x)R(1080)C(0010)S(CHF)})""";;
"CRED377,Share of Stage 3 on Total Loans,""DIVIDE(SUM({T(F_04.03.1)R(0110)C(0040)},{T(F_04.04.1)R(0070)C(0040)}),SUM({T(F_04.03.1)R(0110)C(0015,0030,0040)},{T(F_04.04.1)R(0070)C(0015,0030,0040)}))""";;
"OPER116,Total net loss amount for employment practices and workplace safety including loss adjustments relating to previous reporting periods,""SUM({OPER108},{T(C_17.01.a)R(0940)C(0030)})""";;
CACE1501,Credit risk capital requirements under IRB approaches when own estimates of LGD and/or conversion factors are used: IRB exposure classes excluding securitisation positions: Central Government and Central Banks,{T(C_02.00.a)R(0320)C(0010)}*0.08;;
IDCARD413_LSI,Risk weighted exposure amounts for credit and counterparty risk,{T(C_02.00.a)R(0040)C(0010)};;
"CRED211,Breakdown of loans to NFC by NACE economic sector: Real estate activities,""DIVIDE({T(F_06.01)R(0110)C(0010)},COALESCE(SUM({T(F_18.00.a)R(0070,0191,0221)C(0010)}),SUM({T(F_18.00.a.dp)R(0070,0191,0221)C(0010)})))""";;
"PROF72,Interest income from Households/ Total loans and advances interest income,""DIVIDE({T(F_16.01)R(0140)C(0010)},{T(F_16.01)R(0080)C(0010)})""";;
"GBDA0100,Total assets. Counterparties in SSM countries excluding Domestic country,""SUM(SUM({T(F_20.04)R(0010,0040,0080,0140)C(0010)S(AT,BE,BG,CY,EE,ES,FI,FR,DE,GR,HR,IE,IT,LV,LT,LU,MT,NL,PT,SI,SK)}),-SUM({T(F_20.04)R(0010,0040,0080,0140)C(0010)S(__DOM())}))""";;
RES001,Custody assets (total),{T(F_22.02)R(0060)C(0010)};;
"LIQV0205,1Y Forecast for Non-Financial Corporates Deposits,""COALESCE({T(P_01.02)R(060)C(030)},0)""";;
"SFIP0200,NSFR components. Retail deposits,""COALESCE(SUM({T(C_81.00.a)R(0070)C(0010-0030)}), SUM({T(C_83.00.a)R(0030)C(0010-0020)}))""";;
"MARK110,Phase 1 report information TDI,""DIVIDE(SUM({MRCE2901}, {MRCE2902}, {MRCE2911}, {MRCE2912}) * {CACE1100}, SUM({MRCE0401}, {MRCE2000}) * {CACE0400})""";;
"PRFI4600_ANNUAL_ONEOFF,""Trading income, excluding one-offs"",For the formula specification please see the latest version of SUBA derived variables and indicators: https://darwin.escb.eu/livelink/livelink/app/nodes/1821262705";;
"IDCARD17,Derivative liabilities,""COALESCE(SUM({T(F_01.02)R(0020,0062,0150)C(0010)}),SUM({T(F_01.02.dp)R(0020,0062,0150)C(0010)}),SUM({SPE.DPI(BSFL2300)},{SPE.DPI(BSFL0600)}))""";;
CRCE0606,Exposure value exposure class-by-exposure class (IRB): Institutions,{T(C_08.01.a)R(0010)C(0110)S(qx2018)};;
"PRFI6100,Three Year Average Net Trading (and Investment) Income,""MEAN({PRFI4600},{PRFI4600[T-1Y]},{PRFI4600[T-2Y]})""";;
IDCARD537,Pillar 1 Leverage Ratio requirement,{T(C_47.00)R(0410)C(0010)};;
IDCARD85,RWA for credit risk (top 3rd country),For the formula specification please see the latest version of SUBA derived variables and indicators: https://darwin.escb.eu/livelink/livelink/app/nodes/293814368;;
CACE1204,Credit risk capital requirements: SA exposure classes excluding securitisation positions: Multilateral Development Banks,{T(C_02.00.a)R(0100)C(0010)}*0.08;;
"MR_PRR_CVA_PIT,""OTC derivatives and SFTs exposed to CVA risk (Fair value) to Total Assets [Max(T, average 4 quarters)]"",""MAX({MR_PRR_CVA_SIZE},MEAN({MR_PRR_CVA_SIZE},{MR_PRR_CVA_SIZE[T-1Q]},{MR_PRR_CVA_SIZE[T-2Q]},{MR_PRR_CVA_SIZE[T-3Q]}))""";;
CRCE0502,Exposure value exposure class-by-exposure class (SA): Regional governments or local authorities,{T(C_07.00.a)R(0010)C(0200)S(qx23)};;
"CRED133,Increase of PD by Exposure class (for IRB and FIRB banks). FIRB Institutions,""DIVIDE({CRCM0116}-{CRCM0116[T-1Y]}, {CRCM0116[T-1Y]})""";;
STCE0305,Total exposure value: on balance sheet items as sponsor – traditional sec - IRB,{T(C_13.01)R(0330)C(0210)};;
ORCE1638,Loss adjustments for employment practices and workplace safety,{T(C_17.01.a)R(0940)C(0030)};;
MRFA3200,Financial assets held for trading: Debt securities - Central banks,{T(F_04.01)R(0070)C(0010)};;
"PRFI3400,Interest income,""COALESCE({T(F_02.00)R(0010)C(0010)},{T(F_02.00.dp)R(0010)C(0010)},{SPE.DPI(PRFI3400)})""";;
CAP119,AT1/T2 Gap,For the formula specification please see the latest version of SUBA derived variables and indicators: https://darwin.escb.eu/livelink/livelink/app/nodes/1821262705;;
"CRED430,Counterparty Credit Risk: SFTs lower quality collateral received/ Total Collateral received,""DIVIDE(SUM({T(C_34.08.a)R(0060,0070,0080)C(0090,0100,0110,0120,0130)}), SUM({T(C_34.08.a)R(0090)C(0010,0020,0030,0040,0090,0100,0110,0120,0130)}))""";;
"CRED391,Stage 2 coverage ratio,""DIVIDE(SUM(-{T(F_18.00.b)R(0070,0191)C(0142)}),SUM({T(F_18.00.a)R(0070,0191)C(0057)}))""";;
"CRFA3600_LSI,Loans and advances. Consumer credit,""COALESCE({T(F_18.00.a)R(0170)C(0010)},{T(F_18.00.a_dp)R(0170)C(0010)},{SPE.DPI(CRFA3600_LSI)})""";;
"IRRBB177,""Worst EVE projection (including parallel shock down, shorts rates shock down, steepener, flattener) divided by Tier 1 Capital"",""DIVIDE(MIN({T(J_01.00)R(0050)C(0010)S(x1)},{T(J_01.00)R(0090)C(0010)S(x1)},{T(J_01.00)R(0060)C(0010)S(x1)},{T(J_01.00)R(0070)C(0010)S(x1)}),{CACO0200} )""";;
"PRFI2000,Profit or loss after tax from discontinued operations,""COALESCE(sum({T(F_02.00)R(0640)C(0010)},{T(F_02.00)R(0632)C(0010)}),sum({T(F_02.00_dp)R(0640)C(0010)},{T(F_02.00_dp)R(0632)C(0010)}),{SPE.DPI(PRFI2000)})""";;
"LIQ285,3Y Forecasted Growth of Reverse Repurchase Agreements,""IFN({LIQV0176}=0 AND {LIQV0134}=0,0,IFN({LIQV0134}=0,1,DIVIDE({LIQV0176}-{LIQV0134},{LIQV0134})))""";;
"CRED253_1,Variation rate of NPLs by type of counterparty - Credit institutions and other financial corporations,""DIVIDE(SUM({T(F_18.00.a)R(0100,0110,0194,0195,0224,0225)C(0060)})-SUM({T(F_18.00.a)R(0100,0110,0194,0195,0224,0225)C(0060)[T-1Y]}),SUM({T(F_18.00.a)R(0100,0110,0194,0195,0224,0225)C(0060)[T-1Y]}))""";;
"CRED246,Inflow of non-performing loans of the year / Performing loans at the end of the previous year (including interbank exposures),""DIVIDE( SUM(COALESCE(SUM({T(F_18.00.a)R(0070,0191,0221)C(0060)}) ,SUM({T(F_18.00.a.dp)R(0070,0191,0221)C(0060)})) ,-COALESCE(SUM({T(F_18.00.a)R(0070,0191,0221)C(0060)[T-1Y]}) ,SUM({T(F_18.00.a.dp)R(0070,0191,0221)C(0060)[T-1Y]}))) , SUM(COALESCE({T(F_18.00.a)R(0070,0191,0221)C(0010)[T-1Y]},{T(F_18.00.a.dp)R(0070,0191,0221)C(0010)[T-1Y]}), -COALESCE({T(F_18.00.a)R(0070,0191,0221)C(0060)[T-1Y]} ,{T(F_18.00.a.dp)R(0070,0191,0221)C(0060)[T-1Y]})))""";;
"PRFI3400,Interest income,""COALESCE({T(F_02.00)R(0010)C(0010)},{T(F_02.00_dp)R(0010)C(0010)},{SPE.DPI(PRFI3400)})""";;
"LIQV0203,Actual Financial Corporates Deposits,""COALESCE(SUM({T(P_01.02)R(130,140)C(010)}),0)""";;
IDCARD535,Leverage ratio (transitional) - Numerator,{T(C_47.00)R(0320)C(0010)};;
"LIQV0190,Actual Innovative Instruments,""COALESCE({T(P_02.03)R(010)C(010)},0)""";;
"CRED396,Central banks and general governments: Coverage S1,""DIVIDE(-SUM({T(F_18.00.b)R(0080,0090,0192,0193)C(0141)}),SUM({T(F_18.00.a)R(0080,0090,0192,0193)C(0056)}))""";;
"CRED310,NPL Forbearance ratio over total forbearance,""DIVIDE(SUM({T(F_19.00.a)R(0070,0191,0221)C(0060)}),SUM({T(F_19.00.a)R(0070,0191,0221)C(0010)}))""";;
CAPA0012,(-) Excess deduction from AT1 items over AT1 Capital,{T(C_01.00)R(0440)C(0010)};;
"CAP106,G-SII Buffer (%),""DIVIDE({T(C_04.00)R(0800)C(0010)}, {CACE0900})""";;
MR_BWL_WEIGHTS_1,Support formula to calculate other KRIs.,For the formula specification please see the latest version of SUBA derived variables and indicators: https://darwin.escb.eu/livelink/livelink/app/nodes/1821262705;;
"LEV501_LSI,""Total value of exposures excluded from P1R LR (w/o IPS, IG, Basel) to TLRE"",""DIVIDE(-SUM({T(C_47.00)R(0252,0256,0257,0260,0261,0262,0263,0264,0265,0266,0267,0268,0900,0910)C(0010)}), {T(C_47.00)R(0290)C(0010)})""";;
"CRED46_1,Breakdown of total loans by type of Counterparty - General governments,""DIVIDE(SUM({T(F_18.00.a)R(0090,0193,0223)C(0010)}),SUM({T(F_18.00.a)R(0070,0191,0221)C(0010)}))""";;
IDCARD81,Operational Risk RWA,{T(C_02.00.a)R(0590)C(0010)};;
"LIQV0078,5Y covered bonds spread (in basis points),""COALESCE({T(C_69.00.a)R(0065)C(0150)S(0010)}, {SPE.DPI(C69R060C150)})""";;
"BSFA0900,Tangible assets,""COALESCE({T(F_01.01)R(0270)C(0010)},{T(F_01.01_dp)R(0270)C(0010)},{SPE.DPI(BSFA0900)})""";;
"PRFI6200,Gains and losses on financial assets and liabilities,""COALESCE(SUM({T(F_02.00)R(0280,0285,0287,0290)C(0010)}), SUM({T(F_02.00_dp)R(0280,0285,0287,0290)C(0010)}))""";;
"LIQ111,Illiquid assets ratio,""DIVIDE(SUM({CRNA1130},{CRFA0603},{CRFA0604},{CRFA0605}), SUM({BSFA0200},-MIN({BSFA0300}, {BSFL0600})))""";;
"CRED99,Composition of securitised exposures. Securitised exposures by type of assets / Total securitised assets - Loans to corporates or SMEs (treated as corporates),""DIVIDE({STCE0613}, SUM({STCE0609}, {STCE0610}, {STCE0611}, {STCE0612}, {STCE0613}, {STCE0614}, {STCE0615}, {STCE0616}))""";;
IDCARD527,loans to other financial corporations,For the formula specification please see the latest version of SUBA derived variables and indicators: https://darwin.escb.eu/livelink/livelink/app/nodes/1878940265;;
"LIQ41,Short term wholesales funding ratio,""DIVIDE({LIQV0084} - {LIQV0085}, {LIQV0110})""";;
"LANP0800,Loans and advances at amortised cost. Accumulated impairment on non-performing exposure,""COALESCE(SUM({T(F_18.00.b)R(0005,0070)C(0150)}),SUM(-{T(F_18.00.b_dp)R(0010)C(0150)},{T(F_18.00.b_dp)R(0180)C(0150)}),{SPE.DPI(LANP0800)})""";;
CACE1206,Credit risk capital requirements: SA exposure classes excluding securitisation positions: Institutions,{T(C_02.00.a)R(0120)C(0010)}*0.08;;
"LRLM0200,Total stock of high quality liquid assets plus usage of alternative treatment,""COALESCE({T(C_76.00.a)R(0010)C(0010)},{SPE.DPI(LRLM0200)})""";;
"IDCARD412_LSI,Tax expenses,""COALESCE({T(F_02.00)R(0620)C(0010)}+{T(F_02.00)R(0634)C(0010)}+{T(F_02.00)R(0660)C(0010)},{T(F_02.00.dp)R(0620)C(0010)}+{T(F_02.00.dp)R(0634)C(0010)}+{T(F_02.00.dp)R(0660)C(0010)})""";;
CRED393_B_THR,Threshold for triggering Credit Risk flag in the P2R methodology,For the formula specification please see the latest version of SUBA derived variables and indicators: https://darwin.escb.eu/livelink/livelink/app/nodes/1821262705;;
"IRRBB21,Change in the forecasted net interest income of the banking book under parallel interest rate increase / decrease of 200 bps (worst of both shifts) divided by Total equity,""ifn((ISNULL({T(J_01.00)R(0130)C(0010)S(x1)}) = 0) AND (ISNULL({T(J_01.00)R(0140)C(0010)S(x1)}) = 0) AND (ISNULL({BSFE0100})  = 0), MIN(DIVIDE({T(J_01.00)R(0130)C(0010)S(x1)}, {BSFE0100}), DIVIDE({T(J_01.00)R(0140)C(0010)S(x1)}, {BSFE0100}), 0), 1/0)""";;
IDCARD40,Derivatives,For the formula specification please see the latest version of SUBA derived variables and indicators: https://darwin.escb.eu/livelink/livelink/app/nodes/1878940265;;
"LIQV0128,Planned 1Y Reverse Repurchase Agreements,""COALESCE({T(P_01.01)R(020)C(030)[T-1Y]},0)""";;
"LANP0700,Total Loans and advances. Accumulated impairment (except HFT),""COALESCE(SUM({T(F_18.00.b)R(0005,0070,0191,0221)C(0130)}),SUM(-{T(F_18.00.b_dp)R(0010)C(0130)},{T(F_18.00.b_dp)R(0180,0191,0221)C(0130)}),{SPE.DPI(LANP0700)})""";;
"PRFI1100,Profit or loss after tax from continuing operations,""COALESCE({T(F_02.00)R(0630)C(0010)},{T(F_02.00.dp)R(0630)C(0010)},{SPE.DPI(PRFI1100)})""";;
"CRED463,Non Financial Coorporations: Movements among Stages S1-S2 (% of all movements),""DIVIDE({T(F_12.02)R(0120)C(0010)},SUM({T(F_12.02)R(0120)C(0010,0020,0030,0040,0050,0060)}))""";;
"PRFI4000_QUARTERLY,""Quarterly Impairments, excluding one-offs"",""{PRFI4000}-IFN({MF_FYE}=3, 0, IFN(({MF_FYE}=6) OR ({MF_FYE}=9) OR ({MF_FYE}=0), {PRFI4000[T-1Q]}, 1/0))""";;
CAP96,OCR and P2G: to be made up of CET1 capital,{T(C_03.00)R(0200)C(0010)};;
"STCE0610,Total securitised exposures. Commercial mortgages,""COALESCE(SUM(LOGICAL({T(C_14.00)R(*)C(0160)}EQ'EBA:UE(x1)')*{T(C_14.00)R(*)C(0140)}),{SPE.DPI(STCE0610)})""";;
"LIQV0080,10Y unsecured wholesale deposits spread (in basis points),""COALESCE({T(C_69.00.a)R(0030)C(0170)S(0010)}, {SPE.DPI(C69R030C170)})""";;
"CRFA2600,Allowances for individually and collectively assessed loans and advances: decreases due to amounts reversed for estimated loan losses during the period,""SUM(-{T(F_12.01.a)R(0080,0250,0430,0670)C(0030)})""";;
"LIQ236,Share in Buffer Concentration per Issuer Sector: Credit institutions (eba_CT:x12),""DIVIDE(SUM(LOGICAL({T(C_71.00.a)R(0020-0110)C(0030)S(0010)} EQ 'EBA:CT(x12)') * {T(C_71.00.a)R(0020-0110)C(0080)S(0010)}), {LIQV0012})""";;
"CRED453,Households: Inflow - Share of NPLs to HH at the end of last Quarter that become Non- Performing in the Quarter,""DIVIDE({T(F_18.01)R(0100)C(0010)}, SUM({T(F_18.00.a)R(0150,0197,0227)C(0060)[T-1Q]}))""";;
IDCARD88,Assets (top 2nd country),For the formula specification please see the latest version of SUBA derived variables and indicators: https://darwin.escb.eu/livelink/livelink/app/nodes/293814368;;
"PROF173,Forecast error Average CRA,""IFN(ISNULL(MEAN({PROF165},{PROF166})),{PROF165},IFN(ISNULL(MEAN({PROF165},{PROF166},{PROF167})),MEAN({PROF165},{PROF166}),MEAN({PROF165},{PROF166},{PROF167})))""";;
"CRED316,NPL Forbearance ratio - Other financial corporations,""DIVIDE(SUM({T(F_19.00.a)R(0110,0195,0225)C(0060)}),SUM({T(F_19.00.a)R(0110,0195,0225)C(0010)}))""";;
"CRED492,Derivatives CCR exposure value as a share of total CCR exposure value,""DIVIDE(SUM({T(C_34.02)R(0010-0030)C(0170)S(0001)}, {T(C_34.02)R(0060-0070)C(0170)S(0001)}) ,{T(C_34.02)R(0110)C(0170)S(0001)})""";;
PRFI1200,ow: attributable to owners of the parent,For the formula specification please see the latest version of SUBA derived variables and indicators: https://darwin.escb.eu/livelink/livelink/app/nodes/1878940265;;
"LIQ108,Long term funding ratio,""DIVIDE({LIQV0100},{LIQV0101})""";;
"MRFA1300_1,Financial assets designated at fair value through profit or loss: Debt securities,""COALESCE(SUM({T(F_01.01)R(0098,0120,0173)C(0010)}),SUM({T(F_01.01_dp)R(0098,0120,0173)C(0010)}),{SPE.DPI(MRFA1300)})""";;
"CRED23_LSI,Quality of the portfolio. Inflow of non-performing loans of the year / Performing loans at the end of the previous year (excluding interbank loans),""COALESCE(DIVIDE(SUM({LANP0300A}, -{LANP0600A}) - SUM({LANP0300A[T-1Y]}, -{LANP0600A[T-1Y]}), SUM({CRFA0100[T-1Y]}, -{LANP0400[T-1Y]}) - SUM({LANP0300A[T-1Y]}, -{LANP0600A[T-1Y]})), DIVIDE(SUM({LANP0300}, -{LANP0600}) - SUM({LANP0300[T-1Y]}, -{LANP0600[T-1Y]}), SUM({LANP0200[T-1Y]}, -{LANP0500[T-1Y]}) - SUM({LANP0300[T-1Y]}, -{LANP0600[T-1Y]})))""";;
"CAP103,Conservation Buffer due to macro-prudential or systemic risk identified at the level of a Member State (%),""DIVIDE({T(C_04.00)R(0760)C(0010)}, {CACE0900})""";;
"LANP0300,Loans and advances at amortised cost. Non-Performing. Gross carrying amount,""COALESCE(SUM({T(F_18.00.a)R(0005,0070)C(0060)}),SUM(-{T(F_18.00.a.dp)R(0010)C(0060)},{T(F_18.00.a.dp)R(0180)C(0060)}),{SPE.DPI(LANP0300)})""";;
CACO1200,Reserves,{T(C_01.00)R(0200)C(0010)};;
"LANP0600A,Total loans and advances - Credit Institutions. Non-Performing. Gross carrying amount,""COALESCE(SUM({T(F_18.00.a)R(0100,0194,0224)C(0060)}),SUM({T(F_18.00.a.dp)R(0100,0194,0224)C(0060)}))""";;
CRCE0515,Exposure value exposure class-by-exposure class (SA): Other items,{T(C_07.00.a)R(0010)C(0200)S(qx25)};;
"CRED88,LTV Ratio NPL by type of counterparty - Central Banks,""DIVIDE(SUM({T(F_18.00.d)R(0080,0192,0222)C(0200)},{T(F_18.00.c)R(0080,0192,0222)C(0210)}),SUM({T(F_18.00.a)R(0080,0192,0222)C(0060)}))""";;
"BSFA0900,Tangible assets,""COALESCE({T(F_01.01)R(0270)C(0010)},{T(F_01.01.dp)R(0270)C(0010)},{SPE.DPI(BSFA0900)})""";;
"CRED176,Credit risk capital requirements under IRB approaches when neither own estimates of LGD nor conversion factors are used: IRB exposure classes excluding securitisation positions: Central Government and Central Banks,""DIVIDE({CACE1401}*12.5, SUM({CACE0100}, {CACE0200})*12.5)""";;
CRED480,Total notional amount of First Loss tranches of originated SRT securitizations,SUM(LOGICAL({T(C_14.00)R(*)C(0110)}='EBA:qRP(qx2020)' AND {T(C_14.00)R(*)C(0061)}='EBA:RT(x15)')*{T(C_14.00)R(*)C(0250)});;
MRCE2915,Stressed VaR. Multiplication factor (ms) x average of previous 60 working days (SVaRavg): Foreign exchange risk,{T(C_24.00)R(0080)C(0050)};;
MR_RMR_BWL_SUM_1,Support formula to calculate other KRIs.,For the formula specification please see the latest version of SUBA derived variables and indicators: https://darwin.escb.eu/livelink/livelink/app/nodes/1821262705;;
"OPER107,Total net loss amount for external fraud excluding loss adjustments relating to previous reporting periods,""SUM({T(C_17.01.a)R(0920)C(0020)}, - {T(C_17.01.a)R(0970)C(0020)}, - {T(C_17.01.a)R(0980)C(0020)})""";;
"PRFI4600_QUARTERLY_ONEOFF,""Quarterly trading income, excluding one-offs"",For the formula specification please see the latest version of SUBA derived variables and indicators: https://darwin.escb.eu/livelink/livelink/app/nodes/1821262705";;
"CAP11,Composition of own funds: Eligible reserves,""DIVIDE({CACO0600}, {CACO0100})""";;
"BSFA3100,""Equity instruments other than held for trading and Investments in associates, subsidiaries jv"",""COALESCE(SUM({T(F_01.01)R(0110,0172,0176,0235)C(0010)}),SUM({T(F_01.01.dp)R(0110,0172,0176,0235)C(0010)}))""";;
"LIQ274,1Y Forecasted Growth of Repurchase Agreements,""IFN({LIQV0165}=0 AND {LIQV0146}=0,0,IFN({LIQV0146}=0,1,DIVIDE({LIQV0165}-{LIQV0146},{LIQV0146})))""";;
"MR_RMR_FRTB_15,Impact of all correlation scenarios on SBM OFR,""MAX(DIVIDE({T(C_91.00)R(0010)C(0070)},{T(C_91.00)R(0010)C(0110)}),DIVIDE( {T(C_91.00)R(0010)C(0150)},{T(C_91.00)R(0010)C(0110)}))-1""";;
"MARK14,Breakdown of financial liabilities held for trading - Short positions,""DIVIDE({BSFL2200}, {BSFL0400})""";;
"LIQV0166,1Y Forecast for Deposits,""COALESCE(SUM({T(P_01.02)R(020)C(030)},{T(P_01.02)R(060)C(030)},SUM({T(P_01.02)R(130,140)C(030)})),0)""";;
"CAP19,Composition of own funds: Share premium,""DIVIDE({CACO1000}, {CACO0100})""";;
LIQV0111,Total assets and received collateral,{T(F_32.01)R(0010)C(0010)}+{T(F_32.01)R(0010)C(0060)}+{T(F_32.02.a)R(0130)C(0010)}+{T(F_32.02.a)R(0130)C(0040)};;
"BSFA1000,Goodwill,""COALESCE({T(F_01.01)R(0310)C(0010)},{T(F_01.01.dp)R(0310)C(0010)},{SPE.DPI(BSFA1000)})""";;
"PRFI1300,Administration costs,""COALESCE(SUM({T(F_02.00)R(0360,0385)C(0010)}),SUM({T(F_02.00.dp)R(0360)C(0010)}),{SPE.DPI(PRFI1300)})""";;
"CRED83,""Inflows and outflows of Allowances by type of delinquencies, by type of counterparty - Other financial corporations"",""DIVIDE(SUM(SUM({T(F_18.00.b)R(0110,0195,0225)C(0150)}),-SUM({T(F_18.00.b)R(0110,0195,0225)C(0150)[T-1Y]})),SUM({T(F_18.00.a)R(0110,0195,0225)C(0060)[T-1Y]}))""";;
CRED247,Coverage ratio. Specific allowances for loans on Non-performing loans (alternative approach SPE2),For the formula specification please see the latest version of SUBA derived variables and indicators: https://darwin.escb.eu/livelink/livelink/app/nodes/1878940265;;
"LIQV0183,3Y Forecast for Short-term Debt Securities,""COALESCE({T(P_01.02)R(150)C(050)},0)""";;
"LIQ92,CD ratio (% of total liabilities),""DIVIDE({LIQV0094}, {BSFL0500} - MIN({BSFA0300}, {BSFL0600}))""";;
"MR_RMR_COM_SIZE,Trading derivative sensitive to COM (Fair value) to Total Assets,""DIVIDE(SUM({T(F_10.00)R(0250)C(0010,0020)}),2*{BSFA0200})""";;
MR_BWL_SUM_WM_1,Support formula to calculate other KRIs.,For the formula specification please see the latest version of SUBA derived variables and indicators: https://darwin.escb.eu/livelink/livelink/app/nodes/1821262705;;
"MARK59,Breakdown of net gains on financial assets and liabilities held for trading - Commodities and related derivatives,""DIVIDE({PRFI2500}, {PRFI0400})""";;
"PROF51,3Y average Cost of Risk,""DIVIDE({PRFI5100},MEAN({BSFA4100},{BSFA4100[T-1Y]},{BSFA4100[T-2Y]}))""";;
IDCARD78,ow: paid-in capital,For the formula specification please see the latest version of SUBA derived variables and indicators: https://darwin.escb.eu/livelink/livelink/app/nodes/1878940265;;
"IRRBB184,Average maturity of NMDs across types and currencies,""COALESCE(SUM(DIVIDE({T(J_08.00.a)R(0010)C(0010)S(*)},SUM({T(J_08.00.a)R(0010,0040,0070,0100)C(0010)S(*)}))*{T(J_08.00.b)R(0010)C(0040)S(*)},DIVIDE({T(J_08.00.a)R(0040)C(0010)S(*)},SUM({T(J_08.00.a)R(0010,0040,0070,0100)C(0010)S(*)}))*{T(J_08.00.b)R(0040)C(0040)S(*)},DIVIDE({T(J_08.00.a)R(0070)C(0010)S(*)},SUM({T(J_08.00.a)R(0010,0040,0070,0100)C(0010)S(*)}))*{T(J_08.00.b)R(0070)C(0040)S(*)},DIVIDE({T(J_08.00.a)R(0100)C(0010)S(*)},SUM({T(J_08.00.a)R(0010,0040,0070,0100)C(0010)S(*)}))*{T(J_08.00.b)R(0100)C(0040)S(*)}),(SUM(DIVIDE({T(J_09.00.a)R(0010)C(0010)S(*)},SUM({T(J_09.00.a)R(0010,0040,0070,0100)C(0010)S(*)}))*{T(J_09.00.b)R(0010)C(0040)S(*)},DIVIDE({T(J_09.00.a)R(0040)C(0010)S(*)},SUM({T(J_09.00.a)R(0010,0040,0070,0100)C(0010)S(*)}))*{T(J_09.00.b)R(0040)C(0040)S(*)},DIVIDE({T(J_09.00.a)R(0070)C(0010)S(*)},SUM({T(J_09.00.a)R(0010,0040,0070,0100)C(0010)S(*)}))*{T(J_09.00.b)R(0070)C(0040)S(*)},DIVIDE({T(J_09.00.a)R(0100)C(0010)S(*)},SUM({T(J_09.00.a)R(0010,0040,0070,0100)C(0010)S(*)}))*{T(J_09.00.b)R(0100)C(0040)S(*)})))""";;
LIQST009,Funding deficit/surplus (as % of total assets) Adverse case 6 Month.,https://darwin.escb.eu/livelink/livelink?func=ll&objId=305648124&objAction=browse&viewType=1;;
"PROF5_BANKSTATS,Cost/income ratio - adapted (bankstats),""DIVIDE({IDCARD529_BANKSTATS}, {PRFI0800})""";;
"IRRBB193,Deposits from Natural persons <50k + SME < 100k / Total NMDs,""DIVIDE(SUM({SPE.DPI(IRRBBT5_r0030_c0010)},{SPE.DPI(IRRBBT5_r0070_c0010)}),{SPE.DPI(IRRBBT5_r0010_c0010)})""";;
"MARK52_abs,Net gains on financial assets and liabilities held for trading / Total operating income,""ABS(DIVIDE({PRFI0400}, {PRFI0800}))""";;
"OPER78,""Sum of the five largest losses for execution, delivery and process management"",{T(C_17.01.a)R(0960)C(0070)}";;
"CRED45_1,Breakdown of total loans by type of Counterparty - Central banks,""DIVIDE(SUM({T(F_18.00.a)R(0080,0192,0222)C(0010)}),SUM({T(F_18.00.a)R(0070,0191,0221)C(0010)}))""";;
IDCARD56,Other,For the formula specification please see the latest version of SUBA derived variables and indicators: https://darwin.escb.eu/livelink/livelink/app/nodes/1878940265;;
"CACE1307,Credit risk capital requirements: IRB exposure classes excluding securitisation positions: Corporates,""sum({T(C_02.00.a)R(0290)C(0010)},{T(C_02.00.a)R(0295)C(0010)},{T(C_02.00.a)R(0300)C(0010)},{T(C_02.00.a)R(0350)C(0010)},{T(C_02.00.a)R(0355)C(0010)},{T(C_02.00.a)R(0360)C(0010)})*0.08""";;
MRCE0921,Market risk capital requirements for SA banks: Traded debt instruments: General and specific risk reported in MKR SA TDI,{T(C_18.00)R(0010)C(0060)S(0001)};;
"BSFA0500,Loans and advances to credit institutions,""COALESCE(SUM({T(F_18.00.a)R(0100,0194,0224)C(0010)}),SUM({T(F_18.00.a.dp)R(0100,0194,0224)C(0010)}))""";;
"CRNA111F,Gross carrying amount of loans and advances to non-financial corporations - Construction,""COALESCE({T(F_06.01)R(0060)C(0010)},{SPE.DPI(CRNA111F)})""";;
"PROF123,Projected Total profit or loss after tax / Total assets at t+1,""DIVIDE({T(P_04.01)R(670)C(020)},MEAN({T(P_01.01)R(220)C(010)},{T(P_01.01)R(220)C(030)}))""";;
"MARK121_B,(Assets at fair value through other comprehensive income + FVPL assets and liabilities) / Total assets,""DIVIDE(SUM({CRFA2000_1},-{CRFA1900},{BSFA3300_1},{BSFL2600_1})/2, {BSFA0200})""";;
"CRFA0605,Loans and advances. Households,""COALESCE(SUM({T(F_18.00.a)R(0150,0197,0227)C(0010)}),SUM({T(F_18.00.a.dp)R(0150,0197,0227)C(0010)}),{SPE.DPI(CRFA0605)})""";;
CRED394_THR,Threshold for triggering Credit Risk flag in the P2R methodology,For the formula specification please see the latest version of SUBA derived variables and indicators: https://darwin.escb.eu/livelink/livelink/app/nodes/1821262705;;
"LIQV0196,3Y Forecast for Innovative Instruments,""COALESCE({T(P_02.03)R(010)C(050)},0)""";;
"CRED182,Credit risk capital requirements under IRB approaches when own estimates of LGD and / or conversion factors are used: IRB exposure classes excluding securitisation positions: Retail,""DIVIDE({CACE1508}*12.5, SUM({CACE0100}, {CACE0200})*12.5)""";;
"CRED219,Breakdown of total loans by NACE economic sector - Households: credit for consumption,""DIVIDE({T(F_05.01)R(0110)C(0060)},SUM({T(F_18.00.a)R(0070)C(0010)},{T(F_18.00.a)R(0191)C(0010)},{T(F_18.00.a)R(0221)C(0010)}))""";;
IRRBB174_THR,Threshold for triggering IRRBB flag in the P2R methodology,For the formula specification please see the latest version of SUBA derived variables and indicators: https://darwin.escb.eu/livelink/livelink/app/nodes/1821262705;;
"LIQV0040,Financial guarantees given,""SUM(LOGICAL({T(F_00.01)R(0010)C(0010)}='EBA:AS(x1)')*{T(F_09.01)R(0090)C(0010)},LOGICAL({T(F_00.01)R(0010)C(0010)}='EBA:AS(x2)')*SUM({T(F_09.01.1)R(0090)C(0010,0020,0030,0100,0120)}))""";;
"BSFL0100,deposits from banks,""COALESCE(sum({T(F_08.01.a)R(0160)C(0010)},{T(F_08.01.a)R(0160)C(0020)},{T(F_08.01.a)R(0160)C(0030)},{T(F_08.01.a)R(0160)C(0034)},{T(F_08.01.a)R(0160)C(0035)}),sum({T(F_08.01.a_dp)R(0160)C(0010)},{T(F_08.01.a_dp)R(0160)C(0020)},{T(F_08.01.a_dp)R(0160)C(0030)},{T(F_08.01.a_dp)R(0160)C(0034)},{T(F_08.01.a_dp)R(0160)C(0035)}),{SPE.DPI(BSFL0100)})""";;
CACE1000,Market risk capital requirements under simplifed standardised approaches,{T(C_02.00.a)R(0530)C(0010)}*0.08;;
"IDCARD325,Coverage ratio denominator (IDCARD129),""SUM({T(F_18.00.a)R(0070,0191,0221)C(0060)})""";;
"OPER16,Ratio gross loss amount for damage to physical assets to total gross loss amount,""DIVIDE({ORCE1614}, {OPER53})""";;
"LIQV0086,Liabilities providing stable funding in USD,""COALESCE(SUM({T(C_81.00.x)R(0010)C(0010-0030)S(USD)},-{T(C_81.00.w)R(0020)C(0010-0030)S(USD)}),SUM({T(C_83.00.x)R(0010)C(0010,0020)S(USD)}))""";;
"PRFI4100_ANNUAL,""Annualized Dividend Income, excluding trading dividend income"",""SUM({PRFI4100}, ifn({MF_FYE}=0, 0, ifn({MF_FYE}=3, {PRFI4100[T-1Q]}-{PRFI4100[T-1Y]}, ifn({MF_FYE}=6, {PRFI4100[T-2Q]}-{PRFI4100[T-1Y]}, ifn({MF_FYE}=9, {PRFI4100[T-3Q]}-{PRFI4100[T-1Y]}, 1/0)))))""";;
IDCARD87_LSI_MT,Geographical breakdown of assets. SSM country - Malta,{T(F_20.04)R(0010)C(0010)S(MT)}+{T(F_20.04)R(0040)C(0010)S(MT)}+{T(F_20.04)R(0080)C(0010)S(MT)}+{T(F_20.04)R(0140)C(0010)S(MT)};;
"PROF92,NFC loans coming from Other services (NACE code)/ Total NFC loans,""DIVIDE({T(F_06.01)R(0180)C(0010)},{T(F_06.01)R(0190)C(0010)})""";;
"PROF119,Size of Assets under Custody compared to total assets,""DIVIDE({T(F_22.02)R(0060)C(0010)},COALESCE({T(F_01.01)R(0380)C(0010)},{T(F_01.01_dp)R(0380)C(0010)}))""";;
"IDCARD409_LSI,Provisions & impairments,""COALESCE({T(F_02.00)R(0430)C(0010)}+{T(F_02.00)R(0455)C(0010)}+{T(F_02.00)R(0460)C(0010)}+{T(F_02.00)R(0510)C(0010)}+{T(F_02.00)R(0520)C(0010)},{T(F_02.00_dp)R(0430)C(0010)}+{T(F_02.00_dp)R(0455)C(0010)}+{T(F_02.00_dp)R(0460)C(0010)}+{T(F_02.00_dp)R(0510)C(0010)}+{T(F_02.00_dp)R(0520)C(0010)})""";;
"CRED385,Gross NPL ratio (excluding cash balances at central banks),""DIVIDE(SUM(COALESCE({T(F_18.00.a)R(0070,0191,0221)C(0060)}, {T(F_18.00.a.dp)R(0070,0191,0221)C(0060)})),SUM(COALESCE({T(F_18.00.a)R(0070,0191,0221)C(0010)},{T(F_18.00.a.dp)R(0070,0191,0221)C(0010)})))""";;
"OPER42_LSI,3-year average of the relevant indicator over Total Own Funds,""DIVIDE(SUM(MAX(0, SUM({ORCE0401}, {ORCE0501}, {ORCE0601}, {ORCE0701}, {ORCE0801}, {ORCE0901}, {ORCE1001}, {ORCE1101}, {ORCE1201}, {ORCE1301}, {ORCE1401}, {ORCE1501})), MAX(0, SUM({ORCE0402}, {ORCE0502}, {ORCE0602}, {ORCE0702}, {ORCE0802}, {ORCE0902}, {ORCE1002}, {ORCE1102}, {ORCE1202}, {ORCE1302}, {ORCE1402}, {ORCE1502})), MAX(0, SUM({ORCE0403}, {ORCE0503}, {ORCE0603}, {ORCE0703}, {ORCE0803}, {ORCE0903}, {ORCE1003}, {ORCE1103}, {ORCE1203}, {ORCE1303}, {ORCE1403}, {ORCE1503})))/3, {CACO0100})""";;
"IRRBB20,Change in the forecasted net interest income of the banking book under parallel interest rate increase / decrease of 200 bps (worst of both shifts) divided by Interest bearing assets,""ifn((ISNULL({T(J_01.00)R(0130)C(0010)S(x1)}) = 0) AND (ISNULL({T(J_01.00)R(0140)C(0010)S(x1)}) = 0) AND (ISNULL(SUM({CRFA0800},-{CRFA1600}))  = 0), MIN(DIVIDE({T(J_01.00)R(0130)C(0010)S(x1)}, SUM({CRFA0800},-{CRFA1600})), DIVIDE({T(J_01.00)R(0140)C(0010)S(x1)}, SUM({CRFA0800},-{CRFA1600})), 0), 1/0)""";;
"CRCE0601,Exposure value exposure class-by-exposure class (IRB): Central governments and central banks,""SUM({T(C_08.01.a)R(0010)C(0110)S(qx2021)},{T(C_08.01.a)R(0010)C(0110)S(qx2020)})""";;
LEV411B_LSI,Nominal value of additional own funds (SFTs),{LEV412B_LSI}*0.03;;
"LIQ262,Backtesting Planned vs Actual Derivatives Liabilities,""IFN({LIQV0150}=0 AND {LIQV0143}=0,0,IFN({LIQV0143}=0,1,DIVIDE({LIQV0150}-{LIQV0143},{LIQV0143})))""";;
"PRFI6401,Financial assets subject to impairment (LSIs - Gross carrying amount),""COALESCE(SUM({T(F_18.00.a)R(0010,0070,0181,0191,0221)C(0010)}),SUM({T(F_18.00.a.dp)R(0010,0070,0181,0191,0221)C(0010)}))""";;
"WS1NonEUCount,# of countries active outside SSM,""SUM(LOGICAL(SUM_DOMAIN(LOGICAL({T(F_20.04)R(0010,0040,0080,0140)C(0010)S(AD-WS,YE-ZW)}>=100),'ROW')+SUM_DOMAIN(LOGICAL({T(F_20.06)R(0010,0040,0070)C(0010)S(AD-WS,YE-ZW)}>=100),'ROW')>0))-{WS1EUCOUNT}""";;
"OPER38,Ratio sum of the five largest losses for asset management to sum across all business lines of the sums of the five largest business line losses,""DIVIDE({ORNE1642}, SUM({ORNE1635}, {ORNE1636}, {ORNE1637}, {ORNE1638}, {ORNE1639}, {ORNE1640}, {ORNE1641}, {ORNE1642}, {ORNE1643}))""";;
"PROF79,NFC loans coming from Construction (NACE code)/ Total NFC loans,""DIVIDE({T(F_06.01)R(0060)C(0010)},{T(F_06.01)R(0190)C(0010)})""";;
"IRRBB251,Average share of deposits subject to behavioral modelling,""SUM(DIVIDE({T(J_08.00.a)R(0010)C(0010)S(*)},SUM({T(J_08.00.a)R(0010,0040,0070,0100)C(0010)S(*)}))*{T(J_08.00.a)R(0010)C(0020)S(*)},DIVIDE({T(J_08.00.a)R(0040)C(0010)S(*)},SUM({T(J_08.00.a)R(0010,0040,0070,0100)C(0010)S(*)}))*{T(J_08.00.a)R(0040)C(0020)S(*)},DIVIDE({T(J_08.00.a)R(0070)C(0010)S(*)},SUM({T(J_08.00.a)R(0010,0040,0070,0100)C(0010)S(*)}))*{T(J_08.00.a)R(0070)C(0020)S(*)},DIVIDE({T(J_08.00.a)R(0100)C(0010)S(*)},SUM({T(J_08.00.a)R(0010,0040,0070,0100)C(0010)S(*)}))*{T(J_08.00.a)R(0100)C(0020)S(*)})""";;
IDCARD109,Total liabilities and equity,For the formula specification please see the latest version of SUBA derived variables and indicators: https://darwin.escb.eu/livelink/livelink/app/nodes/1878940265;;
"IDCARD50,Other assets,""COALESCE(SUM(SUM({T(F_01.01)R(0380)C(0010)}),-SUM({T(F_01.01)R(0010,0050,0091,0096,0100,0141,0171,0175,0181,0231,0234,0240,0260,0300)C(0010)})),SUM(SUM({T(F_01.01.dp)R(0380)C(0010)}),-SUM({T(F_01.01.dp)R(0010,0050,0091,0096,0100,0141,0171,0175,0181,0231,0234,0240,0260,0300)C(0010)})))""";;
"LIQV0096,Issued covered bonds,""SUM({T(F_08.01.a)R(0390)C(0010,0020,0030)})""";;
"CRED410_B,Support formula to calculate other KRIs.,""SUM({T(F_18.00.a)R(0020,0030,0182,0183,0212,0213)C(0010)})""";;
"CRED252_1,Variation rate of NPLs by type of counterparty - Central banks and general governments,""DIVIDE(SUM({T(F_18.00.a)R(0080,0090,0192,0193,0222,0223)C(0060)})-SUM({T(F_18.00.a)R(0080,0090,0192,0193,0222,0223)C(0060)[T-1Y]}),SUM({T(F_18.00.a)R(0080,0090,0192,0193,0222,0223)C(0060)[T-1Y]}))""";;
"PRFI1800,""Gains (losses) on financial assets and liabilities held for trading, net: Credit risk instruments and related derivatives"",""COALESCE({T(F_16.04)R(0040)C(0010)},{SPE.DPI(PRFI1800)})""";;
"LIQV0171,1Y Forecast for Total Equity,""COALESCE({T(P_01.02)R(370)C(030)},0)""";;
MR_RMR_IRR_BWL_WEIGHTS,Support formula to calculate other KRIs.,For the formula specification please see the latest version of SUBA derived variables and indicators: https://darwin.escb.eu/livelink/livelink/app/nodes/1821262705;;
"MR_FWL_CVA,Potential impacts coming from CVA risk to Total RWA,""-DIVIDE({T(C_25.01.a)R(0010)C(0280)},{CACE0900})""";;
"CRED205,Breakdown of loans to NFC by NACE economic sector: Water supply,""DIVIDE({T(F_06.01)R(0050)C(0010)},COALESCE(SUM({T(F_18.00.a)R(0070,0191,0221)C(0010)}),SUM({T(F_18.00.a_dp)R(0070,0191,0221)C(0010)})))""";;
IDCARD686,P2G (LR),{IDCARD688}-{IDCARD689};;
"PROF88,""NFC loans coming from Public administration and defence, compulsory social security (NACE code)/ Total NFC loans"",""DIVIDE({T(F_06.01)R(0140)C(0010)},{T(F_06.01)R(0190)C(0010)})""";;
"IRRBBMAT_5,Average weighted maturity Non-maturing deposits after modelling,""COALESCE(DIVIDE(SUM({T(J_08.00.a)R(0010)C(0010)S(*)}*{T(J_08.00.b)R(0010)C(0040)S(*)},{T(J_08.00.a)R(0040)C(0010)S(*)}*{T(J_08.00.b)R(0040)C(0040)S(*)},{T(J_08.00.a)R(0070)C(0010)S(*)}*{T(J_08.00.b)R(0070)C(0040)S(*)},{T(J_08.00.a)R(0100)C(0010)S(*)}*{T(J_08.00.b)R(0100)C(0040)S(*)}),SUM({T(J_08.00.a)R(0010,0040,0070,0100)C(0010)S(*)})),DIVIDE(SUM({T(J_09.00.a)R(0010)C(0010)S(*)}*{T(J_09.00.b)R(0010)C(0040)S(*)},{T(J_09.00.a)R(0040)C(0010)S(*)}*{T(J_09.00.b)R(0040)C(0040)S(*)},{T(J_09.00.a)R(0070)C(0010)S(*)}*{T(J_09.00.b)R(0070)C(0040)S(*)},{T(J_09.00.a)R(0100)C(0010)S(*)}*{T(J_09.00.b)R(0100)C(0040)S(*)}),SUM({T(J_09.00.a)R(0010,0040,0070,0100)C(0010)S(*)})))""";;
"PRFI4600_T3,Projected Net Trading (and Investment) Income at t+3,""SUM({T(P_04.01)R(280,285,287,290)C(040)})""";;
"CRMAT_V502,Share of RWA for Securitisation exposures over Total Credit RWA,""DIVIDE({T(C_02.00.a)R(0470)C(0010)},{T(C_02.00.a)R(0040)C(0010)})""";;
"CAP23,Composition of own funds: Reserves,""DIVIDE({CACO1200}, {CACO0100})""";;
"PROF98,Interest income from Deposits/ Total interest income,""DIVIDE({T(F_16.01)R(0160)C(0010)},{T(F_16.01)R(0270)C(0010)})""";;
"CRED476,Number of the originated SRT NPE Securitizations.,""SUM(LOGICAL({T(C_14.00)R(*)C(0110)}='EBA:qRP(qx2020)' AND {T(C_14.00)R(*)C(0061)}='EBA:RT(x15)' AND {T(C_14.00)R(*)C(0040)} IN ['EBA:RT(x20)', 'EBA:RT(x21)']))""";;
"IRRBBMAT_2,Absolute value of Derivatives over sum of total Assets and Liabilities,""COALESCE(DIVIDE(SUM(ABS({T(J_05.00.b)R(0140)C(0010,0260)S(*)}),ABS({T(J_05.00.b)R(0470)C(0010,0260)S(*)}),ABS({T(J_05.00.b)R(0530)C(0010,0260)S(*)})),SUM({T(J_05.00.b)R(0010)C(0010,0260)S(*)}+{T(J_05.00.b)R(0190)C(0010,0260)S(*)}+{T(J_05.00.b)R(0200)C(0010,0260)S(*)}+{T(J_05.00.b)R(0520)C(0010,0260)S(*)}+{T(J_05.00.b)R(0530)C(0010,0260)S(*)})),DIVIDE(SUM(ABS({T(J_06.00.b)R(0140)C(0010,0260)S(*)}),ABS({T(J_06.00.b)R(0470)C(0010,0260)S(*)}),ABS({T(J_06.00.b)R(0530)C(0010,0260)S(*)})),SUM({T(J_06.00.b)R(0010)C(0010,0260)S(*)}+{T(J_06.00.b)R(0190)C(0010,0260)S(*)}+{T(J_06.00.b)R(0200)C(0010,0260)S(*)}+{T(J_06.00.b)R(0520)C(0010,0260)S(*)}+{T(J_06.00.b)R(0530)C(0010,0260)S(*)})),DIVIDE(SUM(ABS({T(J_07.00.b)R(0140)C(0010,0260)S(*)}),ABS({T(J_07.00.b)R(0470)C(0010,0260)S(*)}),ABS({T(J_07.00.b)R(0530)C(0010,0260)S(*)})),SUM({T(J_07.00.b)R(0010)C(0010,0260)S(*)}+{T(J_07.00.b)R(0190)C(0010,0260)S(*)}+{T(J_07.00.b)R(0200)C(0010,0260)S(*)}+{T(J_07.00.b)R(0520)C(0010,0260)S(*)}+{T(J_07.00.b)R(0530)C(0010,0260)S(*)})))""";;
"MR_RMR_FRTB_29,Credit spread risk for securitisation not included in the alternative correlation trading portfolio (non-ACTP CSR) net sensitivity in relation to OFR,""DIVIDE({T(C_91.00)R(0040)C(0030)},{T(C_91.00)R(0040)C(0190)})""";;
"BSFA1000,Goodwill,""COALESCE({T(F_01.01)R(0310)C(0010)},{T(F_01.01_dp)R(0310)C(0010)},{SPE.DPI(BSFA1000)})""";;
"MR_PRR_VR_FWL_1,Potential impacts coming from valuation risk to Total CET1,""DIVIDE(SUM({T(C_01.00)R(0290)C(0010)}, -{T(C_91.00)R(0120)C(0190)}, -{T(C_91.00)R(0130)C(0190)}), {CACO5700})""";;
"PROF195,""Ratio of dividend income to dividend Income, excluding trading income"",""DIVIDE({PRFI4100},{PRFI0200})""";;
"LIQ245,Share of Repurchase agreements in Asset Encumbrance sources,""DIVIDE(({T(F_32.04.b)R(0050)C(0030)}-{T(F_32.04.b)R(0060)C(0030)}),{T(F_32.04.b)R(0170)C(0030)})""";;
PROF164,Forecast error CIR t-3,{PROF144}-{PROF156};;
"IDCARD37,VaR,""DIVIDE({MRCE0401},{MRCE2300})""";;
"MR_PRR_AVA_DENSITY_DERIV,Total AVA on derivatives on total derivatives exposure,""DIVIDE(SUM({SPE.DPI(MRT4_r0010_c0210)}, {SPE.DPI(MRT4_r0010_c0220)}, {SPE.DPI(MRT4_r0010_c0230)}, {SPE.DPI(MRT4_r0010_c0240)}, {SPE.DPI(MRT4_r0010_c0250)}), {SPE.DPI(MRT4_r0010_c0010)})""";;
"IRRBB144,Weighted average repricing maturity of NMDs [Wholesale non-financial],""SUM(COALESCE({T(J_08.00.b)R(0070)C(0040)S(*)}, {T(J_09.00.b)R(0070)C(0040)S(*)}) * DIVIDE(COALESCE({T(J_08.00.a)R(0070)C(0010)S(*)}, {T(J_09.00.a)R(0070)C(0010)S(*)}), SUM(COALESCE({T(J_08.00.a)R(0070)C(0010)S(*)}, {T(J_09.00.a)R(0070)C(0010)S(*)}))))""";;
"LIQ252,Backtesting Planned vs Actual Cash and Cash Balances at CBs,""IFN({LIQV0133}=0 AND {LIQV0127}=0,0,IFN({LIQV0127}=0,1,DIVIDE({LIQV0133}-{LIQV0127},{LIQV0127})))""";;
"CRED135,Increase of PD by Exposure class (for IRB and FIRB banks). FIRB Corporates,""DIVIDE({CRCM0117}-{CRCM0117[T-1Y]}, {CRCM0117[T-1Y]})""";;
"BSFL2000,Financial liabilities measured at amortised cost: Subordinated liabilities,""COALESCE(SUM({T(F_08.02)R(0030)C(0020,0030)}),SUM({T(F_08.02_dp)R(0030)C(0020,0030)}))""";;
"PRFI0500_1,Net gains on financial assets and liabilities designated at FVPL,""COALESCE({T(F_02.00)R(0287)C(0010)}+{T(F_02.00)R(0290)C(0010)},{T(F_02.00_dp)R(0287)C(0010)}+{T(F_02.00_dp)R(0290)C(0010)},{SPE.DPI(PRFI0500)})""";;
"IRRBB169,Change in NII of the banking book under parallel interest rate increase of 200bps divided by realized NII,""DIVIDE(SUM({IRNI1201},-{PRFI0100_ANNUAL}),{PRFI0100_ANNUAL})""";;
MR_NRMR_CSR_BWL_WEIGHTS,Support formula to calculate other KRIs.,For the formula specification please see the latest version of SUBA derived variables and indicators: https://darwin.escb.eu/livelink/livelink/app/nodes/1821262705;;
"CLIM25,Share of collateral with unknown EPC in RRE portfolio (non-EU),""DIVIDE({T(D_02.00.a)R(0080)C(0150)},{T(D_02.00.a)R(0060)C(0010)})""";;
"IDCARD411_LSI,Profit and losses before tax,""COALESCE({T(F_02.00)R(0610)C(0010)}+{T(F_02.00)R(0633)C(0010)}+{T(F_02.00)R(0650)C(0010)},{T(F_02.00_dp)R(0610)C(0010)}+{T(F_02.00_dp)R(0633)C(0010)}+{T(F_02.00_dp)R(0650)C(0010)})""";;
MR_NRMR_BWL_WEIGHTS_1,Support formula to calculate other KRIs.,For the formula specification please see the latest version of SUBA derived variables and indicators: https://darwin.escb.eu/livelink/livelink/app/nodes/1821262705;;
"LIQ79_LSI,Other financial liabilities incl. short positions,""COALESCE({T(F_01.02)R(0030)C(0010)}+{T(F_01.02)R(0060)C(0010)}+{T(F_01.02)R(0063)C(0010)}+{T(F_01.02)R(0066)C(0010)}+{T(F_01.02)R(0100)C(0010)}+{T(F_01.02)R(0140)C(0010)}+{T(F_01.02)R(0144)C(0010)},{T(F_01.02_dp)R(0030)C(0010)}+{T(F_01.02_dp)R(0060)C(0010)}+{T(F_01.02_dp)R(0063)C(0010)}+{T(F_01.02_dp)R(0066)C(0010)}+{T(F_01.02_dp)R(0100)C(0010)}+{T(F_01.02_dp)R(0140)C(0010)}+{T(F_01.02_dp)R(0144)C(0010)},{SPE.DPI(LIQ79_LSI)})""";;
"IDCARD407_LSI,Tax liabilities,""COALESCE({T(F_01.02)R(0240)C(0010)},{T(F_01.02_dp)R(0240)C(0010)},{SPE.DPI(IDCARD407_LSI)})""";;
"PRFI4000_T2,""Projected Net Interest Income, at t+2"",""SUM({T(P_04.01)R(010)C(030)},-{T(P_04.01)R(090)C(030)})""";;
OVERLAP_LRE,LR exposure of the Parent / LR exposure of the group,For the formula specification please see the latest version of SUBA derived variables and indicators: https://darwin.escb.eu/livelink/livelink/app/nodes/1821262705;;
"CACE1207,Credit risk capital requirements: SA exposure classes excluding securitisation positions: Corporates,""SUM({T(C_02.00.a)R(0125)C(0010)},{T(C_02.00.a)R(0131)C(0010)})*0.08""";;
MR_NRMR_EQR_FWL_SBM_1,Capital requirements proxy for Equity risk in the banking book to CET1,For the formula specification please see the latest version of SUBA derived variables and indicators: https://darwin.escb.eu/livelink/livelink/app/nodes/1821262705;;
"IDCARD532,Equity 4Q Average,""MEAN({BSFE0100},{BSFE0100[T-1Q]},{BSFE0100[T-2Q]},{BSFE0100[T-3Q]})""";;
ORCE1662,Gross loss from new events for employment practices and workplace safety,{T(C_17.01.a)R(0920)C(0030)};;
MR_RMR_EQR_BWL_WSTD_NUM,Support formula to calculate other KRIs.,For the formula specification please see the latest version of SUBA derived variables and indicators: https://darwin.escb.eu/livelink/livelink/app/nodes/1821262705;;
MR_NRMR_EQR_SBM_LC,Capital requirements proxy for Equity risk in the banking book – Low correlation scenario,For the formula specification please see the latest version of SUBA derived variables and indicators: https://darwin.escb.eu/livelink/livelink/app/nodes/1821262705;;
SUBCOUNT,# of subsidiaries in prudential scope of consolidation,SUM(LOGICAL({T(F_40.01)R(*)C(0130)} EQ 'EBA:RP(x1)'));;
"IRRBB244,Net Modified Duration (Modified Duration of Assets - Modified Duration of Liabilities),""SUM({IRRBB242}, -{IRRBB243})""";;
"CLIM10,Exposures to 7 key carbon-intensive sectors in the NFC portfolio as share of total NFC exposures (non-EU),""DIVIDE(SUM({T(D_01.00)R(0040,0050,0060,0070,0080,0190,0200,0230,0240,0250,0350,0470)C(0010)}, -{SPE.DPI(CLIMNII004010)}, -{SPE.DPI(CLIMNII005010)}, -{SPE.DPI(CLIMNII006010)}, -{SPE.DPI(CLIMNII007010)}, -{SPE.DPI(CLIMNII008010)}, -{SPE.DPI(CLIMNII019010)}, -{SPE.DPI(CLIMNII023010)}, -{SPE.DPI(CLIMNII035010)}, -{SPE.DPI(CLIMNII047010)}, -{SPE.DPI(CLIMNII020010)}, -{SPE.DPI(CLIMNII024010)}, -{SPE.DPI(CLIMNII025010)}), SUM({T(D_01.00)R(0560)C(0010)}, -{SPE.DPI(CLIMNII056010)}))""";;
"LEV5031,Volatility in the total of exposures excluded from P1R-LR,""DIVIDE(SUM({T(C_47.00)R(0240,0252,0256,0257,0260,0261,0262,0263,0264,0265,0266,0267)C(0010)}),SUM({T(C_47.00)R(0240,0252,0256,0257,0260,0261,0262,0263,0264,0265,0266,0267)C(0010)[T-1Y]}))""";;
"CRMAT_V303,Share of Debt securities Credit institutions and Other financial institutions over Total Debt instruments other than held for trading or held for sale,""COALESCE(DIVIDE(SUM({T(F_18.00.a)R(0040,0050,0184,0185,0214,0215)C(0010)}),SUM({T(F_18.00.a)R(0180,0201,0231)C(0010)})),DIVIDE(SUM({T(F_18.00.a_dp)R(0040,0050,0184,0185,0214,0215)C(0010)}),SUM({T(F_18.00.a_dp)R(0180,0201,0231)C(0010)})))""";;
"MR_RMR_MDL_3,Potential impacts coming from residual risk to Total RWA,""DIVIDE(SUM(-{T(C_91.00)R(0120)C(0190)}, -{T(C_91.00)R(0130)C(0190)}), {T(C_02.00.a)R(0010)C(0010)})""";;
"LIQV0149,Actual Long-term Debt Securities,""COALESCE({T(P_01.02)R(180)C(010)},0)""";;
"MARK27,Breakdown of OTC derivatives (assets) - Rest,""DIVIDE({MRFA2100}, SUM({MRFA1900}, {MRFA2000}, {MRFA2100}))""";;
"CAP24,Dynamics of own funds: Reserves,""DIVIDE({CACO1200}-{CACO1200[T-1Y]}, {CACO1200[T-1Y]})""";;
BSFL0500,Total liabilities,For the formula specification please see the latest version of SUBA derived variables and indicators: https://darwin.escb.eu/livelink/livelink/app/nodes/1878940265;;
"CRMAT_A921,Absolute volume of SFTS CCR RWEA,""SUM({T(C_34.02.b)R(0050,0080,0090,0100)C(0200)S(0001)})""";;
"LIQ260,Backtesting Planned vs Actual Short-term Debt Securities,""IFN({LIQV0148}=0 AND {LIQV0141}=0,0,IFN({LIQV0141}=0,1,DIVIDE({LIQV0148}-{LIQV0141},{LIQV0141})))""";;
"MRFA1000,ow: trading assets,""COALESCE({T(F_01.01)R(0080)C(0010)}+{T(F_01.01)R(0094)C(0010)},{T(F_01.01_dp)R(0080)C(0010)}+{T(F_01.01_dp)R(0094)C(0010)},{SPE.DPI(MRFA1000)})""";;
"CRMAT_V301,Share of Loans and Advances to Credit institutions and Other financial institutions over Total Loans and Advances,""COALESCE(DIVIDE(SUM({T(F_18.00.a)R(0100,0194,0224,0110,0195,0225)C(0010)}),SUM({T(F_18.00.a)R(0070,0191,0221)C(0010)})),DIVIDE(SUM({T(F_18.00.a.dp)R(0100,0194,0224,0110,0195,0225)C(0010)}),SUM({T(F_18.00.a.dp)R(0070,0191,0221)C(0010)})))""";;
"MR_RMR_EQR_FWL,Potential impacts coming from Items at FVPL sensitive to EQ to Total RWA,""COALESCE(DIVIDE(-COALESCE({T(C_91.00)R(0060)C(0190)} + 0.4*SUM({T(F_01.01)R(0110,0097,0172)C(0010)}),SUM(0.08*SUM({T(C_02.00.a)R(0550,0557)C(0010)}), 0.4*SUM({T(F_01.01)R(0110,0097,0172)C(0010)}))), {CACE0900}), DIVIDE(-COALESCE({T(C_91.00)R(0060)C(0190)} + 0.4*SUM({T(F_01.01_dp)R(0110,0097,0172)C(0010)}),SUM(0.08*SUM({T(C_02.00.a)R(0550,0557)C(0010)}), 0.4*SUM({T(F_01.01_dp)R(0110,0097,0172)C(0010)}))), {CACE0900}))""";;
"BSFA4200,""Total Assets, excluding non-Financial"",""COALESCE(SUM({T(F_01.01)R(0380)C(0010)},-SUM({T(F_01.01)R(0270,0300,0330,0360)C(0010)})),SUM({T(F_01.01_dp)R(0380)C(0010)},-SUM({T(F_01.01_dp)R(0270,0300,0330,0360)C(0010)})))""";;
MRFA3100,Financial assets held for trading: Equity instruments - Non-financial corporations,{T(F_04.01)R(0050)C(0010)};;
"PRFI5500,Loans subject to impairment granted to NFCs,""COALESCE(SUM({T(F_12.00)R(0450)C(0020,0030,0060,0080,0090,0100)}),SUM(SUM({T(F_12.01.a)R(0130,0300,0480)C(0020,0040,0050,0070,0090,0110,0120)}),SUM({T(F_12.01.a)R(0720)C(0040,0050,0070,0090,0110,0120)})))""";;
"IRRBB214,Economic value of equity under baseline scenario by Tier 1 Capital,""DIVIDE(SUM({SPE.DPI(IRRBBT2_r0010_c0050)}, - {SPE.DPI(IRRBBT2_r0160_c0050)}),{CACO0200})""";;
"CRMAT_V221,Share of Loans and Advances to SMEs over Total Loans and Advances,""DIVIDE({CRMAT_A221},COALESCE(SUM({T(F_18.00.a)R(0070,0191,0221)C(0010)}),SUM({T(F_18.00.a_dp)R(0070,0191,0221)C(0010)})))""";;
IDCARD77,Debt securities issued,For the formula specification please see the latest version of SUBA derived variables and indicators: https://darwin.escb.eu/livelink/livelink/app/nodes/1878940265;;
"PROF27,Net fee and commission income to total operating income,""DIVIDE({PRFI0300}, {PRFI0800})""";;
"CRED55,Increase of total loans by type of Counterparty / Total loans by type of Counterparty - Non-financial corporations,""DIVIDE({CRFA0604}-{CRFA0604[T-1Y]}, {CRFA0604[T-1Y]})""";;
ORCE1665,Gross loss from new events for business disruption and system failures,{T(C_17.01.a)R(0920)C(0060)};;
"LIQV0136,Actual Derivatives Assets,""COALESCE({T(P_01.01)R(200)C(010)},0)""";;
"BSFL0500,Total liabilities,""COALESCE({T(F_01.02)R(0300)C(0010)},{T(F_01.02.dp)R(0300)C(0010)},{SPE.DPI(BSFL0500)})""";;
"CRMAT_A621,Absolute volume of Held for sale portfolio,""COALESCE({T(F_18.00.a)R(0335)C(0010)},{T(F_18.00.a.dp)R(0335)C(0010)})""";;
"IRRBB238,2nd biggest contribution to EVE sensitivities (parallel up scenario),""COALESCE((SUM(LOGICAL(RANK(SUM_DOMAIN(LOGICAL({T(J_02.00)R(0030,0040,0050,0120,0140,0180,0190,0220,0230,0240,0270,0310,0350,0390,0420,0470,0510,0520,0530)C(0040)S(*)}>0)*{T(J_02.00)R(0030,0040,0050,0120,0140,0180,0190,0220,0230,0240,0270,0310,0350,0390,0420,0470,0510,0520,0530)C(0040)S(*)} - LOGICAL({T(J_02.00)R(0030,0040,0050,0120,0140,0180,0190,0220,0230,0240,0270,0310,0350,0390,0420,0470,0510,0520,0530)C(0040)S(*)}<0)*{T(J_02.00)R(0030,0040,0050,0120,0140,0180,0190,0220,0230,0240,0270,0310,0350,0390,0420,0470,0510,0520,0530)C(0040)S(*)}, 'SHEET'),'DESC')=2)*SUM_DOMAIN(LOGICAL({T(J_02.00)R(0030,0040,0050,0120,0140,0180,0190,0220,0230,0240,0270,0310,0350,0390,0420,0470,0510,0520,0530)C(0040)S(*)}>0)*{T(J_02.00)R(0030,0040,0050,0120,0140,0180,0190,0220,0230,0240,0270,0310,0350,0390,0420,0470,0510,0520,0530)C(0040)S(*)} - LOGICAL({T(J_02.00)R(0030,0040,0050,0120,0140,0180,0190,0220,0230,0240,0270,0310,0350,0390,0420,0470,0510,0520,0530)C(0040)S(*)}<0)*{T(J_02.00)R(0030,0040,0050,0120,0140,0180,0190,0220,0230,0240,0270,0310,0350,0390,0420,0470,0510,0520,0530)C(0040)S(*)},'SHEET'))),(SUM(LOGICAL(RANK(SUM_DOMAIN(LOGICAL({T(J_03.00)R(0030,0040,0050,0120,0140,0180,0190,0220,0230,0240,0270,0310,0350,0390,0420,0470,0510,0520,0530)C(0040)S(*)}>0)*{T(J_03.00)R(0030,0040,0050,0120,0140,0180,0190,0220,0230,0240,0270,0310,0350,0390,0420,0470,0510,0520,0530)C(0040)S(*)} - LOGICAL({T(J_03.00)R(0030,0040,0050,0120,0140,0180,0190,0220,0230,0240,0270,0310,0350,0390,0420,0470,0510,0520,0530)C(0040)S(*)}<0)*{T(J_03.00)R(0030,0040,0050,0120,0140,0180,0190,0220,0230,0240,0270,0310,0350,0390,0420,0470,0510,0520,0530)C(0040)S(*)}, 'SHEET'),'DESC')=2)*SUM_DOMAIN(LOGICAL({T(J_03.00)R(0030,0040,0050,0120,0140,0180,0190,0220,0230,0240,0270,0310,0350,0390,0420,0470,0510,0520,0530)C(0040)S(*)}>0)*{T(J_03.00)R(0030,0040,0050,0120,0140,0180,0190,0220,0230,0240,0270,0310,0350,0390,0420,0470,0510,0520,0530)C(0040)S(*)} - LOGICAL({T(J_03.00)R(0030,0040,0050,0120,0140,0180,0190,0220,0230,0240,0270,0310,0350,0390,0420,0470,0510,0520,0530)C(0040)S(*)}<0)*{T(J_03.00)R(0030,0040,0050,0120,0140,0180,0190,0220,0230,0240,0270,0310,0350,0390,0420,0470,0510,0520,0530)C(0040)S(*)},'SHEET'))))""";;
OPER70,Maximum single loss for business disruption and system failures,{T(C_17.01.a)R(0950)C(0060)};;
"LIQV0042,Loan commitments given,""SUM(LOGICAL({T(F_00.01)R(0010)C(0010)}='EBA:qAS(qx2005)')*{T(F_09.01)R(0010)C(0010)},LOGICAL({T(F_00.01)R(0010)C(0010)}='EBA:qAS(qx2004)')*SUM({T(F_09.01.1)R(0010)C(0010,0020,0030,0100,0120)}))""";;
"IRRBB145,Weighted average repricing maturity of NMDs:[Retail Transactional] [EUR only],""COALESCE({T(J_08.00.b)R(0010)C(0040)S(EUR)}, {T(J_09.00.b)R(0010)C(0040)S(EUR)})""";;
"LIQV0127,Planned 1Y Cash and Cash Balances at CBs,""COALESCE({T(P_01.01)R(010)C(030)[T-1Y]},0)""";;
IRRBB_SV_EVE_6,Change in the Supervisory EVE under IR steepener divided by Tier 1 capital,For the formula specification please see the latest version of SUBA derived variables and indicators: https://darwin.escb.eu/livelink/livelink/app/nodes/1821262705;;
"CRED23T_LSI,Quality of the portfolio. Inflow of non-performing loans of the year / Performing loans at the end of the previous year (including interbank loans),""DIVIDE({LANP0300A} - {LANP0300A[T-1Y]}, SUM({CRFA0100[T-1Y]}, -{LANP0300A[T-1Y]}))""";;
MRCE2918,Stressed VaR. Multiplication factor (ms) x average of previous 60 working days (SVaRavg): Total amount for specific risk,{T(C_24.00)R(0110)C(0050)};;
"CRED60_1,Breakdown of NPL ratio by type of Counterparty - Other financial corporations,""DIVIDE(SUM({T(F_18.00.a)R(0110,0195,0225)C(0060)}),SUM({T(F_18.00.a)R(0110,0195,0225)C(0010)}))""";;
MRCE2400,Memorandum items: SVaR Multiplication Factor (ms),{T(C_24.00)R(0010)C(0160)};;
MR_NRMR_CSR_BWL_WSTD_NUM,Support formula to calculate other KRIs.,For the formula specification please see the latest version of SUBA derived variables and indicators: https://darwin.escb.eu/livelink/livelink/app/nodes/1821262705;;
"LIQ208,CBC Level 1 assets ratio,""DIVIDE(SUM({T(C_66.01.b)R(0730,0740,0750,1010)C(0010)S(0010)}),{LIQV0037})""";;
"IDCARD76,Loans,""COALESCE(SUM({T(F_01.01)R(0090,0095,0099,0130,0144,0174,0178,0183,0233,0237)C(0010)}),SUM({T(F_01.01.dp)R(0090,0095,0099,0130,0144,0174,0178,0183,0233,0237)C(0010)}))""";;
"CRNAF005,Loans and advances. Forborne exposures. Other financial institutions,""SUM({T(F_19.00.a)R(0110,0195,0225)C(0010)})""";;
"BSFL3700,Deposits: Non-financial corporations-Designated at fair value through profit or loss,""COALESCE({T(F_08.01.a)R(0260)C(0020)},{T(F_08.01.dp)R(0260)C(0020)},{SPE.DPI(BSFL3700)})""";;
"IRRBB273,ΔNII computed using harmonized EBA criteria (worst scenario) / RWAs,""DIVIDE({T(J_01.00)R(0100)C(0010)S(x1)}, {CACE0900})""";;
"MR_PRR_AVA_DENSITY_EQ,Total AVA on Equities on total Equities exposure,""DIVIDE(SUM({SPE.DPI(MRT4_r0070_c0210)}, {SPE.DPI(MRT4_r0070_c0220)}, {SPE.DPI(MRT4_r0070_c0230)}, {SPE.DPI(MRT4_r0070_c0240)}, {SPE.DPI(MRT4_r0070_c0250)}, {SPE.DPI(MRT4_r0100_c0210)}, {SPE.DPI(MRT4_r0100_c0220)}, {SPE.DPI(MRT4_r0100_c0230)}, {SPE.DPI(MRT4_r0100_c0240)}, {SPE.DPI(MRT4_r0100_c0250)}), SUM({SPE.DPI(MRT4_r0070_c0010)}, {SPE.DPI(MRT4_r0100_c0010)}))""";;
CRED433,Counterparty Credit Risk: Weighted Average Counterparty PD,{T(C_34.07)R(0180)C(0020)S(qx01)};;
OVERLAP_TA,TA of the parent / TA of the group,For the formula specification please see the latest version of SUBA derived variables and indicators: https://darwin.escb.eu/livelink/livelink/app/nodes/1821262705;;
"LIQ103,Level 1 Liquid assets to Total Assets,""DIVIDE({LIQV0019}, SUM({BSFA0200},-MIN({BSFA0300}, {BSFL0600})))""";;
"PRFI4100_T1,""Projected Dividend Income, at t+1"",{T(P_04.01)R(160)C(020)}";;
"LIQ278,1Y Forecasted Growth of Derivatives Liabilities,""IFN({LIQV0169}=0 AND {LIQV0150}=0,0,IFN({LIQV0150}=0,1,DIVIDE({LIQV0169}-{LIQV0150},{LIQV0150})))""";;
"MR_PRR_TOTAL_DENSITY_OTHER,Total AVAs  plus Fadj  on Other securities divided total Other securities exposure,""SUM({MR_PRR_FADJ_DENSITY_OTHER}, {MR_PRR_AVA_DENSITY_OTHER})""";;
PROF177,Long-term CRA average,For the formula specification please see the latest version of SUBA derived variables and indicators: https://darwin.escb.eu/livelink/livelink/app/nodes/1821262705;;
IDCARD4,loans to non-financials,For the formula specification please see the latest version of SUBA derived variables and indicators: https://darwin.escb.eu/livelink/livelink/app/nodes/1878940265;;
"MARK100_ANNUAL,Annual net gains on financial assets and liabilities held for trading / Financial assets held for trading,""DIVIDE(SUM({PRFI0400} , ifn({MF_FYE}=0, 0, ifn({MF_FYE}=3, {PRFI0400[T-1Q]}-{PRFI0400[T-1Y]}, ifn({MF_FYE}=6, {PRFI0400[T-2Q]}-{PRFI0400[T-1Y]}, ifn({MF_FYE}=9, {PRFI0400[T-3Q]}-{PRFI0400[T-1Y]}, 1/0))))), MEAN({CRFA1800},{CRFA1800[T-1Q]},{CRFA1800[T-2Q]},{CRFA1800[T-3Q]}))""";;
"CRFA0708,Loans and advances past due for more than 90 days but not impaired. Non-financial corporations,""COALESCE(sum({T(F_07.01)R(0160)C(0030)},{T(F_07.01)R(0160)C(0060)}),{SPE.DPI(CRFA0708)})""";;
"CLIM11,Emission intensity to 7 key transition sectors in the NFC portfolio (EU),""DIVIDE(SUM({SPE.DPI(CLIMNIIU004040)}, {SPE.DPI(CLIMNIIU005040)}, {SPE.DPI(CLIMNIIU006040)}, {SPE.DPI(CLIMNIIU007040)}, {SPE.DPI(CLIMNIIU008040)}, {SPE.DPI(CLIMNIIU019040)}, {SPE.DPI(CLIMNIIU023040)}, {SPE.DPI(CLIMNIIU035040)}, {SPE.DPI(CLIMNIIU047040)}, {SPE.DPI(CLIMNIIU020040)}, {SPE.DPI(CLIMNIIU024040)}, {SPE.DPI(CLIMNIIU025040)}), {SPE.DPI(CLIMNIIU056010)})""";;
MR_PRR_CVA_BWL_SUM,Support formula to calculate other KRIs.,For the formula specification please see the latest version of SUBA derived variables and indicators: https://darwin.escb.eu/livelink/livelink/app/nodes/1821262705;;
STCE0401,Total capital requirements before cap: on balance sheet items as originator – traditional sec - IRB,{T(C_13.01)R(0090)C(0720)}*0.08;;
IDCARD9,Equity instruments,For the formula specification please see the latest version of SUBA derived variables and indicators: https://darwin.escb.eu/livelink/livelink/app/nodes/1878940265;;
"LIQV0146,Actual Repurchase Agreements,""COALESCE({T(P_01.02)R(010)C(010)},0)""";;
"CRED386,FA + HFS ratio: (Net foreclosed assets + net non-performing debt instruments held for sale) / (Total gross loans and advances including debt instrument held for sale + gross foreclosed assets),""DIVIDE(SUM({T(F_13.03.1.a)R(0080)C(0020)},{T(F_18.00.a)R(0335)C(0060)},{T(F_18.00.b)R(0335)C(0150)}), SUM({T(F_13.03.1.a)R(0080)C(0010)},{T(F_18.00.a)R(0070,0191,0221,0335)C(0010)}))""";;
"PROF103,Interest Income coming from main instrument/ Total interest income,""MAX({T(F_16.01)R(0010)C(0010)}/{T(F_16.01)R(0270)C(0010)},{T(F_16.01)R(0020)C(0010)}/{T(F_16.01)R(0270)C(0010)},{T(F_16.01)R(0080)C(0010)}/{T(F_16.01)R(0270)C(0010)},{T(F_16.01)R(0150)C(0010)}/{T(F_16.01)R(0270)C(0010)},{T(F_16.01)R(0160)C(0010)}/{T(F_16.01)R(0270)C(0010)},{T(F_16.01)R(0230)C(0010)}/{T(F_16.01)R(0270)C(0010)},{T(F_16.01)R(0240)C(0010)}/{T(F_16.01)R(0270)C(0010)},{T(F_16.01)R(0250)C(0010)}/{T(F_16.01)R(0270)C(0010)},{T(F_16.01)R(0260)C(0010)}/{T(F_16.01)R(0270)C(0010)})""";;
"CAP107,O-SII Buffer (%),""DIVIDE({T(C_04.00)R(0810)C(0010)}, {CACE0900})""";;
"CRED486,Stage 2 Loans,""SUM({T(F_04.03.1)R(0110)C(0030)},{T(F_04.04.1)R(0070)C(0030)})""";;
"CRNA111P,Gross carrying amount of loans and advances to non-financial corporations - Education,""COALESCE({T(F_06.01)R(0150)C(0010)},{SPE.DPI(CRNA111P)})""";;
"MR_RMR_EQR_FWL_1,Potential impacts coming from Items at FVPL sensitive to EQ to Total CET1,""COALESCE(DIVIDE(-COALESCE({T(C_91.00)R(0060)C(0190)} + 0.4*SUM({T(F_01.01)R(0110,0097,0172)C(0010)}),SUM(0.08*SUM({T(C_02.00.a)R(0550,0557)C(0010)}), 0.4*SUM({T(F_01.01)R(0110,0097,0172)C(0010)}))), {CACO5700}), DIVIDE(-COALESCE({T(C_91.00)R(0060)C(0190)} + 0.4*SUM({T(F_01.01_dp)R(0110,0097,0172)C(0010)}),SUM(0.08*SUM({T(C_02.00.a)R(0550,0557)C(0010)}), 0.4*SUM({T(F_01.01_dp)R(0110,0097,0172)C(0010)}))), {CACO5700}))""";;
"PRFI6300,Three year average Impairments on financial assets (LSIs),""MEAN({PRFI6300_B},{PRFI6300_B[T-1Y]},{PRFI6300_B[T-2Y]})""";;
PROF175,Long-term ROA average,For the formula specification please see the latest version of SUBA derived variables and indicators: https://darwin.escb.eu/livelink/livelink/app/nodes/1821262705;;
"MARK131_C,Share of total general government exposures maturing within 1 year divided by total general government exposures,""DIVIDE(SUM({T(C_33.00.a)R(0170,0180)C(0030-0070)S(x1)}),{MARK139})""";;
"CRED137,Non-performing loans adjusted with foreclosures / Total loans (excluding interbank exposures),""DIVIDE(SUM({CRFA0600},{CRFA2900},-{CRFA0704},-{CRNA0700}),SUM({CRFA0100},-{BSFA0500}))""";;
"CRMAT_F211,Share of Performing Loans and Advances to Corporates and Large corporates with Forbearance Measures to Total Performing Loans and Advances to Corporates and Large corporates,""DIVIDE(SUM(SUM({T(F_19.00.a)R(0120,0196,0226)C(0020)}),-SUM({T(F_19.00.a)R(0130,0900,0920)C(0020)})),SUM(SUM({T(F_18.00.a)R(0120,0196,0226)C(0020)}),-SUM({T(F_18.00.a)R(0130,0900,0920)C(0020)})))""";;
"MR_PRR_XVA_PIT,""OTC derivatives and SFTs exposed to xVAs risks (Fair value) to Total Assets [Max(T, average 4 quarters)]"",""MAX({MR_PRR_XVA_SIZE},MEAN({MR_PRR_XVA_SIZE},{MR_PRR_XVA_SIZE[T-1Q]},{MR_PRR_XVA_SIZE[T-2Q]},{MR_PRR_XVA_SIZE[T-3Q]}))""";;
IRRBB_SV_EVE_3,Change in the Supervisory EVE under IR short rates shock up divided by Tier 1 capital,For the formula specification please see the latest version of SUBA derived variables and indicators: https://darwin.escb.eu/livelink/livelink/app/nodes/1821262705;;
"CRMAT_V241,Share of Project finance loans over Total Loans and advances,""DIVIDE({CRMAT_A241},{T(F_05.01)R(0080)C(0005)})""";;
IRRBB199_A,Hedging ratio;" Duration gap / Duration gap excluding hedging derivatives - Auxiliary KRI,""COALESCE((SUM(SUM({T(J_02.00)R(0010)C(0020)S(*)}*DIVIDE({T(J_02.00)R(0010)C(0010)S(*)},SUM({T(J_02.00)R(0010)C(0010)S(*)}))), - SUM({T(J_02.00)R(0200)C(0020)S(*)}*DIVIDE({T(J_02.00)R(0200)C(0010)S(*)},SUM({T(J_02.00)R(0200)C(0010)S(*)})))*DIVIDE(SUM({T(J_02.00)R(0200)C(0030)S(*)}),SUM({T(J_02.00)R(0010)C(0030)S(*)})),SUM({T(J_02.00)R(0530)C(0020)S(*)}*DIVIDE({T(J_02.00)R(0530)C(0010)S(*)},SUM({T(J_02.00)R(0530)C(0010)S(*)})))*DIVIDE(SUM({T(J_02.00)R(0530)C(0030)S(*)}),SUM({T(J_02.00)R(0010)C(0030)S(*)})))),(SUM(SUM({T(J_03.00)R(0010)C(0020)S(*)}*DIVIDE({T(J_03.00)R(0010)C(0010)S(*)},SUM({T(J_03.00)R(0010)C(0010)S(*)}))), - SUM({T(J_03.00)R(0200)C(0020)S(*)}*DIVIDE({T(J_03.00)R(0200)C(0010)S(*)},SUM({T(J_03.00)R(0200)C(0010)S(*)})))*DIVIDE(SUM({T(J_03.00)R(0200)C(0030)S(*)}),SUM({T(J_03.00)R(0010)C(0030)S(*)})),SUM({T(J_03.00)R(0530)C(0020)S(*)}*DIVIDE({T(J_03.00)R(0530)C(0010)S(*)},SUM({T(J_03.00)R(0530)C(0010)S(*)})))*DIVIDE(SUM({T(J_03.00)R(0530)C(0030)S(*)}),SUM({T(J_03.00)R(0010)C(0030)S(*)})))))""";
LIQ221,Unencumbered Non-CB Eligible Assets & Collateral Received ratio,({T(F_32.01)R(0010)C(0060)}-{T(F_32.01)R(0010)C(0080)}+{T(F_32.02.a)R(0130)C(0040)}-{T(F_32.02.a)R(0130)C(0060)})/({T(F_32.01)R(0010)C(0010)}+{T(F_32.01)R(0010)C(0060)}+{T(F_32.02.a)R(0130)C(0010)}+{T(F_32.02.a)R(0130)C(0040)});;
"IRRBB198,Average Percentage of deposits subject to modelling,""SUM(SUM(DIVIDE({T(J_08.00.a)R(0010)C(0010)S(*)},SUM({T(J_08.00.a)R(0010,0040,0070,0100)C(0010)S(*)}))*{T(J_08.00.a)R(0010)C(0020)S(*)}),SUM(DIVIDE({T(J_08.00.a)R(0040)C(0010)S(*)},SUM({T(J_08.00.a)R(0010,0040,0070,0100)C(0010)S(*)}))*{T(J_08.00.a)R(0040)C(0020)S(*)}),SUM(DIVIDE({T(J_08.00.a)R(0070)C(0010)S(*)},SUM({T(J_08.00.a)R(0010,0040,0070,0100)C(0010)S(*)}))*{T(J_08.00.a)R(0070)C(0020)S(*)}),SUM(DIVIDE({T(J_08.00.a)R(0100)C(0010)S(*)},SUM({T(J_08.00.a)R(0010,0040,0070,0100)C(0010)S(*)}))*{T(J_08.00.a)R(0100)C(0020)S(*)}))""";;
"PROF999,Correction factor Total Assets at t,""DIVIDE({BSFA4200},{T(P_01.01)R(220)C(010)})""";;
"CACE1508,Credit risk capital requirements under IRB approaches when own estimates of LGD and/or conversion factors are used: IRB exposure classes excluding securitisation positions: Retail,""sum({T(C_02.00.a)R(0371)C(0010)},{T(C_02.00.a)R(0390)C(0010)},{T(C_02.00.a)R(0395)C(0010)},{T(C_02.00.a)R(0401)C(0010)})*0.08""";;
"PROF5,Cost/income ratio,""DIVIDE({PRFI0900}, {PRFI0800})""";;
IDCARD539,Loan to Deposit ratio (NFC & HH),For the formula specification please see the latest version of SUBA derived variables and indicators: https://darwin.escb.eu/livelink/livelink/app/nodes/1878940265;;
CRCE0105,Original exposure pre-conversion factors exposures class-by-exposure class (SA): International Organisations,{T(C_07.00.a)R(0010)C(0010)S(qx20)};;
"PRFI0300_T1,Projected Net fee & commission income at t+1,""SUM({T(P_04.01)R(200)C(020)},-{T(P_04.01)R(210)C(020)})""";;
"PRFITAT01,Total Annual Turnover,""COALESCE(SUM({T(F_02.00)R(0010,0090,0150,0160,0200,0210,0280,0290,0300,0310,0340,0350)C(0010)}),SUM({T(F_02.00_dp)R(0010,0090,0150,0160,0200,0210,0280,0290,0300,0310,0340,0350)C(0010)}))""";;
"CRED1,Materiality of Credit Risk on Total Asset (Total Loans / Total Assets),""DIVIDE({CRFA0100}, {BSFA0200})""";;
"MR_NRMR_CSR_SIZE,Banking book items sensitive to CS (Fair value) to Total Assets,""DIVIDE(SUM({T(F_01.01)R(0143,0144)C(0010)},{T(F_01.02)R(0070)C(0010)},SUM({T(F_11.01)R(0160,0390)C(0010,0020)})),2*{BSFA0200})""";;
IDCARD94,Deposits (top 4th country),For the formula specification please see the latest version of SUBA derived variables and indicators: https://darwin.escb.eu/livelink/livelink/app/nodes/293814368;;
"CRED259,Evolution Largest 10 exposures  (variation rate),""DIVIDE({LELE0401} - {LELE0401[T-1Y]}, {LELE0401[T-1Y]})""";;
"CRED416,Country risk: Top 2 country with highest exposure (% over total exposure),""DIVIDE(SUM(LOGICAL(RANK(SUM_DOMAIN(SUM_DOMAIN({T(F_20.04)R(0080,0140)C(0010,0011)S(*)}, 'ROW'), 'COLUMN'), 'DESC') IN [1,2])*(SUM_DOMAIN(SUM_DOMAIN({T(F_20.04)R(0080,0140)C(0010,0011)S(*)}, 'ROW'), 'COLUMN'))), {CRED411_DEN})""";;
PROF185,HH portfolio CoR using linear annualised numerator and PiT denominator,{PRFI5700_LINEAR}/{PRFI5800};;
"MARK30,Breakdown of OTC derivatives (liabilities) - Other financial corporations,""DIVIDE({MRFL2300}, SUM({MRFL2200}, {MRFL2300}, {MRFL2400}))""";;
LEV004,Excluded guaranteed parts of exposures arising from export credits,{T(C_47.00)R(0252)C(0010)};;
IDCARD81,Operational Risk RWA,For the formula specification please see the latest version of SUBA derived variables and indicators: https://darwin.escb.eu/livelink/livelink/app/nodes/1878940265;;
"LIQV0114,Total liabilities providing stable funding,""SUM(SUM({T(C_81.00.c)R(0010)C(0010-0030)}),-SUM({T(C_81.00.a)R(0020)C(0010-0030)}))""";;
"CRMAT_S121,Share of Performing Loans and Advances to Households Credit for consumption in Stage 2 over Total Performing Loans and Advances to Households Credit for consumption,""DIVIDE(SUM({T(F_18.00.a)R(0170,0913)C(0057)}),SUM({T(F_18.00.a)R(0170,0913,0933)C(0020)}))""";;
"CRED134,Increase of PD by Exposure class (for IRB and FIRB banks). IRB Corporates,""DIVIDE({CRCM0107}-{CRCM0107[T-1Y]}, {CRCM0107[T-1Y]})""";;
"CRED390,Inflow Stage 2 ratio: Inflow in Stage 2 from Stage 1 / Initial stock performing Stage 1,""DIVIDE({T(F_12.02)R(0070)C(0010)},SUM({T(F_18.00.a)R(0070,0191)C(0056)[T-1Y]}))""";;
PROF168,Forecast error COR t-1,{PROF138}-{PROF150};;
STCE0206,Total capital requirements before cap: off balance sheet items and derivatives as investor – traditional sec - SA,{T(C_13.01)R(0260)C(0740)}*0.08;;
"LIQ253,Backtesting Planned vs Actual Reverse Repurchase Agreements,""IFN({LIQV0134}=0 AND {LIQV0128}=0,0,IFN({LIQV0128}=0,1,DIVIDE({LIQV0134}-{LIQV0128},{LIQV0128})))""";;
"IRRBB175,Change in the forecasted net interest income  after a parallel interest rate decrease of 200bps divided by Tier 1 Capital,""DIVIDE({T(J_01.00)R(0140)C(0010)S(x1)},{CACO0200} )""";;
"CRMAT_V921,Share of SFTs CCR RWEA of Total RWA,""DIVIDE(SUM({T(C_34.02.b)R(0050)C(0200)S(0001)},{T(C_34.02.b)R(0080)C(0200)S(0001)},{T(C_34.02.b)R(0090)C(0200)S(0001)},{T(C_34.02.b)R(0100)C(0200)S(0001)}),{T(C_02.00.a)R(0010)C(0010)})""";;
"CRED372,Stage 3 Coverage Ratio,""DIVIDE(SUM(-SUM({T(F_04.03.1)R(0110)C(0070)}),-SUM({T(F_04.04.1)R(0070)C(0070)})),SUM(SUM({T(F_04.03.1)R(0110)C(0040)}),SUM({T(F_04.04.1)R(0070)C(0040)})))""";;
OVERALL_IRRBB,IRRBB capital requirements,For the formula specification please see the latest version of SUBA derived variables and indicators: https://darwin.escb.eu/livelink/livelink/app/nodes/1821262705;;
"CRED410,Central banks and general governments: YoY growth of absolute volume Debt securities to CB&Gs,""DIVIDE({CRED410_B},{CRED410_B[T-1Y]})-1""";;
"IRRBB223,earnings (NII and MVC) over tier 1 capital (baseline scenario),""DIVIDE(SUM({SPE.DPI(IRRBBT2_r0010_c0080)}, - {SPE.DPI(IRRBBT2_r0160_c0080)},{SPE.DPI(IRRBBT2_r0010_c0110)}, - {SPE.DPI(IRRBBT2_r0160_c0110)}),{CACO0200})""";;
"CRED420,Counterparty Credit Risk: CB & Gov Share of total CCR EAD,""DIVIDE(SUM({T(C_07.00.b)R(0010)C(0210)S(qx16)},{T(C_07.00.b)R(0010)C(0210)S(qx23)},{T(C_07.00.b)R(0010)C(0210)S(qx22)},{T(C_08.01.c)R(0010)C(0130)S(qx2021)},{T(C_08.01.c)R(0010)C(0130)S(qx2020)}),SUM({T(C_07.00.b)R(0010)C(0210)S(qx01)},{T(C_08.01.c)R(0010)C(0130)S(qx2023)},{T(C_08.01.c)R(0010)C(0130)S(qx2022)}))""";;
IDCARD531,Tax expenses or income,For the formula specification please see the latest version of SUBA derived variables and indicators: https://darwin.escb.eu/livelink/livelink/app/nodes/1878940265;;
IRRBB268,Change in the economic value of equity under interest rate increase divided by Tier 1 capital,For the formula specification please see the latest version of SUBA derived variables and indicators: https://darwin.escb.eu/livelink/livelink/app/nodes/1878940265;;
"IDCARD71,ow: reserves,""COALESCE(SUM({T(F_01.03)R(0190,0200,0205,0210)C(0010)}),SUM({T(F_01.03.dp)R(0190,0200,0205,0210)C(0010)}))""";;
"IDCARD56,Other,""SUM({IDCARD530},-{IDCARD28},-{IDCARD55})""";;
"CRED179,Credit risk capital requirements under IRB approaches when own estimates of LGD and / or conversion factors are used: IRB exposure classes excluding securitisation positions: Central Government and Central Banks,""DIVIDE({CACE1501}*12.5, SUM({CACE0100}, {CACE0200})*12.5)""";;
CAP142,Output floor applied (%),{T(C_04.00)R(0900)C(0010)};;
IRRBB273_THR,Threshold for triggering IRRBB flag in the P2R methodology,For the formula specification please see the latest version of SUBA derived variables and indicators: https://darwin.escb.eu/livelink/livelink/app/nodes/1821262705;;
"CRMAT_V921,Share of SFTs CCR RWEA of Total RWA,""DIVIDE(SUM({T(C_34.02)R(0050)C(0200)S(0001)},{T(C_34.02)R(0080)C(0200)S(0001)},{T(C_34.02)R(0090)C(0200)S(0001)},{T(C_34.02)R(0100)C(0200)S(0001)}),{T(C_02.00.a)R(0010)C(0010)})""";;
"PRFI2000,Profit or loss after tax from discontinued operations,""COALESCE(sum({T(F_02.00)R(0640)C(0010)},{T(F_02.00)R(0632)C(0010)}),sum({T(F_02.00.dp)R(0640)C(0010)},{T(F_02.00.dp)R(0632)C(0010)}),{SPE.DPI(PRFI2000)})""";;
"LIQV0097,Other debt securities issued,""SUM({T(F_08.01.a)R(0410)C(0010,0020,0030)})""";;
"CRNA2012,Collateral and other credit enhancement received for impaired and past due loans. Other financial institutions,""SUM({T(F_18.00.d)R(0110,0195,0225)C(0200)},{T(F_18.00.c)R(0110,0195,0225)C(0210)})""";;
"CRED425,Counterparty Credit Risk: EAD unmargined business/ EAD pre credit risk mitigation,""DIVIDE(SUM({T(C_34.02.b)R(0140)C(0170)S(0001)}), {T(C_34.02.b)R(0110)C(0150)S(0001)})""";;
"LIQV0023b,Contractual 5Y Gap (excl. retail and operational deposits and incl. CBC),""SUM(SUM({T(C_66.01.a)R(0720,1080)C(0210)S(0010)}),  SUM({T(C_66.01.a)R(0270,0280,0290)C(0020)S(0010)}))""";;
"LIQV0133,Actual Cash and Cash Balances at CBs,""COALESCE({T(P_01.01)R(010)C(010)}, 0)""";;
"CRMAT_A231,Absolute volume of CRE portfolio,""COALESCE(SUM({T(F_18.00.a)R(0140,0903,0923)C(0010)}), SUM({T(F_18.00.a_dp)R(0140)C(0010)}))""";;
"CRED217,""Breakdown of loans to NFC by NACE economic sector: Arts, entertainment and recreation"",""DIVIDE({T(F_06.01)R(0170)C(0010)},COALESCE(SUM({T(F_18.00.a)R(0070,0191,0221)C(0010)}),SUM({T(F_18.00.a.dp)R(0070,0191,0221)C(0010)})))""";;
"CRED49_1,Breakdown of total loans by type of Counterparty - Non-financial corporations,""COALESCE(DIVIDE(SUM({T(F_18.00.a)R(0120,0196,0226)C(0010)}),SUM({T(F_18.00.a)R(0070,0191,0221)C(0010)})),DIVIDE(SUM({T(F_18.00.a_dp)R(0120,0196,0226)C(0010)}),SUM({T(F_18.00.a_dp)R(0070,0191,0221)C(0010)})))""";;
"IRRBB261,Economic value (reported via STE) from hedging / Tier 1 capital,""DIVIDE(SUM({SPE.DPI(IRRBBT3_r0010_c0040)},{SPE.DPI(IRRBBT3_r0010_c0050)},{SPE.DPI(IRRBBT3_r0010_c0060)},{SPE.DPI(IRRBBT3_r0010_c0070)},{SPE.DPI(IRRBBT3_r0050_c0040)},{SPE.DPI(IRRBBT3_r0050_c0050)},{SPE.DPI(IRRBBT3_r0050_c0060)},{SPE.DPI(IRRBBT3_r0050_c0070)}),{CACO0200})""";;
"CRMAT_A211,Absolute volume of Corporates and Large corporates portfolio,""SUM(COALESCE(SUM({T(F_18.00.a)R(0120,0196,0226)C(0010)}), SUM({T(F_18.00.a.dp)R(0120,0196,0226)C(0010)})),-SUM(COALESCE(SUM({T(F_18.00.a)R(0130,0900,0920)C(0010)}),SUM({T(F_18.00.a.dp)R(0130)C(0010)}))))""";;
"IRRBBMAT_3,Share of NMDs over total Liabilities (excl. derivatives),""COALESCE(DIVIDE(SUM({T(J_05.00.b)R(0270,0310,0350,0390)C(0010,0260)S(*)}),SUM({T(J_05.00.b)R(0220,0230,0240,0270,0310,0350,0390,0420,0510,0520)C(0010,0260)S(*)})),DIVIDE(SUM({T(J_06.00.b)R(0270,0310,0350,0390)C(0010,0260)S(*)}),SUM({T(J_06.00.b)R(0220,0230,0240,0270,0310,0350,0390,0420,0510,0520)C(0010,0260)S(*)})),DIVIDE(SUM({T(J_07.00.b)R(0270,0310,0350,0390)C(0010,0260)S(*)}),SUM({T(J_07.00.b)R(0220,0230,0240,0270,0310,0350,0390,0420,0510,0520)C(0010,0260)S(*)})))""";;
IDCARD524,General allowances for banking risks - Closing balance,-1*SUM({T(F_12.00)R(0500)C(0070)});;
"LIQV0150,Actual Derivatives Liabilities,""COALESCE({T(P_01.02)R(360)C(010)},0)""";;
PROF197,Automated viability anchor - Forecast error ROA for t,For the formula specification please see the latest version of SUBA derived variables and indicators: https://darwin.escb.eu/livelink/livelink/app/nodes/1821262705;;
"BSFL0500,Total liabilities,""COALESCE({T(F_01.02)R(0300)C(0010)},{T(F_01.02_dp)R(0300)C(0010)},{SPE.DPI(BSFL0500)})""";;
"MR_NRMR_SFX_TOTAL,Total Structural FX position to Total RWA,""DIVIDE(SUM({SPE.DPI(MRT2_r0210_c0030)},{SPE.DPI(MRT2_r0210_c0040)}), {CACE0900})""";;
"CRED63_1,Breakdown of NPL ratio Households - residential mortgages,""DIVIDE({T(F_18.00.a)R(0160)C(0060)},{T(F_18.00.a)R(0160)C(0010)})""";;
"MARK109,Share of derivatives in total assets,""DIVIDE(SUM({BSFA0300}, {BSFL0600}), {BSFA0200})""";;
"IDCARD538,Loan to Deposit ratio - Denominator,""SUM({BSFL3600}, {BSFL3700}, {BSFL3800}, {BSFL3000}, {BSFL3100}, {BSFL3200})""";;
"BSFL3500,Deposits: Other financial corporations-Amortised cost,""COALESCE(sum({T(F_08.01.a)R(0210)C(0030)},{T(F_08.01.a)R(0210)C(0035)}),sum({T(F_08.01.dp)R(0210)C(0030)},{T(F_08.01.dp)R(0210)C(0035)}),{SPE.DPI(BSFL3500)})""";;
"PRFI3700,Tax expenses or income related to profit or loss from continuing operations,""COALESCE({T(F_02.00)R(0620)C(0010)},{T(F_02.00.dp)R(0620)C(0010)},{SPE.DPI(PRFI3700)})""";;
"BSFL1100,Financial liabilities held for trading: Deposits (other than from credit institutions),""COALESCE(SUM({T(F_08.01.a)R(0050)C(0010,0034)})-SUM({T(F_08.01.a)R(0160)C(0010,0034)}),{SPE.DPI(BSFL1100)})""";;
"CRED218,Breakdown of loans to NFC by NACE economic sector: Other services,""DIVIDE({T(F_06.01)R(0180)C(0010)},COALESCE(SUM({T(F_18.00.a)R(0070,0191,0221)C(0010)}),SUM({T(F_18.00.a.dp)R(0070,0191,0221)C(0010)})))""";;
SUBCOUNT_F,Number of subsidiaries under the scope of accounting consolidation as reported in FINREP,SUM(LOGICAL(LENGTH({T(F_40.01)R(*)C(0031)})>0));;
"PROF66,""Operating income coming from the main business line/ Total Operating income, net"",""MAX({SPE.DPI(SRPRIB010010)},{SPE.DPI(SRPRIB020010)},{SPE.DPI(SRPRIB030010)},{SPE.DPI(SRPRIB040010)},{SPE.DPI(SRPRIB050010)},{SPE.DPI(SRPRIB060010)},{SPE.DPI(SRPRIB070010)},{SPE.DPI(SRPRIB080010)},{SPE.DPI(SRPRIB100010)})/{SPE.DPI(SRPRIB110010)}""";;
"PRFI6100_ANNUAL_ONEOFF,""3-year Trading income, excluding one-offs"",For the formula specification please see the latest version of SUBA derived variables and indicators: https://darwin.escb.eu/livelink/livelink/app/nodes/1821262705";;
IDCARD71,ow: reserves,For the formula specification please see the latest version of SUBA derived variables and indicators: https://darwin.escb.eu/livelink/livelink/app/nodes/1878940265;;
"MR_RMR_PIT,""Assets & liabilities measured at measured at fair value through P&L to Total Assets [Max(T, average 4 quarters)]"",""MAX({MR_RMR_SIZE_1},MEAN({MR_RMR_SIZE_1},{MR_RMR_SIZE_1[T-1Q]},{MR_RMR_SIZE_1[T-2Q]},{MR_RMR_SIZE_1[T-3Q]}))""";;
"CRNA1121,Gross carrying amount of loans and advances to households – Credit for consumption (By purpose),""COALESCE({T(F_05.01)R(0110)C(0060)},{SPE.DPI(CRNA1121)})""";;
"CACE1507,Credit risk capital requirements under IRB approaches when own estimates of LGD and/or conversion factors are used: IRB exposure classes excluding securitisation positions: Corporates,""sum({T(C_02.00.a)R(0350)C(0010)},{T(C_02.00.a)R(0355)C(0010)},{T(C_02.00.a)R(0360)C(0010)})*0.08""";;
"CRED119,Evolution of total original exposure by class / Total original exposure. Institutions,""DIVIDE(SUM({CRCE0106}, {CRCE0206}) - SUM({CRCE0106[T-1Y]}, {CRCE0206[T-1Y]}), SUM({CRCE0101[T-1Y]}, {CRCE0102[T-1Y]}, {CRCE0103[T-1Y]}, {CRCE0104[T-1Y]}, {CRCE0105[T-1Y]}, {CRCE0106[T-1Y]}, {CRCE0107[T-1Y]}, {CRCE0108[T-1Y]}, {CRCE0201[T-1Y]}, {CRCE0206[T-1Y]}, {CRCE0207[T-1Y]}, {CRCE0208[T-1Y]}))""";;
"MF_FYE,Months from Financial Year End: it indicates the number of months between the financial year end (attribute FINYEAREND in SUBA) and the reported period.,""MOD(SUM(12,__RPM(), -__BSM()),12)""";;
"MARK31,Breakdown of OTC derivatives (liabilities) - Rest,""DIVIDE({MRFL2400}, SUM({MRFL2200}, {MRFL2300}, {MRFL2400}))""";;
"LIQ95,Other debt securities issued ratio (% of total liabilities),""DIVIDE({LIQV0097}, {BSFL0500} - MIN({BSFA0300}, {BSFL0600}))""";;
"CRED165,Credit risk capital requirements under standardised approach: SA exposure classes excluding securitisation positions: Corporates,""DIVIDE({CACE1207}*12.5, SUM({CACE0100}, {CACE0200})*12.5)""";;
"MR_FWL_BBFVPL_EQ_1,Potential impacts coming from equity risk of BB instruments at FVPL to Total CET1,""COALESCE(-DIVIDE(SUM({T(F_01.01)R(0097,0110,0172)C(0010)})*0.4,{CACO5700}), -DIVIDE(SUM({T(F_01.01.dp)R(0097,0110,0172)C(0010)})*0.4,{CACO5700}))""";;
"PROF39_quarterly,Quaterly Recurring earnings,""DIVIDE({PROF39}*{BSFA0200} - ifn({MF_FYE}=3, 0, ifn(({MF_FYE}=6) OR ({MF_FYE}=9) OR ({MF_FYE}=0), {PROF39[T-1Q]}*{BSFA0200[T-1Q]}, 1/0)), {BSFA0200})""";;
"IRRBB237,1st biggest contribution to EVE sensitivities (parallel up scenario),""COALESCE((MAX(SUM_DOMAIN(LOGICAL({T(J_02.00)R(0030,0040,0050,0120,0140,0180,0190,0220,0230,0240,0270,0310,0350,0390,0420,0470,0510,0520,0530)C(0040)S(*)}>0)*{T(J_02.00)R(0030,0040,0050,0120,0140,0180,0190,0220,0230,0240,0270,0310,0350,0390,0420,0470,0510,0520,0530)C(0040)S(*)} - LOGICAL({T(J_02.00)R(0030,0040,0050,0120,0140,0180,0190,0220,0230,0240,0270,0310,0350,0390,0420,0470,0510,0520,0530)C(0040)S(*)}<0)*{T(J_02.00)R(0030,0040,0050,0120,0140,0180,0190,0220,0230,0240,0270,0310,0350,0390,0420,0470,0510,0520,0530)C(0040)S(*)}, 'SHEET'))),(MAX(SUM_DOMAIN(LOGICAL({T(J_03.00)R(0030,0040,0050,0120,0140,0180,0190,0220,0230,0240,0270,0310,0350,0390,0420,0470,0510,0520,0530)C(0040)S(*)}>0)*{T(J_03.00)R(0030,0040,0050,0120,0140,0180,0190,0220,0230,0240,0270,0310,0350,0390,0420,0470,0510,0520,0530)C(0040)S(*)} - LOGICAL({T(J_03.00)R(0030,0040,0050,0120,0140,0180,0190,0220,0230,0240,0270,0310,0350,0390,0420,0470,0510,0520,0530)C(0040)S(*)}<0)*{T(J_03.00)R(0030,0040,0050,0120,0140,0180,0190,0220,0230,0240,0270,0310,0350,0390,0420,0470,0510,0520,0530)C(0040)S(*)}, 'SHEET'))))""";;
"PROF34,Total profit or loss from continuing operations stemming from domestic activities / Total profit or loss from continuing operations,""DIVIDE({PRNA2700}, {PRFI1100})""";;
"CRNA111R,""Gross carrying amount of loans and advances to non-financial corporations - Arts, entertainment and recreation"",""COALESCE({T(F_06.01)R(0170)C(0010)},{SPE.DPI(CRNA111R)})""";;
LIQST006,Funding deficit/surplus (as % of total assets) Baseline case 6 Month.,https://darwin.escb.eu/livelink/livelink?func=ll&objId=305648124&objAction=browse&viewType=1;;
IRRBB176,Change in the forecasted net interest income  after a parallel interest rate increase of 200bps divided by Tier 1 Capital,For the formula specification please see the latest version of SUBA derived variables and indicators: https://darwin.escb.eu/livelink/livelink/app/nodes/1878940265;;
"IDCARD411_LSI,Profit and losses before tax,""COALESCE({T(F_02.00)R(0610)C(0010)}+{T(F_02.00)R(0633)C(0010)}+{T(F_02.00)R(0650)C(0010)},{T(F_02.00.dp)R(0610)C(0010)}+{T(F_02.00.dp)R(0633)C(0010)}+{T(F_02.00.dp)R(0650)C(0010)})""";;
"IRRBB228,impact of IR derivatives (excluding hedges) on NII sensitivity (parallel shock up scenario),""COALESCE((DIVIDE(SUM({T(J_02.00)R(0530)C(0110)S(*)}),(SUM({T(J_01.00)R(0130)C(0010)S(*)})-{T(J_01.00)R(0130)C(0010)S(x1)}))),(DIVIDE(SUM({T(J_03.00)R(0530)C(0110)S(*)}),(SUM({T(J_01.00)R(0130)C(0010)S(*)})-{T(J_01.00)R(0130)C(0010)S(x1)}))))""";;
"CRFA0703,Loans and advances past due for more than 90 days but not impaired. General governments,""COALESCE(sum({T(F_07.01)R(0140)C(0030)},{T(F_07.01)R(0140)C(0060)}),{SPE.DPI(CRFA0703)})""";;
MR_RMR_FXR_BWL_SUM,Support formula to calculate other KRIs.,For the formula specification please see the latest version of SUBA derived variables and indicators: https://darwin.escb.eu/livelink/livelink/app/nodes/1821262705;;
"MR_NRMR_FWL_1,Potential impacts coming from non regulatory market risks to Total CET1,""COALESCE(IFN(IFN(__attribute('ECBM_ENT', 'ACCOUNTFRAME')='IFRS',1,IFN(__attribute('ECBM_ENT', 'ACCOUNTFRAME')='nGAAP' AND __attribute('ECBM_ENT', 'ACCOUNTFRAMESOLO')='IFRS',0,IFN(__attribute('ECBM_ENT', 'ACCOUNTFRAMESOLO')='IFRS',1,0)))=1  OR __attribute('ECBM_ENT','SENDER') = 'ES2', {MR_NRMR_EQR_FWL_1}, -DIVIDE(SUM({T(F_01.01)R(0172,0235)C(0010)})*0.4,{T(C_01.00)R(0020)C(0010)})), IFN(__attribute('ECBM_ENT', 'ACCOUNTFRAME', 'IFRS')=1 OR __attribute('ECBM_ENT','SENDER') = 'ES2', {MR_NRMR_EQR_FWL_1}, -DIVIDE(SUM({T(F_01.01_dp)R(0172,0235)C(0010)})*0.4,{T(C_01.00)R(0020)C(0010)})))""";;
MARK139,Total general government exposures,SUM({T(C_33.00.a)R(0010)C(0030-0070)S(x1)});;
"LIQV0189,Actual Deposit-like Financial Instruments,""COALESCE({T(P_02.01)R(030)C(010)},0)""";;
"LIQ80,Other liabilities,""COALESCE(SUM({T(F_01.02)R(0170,0240,0270,0280,0290)C(0010)}),SUM({T(F_01.02.dp)R(0170,0240,0270,0280,0290)C(0010)}))""";;
"IDCARD534,Loan to stable funding ratio - Denominator,""COALESCE({LRQM0600},{LRSM0400})""";;
IRRBB272_THR,Threshold for triggering IRRBB flag in the P2R methodology,For the formula specification please see the latest version of SUBA derived variables and indicators: https://darwin.escb.eu/livelink/livelink/app/nodes/1821262705;;
"LANP0200,Loans and advances at amortised cost. Gross carrying amount,""COALESCE(SUM({T(F_18.00.a)R(0005,0070)C(0010)}),SUM(-{T(F_18.00.a_dp)R(0010)C(0010)},{T(F_18.00.a_dp)R(0180)C(0010)}),{SPE.DPI(LANP0200)})""";;
"BSFL1000,Financial liabilities held for trading: Deposits from credit institutions,""COALESCE(SUM({T(F_08.01.a)R(0160)C(0010,0034)}),SUM({T(F_08.01.dp)R(0160)C(0010,0034)}),{SPE.DPI(BSFL1000)})""";;
MRCE2901,Multiplication factor (ms) x average of previous 60 working days (VaRavg): Traded debt instruments - General risk,{T(C_24.00)R(0030)C(0030)};;
LIQV0085,Exposures to central banks (stress),{T(C_66.01.b)R(0740)C(0010)S(0010)};;
"CRED435,Credit institutions and other financial institutions: Coverage S2,""DIVIDE(-SUM({T(F_18.00.b)R(0100,0194)C(0142)}, {T(F_18.00.b)R(0100,0194)C(0950)}), SUM({T(F_18.00.a)R(0100,0194)C(0057)}, {T(F_18.00.a)R(0100,0194)C(0109)}))""";;
"IDCARD18_LSI,""Other liabilities, incl. FV changes of the hedged items, share capital repayable on demand and held for sale"",""COALESCE({T(F_01.02)R(0280)C(0010)}+{T(F_01.02)R(0290)C(0010)}+{T(F_01.02)R(0270)C(0010)}+{T(F_01.02)R(0160)C(0010)},{T(F_01.02_dp)R(0280)C(0010)}+{T(F_01.02_dp)R(0290)C(0010)}+{T(F_01.02_dp)R(0270)C(0010)}+{T(F_01.02_dp)R(0160)C(0010)},{SPE.DPI(IDCARD18_LSI)})""";;
"PROF148,Projected Cost/income ratio at t+1 as reported in year t-1,""COALESCE(DIVIDE(SUM({T(P_04.01)R(360,390)C(020)[T-1Y]}),{T(P_04.01)R(355)C(020)[T-1Y]}),DIVIDE({SPE.DPI(SRPR200C132)[T-1Y]},{SPE.DPI(SRPR170C132)[T-1Y]}))""";;
"IRRBB183,Share of NMD retail transactional exempted from 5 years cap,""DIVIDE(     SUM(COALESCE({T(J_08.00.a)R(0030)C(0010)S(*)}, {T(J_09.00.a)R(0030)C(0010)S(*)})),     SUM(COALESCE({T(J_08.00.a)R(0010)C(0010)S(*)}, {T(J_09.00.a)R(0010)C(0010)S(*)})) )""";;
IDCARD90,Assets (top 4th country),For the formula specification please see the latest version of SUBA derived variables and indicators: https://darwin.escb.eu/livelink/livelink/app/nodes/293814368;;
"LEV410C_LSI,Own funds to cover window dressing (derivatives) over TLRE,""DIVIDE({LEV411C_LSI}, {T(C_47.00)R(0290)C(0010)})""";;
"PROF50,Costs to Assets ratio,""sum({PRFI1300},{PRFI4500})/MEAN({BSFA4200}, {BSFA4200[T-1Y]})""";;
BSFL1600,Financial liabilities designated at FVPL: Subordinated liabilities,{T(F_08.02)R(0030)C(0010)};;
"IDCARD51_BANKSTATS,Total deposits from non-financial corporations and households (excluding held for trading) - adapted,""COALESCE(SUM({T(F_08.01.a)R(0260)C(0020)}, {T(F_08.01.a)R(0260)C(0030)}, {T(F_08.01.a)R(0260)C(0035)}, {T(F_08.01.a)R(0310)C(0020)}, {T(F_08.01.a)R(0310)C(0030)}, {T(F_08.01.a)R(0310)C(0035)}),SUM({T(F_08.01.a_dp)R(0260)C(0020)}, {T(F_08.01.a_dp)R(0260)C(0030)}, {T(F_08.01.a_dp)R(0260)C(0035)}, {T(F_08.01.a_dp)R(0310)C(0020)}, {T(F_08.01.a_dp)R(0310)C(0030)}, {T(F_08.01.a_dp)R(0310)C(0035)}))""";;
"IRRBB245,Unrealised losses from all assets and liabilities after hedges over Tier 1 capital,""DIVIDE({SPE.DPI(IRRBBT3_r0090_c0100)},{CACO0200})""";;
"MRFA1900,Derivatives held for trading - Assets - Carrying amount: OTC - Credit institutions,""COALESCE({T(F_10.00)R(0300)C(0010)},{T(F_10.00.dp)R(0300)C(0010)},{SPE.DPI(MRFA1900)})""";;
"CRNA2013,Collateral and other credit enhancement received for impaired and past due loans. Non-financial corporations,""SUM({T(F_18.00.d)R(0120,0196,0226)C(0200)},{T(F_18.00.c)R(0120,0196,0226)C(0210)})""";;
"CRMAT_A911,Absolute volume of Derivatives CCR RWEA,""SUM({T(C_34.02)R(0010,0020,0030,0060,0070)C(0200)S(0001)})""";;
"PROF136,Cost/income ratio at t (used for forecast errors only),""DIVIDE(SUM({T(P_04.01)R(360,390)C(010)}),{T(P_04.01)R(355)C(010)})""";;
"MR_NRMR_EQR_FWL_1,Potential impacts coming from equity risk of BB instruments at FVOCI to Total CET1,""COALESCE(-DIVIDE(SUM({T(F_01.01)R(0142,0176)C(0010)})*0.4,{CACO5700}), -DIVIDE(SUM({T(F_01.01_dp)R(0142,0176)C(0010)})*0.4,{CACO5700}))""";;
"ORCE1604,Total loss amount for commercial banking,""MAX(SUM({T(C_17.01.a)R(0320)C(0080)},{T(C_17.01.a)R(0340)C(0080)}),{T(C_17.01.a)R(0320)C(0080)})""";;
"MRFL5800,Financial liabilities held for trading: Carrying amount - Domestic,""COALESCE({T(F_20.02)R(0010)C(0010)},{SPE.DPI(MRFL5800)})""";;
PRFI4300,Trading Dividend Income,{T(F_02.00)R(0170)C(0010)};;
CRMAT_LC111,Weighted average LTV for RRE loans granted (YtD),SUM({SPE.DPI(RRELTI00LV)});;
OPER63,Number of events for business disruption and system failures,{T(C_17.01.a)R(0910)C(0060)};;
"PRFI2800,Negative goodwill immediately recognised in profit or loss,""COALESCE({T(F_02.00)R(0580)C(0010)},{T(F_02.00.dp)R(0580)C(0010)},{SPE.DPI(PRFI2800)})""";;
"PROF89,NFC loans coming from Education (NACE code)/ Total NFC loans,""DIVIDE({T(F_06.01)R(0150)C(0010)},{T(F_06.01)R(0190)C(0010)})""";;
"CRFA3800,Loans and advances. Total,""COALESCE(SUM({T(F_05.01)R(0080)C(0010,0020,0030,0040,0050,0060)}),{SPE.DPI(CRFA3800)})""";;
"LIQV0182,3Y Forecast for Deposits,""COALESCE(SUM({T(P_01.02)R(020)C(050)},{T(P_01.02)R(060)C(050)},SUM({T(P_01.02)R(130,140)C(050)})),0)""";;
IDCARD689,Overall leverage ratio requirement (OLRR),{T(C_47.00)R(0440)C(0010)};;
"CRCM0107,PD assigned to the obligor grade or pool (%) by each exposure IRB class: Corporates with own estimates of LGD or conversion factors,""DIVIDE(SUM({T(C_08.01.a)R(0010)C(0010)S(qx2015)}*{T(C_08.01.a)R(0010)C(0020)S(qx2015)},{T(C_08.01.a)R(0010)C(0010)S(qx2013)}*{T(C_08.01.a)R(0010)C(0020)S(qx2013)},{T(C_08.01.a)R(0010)C(0010)S(qx2075)}*{T(C_08.01.a)R(0010)C(0020)S(qx2075)}),SUM({T(C_08.01.a)R(0010)C(0020)S(qx2015)},{T(C_08.01.a)R(0010)C(0020)S(qx2013)},{T(C_08.01.a)R(0010)C(0020)S(qx2075)}))""";;
"MARK89,Breakdown of stressed VaR (between general and specific risk) - specific risk,""DIVIDE({MRCE2918}, {MRCE2000})""";;
"ORCE1647,""Positive loss adjustment amounts for clients, products and business practices"",{T(C_17.01.a)R(0945)C(0040)}";;
MR_RMR_CSR_BWL_WEIGHTS,Support formula to calculate other KRIs.,For the formula specification please see the latest version of SUBA derived variables and indicators: https://darwin.escb.eu/livelink/livelink/app/nodes/1821262705;;
"LIQ1500_LSI,Loan to stable funding ratio,""DIVIDE(({CRFA0100}-abs({LANP0700}))-({LANP0400}-abs(COALESCE({LANP0900}, 0))), {LRSM0400})""";;
"MARK70,(Settlement/delivery risk capital requirements) / Total capital requirements,""DIVIDE({CACE0600}, {CACE0800})""";;
"MR_FWL_1,Potential impacts coming from market risks to Total CET1,""COALESCE(IFN(IFN(__attribute('ECBM_ENT', 'ACCOUNTFRAME')='IFRS',1,IFN(__attribute('ECBM_ENT', 'ACCOUNTFRAME')='nGAAP' AND __attribute('ECBM_ENT', 'ACCOUNTFRAMESOLO')='IFRS',0,IFN(__attribute('ECBM_ENT', 'ACCOUNTFRAMESOLO')='IFRS',1,0)))=1  OR __attribute('ECBM_ENT','SENDER') = 'ES2',SUM({MR_FWL_TB_1}, {MR_FWL_BBFVPL_EQ_1}, {MR_NRMR_EQR_FWL_1}, {MR_FWL_CVA_1}, {MR_PRR_VR_FWL_1}), SUM({MR_FWL_TB_1},  {MR_FWL_CVA_1}, {MR_PRR_VR_FWL_1}, -DIVIDE({T(F_01.01)R(0172,0235)C(0010)}*0.4,{T(C_01.00)R(0020)C(0010)}))),IFN(IFN(__attribute('ECBM_ENT', 'ACCOUNTFRAME')='IFRS',1,IFN(__attribute('ECBM_ENT', 'ACCOUNTFRAME')='nGAAP' AND __attribute('ECBM_ENT', 'ACCOUNTFRAMESOLO')='IFRS',0,IFN(__attribute('ECBM_ENT', 'ACCOUNTFRAMESOLO')='IFRS',1,0)))=1  OR __attribute('ECBM_ENT','SENDER') = 'ES2',SUM({MR_FWL_TB_1}, {MR_FWL_BBFVPL_EQ_1}, {MR_NRMR_EQR_FWL_1}, {MR_FWL_CVA_1}, {MR_PRR_VR_FWL_1}), SUM({MR_FWL_TB_1},  {MR_FWL_CVA_1}, {MR_PRR_VR_FWL_1}, -DIVIDE({T(F_01.01_dp)R(0172,0235)C(0010)}*0.4,{T(C_01.00)R(0020)C(0010)}))))""";;
"MRFA5400,Financial assets held for trading: Carrying amount - Domestic,""COALESCE({T(F_20.01)R(0050)C(0010)},{SPE.DPI(MRFA5400)})""";;
"MRFA1200_1,Financial assets designated at fair value through profit or loss: Equity instruments,""COALESCE(SUM({T(F_01.01)R(0097,0172)C(0010)}),SUM({T(F_01.01_dp)R(0097,0172)C(0010)}),{SPE.DPI(MRFA1200)})""";;
STRC0100,FTE - Full-time equivalents,For the formula specification please see the latest version of SUBA derived variables and indicators: https://darwin.escb.eu/livelink/livelink/app/nodes/1821262705;;
"CRED255_1,Variation rate of NPLs by type of counterparty - Households,""DIVIDE(SUM({T(F_18.00.a)R(0150,0197,0227)C(0060)})-SUM({T(F_18.00.a)R(0150,0197,0227)C(0060)[T-1Y]}),SUM({T(F_18.00.a)R(0150,0197,0227)C(0060)[T-1Y]}))""";;
"PROF102,Interest income from Other Liabilities/ Total interest income,""DIVIDE({T(F_16.01)R(0260)C(0010)},{T(F_16.01)R(0270)C(0010)})""";;
"CRED208,Breakdown of loans to NFC by NACE economic sector: Transport and storage,""DIVIDE({T(F_06.01)R(0080)C(0010)},COALESCE(SUM({T(F_18.00.a)R(0070,0191,0221)C(0010)}),SUM({T(F_18.00.a.dp)R(0070,0191,0221)C(0010)})))""";;
CACO0900,Paid up capital,{T(C_01.00)R(0040)C(0010)};;
"PRFI5700,Loans subject to impairment granted to HHs,""COALESCE(SUM({T(F_12.00)R(0460)C(0020,0030,0060,0080,0090,0100)}),SUM(SUM({T(F_12.01.a)R(0140,0310,0490)C(0020,0040,0050,0070,0090,0110,0120)}),SUM({T(F_12.01.a)R(0730)C(0040,0050,0070,0090,0110,0120)})))""";;
"idcard7_LSI,Loans and advances,""COALESCE(SUM({T(F_01.01)R(0090,0095,0099,0130,0144,0174,0178,0183,0233,0237)C(0010)}),SUM({T(F_01.01_dp)R(0090,0095,0099,0130,0144,0174,0178,0183,0233,0237)C(0010)}))""";;
"CRED473,Non Financial Coorporations: YoY growth of absolute volume Debt securities to NFCs,""DIVIDE(SUM({T(F_18.00.a)R(0060,0186,0216)C(0010)}), SUM({T(F_18.00.a)R(0060,0186,0216)C(0010)[T-1Y]})) - 1""";;
"OPER68,""Maximum single loss for clients, products and business practices"",{T(C_17.01.a)R(0950)C(0040)}";;
"CRED460,Non Financial Coorporations: Coverage S2,""DIVIDE(-SUM({T(F_18.00.b)R(0120,0194)C(0142)}, {T(F_18.00.b)R(0120,0194)C(0950)}), SUM({T(F_18.00.a)R(0120,0194)C(0057)}, {T(F_18.00.a)R(0120,0194)C(0109)}))""";;
"IDCARD100,loans to governments,""SUM({T(F_04.01)R(0140)C(0010)},{T(F_04.02.1)R(0130)C(0010)},{T(F_04.02.2)R(0140)C(0010)},{T(F_04.03.1)R(0130)C(0010)},{T(F_04.04.1)R(0090)C(0010)},{T(F_04.06)R(0140)C(0010)},{T(F_04.07)R(0140)C(0010)},{T(F_04.08)R(0140)C(0010)},{T(F_04.08)R(0140)C(0035)},{T(F_04.09)R(0090)C(0050)},{T(F_04.10)R(0140)C(0010)})""";;
"BSFM0200,Derivatives used as hedging instruments in accounting hedges [notional],""COALESCE({T(F_11.01)R(0500)C(0030)},{T(F_11.01_dp)R(0500)C(0030)},{SPE.DPI(BSFM0200)})""";;
"MRFA0900,Financial assets held for trading: Total Fair value level 3,""COALESCE({T(F_14.00)R(0010)C(0030)},{SPE.DPI(MRFA0900)})""";;
"CRMAT_V121,Share of Loans and Advances to Households Credit for consumption over Total Loans and Advances,""DIVIDE({CRMAT_A121},COALESCE(SUM({T(F_18.00.a)R(0070,0191,0221)C(0010)}),SUM({T(F_18.00.a.dp)R(0070,0191,0221)C(0010)})))""";;
"MR_PRR_CON_1,Valuation adjustments for concentrated positions to Total RWA,""DIVIDE(-1*SUM({T(C_32.02.c)R(0010)C(0070,0200)}), {T(C_02.00.a)R(0010)C(0010)})""";;
"CRED367,Migration Rate: from stage 1 to 2,""DIVIDE({T(F_12.02)R(0070)C(0010)},SUM({T(F_04.03.1)R(0110)C(0015)[T-1Y]},{T(F_04.04.1)R(0070)C(0015)[T-1Y]}))""";;
"MR_RMR_FRTB_17,Relevance of RRAO in relation to Model Risk Additional Valuation Adjustments,""DIVIDE(SUM({T(C_91.00)R(0120)C(0190)},{T(C_91.00)R(0130)C(0190)}),{T(C_32.02.a)R(0010)C(0050)})""";;
"LIQV0188,3Y Forecast for NSFR,""COALESCE({T(P_01.03)R(010)C(050)},0)""";;
"CRED444,Credit institutions and other financial institutions: Share of Forbearance measures to already NPL (late flagging/late measure),""DIVIDE(SUM({T(F_19.00.a)R(0100,0110,0194,0195,0224,0225)C(0020)}), SUM({T(F_18.00.a)R(0100,0110,0194,0195,0224,0225)C(0060)}))""";;
"CRFA0603,Loans and advances. Other financial corporations,""COALESCE(SUM({T(F_18.00.a)R(0110,0195,0225)C(0010)}),SUM({T(F_18.00.a.dp)R(0110,0195,0225)C(0010)}),{SPE.DPI(CRFA0603)})""";;
"CLIM28,Share of collateral with estimated EPC in CRE portfolio (non-EU),""DIVIDE({SPE.DPI(CLIMREU007R)}*{T(D_02.00.a)R(0070)C(0150)},{T(D_02.00.a)R(0060)C(0010)})""";;
BSFL0100,deposits from banks,For the formula specification please see the latest version of SUBA derived variables and indicators: https://darwin.escb.eu/livelink/livelink/app/nodes/1878940265;;
"LIQV0148,Actual Short-term Debt Securities,""COALESCE({T(P_01.02)R(150)C(010)},0)""";;
"CRMAT_V101,Share of Loans and Advances to Households over Total Loans and Advances,""DIVIDE({CRMAT_A101},COALESCE(SUM({T(F_18.00.a)R(0070,0191,0221)C(0010)}),SUM({T(F_18.00.a.dp)R(0070,0191,0221)C(0010)})))""";;
"PROF82,NFC loans coming from Accommodation and food service activities (NACE code)/ Total NFC loans,""DIVIDE({T(F_06.01)R(0090)C(0010)},{T(F_06.01)R(0190)C(0010)})""";;
"PROF15,Assets (domestic activities) to total assets,""DIVIDE({BSFA3900}, {BSFA0200})""";;
"CRED380,Sovereign exposures / RWA,""DIVIDE(SUM({T(C_07.00.a)R(0010)C(0200)S(qx16,qx23,qx22)}),{T(C_02.00.a)R(0010)C(0010)})""";;
"PROF211,Present value of defined benefit obligations /RWA,""DIVIDE({T(F_44.01)R(0070)C(0010)}, {CACE0900})""";;
"LIQV0071,1Y secured funding spread (in basis points),""COALESCE({T(C_69.00.a)R(0045)C(0110)S(0010)}, {SPE.DPI(C69R040C110)})""";;
"LIQV0125,Contractual 2Y Gap (including CBC),""SUM(SUM({T(C_66.01.a)R(0720,1080)C(0200)S(0010)}), SUM({T(C_66.01.a)R(0270,0280,0330)C(0020)S(0010)}))""";;
"PROF84,NFC loans coming from Financial and insurance activities (NACE code)/ Total NFC loans,""DIVIDE({T(F_06.01)R(0105)C(0010)},{T(F_06.01)R(0190)C(0010)})""";;
"LIQ52,Liquid assets ratio,""DIVIDE({LIQV0001}, SUM({BSFA0200},-MIN({BSFA0300}, {BSFL0600})))""";;
"BSFA0400,Investments in subs/JV/assoc,""COALESCE({T(F_01.01)R(0260)C(0010)},{T(F_01.01.dp)R(0260)C(0010)},{SPE.DPI(BSFA0400)})""";;
CRMAT_A241,Absolute volume of Project finance portfolio,{T(F_05.01)R(0130)C(0005)};;
"CRFA4100,Derivatives held-for-trading. Of which OTC. Assets,""COALESCE(SUM({T(F_10.00)R(0300,0310,0320)C(0010)}),SUM({T(F_10.00.dp)R(0300,0310,0320)C(0010)}),{SPE.DPI(CRFA4100)})""";;
"CAP55,Quality of Capital (IRB provision-shortfall on Total Capital),""DIVIDE({CACO6900}, {CACO0100})""";;
"PRFI4100_T3,""Projected Dividend Income, at t+3"",{T(P_04.01)R(160)C(040)}";;
IRNI1200,Change in the forecasted net interest income of the banking book under parallel interest rate increase of 200 bps (Millions),{T(J_01.00)R(0130)C(0010)S(x1)};;
CAP53,Capital margins with respect to initial capital (Total Capital - Initial Capital),({CACO0100})-({CACO7100});;
"LIQ215,Non-Euro Buffer ratio,""DIVIDE({LIQV0115}, {LIQV0001})""";;
"IDCARD323,Forborne exposures ratio denominator (IDCARD24),""SUM({T(F_18.00.a)R(0070,0191,0221)C(0010)})""";;
IDCARD80,Market Risk RWA,For the formula specification please see the latest version of SUBA derived variables and indicators: https://darwin.escb.eu/livelink/livelink/app/nodes/1878940265;;
FWL2,Automated viability anchor score - Cost to Income ratio,For the formula specification please see the latest version of SUBA derived variables and indicators: https://darwin.escb.eu/livelink/livelink/app/nodes/1821262705;;
"LIQV0129,Planned 1Y Client Loans (t-1),""COALESCE(SUM({T(P_01.01)R(030)C(030)[T-1Y]},{T(P_01.01)R(100)C(030)[T-1Y]},SUM({T(P_01.01)R(180,190)C(030)[T-1Y]})),0)""";;
"CRNA111N,Gross carrying amount of loans and advances to non-financial corporations - Administrative and support service activities,""COALESCE({T(F_06.01)R(0130)C(0010)},{SPE.DPI(CRNA111N)})""";;
"MR_NRMR_SFX_SENSITIVITY,Total SFX position incl. in the sensitivity calc. to Total SFX position suitable for the exemption,""DIVIDE({SPE.DPI(MRT2_r0210_c0090)}, SUM({SPE.DPI(MRT2_r0210_c0030)}, {SPE.DPI(MRT2_r0210_c0040)}))""";;
"PRFI3300,""Exchange differences [gain (loss)], net"",""COALESCE({T(F_02.00)R(0310)C(0010)},{T(F_02.00.dp)R(0310)C(0010)},{SPE.DPI(PRFI3300)})""";;
LIQST012,Funding deficit/surplus (as % of total assets) Extreme case 6 Month.,https://darwin.escb.eu/livelink/livelink?func=ll&objId=305648124&objAction=browse&viewType=1;;
"CRNA111L,Gross carrying amount of loans and advances to non-financial corporations - Real estate activities,""COALESCE({T(F_06.01)R(0110)C(0010)},{SPE.DPI(CRNA111L)})""";;
"IDCARD78,ow: paid-in capital,""SUM({T(F_01.03)R(0020,0040)C(0010)})""";;
"MR_PRR_AVA_DENSITY_OTHER,Total AVA on Other securities on total Other securities exposure,""DIVIDE(SUM({SPE.DPI(MRT4_r0090_c0210)}, {SPE.DPI(MRT4_r0090_c0220)}, {SPE.DPI(MRT4_r0090_c0230)}, {SPE.DPI(MRT4_r0090_c0240)}, {SPE.DPI(MRT4_r0090_c0250)}, {SPE.DPI(MRT4_r0120_c0210)}, {SPE.DPI(MRT4_r0120_c0220)}, {SPE.DPI(MRT4_r0120_c0230)}, {SPE.DPI(MRT4_r0120_c0240)}, {SPE.DPI(MRT4_r0120_c0250)}), SUM({SPE.DPI(MRT4_r0090_c0010)}, {SPE.DPI(MRT4_r0120_c0010)}))""";;
IRRBB270_THR,Threshold for triggering IRRBB flag in the P2R methodology,For the formula specification please see the latest version of SUBA derived variables and indicators: https://darwin.escb.eu/livelink/livelink/app/nodes/1821262705;;
"IRRBB178,""Worst EVE projection (including parallel shock up, shorts rates shock up, steepener, flattener) divided by Tier 1 Capital"",""DIVIDE(MIN({T(J_01.00)R(0040)C(0010)S(x1)},{T(J_01.00)R(0080)C(0010)S(x1)},{T(J_01.00)R(0060)C(0010)S(x1)},{T(J_01.00)R(0070)C(0010)S(x1)}),{CACO0200} )""";;
"CRED201,""Breakdown of loans to NFC by NACE economic sector: Agriculture, forestry and fishing"",""DIVIDE({T(F_06.01)R(0010)C(0010)},COALESCE(SUM({T(F_18.00.a)R(0070,0191,0221)C(0010)}),SUM({T(F_18.00.a_dp)R(0070,0191,0221)C(0010)})))""";;
"LANP0600,Loans and advances at amortised cost - Credit institutions. Non-Performing. Gross carrying amount,""COALESCE({T(F_18.00.a)R(0100)C(0060)},{T(F_18.00.a_dp)R(0100)C(0060)},{SPE.DPI(LANP0600)})""";;
"CLIM24,Share of collateral with estimated EPC in CRE portfolio (EU),""DIVIDE({SPE.DPI(CLIMREU002R)}*{T(D_02.00.a)R(0020)C(0150)}, {T(D_02.00.a)R(0010)C(0010)})""";;
"IRRBB1,Change in the economic value of equity under parallel interest rate increase of 200 bps divided by Total capital,""DIVIDE({T(J_01.00)R(0040)C(0010)S(x1)}, {CACO0100})""";;
SUB_REQ_FINAL_TREA,The subordination requirment is legally binding. Deadline to meet the final target was 01/01/2024. In exceptional cases banks received a deadline extension according to Article 12 k (1) SRMR.,For the formula specification please see the latest version of SUBA derived variables and indicators: https://darwin.escb.eu/livelink/livelink/app/nodes/1821262705;;
BSFE0600,ow: minority,For the formula specification please see the latest version of SUBA derived variables and indicators: https://darwin.escb.eu/livelink/livelink/app/nodes/1878940265;;
CRCE0506,Exposure value exposure class-by-exposure class (SA): Institutions,{T(C_07.00.a)R(0010)C(0200)S(qx19)};;
PROF206,Automated viability anchor - Forecast error CIR for t-2,For the formula specification please see the latest version of SUBA derived variables and indicators: https://darwin.escb.eu/livelink/livelink/app/nodes/1821262705;;
"MARK111,Phase 1 report information Equity,""DIVIDE(SUM({MRCE2903}, {MRCE2904}, {MRCE2913}, {MRCE2914}) * {CACE1100}, SUM({MRCE0401}, {MRCE2000}) * {CACE0400})""";;
"CRNA111Q,Gross carrying amount of loans and advances to non-financial corporations - Human health services and social work activities,""COALESCE({T(F_06.01)R(0160)C(0010)},{SPE.DPI(CRNA111Q)})""";;
CAP64,Institution specific countercyclical capital buffer,{T(C_04.00)R(0770)C(0010)};;
"MR_RMR_60,Breakdown of market risk capital requirements under standardised approaches (SA) - CIUs,""DIVIDE({T(C_02.00.a)R(0555)C(0010)}*0.08,{CACE1000})""";;
"CRED399,Central banks and general governments: Inflow to NPLs (% of all Inflows) [All L&A except HfT and HfS],""SUM({T(F_18.01)R(0010)C(0010)},{T(F_18.01)R(0020)C(0010)})/{T(F_18.01)R(0150)C(0010)}""";;
IDCARD684,OC Level (ID CARDS),For the formula specification please see the latest version of SUBA derived variables and indicators: https://darwin.escb.eu/livelink/livelink/app/nodes/1878940265;;
CAP70,Leverage ratio (transitional) reported value,For the formula specification please see the latest version of SUBA derived variables and indicators: https://darwin.escb.eu/livelink/livelink/app/nodes/1878940265;;
"CRMAT_F131,Share of Performing Loans and Advances to Households ther than Secured by RRE and Credit for consumption with Forbearance Measures to Total Performing Loans and Advances to Households Other than Secured by RRE and Credit for consumption,""DIVIDE(SUM(SUM({T(F_19.00.a)R(0150,0197,0227)C(0020)}),-SUM({T(F_19.00.a)R(0160,0910,0930,0170,0913,0933)C(0020)})),SUM(SUM({T(F_18.00.a)R(0150,0197,0227)C(0020)}),-SUM({T(F_18.00.a)R(0160,0910,0930,0170,0913,0933)C(0020)})))""";;
FWL17,Forecast Error CRA,For the formula specification please see the latest version of SUBA derived variables and indicators: https://darwin.escb.eu/livelink/livelink/app/nodes/1821262705;;
ORCE1644,Positive loss adjustment amounts for internal fraud,{T(C_17.01.a)R(0945)C(0010)};;
"LIQ56,Contractual 5Y Gap to Total Assets,""DIVIDE({LIQV0023}, {BSFA0200})""";;
"PRFI4400,Impairments on non-financial assets,""COALESCE({T(F_02.00)R(0520)C(0010)},{T(F_02.00_dp)R(0520)C(0010)})""";;
CRCE0102,Original exposure pre-conversion factors exposures class-by-exposure class (SA): Regional governments or local authorities,{T(C_07.00.a)R(0010)C(0010)S(qx23)};;
IDCARD8,Debt securities,For the formula specification please see the latest version of SUBA derived variables and indicators: https://darwin.escb.eu/livelink/livelink/app/nodes/1878940265;;
"CRED53,Increase of total loans by type of Counterparty / Total loans by type of Counterparty - Credit institutions,""DIVIDE({BSFA0500}-{BSFA0500[T-1Y]}, {BSFA0500[T-1Y]})""";;
"LEV402C,Magnitude of the drop in derivatives value around reporting dates (using quarterly data),""ifn({MF_FYE}=0, DIVIDE(MEAN(SUM({T(C_47.00)R(0061-0140)C(0010)[T-1Q]}), SUM({T(C_47.00)R(0061-0140)C(0010)[T-2Q]}), SUM({T(C_47.00)R(0061-0140)C(0010)[T-3Q]})), SUM({T(C_47.00)R(0061-0140)C(0010)})),ifn({MF_FYE}=3, DIVIDE(MEAN(SUM({T(C_47.00)R(0061-0140)C(0010)}), SUM({T(C_47.00)R(0061-0140)C(0010)[T-2Q]}), SUM({T(C_47.00)R(0061-0140)C(0010)[T-3Q]})), SUM({T(C_47.00)R(0061-0140)C(0010)[T-1Q]})),ifn({MF_FYE}=6, DIVIDE(MEAN(SUM({T(C_47.00)R(0061-0140)C(0010)}), SUM({T(C_47.00)R(0061-0140)C(0010)[T-1Q]}), SUM({T(C_47.00)R(0061-0140)C(0010)[T-3Q]})), SUM({T(C_47.00)R(0061-0140)C(0010)[T-2Q]})),ifn({MF_FYE}=9, DIVIDE(MEAN(SUM({T(C_47.00)R(0061-0140)C(0010)}), SUM({T(C_47.00)R(0061-0140)C(0010)[T-1Q]}), SUM({T(C_47.00)R(0061-0140)C(0010)[T-2Q]})), SUM({T(C_47.00)R(0061-0140)C(0010)[T-3Q]})),1/0))))""";;
"OPER26,Ratio loss amount for asset management to total loss amount,""DIVIDE({ORCE1608}, {OPER53})""";;
"LEV401C,Materiality of average derivatives in comparison to total leverage ratio exposure (TLRE) (using quarterly data),""ifn({MF_FYE}=0, DIVIDE(MEAN(SUM({T(C_47.00)R(0061-0140)C(0010)[T-1Q]}), SUM({T(C_47.00)R(0061-0140)C(0010)[T-2Q]}), SUM({T(C_47.00)R(0061-0140)C(0010)[T-3Q]})), {T(C_47.00)R(0290)C(0010)}),ifn({MF_FYE}=3, DIVIDE(MEAN(SUM({T(C_47.00)R(0061-0140)C(0010)}), SUM({T(C_47.00)R(0061-0140)C(0010)[T-2Q]}), SUM({T(C_47.00)R(0061-0140)C(0010)[T-3Q]})), {T(C_47.00)R(0290)C(0010)[T-1Q]}),ifn({MF_FYE}=6, DIVIDE(MEAN(SUM({T(C_47.00)R(0061-0140)C(0010)}), SUM({T(C_47.00)R(0061-0140)C(0010)[T-1Q]}), SUM({T(C_47.00)R(0061-0140)C(0010)[T-3Q]})), {T(C_47.00)R(0290)C(0010)[T-2Q]}),ifn({MF_FYE}=9, DIVIDE(MEAN(SUM({T(C_47.00)R(0061-0140)C(0010)}), SUM({T(C_47.00)R(0061-0140)C(0010)[T-1Q]}), SUM({T(C_47.00)R(0061-0140)C(0010)[T-2Q]})), {T(C_47.00)R(0290)C(0010)[T-3Q]}),1/0))))""";;
"LIQ105,Derivatives funding ratio,""DIVIDE({LIQ76}, {BSFL0500})""";;
"BSFL2600,Financial liabilities measured at fair value to profit or loss excluding those held for trading,""COALESCE(sum({T(F_01.02)R(0070)C(0010)},{T(F_01.02)R(0150)C(0010)}),sum({T(F_01.02.dp)R(0070)C(0010)},{T(F_01.02.dp)R(0150)C(0010)}),{SPE.DPI(BSFL2600)})""";;
"CRED395,NPL adjusted coverage,""DIVIDE(SUM(SUM(-{T(F_18.00.b)R(0070,0191,0221)C(0150)}),SUM({SPE.DPI(NPESTR010C010)},{SPE.DPI(NPEATR010C010)},{SPE.DPI(NPESTR240C040)},{SPE.DPI(NPESTR240C050)},{SPE.DPI(NPESTR240C060)},{SPE.DPI(NPESTR240C070)},{SPE.DPI(NPESTR240C080)},{SPE.DPI(NPESTR240C090)},{SPE.DPI(NPEATR240C040)},{SPE.DPI(NPEATR240C050)},{SPE.DPI(NPEATR240C060)},{SPE.DPI(NPEATR240C070)},{SPE.DPI(NPEATR240C080)},{SPE.DPI(NPEATR240C100)},{SPE.DPI(NPEATR240C110)},{SPE.DPI(NPEATR240C120)}),{T(C_35.01)R(0010)C(0110)},{T(C_35.01)R(0120)C(0030-0100)}),SUM({T(F_18.00.a)R(0070,0191,0221)C(0060)}))""";;
"LIQV0110,Total items providing stable funding (net derivatives),""COALESCE(SUM({T(C_81.00.c)R(0010)C(0010-0030)},-MIN({T(C_81.00.b)R(0320)C(0010)},{T(C_80.00.b)R(0940)C(0010)})),SUM({T(C_83.00.c)R(0010)C(0010,0020)}))""";;
CRFA2100,ow: trading equity instruments,For the formula specification please see the latest version of SUBA derived variables and indicators: https://darwin.escb.eu/livelink/livelink/app/nodes/1878940265;;
ORCE1651,Total positive loss adjustment amounts,{T(C_17.01.a)R(0945)C(0080)};;
"CAP32,Operational Risk Capital Requirements on Total Capital Requirements,""DIVIDE({CACE0500}, {CACE0800})""";;
"CRED156,OTC derivatives / Derivatives (trading and hedging),""DIVIDE(SUM({CRFA4100},{CRFA4110}), SUM({BSFA0300},{BSFA2900}))""";;
"CRFA0600,Non performing loans and advances,""COALESCE(SUM({T(F_18.00.a)R(0005,0070,0191,0221)C(0060)}),SUM(-{T(F_18.00.a_dp)R(0010)C(0060)},{T(F_18.00.a_dp)R(0180,0191,0221)C(0060)}))""";;
CAPA0501,Transitional provisions: Grandfathered instruments adjustments,{T(C_05.01)R(0020)C(0010)};;
"MRFA1900,Derivatives held for trading - Assets - Carrying amount: OTC - Credit institutions,""COALESCE({T(F_10.00)R(0300)C(0010)},{T(F_10.00_dp)R(0300)C(0010)},{SPE.DPI(MRFA1900)})""";;
"CRED398,Central banks and general governments: Coverage S3,""DIVIDE(SUM({T(F_18.00.b)R(0080,0090,0192,0193)C(0951)}),SUM({T(F_18.00.a)R(0080,0090,0192,0193)C(0121)}))*-1""";;
MRCE2914,Stressed VaR. Multiplication factor (ms) x average of previous 60 working days (SVaRavg): Equities - Specific risk,{T(C_24.00)R(0070)C(0050)};;
"PRFI1500,Other operating expenses,""COALESCE({T(F_02.00)R(0350)C(0010)},{T(F_02.00.dp)R(0350)C(0010)},{SPE.DPI(PRFI1500)})""";;
MREL_SUPPLY_TREA,Own funds and eligible liabilities as a percentage of the total risk exposure amount. External and internal MREL include a risk- and a leverage-based dimension which are both legally binding.,{T(M_01.00)R(0300)C(0010)};;
"IDCARD548_ANNUAL,Annualised interest bearing assets,""MEAN({IDCARD548},{IDCARD548[T-1Q]},{IDCARD548[T-2Q]},{IDCARD548[T-3Q]})""";;
"IRRBB17,Change in the economic value of equity under parallel interest rate increase / decrease of 200 bps (worst of both shifts) divided by Total capital,""ifn((ISNULL({T(J_01.00)R(0040)C(0010)S(x1)}) = 0) AND (ISNULL({T(J_01.00)R(0050)C(0010)S(x1)}) = 0) AND (ISNULL({CACO0100}) = 0), MIN(DIVIDE({T(J_01.00)R(0040)C(0010)S(x1)}, {CACO0100}), DIVIDE({T(J_01.00)R(0050)C(0010)S(x1)}, {CACO0100}), 0), 1/0)""";;
"BSFL0200,Deposits from counterparties other than from credit institutions and central banks,""COALESCE(sum(sum({T(F_08.01.a)R(0050)C(0010)},{T(F_08.01.a)R(0050)C(0020)},{T(F_08.01.a)R(0050)C(0030)},{T(F_08.01.a)R(0050)C(0034)},{T(F_08.01.a)R(0050)C(0035)}),-sum({T(F_08.01.a)R(0160)C(0010)},{T(F_08.01.a)R(0160)C(0020)},{T(F_08.01.a)R(0160)C(0030)},{T(F_08.01.a)R(0160)C(0034)},{T(F_08.01.a)R(0160)C(0035)}),-sum({T(F_08.01.a)R(0060)C(0010)},{T(F_08.01.a)R(0060)C(0020)},{T(F_08.01.a)R(0060)C(0030)},{T(F_08.01.a)R(0060)C(0034)},{T(F_08.01.a)R(0060)C(0035)})),sum(sum({T(F_08.01.a)R(0050)C(0010)},{T(F_08.01.a)R(0050)C(0020)},{T(F_08.01.a)R(0050)C(0030)},{T(F_08.01.a)R(0050)C(0034)},{T(F_08.01.a)R(0050)C(0035)}),-sum({T(F_08.01.dp)R(0160)C(0010)},{T(F_08.01.dp)R(0160)C(0020)},{T(F_08.01.dp)R(0160)C(0030)},{T(F_08.01.dp)R(0160)C(0034)},{T(F_08.01.dp)R(0160)C(0035)}),-sum({T(F_08.01.dp)R(0060)C(0010)},{T(F_08.01.dp)R(0060)C(0020)},{T(F_08.01.dp)R(0060)C(0030)},{T(F_08.01.dp)R(0060)C(0034)},{T(F_08.01.dp)R(0060)C(0035)})),{SPE.DPI(BSFL0200)})""";;
"CRED107,Increase of total loans by type of collateral / Total loans by type of Collateral: Other,""DIVIDE(SUM({CRFA3800}, -{CRFA3100}, -{CRFA3110}, -{CRFA3200}, -{CRFA3600}) - SUM({CRFA3800[T-1Y]}, -{CRFA3100[T-1Y]}, -{CRFA3110[T-1Y]}, -{CRFA3200[T-1Y]}, -{CRFA3600[T-1Y]}), SUM({CRFA3800[T-1Y]}, -{CRFA3100[T-1Y]}, -{CRFA3110[T-1Y]}, -{CRFA3200[T-1Y]}, -{CRFA3600[T-1Y]}))""";;
"LIQ310,3Y Forecasted Growth of Households Deposits,""IFN({LIQV0207}=0 AND {LIQV0199}=0,0,IFN({LIQV0199}=0,1,DIVIDE({LIQV0207}-{LIQV0199},{LIQV0199})))""";;
"CAP18,Dynamics of own funds: Paid capital,""DIVIDE({CACO0900}-{CACO0900[T-1Y]}, {CACO0900[T-1Y]})""";;
"CRED414,Country risk: SSM exposure over total exposure in all countries,""DIVIDE(SUM({T(F_20.04)R(0080,0140)C(0010)S(AT,BE,CY,DE,EE,ES,FI,FR,GR,IE,IT,LT,LU,LV,MT,NL,PT,SI,SK,BG,HR)}, -{T(F_20.04)R(0080,0140)C(0011)S(AT,BE,CY,DE,EE,ES,FI,FR,GR,IE,IT,LT,LU,LV,MT,NL,PT,SI,SK,BG,HR)}),{CRED411_DEN})""";;
PROF212_THR,Threshold for triggering Operational Risk flag in the P2R methodology,For the formula specification please see the latest version of SUBA derived variables and indicators: https://darwin.escb.eu/livelink/livelink/app/nodes/1821262705;;
"PRFI5600,Measures the cost of risk point-in-time denominator for loans subject to impairment granted to NFCs,""COALESCE(SUM(SUM({T(F_04.08)R(0170)C(0040,0050)}),SUM({T(F_04.09)R(0120)C(0010,0020)}),SUM({T(F_04.10)R(0170)C(0015,0020)})),SUM(SUM({T(F_04.03.1)R(0160)C(0015,0030,0040,0041)}),SUM({T(F_04.04.1)R(0120)C(0015,0030,0040,0041)})))""";;
"BSFL2200,Short positions,""COALESCE({T(F_01.02)R(0030)C(0010)}+{T(F_01.02)R(0063)C(0010)},{T(F_01.02_dp)R(0030)C(0010)}+{T(F_01.02_dp)R(0063)C(0010)},{SPE.DPI(BSFL0600)})""";;
"CLIM20,""% of portfolio for which proxies are used to estimate GHG financed emissions (scope 1, 2, 3) (non-EU)"",{SPE.DPI(CLIMNIIU057100)}";;
"BSF00100,Off-balance sheet items,""SUM(SUM({T(F_09.01.1)R(0010,0090,0170)C(0010,0020,0030,0035)}),-SUM({T(F_09.01.1)R(0010,0090,0170)C(0040,0050,0060,0065)}))""";;
"LIQ267,1Y Forecasted Growth of Total Assets,""IFN({LIQV0158}=0 AND {LIQV0132}=0,0,IFN({LIQV0132}=0,1,DIVIDE({LIQV0158}-{LIQV0132},{LIQV0132})))""";;
"IDCARD54,Administration and depreciation,""SUM(-{PRFI1300}, -{PRFI2100})""";;
"CLIM40,Share of NFC exposure to carbon-intensive sectors (non-EU),""DIVIDE(SUM({T(D_01.00)R(0010)C(0010)}, -{SPE.DPI(CLIMNIIU001010)}), SUM({T(D_01.00)R(0560)C(0010)}, -{SPE.DPI(CLIMNIIU056010)}))""";;
"PRFI1200,ow: attributable to owners of the parent,""COALESCE({T(F_02.00)R(0690)C(0010)},{T(F_02.00.dp)R(0690)C(0010)},{SPE.DPI(PRFI1200)})""";;
MR_RMR_EQR_BWL,3-year weighted volatility of quarterly P&L (Items at FVPL sensitive to EQ) to Total RWA,For the formula specification please see the latest version of SUBA derived variables and indicators: https://darwin.escb.eu/livelink/livelink/app/nodes/1821262705;;
"IRRBB191,Percentage of core NMDS repricing after 10Y,""COALESCE((DIVIDE(SUM({T(J_05.00.b)R(0290,0330,0370)C(0230-0250)S(*)}),SUM({T(J_05.00.b)R(0290,0330,0370)C(0070-0250,0320-0390)S(*)}))),(DIVIDE(SUM({T(J_06.00.b)R(0290,0330,0370)C(0230-0250)S(*)}),SUM({T(J_06.00.b)R(0290,0330,0370)C(0070-0250,0320-0390)S(*)}))),(DIVIDE(SUM({T(J_07.00.b)R(0290,0330,0370)C(0230-0250)S(*)}),SUM({T(J_07.00.b)R(0290,0330,0370)C(0070-0250,0320-0390)S(*)}))))""";;
IDCARD540,AVA Equivalent Risk Exposure,-12.5*{CACO2500};;
MR_PRR_VR_BWL_WSTD_NUM,Support formula to calculate other KRIs.,For the formula specification please see the latest version of SUBA derived variables and indicators: https://darwin.escb.eu/livelink/livelink/app/nodes/1821262705;;
"PROF67,Interest income from Central banks/ Total loans and advances interest income,""DIVIDE({T(F_16.01)R(0090)C(0010)},{T(F_16.01)R(0080)C(0010)})""";;
"CRMAT_O101,Share Off-Balance sheet commitments to Households over Total On-Balance Sheet Loans and Advances,""COALESCE(DIVIDE(SUM({T(F_18.00.e)R(0400,0470,0540)C(0010)}),SUM({T(F_18.00.a)R(0070,0191,0221)C(0010)})),DIVIDE(SUM({T(F_18.00.e.dp)R(0400,0470,0540)C(0010)}),SUM({T(F_18.00.a.dp)R(0070,0191,0221)C(0010)})))""";;
"PROF19,Central banks' deposits to total deposits,""DIVIDE({BSFL0900}, SUM({BSFL0100}, {BSFL0200}, {BSFL0900}))""";;
"PROF212,Assets under management to Tier 1 capital (AuM / T1),""DIVIDE({T(F_22.02)R(0010)C(0010)}, {CACO0200})""";;
"CRFA2100,ow: trading equity instruments,""COALESCE({T(F_01.01)R(0070)C(0010)}+{T(F_01.01)R(0093)C(0010)},{T(F_01.01.dp)R(0070)C(0010)}+{T(F_01.01.dp)R(0093)C(0010)},{SPE.DPI(CRFA2100)})""";;
CRCE0108,Original exposure pre-conversion factors exposures class-by-exposure class (SA): Retail,{T(C_07.00.a)R(0010)C(0010)S(qx26)};;
IDCARD87_LSI_DE,Geographical breakdown of assets. SSM country - Germany,{T(F_20.04)R(0010)C(0010)S(DE)}+{T(F_20.04)R(0040)C(0010)S(DE)}+{T(F_20.04)R(0080)C(0010)S(DE)}+{T(F_20.04)R(0140)C(0010)S(DE)};;
"MR_PRR_FADJ_DENSITY_DEBT,Total FVadj on Debt securities on total Debt securities exposure,""DIVIDE(SUM({SPE.DPI(MRT4_r0080_c0070)}, {SPE.DPI(MRT4_r0080_c0090)}, {SPE.DPI(MRT4_r0080_c0110)}, {SPE.DPI(MRT4_r0080_c0130)}, {SPE.DPI(MRT4_r0080_c0150)}, {SPE.DPI(MRT4_r0080_c0170)}, {SPE.DPI(MRT4_r0080_c0190)}, {SPE.DPI(MRT4_r0110_c0070)}, {SPE.DPI(MRT4_r0110_c0090)}, {SPE.DPI(MRT4_r0110_c0110)}, {SPE.DPI(MRT4_r0110_c0130)}, {SPE.DPI(MRT4_r0110_c0150)}, {SPE.DPI(MRT4_r0110_c0170)}, {SPE.DPI(MRT4_r0110_c0190)}), SUM({SPE.DPI(MRT4_r0080_c0010)}, {SPE.DPI(MRT4_r0110_c0010)}))""";;
"CRED266,Regional governments and local authorities Credit risk capital requirement,""SUM({CACE1201},{CACE1203})""";;
"MR_FWL_TB,Potential impacts coming from Regulatory trading book items to Total RWA,""COALESCE(DIVIDE(-1*({T(C_91.00)R(0010)C(0190)} -{T(C_91.00)R(0120)C(0190)} -{T(C_91.00)R(0130)C(0190)}),{CACE0900}), DIVIDE(-{T(C_02.00.a)R(0520)C(0010)}*0.08,{CACE0900}))""";;
IDCARD89,Assets (top 3rd country),For the formula specification please see the latest version of SUBA derived variables and indicators: https://darwin.escb.eu/livelink/livelink/app/nodes/293814368;;
"LIQ62,DGS deposits ratio,""DIVIDE({LIQV0034}, {BSFL0500}-MIN({BSFL0600}, {BSFA0300}))""";;
"LEV402B_LSI,Magnitude of the drop in SFTs value around the reporting dates (using quarterly data),""ifn({MF_FYE}=0, DIVIDE(MEAN(SUM({T(C_47.00)R(0010,0020,0030,0040,0050)C(0010)[T-1Q]}), SUM({T(C_47.00)R(0010,0020,0030,0040,0050)C(0010)[T-2Q]}), SUM({T(C_47.00)R(0010,0020,0030,0040,0050)C(0010)[T-3Q]})), SUM({T(C_47.00)R(0010,0020,0030,0040,0050)C(0010)})),ifn({MF_FYE}=3, DIVIDE(MEAN(SUM({T(C_47.00)R(0010,0020,0030,0040,0050)C(0010)}), SUM({T(C_47.00)R(0010,0020,0030,0040,0050)C(0010)[T-2Q]}), SUM({T(C_47.00)R(0010,0020,0030,0040,0050)C(0010)[T-3Q]})), SUM({T(C_47.00)R(0010,0020,0030,0040,0050)C(0010)[T-1Q]})),ifn({MF_FYE}=6, DIVIDE(MEAN(SUM({T(C_47.00)R(0010,0020,0030,0040,0050)C(0010)}), SUM({T(C_47.00)R(0010,0020,0030,0040,0050)C(0010)[T-1Q]}), SUM({T(C_47.00)R(0010,0020,0030,0040,0050)C(0010)[T-3Q]})), SUM({T(C_47.00)R(0010,0020,0030,0040,0050)C(0010)[T-2Q]})),ifn({MF_FYE}=9, DIVIDE(MEAN(SUM({T(C_47.00)R(0010,0020,0030,0040,0050)C(0010)}), SUM({T(C_47.00)R(0010,0020,0030,0040,0050)C(0010)[T-1Q]}), SUM({T(C_47.00)R(0010,0020,0030,0040,0050)C(0010)[T-2Q]})), SUM({T(C_47.00)R(0010,0020,0030,0040,0050)C(0010)[T-3Q]})),1/0))))""";;
"PRFI1500,Other operating expenses,""COALESCE({T(F_02.00)R(0350)C(0010)},{T(F_02.00_dp)R(0350)C(0010)},{SPE.DPI(PRFI1500)})""";;
"PROF56,""Operating income from Corporate Finance/ Total Operating income, net"",""DIVIDE({SPE.DPI(SRPRIB010010)},{SPE.DPI(SRPRIB110010)})""";;
"CRMAT_V262,{[Total Exposure to highly leveraged transactions - Total exposure to non-investment grade borrowers identified as highly leveraged transactions due to temporary deterioration in EBITDA] * [Total RWEAs for highly leveraged transactions/(Total RWEAs for highly leveraged transactions+ Associated RWEAs relief of applying credit risk mitigation techniques)]}/ (OCR Tier 1 capital requirements* Total RWA),""DIVIDE((SUM({SPE.DPI(LFLTR480010)},-{SPE.DPI(LFLTR580010)})*DIVIDE({SPE.DPI(LFLTR500010)},SUM({SPE.DPI(LFLTR500010)},{SPE.DPI(LFLTR520010)}))),({T(C_03.00)R(0180)C(0010)}*{T(C_02.00.a)R(0010)C(0010)}))""";;
"FLIC0100,Total Deposits. Carrying amount,""COALESCE({T(F_01.02)R(0040)C(0010)}+{T(F_01.02)R(0064)C(0010)}+{T(F_01.02)R(0080)C(0010)}+{T(F_01.02)R(0120)C(0010)}+{T(F_01.02)R(0142)C(0010)},{T(F_01.02.dp)R(0040)C(0010)}+{T(F_01.02.dp)R(0064)C(0010)}+{T(F_01.02.dp)R(0080)C(0010)}+{T(F_01.02.dp)R(0120)C(0010)}+{T(F_01.02.dp)R(0142)C(0010)},{SPE.DPI(FLIC0100)})""";;
"CRMAT_N211,Share Non-Performing Loans and Advances to Corporates and Large corporates over Total Loans and Advances to Corporates and Large corporates,""DIVIDE(SUM(COALESCE(SUM({T(F_18.00.a)R(0120,0196,0226)C(0060)}), SUM({T(F_18.00.a.dp)R(0120,0196,0226)C(0060)})),-COALESCE(SUM({T(F_18.00.a)R(0130,0900,0920)C(0060)})), SUM({T(F_18.00.a.dp)R(0130)C(0060)})),{CRMAT_A211})""";;
"CRED10,""Identification of the institution's risk appetite (corporate, retail, etc.). Breakdown of original exposure value by class - Central Banks and Government"",""DIVIDE(SUM({T(C_07.00.a)R(0010)C(0010)S(qx16)},{T(C_07.00.a)R(0010)C(0010)S(qx23)},{T(C_07.00.a)R(0010)C(0010)S(qx22)},{T(C_07.00.a)R(0010)C(0010)S(qx21)},{T(C_07.00.a)R(0010)C(0010)S(qx20)},{T(C_08.01.a)R(0010)C(0020)S(qx2021)},{T(C_08.01.a)R(0010)C(0020)S(qx2020)}),SUM({T(F_18.00.a)R(0330)C(0010)},{T(F_09.01.1)R(0010)C(0010)},{T(F_09.01.1)R(0010)C(0020)},{T(F_09.01.1)R(0010)C(0030)},{T(F_09.01.1)R(0010)C(0100)},{T(F_09.01.1)R(0010)C(0120)},{T(F_09.01.1)R(0090)C(0010)},{T(F_09.01.1)R(0090)C(0020)},{T(F_09.01.1)R(0090)C(0030)},{T(F_09.01.1)R(0090)C(0100)},{T(F_09.01.1)R(0090)C(0120)},{T(F_09.01.1)R(0170)C(0010)},{T(F_09.01.1)R(0170)C(0020)},{T(F_09.01.1)R(0170)C(0030)},{T(F_09.01.1)R(0170)C(0100)},{T(F_09.01.1)R(0170)C(0120)}))""";;
"CRED122,Evolution of total original exposure by class / Total original exposure. Central banks and central governments,""DIVIDE(SUM({CRCE0101}, {CRCE0102}, {CRCE0103}, {CRCE0104}, {CRCE0105}, {CRCE0201}) - SUM({CRCE0101[T-1Y]}, {CRCE0102[T-1Y]}, {CRCE0103[T-1Y]}, {CRCE0104[T-1Y]}, {CRCE0105[T-1Y]}, {CRCE0201[T-1Y]}), SUM({CRCE0101[T-1Y]}, {CRCE0102[T-1Y]}, {CRCE0103[T-1Y]}, {CRCE0104[T-1Y]}, {CRCE0105[T-1Y]}, {CRCE0106[T-1Y]}, {CRCE0107[T-1Y]}, {CRCE0108[T-1Y]}, {CRCE0201[T-1Y]}, {CRCE0206[T-1Y]}, {CRCE0207[T-1Y]}, {CRCE0208[T-1Y]}))""";;
"MR_RMR_FRTB_23,Share of Credit spread risk for securitisation included in ACTP in total SBM OFR,""DIVIDE({T(C_91.00)R(0050)C(0190)},SUM({T(C_91.00)R(0020-0080)C(0190)}))""";;
CAP110,P2G,For the formula specification please see the latest version of SUBA derived variables and indicators: https://darwin.escb.eu/livelink/livelink/app/nodes/1878940265;;
"LEV203_LSI,The notional amount of OBS items after the application of CCFs < 100% to TLRE,""DIVIDE(SUM({T(C_47.00)R(0150,0160,0165,0170)C(0010)}),{T(C_47.00)R(0290)C(0010)})""";;
CRED478,Total notional amount of mezzanine tranches of originated SRT securitizations,SUM(LOGICAL({T(C_14.00)R(*)C(0110)}='EBA:RS(x2)' AND {T(C_14.00)R(*)C(0061)}='EBA:RT(x15)')*{T(C_14.00)R(*)C(0240)});;
"MARK65,Breakdown of market risk capital requirements under standardised approaches (SA) - foreign exchange,""DIVIDE({CACE1800}, {CACE1000})""";;
MRCE0922,Market risk capital requirements for SA banks: Traded debt instruments: Specific risk securitisation positions,{T(C_18.00)R(0325)C(0060)S(0001)};;
"LIQV0105,Unsecured funding from financial customers,""COALESCE(SUM({T(F_08.01.a)R(0160,0210)C(0010-0030)},-SUM({T(F_08.01.a)R(0200,0250)C(0010-0030)})),SUM({T(F_08.01.dp)R(0160,0210)C(0010-0030)},-SUM({T(F_08.01.dp)R(0200,0250)C(0010-0030)})))""";;
"PROF6_quarterly,Quarterly ROE (after tax),""DIVIDE(SUM({PRFI1100},{PRFI2000}) - ifn({MF_FYE}=3, 0, ifn(({MF_FYE}=6) OR ({MF_FYE}=9) OR ({MF_FYE}=0), SUM({PRFI1100[T-1Q]},{PRFI2000[T-1Q]}), 1/0)), {BSFE0100})""";;
"OPER34,Ratio sum of the five largest losses for commercial banking to sum across all business lines of the sums of the five largest business line losses,""DIVIDE({ORNE1638}, SUM({ORNE1635}, {ORNE1636}, {ORNE1637}, {ORNE1638}, {ORNE1639}, {ORNE1640}, {ORNE1641}, {ORNE1642}, {ORNE1643}))""";;
"CRED484,Non Financial Coorporations: Inflow to NPLs (% of all Inflows) [All L&A except HfT and HfS],""DIVIDE({CRED462},{T(F_18.01)R(0150)C(0010)})""";;
"MRFA1100,Financial assets held for trading: Loans and advances,""COALESCE(SUM({T(F_01.01)R(0090,0095)C(0010)}),SUM({T(F_01.01_dp)R(0090,0095)C(0010)}),{SPE.DPI(MRFA1100)})""";;
"CRED458,Non Financial Coorporations: Collateral assigned to Forborne NFC exposures/Total Forborne NFC exposures,""DIVIDE(SUM({T(F_19.00.e)R(0120,0196,0226)C(0170)}), SUM({T(F_19.00.a)R(0120,0196,0226)C(0010)}))""";;
"CAP51,Dynamics of capital requirements: Total capital requirements,""DIVIDE({CACE0800}-{CACE0800[T-1Y]}, {CACE0800[T-1Y]})""";;
"MARK6_B,Financial assets at FVPL / Total assets,""DIVIDE({BSFA3300_1}, {BSFA0200})""";;
CACO0100,Total capital,For the formula specification please see the latest version of SUBA derived variables and indicators: https://darwin.escb.eu/livelink/livelink/app/nodes/1878940265;;
"CAP136,CET1 headroom above P2G (fully-loaded) as % of RWA,""SUM({IDCARD66},-{CAP96})""";;
"MR_RMR_FRTB_26,Share of Foreign exchange risk in total SBM OFR,""DIVIDE({T(C_91.00)R(0080)C(0190)},SUM({T(C_91.00)R(0020)C(0190)},{T(C_91.00)R(0030)C(0190)}, {T(C_91.00)R(0040)C(0190)}, {T(C_91.00)R(0050)C(0190)}, {T(C_91.00)R(0060)C(0190)}, {T(C_91.00)R(0070)C(0190)}, {T(C_91.00)R(0080)C(0190)}))""";;
"MR_PRR_AVA_DENSITY_DEBT,Total AVA on Debt securities on total Debt securities exposure,""DIVIDE(SUM({SPE.DPI(MRT4_r0080_c0210)}, {SPE.DPI(MRT4_r0080_c0220)}, {SPE.DPI(MRT4_r0080_c0230)}, {SPE.DPI(MRT4_r0080_c0240)}, {SPE.DPI(MRT4_r0080_c0250)}, {SPE.DPI(MRT4_r0110_c0210)}, {SPE.DPI(MRT4_r0110_c0220)}, {SPE.DPI(MRT4_r0110_c0230)}, {SPE.DPI(MRT4_r0110_c0240)}, {SPE.DPI(MRT4_r0110_c0250)}), SUM({SPE.DPI(MRT4_r0080_c0010)}, {SPE.DPI(MRT4_r0110_c0010)}))""";;
"IRRBB163,Share of fix rate loans over total loans in the Banking Book,""COALESCE((DIVIDE(SUM({T(J_05.00.b)R(0050)C(0010)S(*)}),SUM({T(J_05.00.b)R(0050)C(0010,0260)S(*)}))),(DIVIDE(SUM({T(J_06.00.b)R(0050)C(0010)S(*)}),SUM({T(J_06.00.b)R(0050)C(0010,0260)S(*)}))),(DIVIDE(SUM({T(J_07.00.b)R(0050)C(0010)S(*)}),SUM({T(J_07.00.b)R(0050)C(0010,0260)S(*)}))))""";;
"MARK122_B,Level 2 & 3 (Assets at fair value through other comprehensive income and FVPL assets & liabilities) / (Total Assets at fair value through other comprehensive income and FVPL assets & liabilities),""DIVIDE(SUM({MRFA4700_1},{MRFA4900_1},{MRFA4600_1},{MRFA4800_1},{MRFL5100},{MRFL5300}), SUM({CRFA2000_1},-{CRFA1900},{BSFA3300_1},{BSFL2600_1}))""";;
"CRFA1100,Debt instruments past due >90 days but not impaired,""SUM({T(F_07.01)R(0060)C(0030,0060,0090)})""";;
"IDCARD542,Cost of Risk - Numerator,""-SUM({T(F_12.01.a)R(0080)C(0020, 0040, 0050, 0070, 0090, 0110, 0120, 0125)},{T(F_12.01.a)R(0250)C(0020, 0040, 0050, 0070, 0090, 0110, 0120, 0125)},{T(F_12.01.a)R(0430)C(0020, 0040, 0050, 0070, 0090, 0110, 0120, 0125)},{T(F_12.01.a)R(0670)C(0040, 0050, 0070, 0090, 0110, 0120, 0125)},{T(F_12.00)R(0400)C(0020, 0030, 0060, 0080, 0090, 0100)},{T(F_12.00)R(0490)C(0020, 0030, 0060)},{T(F_12.00)R(0520)C(0020, 0030, 0060)})""";;
"PROF61,""Operating income from Agency Services/ Total Operating income, net"",""DIVIDE({SPE.DPI(SRPRIB060010)},{SPE.DPI(SRPRIB110010)})""";;
"CRMAT_S221,Share of Performing Loans and Advances to SMEs in Stage 2 over Total Performing Loans and Advances to SMEs,""DIVIDE(SUM({T(F_18.00.a)R(0130,0900)C(0057)}),SUM({T(F_18.00.a)R(0130,0900,0920)C(0020)}))""";;
"LANP0300a,Total loans and advances. Non-Performing. Gross carrying amount.,""COALESCE(SUM({T(F_18.00.a)R(0005,0070,0191,0221)C(0060)}),SUM(-{T(F_18.00.a.dp)R(0010)C(0060)},{T(F_18.00.a.dp)R(0180,0191,0221)C(0060)}))""";;
"LANP0600,Loans and advances at amortised cost - Credit institutions. Non-Performing. Gross carrying amount,""COALESCE({T(F_18.00.a)R(0100)C(0060)},{T(F_18.00.a.dp)R(0100)C(0060)},{SPE.DPI(LANP0600)})""";;
"CRED485,Binary Variable indicating whether Bank uses the IMM method,""IFN({T(C_34.02.b)R(0050)C(0170)S(0001)}>0 , 1, IFN(SUM({T(C_34.02.b)R(0060-0070)C(0170)S(0001)})>0, 1, 0))""";;
"CRED406,""Central banks and general governments: Provisions to off-balance exposures (Accumulated impairment, accumulated negative changes in fair value due to credit risk and provisions)"",""SUM({T(F_18.00.b)R(0350,0360,0420,0430,0490,0500)C(0130)})*-1""";;
"LEV011,""Excluded exposures to shareholders according to Article 429a, paragraph (1) point (da)"",{T(C_47.00)R(0910)C(0010)}";;
"OPER35,Ratio sum of the five largest losses for retail banking to sum across all business lines of the sums of the five largest business line losses,""DIVIDE({ORNE1639}, SUM({ORNE1635}, {ORNE1636}, {ORNE1637}, {ORNE1638}, {ORNE1639}, {ORNE1640}, {ORNE1641}, {ORNE1642}, {ORNE1643}))""";;
"PRFI2300_ANNUAL_ONEOFF,""Net profit, excluding one-offs"",For the formula specification please see the latest version of SUBA derived variables and indicators: https://darwin.escb.eu/livelink/livelink/app/nodes/1821262705";;
"PROF48,Core Revenue to Assets Ratio,""DIVIDE({PRFI5200},{BSFA4200})""";;
"LIQ241,LCP without contingent outflows (months),""IFN(SUM({T(C_66.01.a)R(1080)C(0020)S(0010)},{T(C_66.01.a)R(0700)C(0020)S(0010)},-(1/360)*SUM(SUM({T(C_66.01.a)R(0010)C(0020)S(0010)}),0.95*{T(C_66.01.a)R(0260)C(0020)S(0010)},0.85*{T(C_66.01.a)R(0370)C(0020)S(0010)}),-SUM(SUM({T(C_66.01.a)R(0065,0350,0360)C(0020)S(0010)}),0.05*{T(C_66.01.a)R(0260)C(0020)S(0010)},0.15*{T(C_66.01.a)R(0370)C(0020)S(0010)}))<0,1/30,IFN(SUM({T(C_66.01.a)R(1080)C(0030)S(0010)},SUM({T(C_66.01.a)R(0700)C(0020, 0030)S(0010)}),-(2/360)*SUM(SUM({T(C_66.01.a)R(0010)C(0020)S(0010)}),0.95*{T(C_66.01.a)R(0260)C(0020)S(0010)},0.85*{T(C_66.01.a)R(0370)C(0020)S(0010)}),-SUM(SUM({T(C_66.01.a)R(0065,0350,0360)C(0020)S(0010)}),0.05*{T(C_66.01.a)R(0260)C(0020)S(0010)},0.15*{T(C_66.01.a)R(0370)C(0020)S(0010)}),-SUM({T(C_66.01.a)R(0380)C(0030)S(0010)}))<0,2/30,IFN(SUM({T(C_66.01.a)R(1080)C(0040)S(0010)},SUM({T(C_66.01.a)R(0700)C(0020, 0030-0040)S(0010)}),-(3/360)*SUM(SUM({T(C_66.01.a)R(0010)C(0020)S(0010)}),0.95*{T(C_66.01.a)R(0260)C(0020)S(0010)},0.85*{T(C_66.01.a)R(0370)C(0020)S(0010)}),-SUM(SUM({T(C_66.01.a)R(0065,0350,0360)C(0020)S(0010)}),0.05*{T(C_66.01.a)R(0260)C(0020)S(0010)},0.15*{T(C_66.01.a)R(0370)C(0020)S(0010)}),-SUM({T(C_66.01.a)R(0380)C(0030-0040)S(0010)}))<0,3/30,IFN(SUM({T(C_66.01.a)R(1080)C(0050)S(0010)},SUM({T(C_66.01.a)R(0700)C(0020, 0030-0050)S(0010)}),-(4/360)*SUM(SUM({T(C_66.01.a)R(0010)C(0020)S(0010)}),0.95*{T(C_66.01.a)R(0260)C(0020)S(0010)},0.85*{T(C_66.01.a)R(0370)C(0020)S(0010)}),-SUM(SUM({T(C_66.01.a)R(0065,0350,0360)C(0020)S(0010)}),0.05*{T(C_66.01.a)R(0260)C(0020)S(0010)},0.15*{T(C_66.01.a)R(0370)C(0020)S(0010)}),-SUM({T(C_66.01.a)R(0380)C(0030-0050)S(0010)}))<0,4/30,IFN(SUM({T(C_66.01.a)R(1080)C(0060)S(0010)},SUM({T(C_66.01.a)R(0700)C(0020, 0030-0060)S(0010)}),-(5/360)*SUM(SUM({T(C_66.01.a)R(0010)C(0020)S(0010)}),0.95*{T(C_66.01.a)R(0260)C(0020)S(0010)},0.85*{T(C_66.01.a)R(0370)C(0020)S(0010)}),-SUM(SUM({T(C_66.01.a)R(0065,0350,0360)C(0020)S(0010)}),0.05*{T(C_66.01.a)R(0260)C(0020)S(0010)},0.15*{T(C_66.01.a)R(0370)C(0020)S(0010)}),-SUM({T(C_66.01.a)R(0380)C(0030-0060)S(0010)}))<0,5/30,IFN(SUM({T(C_66.01.a)R(1080)C(0070)S(0010)},SUM({T(C_66.01.a)R(0700)C(0020, 0030-0070)S(0010)}),-(6/360)*SUM(SUM({T(C_66.01.a)R(0010)C(0020)S(0010)}),0.95*{T(C_66.01.a)R(0260)C(0020)S(0010)},0.85*{T(C_66.01.a)R(0370)C(0020)S(0010)}),-SUM(SUM({T(C_66.01.a)R(0065,0350,0360)C(0020)S(0010)}),0.05*{T(C_66.01.a)R(0260)C(0020)S(0010)},0.15*{T(C_66.01.a)R(0370)C(0020)S(0010)}),-SUM({T(C_66.01.a)R(0380)C(0030-0070)S(0010)}))<0,6/30,IFN(SUM({T(C_66.01.a)R(1080)C(0080)S(0010)},SUM({T(C_66.01.a)R(0700)C(0020, 0030-0080)S(0010)}),-(7/360)*SUM(SUM({T(C_66.01.a)R(0010)C(0020)S(0010)}),0.95*{T(C_66.01.a)R(0260)C(0020)S(0010)},0.85*{T(C_66.01.a)R(0370)C(0020)S(0010)}),-SUM(SUM({T(C_66.01.a)R(0065,0350,0360)C(0020)S(0010)}),0.05*{T(C_66.01.a)R(0260)C(0020)S(0010)},0.15*{T(C_66.01.a)R(0370)C(0020)S(0010)}),-SUM({T(C_66.01.a)R(0380)C(0030-0080)S(0010)}))<0,7/30,IFN(SUM({T(C_66.01.a)R(1080)C(0090)S(0010)},SUM({T(C_66.01.a)R(0700)C(0020, 0030-0090)S(0010)}),-(14/360)*SUM(SUM({T(C_66.01.a)R(0010)C(0020)S(0010)}),0.95*{T(C_66.01.a)R(0260)C(0020)S(0010)},0.85*{T(C_66.01.a)R(0370)C(0020)S(0010)}),-SUM(SUM({T(C_66.01.a)R(0065,0350,0360)C(0020)S(0010)}),0.05*{T(C_66.01.a)R(0260)C(0020)S(0010)},0.15*{T(C_66.01.a)R(0370)C(0020)S(0010)}),-SUM({T(C_66.01.a)R(0380)C(0030-0090)S(0010)}))<0,14/30,IFN(SUM({T(C_66.01.a)R(1080)C(0100)S(0010)},SUM({T(C_66.01.a)R(0700)C(0020, 0030-0100)S(0010)}),-(21/360)*SUM(SUM({T(C_66.01.a)R(0010)C(0020)S(0010)}),0.95*{T(C_66.01.a)R(0260)C(0020)S(0010)},0.85*{T(C_66.01.a)R(0370)C(0020)S(0010)}),-SUM(SUM({T(C_66.01.a)R(0065,0350,0360)C(0020)S(0010)}),0.05*{T(C_66.01.a)R(0260)C(0020)S(0010)},0.15*{T(C_66.01.a)R(0370)C(0020)S(0010)}),-SUM({T(C_66.01.a)R(0380)C(0030-0100)S(0010)}))<0,21/30,IFN(SUM({T(C_66.01.a)R(1080)C(0110)S(0010)},SUM({T(C_66.01.a)R(0700)C(0020, 0030-0110)S(0010)}),-(30/360)*SUM(SUM({T(C_66.01.a)R(0010)C(0020)S(0010)}),0.95*{T(C_66.01.a)R(0260)C(0020)S(0010)},0.85*{T(C_66.01.a)R(0370)C(0020)S(0010)}),-SUM(SUM({T(C_66.01.a)R(0065,0350,0360)C(0020)S(0010)}),0.05*{T(C_66.01.a)R(0260)C(0020)S(0010)},0.15*{T(C_66.01.a)R(0370)C(0020)S(0010)}),-SUM({T(C_66.01.a)R(0380)C(0030-0110)S(0010)}))<0,30/30,IFN(SUM({T(C_66.01.a)R(1080)C(0120)S(0010)},SUM({T(C_66.01.a)R(0700)C(0020, 0030-0120)S(0010)}),-(35/360)*SUM(SUM({T(C_66.01.a)R(0010)C(0020)S(0010)}),0.95*{T(C_66.01.a)R(0260)C(0020)S(0010)},0.85*{T(C_66.01.a)R(0370)C(0020)S(0010)}),-SUM(SUM({T(C_66.01.a)R(0065,0350,0360)C(0020)S(0010)}),0.05*{T(C_66.01.a)R(0260)C(0020)S(0010)},0.15*{T(C_66.01.a)R(0370)C(0020)S(0010)}),-SUM({T(C_66.01.a)R(0380)C(0030-0120)S(0010)}))<0,35/30,IFN(SUM({T(C_66.01.a)R(1080)C(0130)S(0010)},SUM({T(C_66.01.a)R(0700)C(0020, 0030-0130)S(0010)}),-(60/360)*SUM(SUM({T(C_66.01.a)R(0010)C(0020)S(0010)}),0.95*{T(C_66.01.a)R(0260)C(0020)S(0010)},0.85*{T(C_66.01.a)R(0370)C(0020)S(0010)}),-SUM(SUM({T(C_66.01.a)R(0065,0350,0360)C(0020)S(0010)}),0.05*{T(C_66.01.a)R(0260)C(0020)S(0010)},0.15*{T(C_66.01.a)R(0370)C(0020)S(0010)}),-SUM({T(C_66.01.a)R(0380)C(0030-0130)S(0010)}))<0,60/30,IFN(SUM({T(C_66.01.a)R(1080)C(0140)S(0010)},SUM({T(C_66.01.a)R(0700)C(0020, 0030-0140)S(0010)}),-(90/360)*SUM(SUM({T(C_66.01.a)R(0010)C(0020)S(0010)}),0.95*{T(C_66.01.a)R(0260)C(0020)S(0010)},0.85*{T(C_66.01.a)R(0370)C(0020)S(0010)}),-SUM(SUM({T(C_66.01.a)R(0065,0350,0360)C(0020)S(0010)}),0.05*{T(C_66.01.a)R(0260)C(0020)S(0010)},0.15*{T(C_66.01.a)R(0370)C(0020)S(0010)}),-SUM({T(C_66.01.a)R(0380)C(0030-0140)S(0010)}))<0,90/30,IFN(SUM({T(C_66.01.a)R(1080)C(0150)S(0010)},SUM({T(C_66.01.a)R(0700)C(0020, 0030-0150)S(0010)}),-(120/360)*SUM(SUM({T(C_66.01.a)R(0010)C(0020)S(0010)}),0.95*{T(C_66.01.a)R(0260)C(0020)S(0010)},0.85*{T(C_66.01.a)R(0370)C(0020)S(0010)}),-SUM(SUM({T(C_66.01.a)R(0065,0350,0360)C(0020)S(0010)}),0.05*{T(C_66.01.a)R(0260)C(0020)S(0010)},0.15*{T(C_66.01.a)R(0370)C(0020)S(0010)}),-SUM({T(C_66.01.a)R(0380)C(0030-0150)S(0010)}))<0,120/30,IFN(SUM({T(C_66.01.a)R(1080)C(0160)S(0010)},SUM({T(C_66.01.a)R(0700)C(0020, 0030-0160)S(0010)}),-(150/360)*SUM(SUM({T(C_66.01.a)R(0010)C(0020)S(0010)}),0.95*{T(C_66.01.a)R(0260)C(0020)S(0010)},0.85*{T(C_66.01.a)R(0370)C(0020)S(0010)}),-SUM(SUM({T(C_66.01.a)R(0065,0350,0360)C(0020)S(0010)}),0.05*{T(C_66.01.a)R(0260)C(0020)S(0010)},0.15*{T(C_66.01.a)R(0370)C(0020)S(0010)}),-SUM({T(C_66.01.a)R(0380)C(0030-0160)S(0010)}))<0,150/30,IFN(SUM({T(C_66.01.a)R(1080)C(0170)S(0010)},SUM({T(C_66.01.a)R(0700)C(0020, 0030-0170)S(0010)}),-(180/360)*SUM(SUM({T(C_66.01.a)R(0010)C(0020)S(0010)}),0.95*{T(C_66.01.a)R(0260)C(0020)S(0010)},0.85*{T(C_66.01.a)R(0370)C(0020)S(0010)}),-SUM(SUM({T(C_66.01.a)R(0065,0350,0360)C(0020)S(0010)}),0.05*{T(C_66.01.a)R(0260)C(0020)S(0010)},0.15*{T(C_66.01.a)R(0370)C(0020)S(0010)}),-SUM({T(C_66.01.a)R(0380)C(0030-0170)S(0010)}))<0,180/30,IFN(SUM({T(C_66.01.a)R(1080)C(0180)S(0010)},SUM({T(C_66.01.a)R(0700)C(0020, 0030-0180)S(0010)}),-(270/360)*SUM(SUM({T(C_66.01.a)R(0010)C(0020)S(0010)}),0.95*{T(C_66.01.a)R(0260)C(0020)S(0010)},0.85*{T(C_66.01.a)R(0370)C(0020)S(0010)}),-SUM(SUM({T(C_66.01.a)R(0065,0350,0360)C(0020)S(0010)}),0.05*{T(C_66.01.a)R(0260)C(0020)S(0010)},0.15*{T(C_66.01.a)R(0370)C(0020)S(0010)}),-SUM({T(C_66.01.a)R(0380)C(0030-0180)S(0010)}))<0,270/30,IFN(SUM({T(C_66.01.a)R(1080)C(0190)S(0010)},SUM({T(C_66.01.a)R(0700)C(0020, 0030-0190)S(0010)}),-(360/360)*SUM(SUM({T(C_66.01.a)R(0010)C(0020)S(0010)}),0.95*{T(C_66.01.a)R(0260)C(0020)S(0010)},0.85*{T(C_66.01.a)R(0370)C(0020)S(0010)}),-SUM(SUM({T(C_66.01.a)R(0065,0350,0360)C(0020)S(0010)}),0.05*{T(C_66.01.a)R(0260)C(0020)S(0010)},0.15*{T(C_66.01.a)R(0370)C(0020)S(0010)}),-SUM({T(C_66.01.a)R(0380)C(0030-0190)S(0010)}))<0,360/30,IFN(SUM({T(C_66.01.a)R(1080)C(0190)S(0010)},SUM({T(C_66.01.a)R(0700)C(0020, 0030-0190)S(0010)}),-(360/360)*SUM(SUM({T(C_66.01.a)R(0010)C(0020)S(0010)}),0.95*{T(C_66.01.a)R(0260)C(0020)S(0010)},0.85*{T(C_66.01.a)R(0370)C(0020)S(0010)}),-SUM(SUM({T(C_66.01.a)R(0065,0350,0360)C(0020)S(0010)}),0.05*{T(C_66.01.a)R(0260)C(0020)S(0010)},0.15*{T(C_66.01.a)R(0370)C(0020)S(0010)}),-SUM({T(C_66.01.a)R(0380)C(0030-0190)S(0010)}))>0,13,1/0)))))))))))))))))))""";;
IDCARD100,loans to governments,For the formula specification please see the latest version of SUBA derived variables and indicators: https://darwin.escb.eu/livelink/livelink/app/nodes/1878940265;;
"CRED34,Loss absorption capability. Inflow of Allowances (increase of allowances for individually and collectively assessed loans) / Total Operating Income,""DIVIDE(COALESCE(-SUM({T(F_12.01.a)R(0520)C(0020)}),{SPE.DPI(CRFA2500)}),COALESCE({T(F_02.00)R(0355)C(0010)},{T(F_02.00.dp)R(0355)C(0010)},{SPE.DPI(PRFI0800)}))""";;
"CRED167,Credit risk capital requirements under standardised approach: SA exposure classes excluding securitisation positions: Secured by real estate property,""DIVIDE({CACE1209}*12.5, SUM({CACE0100}, {CACE0200})*12.5)""";;
"PRFI3100,Expenses on share capital repayable on demand,""COALESCE({T(F_02.00)R(0150)C(0010)},{T(F_02.00.dp)R(0150)C(0010)},{SPE.DPI(PRFI3100)})""";;
"IRRBB252,Share of core NMDs to total Deposits (NMDs + Term Deposits),""COALESCE((DIVIDE(SUM({T(J_08.00.a)R(0020,0050,0080)C(0010)S(*)}),SUM({T(J_08.00.a)R(0010,0040,0070,0100,0300)C(0010)S(*)}))),(DIVIDE(SUM({T(J_09.00.a)R(0020,0050,0080)C(0010)S(*)}),SUM({T(J_09.00.a)R(0010,0040,0070,0100,0300)C(0010)S(*)}))))""";;
PROF166,Forecast error CRA t-2,{PROF141}-{PROF153};;
"CAP134,Total capital headroom above OCR (fully-loaded) as % of RWA,""SUM({IDCARD68},-{CAP95})""";;
IDCARD87_LSI_BE,Geographical breakdown of assets. SSM country - Belgium,{T(F_20.04)R(0010)C(0010)S(BE)}+{T(F_20.04)R(0040)C(0010)S(BE)}+{T(F_20.04)R(0080)C(0010)S(BE)}+{T(F_20.04)R(0140)C(0010)S(BE)};;
LIQ297,3Y Forecasted Growth of NSFR (in base points),({LIQV0188}-{LIQV0155})*100;;
"CRED199,Debt securities at fair value (Bbook) / Total asset,""DIVIDE(SUM({BSFA2100}, {BSFA2200}, {BSFA1900}, {BSFA2000}), {BSFA0200})""";;
ORCE1637,Loss adjustments for external fraud,{T(C_17.01.a)R(0940)C(0020)};;
ORCE1649,Positive loss adjustment amounts for business disruption and system failures,{T(C_17.01.a)R(0945)C(0060)};;
MRCE2910,Incremental default and migration risk capital charge: last measure,{T(C_24.00)R(0010)C(0080)};;
"PRFI0300_T2,Projected Net fee & commission income at t+2,""SUM({T(P_04.01)R(200)C(030)},-{T(P_04.01)R(210)C(030)})""";;
IDCARD61,Total Adjustments to CET1,{T(C_05.01)R(0010)C(0010)};;
MRCE0923,Market risk capital requirements for SA banks: Traded debt instruments: Specific risk correlation trading portfolio,{T(C_18.00)R(0330)C(0060)S(0001)};;
"PROF75,NFC loans coming from Mining and quarrying (NACE code)/ Total NFC loans,""DIVIDE({T(F_06.01)R(0020)C(0010)},{T(F_06.01)R(0190)C(0010)})""";;
CAP62,Capital conservation buffer,{T(C_04.00)R(0750)C(0010)};;
"LIQ295,3Y Forecasted Growth of Other Liabilities,""IFN({LIQV0186}=0 AND {LIQV0151}=0,0,IFN({LIQV0151}=0,1,DIVIDE({LIQV0186}-{LIQV0151},{LIQV0151})))""";;
IRRBB200,∆ EVE - Parallel shock up; Net derivatives hedging impact on ∆ EVE / ∆ EVE;" Weighted Average Hedging Ratio Across Currencies,""COALESCE((DIVIDE(SUM({T(J_02.00)R(0140)C(0040)S(*)},-{T(J_02.00)R(0470)C(0040)S(*)},{T(J_02.00)R(0530)C(0040)S(*)}),SUM({T(J_02.00)R(0010)C(0040)S(*)},-{T(J_02.00)R(0200)C(0040)S(*)}))),(DIVIDE(SUM({T(J_03.00)R(0140)C(0040)S(*)},-{T(J_03.00)R(0470)C(0040)S(*)},{T(J_03.00)R(0530)C(0040)S(*)}),SUM({T(J_03.00)R(0010)C(0040)S(*)},-{T(J_03.00)R(0200)C(0040)S(*)}))))"""
"MRFA4800_1,Financial assets designated at fair value through profit or loss and Non-trading financial assets mandatorily at fair value through profit or loss: Fair value level 3,""COALESCE(sum({T(F_14.00)R(0060)C(0030)},{T(F_14.00)R(0056)C(0030)}),{SPE.DPI(MRFA4800)})""";;
"IRRBB240,Change of market value due to 1 bp shift of the CS (Widening CS),""DIVIDE(DIVIDE({SPE.DPI(IRRBBT2_r0070_c0120)},(({SPE.DPI(IRRBBT2_r0070_c0020)}-{SPE.DPI(IRRBBT2_r0070_c0010)})*{SPE.DPI(IRRBBT2_r0070_c0110)})),10000)""";;
"LIQV0115,Non-Euro Buffer,""ifn({T(C_72.00.w)R(0010)C(0010)S(EUR)}>0,{T(C_72.00.a)R(0010)C(0010)}-{T(C_72.00.w)R(0010)C(0010)S(EUR)},1/0)""";;
"RES104,Assets under custody subject to regulatory or contractual restitution obligation for which a further sub-delegation is contractually allowed,""DIVIDE(SUM({SPE.DPI(SRPRAM300030)},{SPE.DPI(SRPRAM380030)},{SPE.DPI(SRPRAM450030)}), {RES001})""";;
"BSFL3900,Total liabilities (Domestic),""COALESCE({T(F_20.02)R(0220)C(0010)},{SPE.DPI(BSFL3900)})""";;
"CRMAT_V302,Share of RWA for exposures to Credit institutions and Other financial institutions over Total Credit RWA,""DIVIDE(SUM({T(C_02.00.a)R(0120,0180,0270)C(0010)}),{T(C_02.00.a)R(0040)C(0010)})""";;
"PROF51_ONEOFF,""3Y average Cost of Risk, excluding one-offs"",For the formula specification please see the latest version of SUBA derived variables and indicators: https://darwin.escb.eu/livelink/livelink/app/nodes/1821262705";;
PROF182,Long-term COR (standard deviation),For the formula specification please see the latest version of SUBA derived variables and indicators: https://darwin.escb.eu/livelink/livelink/app/nodes/1821262705;;
"CRED209,Breakdown of loans to NFC by NACE economic sector: Accommodation and food services,""DIVIDE({T(F_06.01)R(0090)C(0010)},COALESCE(SUM({T(F_18.00.a)R(0070,0191,0221)C(0010)}),SUM({T(F_18.00.a_dp)R(0070,0191,0221)C(0010)})))""";;
"LIQ82,Retail overnight spread (basis points),""COALESCE({T(C_69.00.a)R(0020)C(0010)S(0010)}, {SPE.DPI(C69R020C010)})""";;
"LIQV0181,3Y Forecast for Repurchase Agreements,""COALESCE({T(P_01.02)R(010)C(050)},0)""";;
MRCE2917,Stressed VaR. Multiplication factor (ms) x average of previous 60 working days (SVaRavg): Total amount for general risk,{T(C_24.00)R(0100)C(0050)};;
"CRED166,Credit risk capital requirements under standardised approach: SA exposure classes excluding securitisation positions: Retail,""DIVIDE({CACE1208}*12.5, SUM({CACE0100}, {CACE0200})*12.5)""";;
"PROF145,Core Revenue to Assets Ratio at t-2 (used for forecast errors only),""DIVIDE(SUM({PRFI4000[T-2Y]},{PRFI0300[T-2Y]},{PRFI4100[T-2Y]},{PRFI2900[T-2Y]},MEAN({PRFI4600[T-2Y]},{PRFI4600[T-3Y]},{PRFI4600[T-4Y]})),MEAN({BSFA0200_FP[T-2Y]},{BSFA0200_FP[T-3Y]}))""";;
"CLUSTNonSSMCount,Number of non-SSM countries in which the institution has significant exposure (above EUR 1Bn) to non-financial corporations and households according to the residence of the counterparty,""MAX(COALESCE(SUM(LOGICAL(SUM_DOMAIN({T(F_20.04)R(0070,0130,0190,0220)C(0010)S(*)},'ROW')>1000000000))-{CLUSTSSMCount}-SUM(LOGICAL(SUM_DOMAIN({T(F_20.04)R(0070,0130,0190,0220)C(0010)S(x28)},'ROW')>1000000000)),0),0)""";;
"CRFA4110,Derivatives-Hedge accounting. Of which OTC. Assets,""COALESCE(SUM({T(F_11.01)R(0510,0520,0530)C(0010)}),{SPE.DPI(CRFA4110)})""";;
FWL8,4 Barrier CRA,For the formula specification please see the latest version of SUBA derived variables and indicators: https://darwin.escb.eu/livelink/livelink/app/nodes/1821262705;;
"LANP0400,Total Loans and advances - Credit institutions. Gross carrying amount (except HFT),""COALESCE(SUM({T(F_18.00.a)R(0100,0194,0224)C(0010)}),SUM({T(F_18.00.a_dp)R(0100,0194,0224)C(0010)}),{SPE.DPI(LANP0400)})""";;
ORCE1636,Loss adjustments for internal fraud,{T(C_17.01.a)R(0940)C(0010)};;
"CRED80,Net flow of allowances for NPLs by type of counterparty (t) / NPLs by type of counterparty (t-1) - Central banks,""DIVIDE(SUM(SUM({T(F_18.00.b)R(0080,0192,0222)C(0150)}),-SUM({T(F_18.00.b)R(0080,0192,0222)C(0150)[T-1Y]})),SUM({T(F_18.00.a)R(0080,0192,0222)C(0060)[T-1Y]}))""";;
"OPER67,Maximum single loss for employment practices and workplace safety,""COALESCE({T(C_17.01.a)R(0950)C(0030)}, {SPE.DPI(C17R930C30S)})""";;
"LEV203_LSI,The notional amount of OBS items after the application of CCFs < 100% to TLRE,""DIVIDE(SUM({T(C_47.00)R(0150,0160,0170)C(0010)}),{T(C_47.00)R(0290)C(0010)})""";;
"LIQV0172,1Y Forecast for NSFR,""COALESCE({T(P_01.03)R(010)C(030)},0)""";;
CRED376,Share of Stage 2 on Total Loans,For the formula specification please see the latest version of SUBA derived variables and indicators: https://darwin.escb.eu/livelink/livelink/app/nodes/1878940265;;
STCE0101,Total exposure value: on balance sheet items as originator – traditional sec - SA,{T(C_13.01)R(0090)C(0280)};;
"CRFA3600,Loans and advances. Consumer credit,""SUM({T(F_18.00.a)R(0170,0913,0933)C(0010)})""";;
"OPER61,""Number of events for clients, products and business practices"",{T(C_17.01.a)R(0910)C(0040)}";;
"OPER24,Ratio loss amount for payment and settlement to total loss amount,""DIVIDE({ORCE1606}, {OPER53})""";;
"IDCARD28,Impairment,""SUM(-{PRFI3900},-{PRFI1000},-{PRFI3600},-{PRFI2200})""";;
"MR_NRMR_CON_1,Herfindahl-Hirschmann Index on BB Sovereign exposures at FVPL,""DIVIDE(SUM(SUM_DOMAIN({T(C_33.00.a)R(0010)C(0050,0060,0070)S(AD-WS,YE-ZW,x28)},'COLUMN')**2),SUM({T(C_33.00.a)R(0010)C(0050,0060,0070)S(x1)})**2)""";;
"IDCARD525,Total Assets 4Q Average,""MEAN({BSFA0200},{BSFA0200[T-1Q]},{BSFA0200[T-2Q]},{BSFA0200[T-3Q]})""";;
"LELE0401,Large exposures. First ten counterparties.,""COALESCE(SUM(LOGICAL(RANK({T(C_28.00)R(*)C(040)}, 'DESC') <= 10) * {T(C_28.00)R(*)C(040)}), SUM({SPE.DPI(LELE0101)}, {SPE.DPI(LELE0102)}, {SPE.DPI(LELE0103)}, {SPE.DPI(LELE0104)}, {SPE.DPI(LELE0105)}, {SPE.DPI(LELE0106)}, {SPE.DPI(LELE0107)}, {SPE.DPI(LELE0108)}, {SPE.DPI(LELE0109)}, {SPE.DPI(LELE0110)}, {SPE.DPI(LELE0201)}, {SPE.DPI(LELE0202)}, {SPE.DPI(LELE0203)}, {SPE.DPI(LELE0204)}, {SPE.DPI(LELE0205)}, {SPE.DPI(LELE0206)}, {SPE.DPI(LELE0207)}, {SPE.DPI(LELE0208)}, {SPE.DPI(LELE0209)}, {SPE.DPI(LELE0210)}))""";;
"CRED373,MATERIALITY OF CORPORATE PORTFOLIOS,""DIVIDE(SUM({T(F_18.00.a)R(0120,0196,0226,0150,0197,0227)C(0010)}),SUM({T(F_18.00.a)R(0070,0191,0221)C(0010)}))""";;
"CRFA0714,Loans and advances. Other collateralised loans. Past due for more than 90 days but not impaired,""SUM({T(F_07.01)R(0280)C(0030,0060)})""";;
"OPER82,Threshold applied in data collection,""COALESCE(MAX({T(C_17.01.b)R(0020)C(0090)}, {T(C_17.01.b)R(0020)C(0100)}, {T(C_17.01.b)R(0120)C(0090)}, {T(C_17.01.b)R(0120)C(0100)}, {T(C_17.01.b)R(0220)C(0090)}, {T(C_17.01.b)R(0220)C(0100)}, {T(C_17.01.b)R(0320)C(0090)}, {T(C_17.01.b)R(0320)C(0100)}, {T(C_17.01.b)R(0420)C(0090)}, {T(C_17.01.b)R(0420)C(0100)}, {T(C_17.01.b)R(0520)C(0090)}, {T(C_17.01.b)R(0520)C(0100)}, {T(C_17.01.b)R(0620)C(0090)}, {T(C_17.01.b)R(0620)C(0100)}, {T(C_17.01.b)R(0720)C(0090)}, {T(C_17.01.b)R(0720)C(0100)}, {T(C_17.01.b)R(0820)C(0090)}, {T(C_17.01.b)R(0820)C(0100)}), {SPE.DPI(C17LOSSTHRES)})""";;
IRRBB199_C,Hedging ratio;" Duration gap / Duration gap excluding hedging derivatives - Auxiliary KRI,""COALESCE((DIVIDE(SUM(SUM({T(J_02.00)R(0010)C(0030)S(*)}),-SUM( {T(J_02.00)R(0140)C(0030)S(*)})),SUM({T(J_02.00)R(0010)C(0030)S(*)}))),(DIVIDE(SUM(SUM({T(J_03.00)R(0010)C(0030)S(*)}),-SUM( {T(J_03.00)R(0140)C(0030)S(*)})),SUM({T(J_03.00)R(0010)C(0030)S(*)}))))""";
"CACO2300,Intangible assets deductible,""sum({T(C_01.00)R(0300)C(0010)},{T(C_01.00)R(0340)C(0010)})""";;
CRCE0509,Exposure value exposure class-by-exposure class (SA): Secured by mortgages on immovable property and ADC exposures,{T(C_07.00.a)R(0010)C(0200)S(qx2038)};;
"PROF52,Tax rate on continuing operation,""COALESCE(DIVIDE({T(F_02.00)R(0620)C(0010)},{T(F_02.00)R(0610)C(0010)}),DIVIDE({T(F_02.00.dp)R(0620)C(0010)},{T(F_02.00.dp)R(0610)C(0010)}))""";;
"MARK100_QUARTERLY,Quaterly net gains on financial assets and liabilities held for trading / Financial assets held for trading,""DIVIDE({PRFI0400}-ifn({MF_FYE}=3,0,ifn({MF_FYE}=6,{PRFI0400[T-1Q]},ifn({MF_FYE}=9,{PRFI0400[T-1Q]},ifn({MF_FYE}=0,{PRFI0400[T-1Q]},1/0)))),{CRFA1800})""";;
"CRED411,Country risk: Domestic exposure over total exposure in all countries,""DIVIDE(SUM( LOGICAL(__attribute('ECBM_ENT', 'COUNTRY_RESIDENCE') = ['AT','BE','BG','CY','DE','EE','ES','FI','FR','GR','HR','IE','IT','LT','LU','LV','MT','NL','PT','SI','SK'])*{T(F_20.04)R(0080)C(0010)S(AT,BE,BG,CY,DE,EE,ES,FI,FR,GR,HR,IE,IT,LT,LU,LV,MT,NL,PT,SI,SK)},  LOGICAL(__attribute('ECBM_ENT', 'COUNTRY_RESIDENCE') = ['AT','BE','BG','CY','DE','EE','ES','FI','FR','GR','HR','IE','IT','LT','LU','LV','MT','NL','PT','SI','SK'])*{T(F_20.04)R(0140)C(0010)S(AT,BE,BG,CY,DE,EE,ES,FI,FR,GR,HR,IE,IT,LT,LU,LV,MT,NL,PT,SI,SK)}, -LOGICAL(__attribute('ECBM_ENT', 'COUNTRY_RESIDENCE') = ['AT','BE','BG','CY','DE','EE','ES','FI','FR','GR','HR','IE','IT','LT','LU','LV','MT','NL','PT','SI','SK'])*{T(F_20.04)R(0080)C(0011)S(AT,BE,BG,CY,DE,EE,ES,FI,FR,GR,HR,IE,IT,LT,LU,LV,MT,NL,PT,SI,SK)},-LOGICAL(__attribute('ECBM_ENT', 'COUNTRY_RESIDENCE') = ['AT','BE','BG','CY','DE','EE','ES','FI','FR','GR','HR','IE','IT','LT','LU','LV','MT','NL','PT','SI','SK'])*{T(F_20.04)R(0140)C(0011)S(AT,BE,BG,CY,DE,EE,ES,FI,FR,GR,HR,IE,IT,LT,LU,LV,MT,NL,PT,SI,SK)}),{CRED411_DEN})""";;
IDCARD28,Impairment,For the formula specification please see the latest version of SUBA derived variables and indicators: https://darwin.escb.eu/livelink/livelink/app/nodes/1878940265;;
"IRRBB270,NII ratio under worst scenario over T1,""DIVIDE({T(J_01.00)R(0100)C(0010)S(x1)},{CACO0200})""";;
"CRED464,Non Financial Coorporations: Movements among Stages S1-S3 (% of all movements),""DIVIDE({T(F_12.02)R(0120)C(0050)},SUM({T(F_12.02)R(0120)C(0010,0020,0030,0040,0050,0060)}))""";;
"IDCARD9,Equity instruments,""COALESCE(SUM({T(F_01.01)R(0070,0093,0097,0110,0142,0172,0176,0235,0390)C(0010)}),SUM({T(F_01.01_dp)R(0070,0093,0097,0110,0142,0172,0176,0235,0390)C(0010)}))""";;
"BSFA3300,Financial assets measured at FVPL excluding those held for trading and hedging derivatives,""COALESCE(sum({T(F_01.01)R(0100)C(0010)},{T(F_01.01)R(0171)C(0010)}),sum({T(F_01.01.dp)R(0100)C(0010)},{T(F_01.01.dp)R(0171)C(0010)}),{SPE.DPI(BSFA3300)})""";;
"LIQV0024,2Y senior unsecured securities spread (in basis points),""COALESCE({T(C_69.00.a)R(0035)C(0130)S(0010)}, {SPE.DPI(C69R050C130)})""";;
"CRFA0601,Loans and advances. Central banks,""COALESCE({T(F_05.01)R(0080)C(0010)},{SPE.DPI(CRFA0601)})""";;
"CRED236,""Variation rate of loans to NFC by NACE economic sector - Public administration and defence, compulsory social security"",""DIVIDE({CRNA111O}-{CRNA111O[T-1Y]}, {CRNA111O[T-1Y]})""";;
"CRED335,NPL past due ratio,""DIVIDE(SUM({T(F_18.00.a)R(0070,0191,0221)C(0080,0090,0101,0102,0106,0107)}),SUM({T(F_18.00.a)R(0070,0191,0221)C(0060)}))""";;
LIQV0037,Counterbalancing capacity,SUM({T(C_66.01.b)R(1080)C(0010)S(0010)});;
"PRFI0500_1,Net gains on financial assets and liabilities designated at FVPL,""COALESCE({T(F_02.00)R(0287)C(0010)}+{T(F_02.00)R(0290)C(0010)},{T(F_02.00.dp)R(0287)C(0010)}+{T(F_02.00.dp)R(0290)C(0010)},{SPE.DPI(PRFI0500)})""";;
"MARK4,Breakdown of financial assets held for trading - Debt securities,""DIVIDE({MRFA1000}, {CRFA1800})""";;
"BSFL3600,Deposits: Non-financial corporations-Held for trading,""COALESCE(sum({T(F_08.01.a)R(0260)C(0010)},{T(F_08.01.a)R(0260)C(0034)}),sum({T(F_08.01.a_dp)R(0260)C(0010)},{T(F_08.01.a_dp)R(0260)C(0034)}),{SPE.DPI(BSFL3600)})""";;
"LIQV0014,1W senior unsecured securities spread (in basis points),""COALESCE({T(C_69.00.a)R(0035)C(0030)S(0010)}, {SPE.DPI(C69R050C030)})""";;
"CRFA2000_1,""Cash, trading, and Financial assets at fair value through other comprehensive income"",""COALESCE(SUM({T(F_01.01)R(0010,0050,0141,0091,0175)C(0010)}),SUM({T(F_01.01.dp)R(0010,0050,0141,0091,0175)C(0010)}),{SPE.DPI(CRFA2000)})""";;
"PRFI3200,""Gains (losses) from hedge accounting, net"",""COALESCE({T(F_02.00)R(0300)C(0010)},{T(F_02.00_dp)R(0300)C(0010)},{SPE.DPI(PRFI3200)})""";;
IDCARD529,Administrative expenses and depreciation,-1*{PRFI0900};;
CAP104,Countercyclical Buffer (CCyB) (%),For the formula specification please see the latest version of SUBA derived variables and indicators: https://darwin.escb.eu/livelink/livelink/app/nodes/1878940265;;
MR_PRR_BWL_WEIGHTS,Support formula to calculate other KRIs.,For the formula specification please see the latest version of SUBA derived variables and indicators: https://darwin.escb.eu/livelink/livelink/app/nodes/1821262705;;
"CRED418,Country risk: Top 4 country with highest exposure (% over total exposure),""DIVIDE(SUM(LOGICAL(RANK(SUM_DOMAIN(SUM_DOMAIN({T(F_20.04)R(0080,0140)C(0010,0011)S(*)}, 'ROW'), 'COLUMN'), 'DESC') IN [1,2,3,4])*(SUM_DOMAIN(SUM_DOMAIN({T(F_20.04)R(0080,0140)C(0010,0011)S(*)}, 'ROW'), 'COLUMN'))), {CRED411_DEN})""";;
LIQ31,Net Stable Funding Ratio,For the formula specification please see the latest version of SUBA derived variables and indicators: https://darwin.escb.eu/livelink/livelink/app/nodes/1878940265;;
"CRED340,Forbearance ratio,""DIVIDE({IDCARD322},{CRFA0100})""";;
"CRMAT_S101,share of Performing Loans and Advances to Households in Stage 2 over Total Performing Loans and Advances to Households,""DIVIDE(SUM({T(F_18.00.a)R(0150,0197)C(0057)}),SUM({T(F_18.00.a)R(0150,0197,0227)C(0020)}))""";;
"CRMAT_S201,Share of Performing Loans and Advances to NFCs in Stage 2 over Total Performing Loans and Advances to NFCs,""DIVIDE(SUM({T(F_18.00.a)R(0120,0196)C(0057)}),SUM({T(F_18.00.a)R(0120,0196,0226)C(0020)}))""";;
IDCARD92,Deposits (top 2nd country),For the formula specification please see the latest version of SUBA derived variables and indicators: https://darwin.escb.eu/livelink/livelink/app/nodes/293814368;;
"PROF144,Cost/income ratio at t-2 (used for forecast errors only),""COALESCE(DIVIDE(SUM({T(P_04.01)R(360,390)C(010)[T-2Y]}),{T(P_04.01)R(355)C(010)[T-2Y]}),DIVIDE(SUM({T(F_02.00)R(0360,0390)C(0010)[T-2Y]}),{T(F_02.00)R(0355)C(0010)[T-2Y]}))""";;
"PRFI1200,ow: attributable to owners of the parent,""COALESCE({T(F_02.00)R(0690)C(0010)},{T(F_02.00_dp)R(0690)C(0010)},{SPE.DPI(PRFI1200)})""";;
LIQ120,CHF LCR,{T(C_76.00.w)R(0030)C(0010)S(CHF)};;
PROF55_MEAN,Cost of Equity - SSM estimation (mean),origin;;
"PROF6_annual,Annualised ROE (after tax),""DIVIDE({PRFI2300_ANNUAL}, {IDCARD532})""";;
PROF199,Automated viability anchor - Forecast error CRA for t,For the formula specification please see the latest version of SUBA derived variables and indicators: https://darwin.escb.eu/livelink/livelink/app/nodes/1821262705;;
MR_RMR_EQR_BWL_1,3-year weighted volatility of quarterly P&L (Items at FVPL sensitive to EQ) to Total CET1,For the formula specification please see the latest version of SUBA derived variables and indicators: https://darwin.escb.eu/livelink/livelink/app/nodes/1821262705;;
ORNE1636,Sum of five largest losses for trading and sales,{T(C_17.01.a)R(0160)C(0080)};;
"CRED374_N,Numerator of core NPL ratio for NFC and HH adjusted with foreclosures,""COALESCE(SUM({T(F_18.00.a)R(0120,0196,0226,0150,0197,0227)C(0060)},{T(F_13.03.1.a)R(0020)C(0020)}), SUM({T(F_18.00.a.dp)R(0120,0196,0226,0150,0197,0227)C(0060)}))""";;
"CRED154,Equity instruments (Bbook) / Total asset,""DIVIDE(SUM({T(F_01.01)R(0097,0110,0142,0172,0176,0235)C(0010)}),COALESCE({T(F_01.01)R(0380)C(0010)},{T(F_01.01_dp)R(0380)C(0010)},{SPE.DPI(BSFA0200)}))""";;
MR_RMR_IRR_BWL_1,3-year weighted volatility of quarterly P&L (Items at FVPL sensitive to IR) to Total CET1,For the formula specification please see the latest version of SUBA derived variables and indicators: https://darwin.escb.eu/livelink/livelink/app/nodes/1821262705;;
"CRMAT_V202,Share of RWA for NFC exposures over Total Credit RWA,""DIVIDE(SUM({T(C_02.00.a)R(0125,0131,0290,0295,0300,0350,0355,0360)C(0010)}),{T(C_02.00.a)R(0040)C(0010)})""";;
"CRED313,NPL Forbearance ratio - Credit institutions,""DIVIDE(SUM({T(F_19.00.a)R(0100,0194,0224)C(0060)}),SUM({T(F_19.00.a)R(0100,0194,0224)C(0010)}))""";;
"CAP133,TIER1 headroom above OCR (fully-loaded) as % of RWA,""SUM({IDCARD67},-{CAP94})""";;
"IDCARD40,Derivatives,""SUM({BSFA0300}, {BSFA2900})""";;
"IRRBB219,Higher EVE (tightening and widening scenario),""DIVIDE(MIN(SUM({SPE.DPI(IRRBBT2_r0010_c0060)},-{SPE.DPI(IRRBBT2_r0160_c0060)}),SUM({SPE.DPI(IRRBBT2_r0010_c0070)},-{SPE.DPI(IRRBBT2_r0160_c0070)})),{CACO0200})""";;
"CRFA3100,Loans and advances. Mortgage loans. Residential,""COALESCE({T(F_13.01)R(0010)C(0010)},{SPE.DPI(CRFA3100)})""";;
"CRED117,Evolution of total original exposure by class / Total original exposure by class. Retail,""DIVIDE(SUM({CRCE0108}, {CRCE0208}) - SUM({CRCE0108[T-1Y]}, {CRCE0208[T-1Y]}), SUM({CRCE0108[T-1Y]}, {CRCE0208[T-1Y]}))""";;
CAP143,Output floor adjustment to TREA,{T(C_02.00.b)R(0035)C(0010)};;
FWL13,Supervisory expectation - CRA,For the formula specification please see the latest version of SUBA derived variables and indicators: https://darwin.escb.eu/livelink/livelink/app/nodes/1821262705;;
LEV410A,Projection of own funds to cover window dressing (using SFTs daily data),For the formula specification please see the latest version of SUBA derived variables and indicators: https://darwin.escb.eu/livelink/livelink/app/nodes/1821262705;;
"PROF9,Loans and advances to total financial assets,""DIVIDE({CRFA0100}, SUM({CRFA1800}, {BSFA3200}))""";;
CAP97,OCR and P2G: to be made up of Tier 1 capital,{T(C_03.00)R(0210)C(0010)};;
"PROF117,AuM trend over the past 3 years,""MEAN({T(F_22.02)R(0010)C(0010)},{T(F_22.02)R(0010)C(0010)[T-1Y]},{T(F_22.02)R(0010)C(0010)[T-2Y]})""";;
"CRFA2900,Foreclosure [tangible assets],""COALESCE({T(F_13.03.1.a)R(0020)C(0020)}, {SPE.DPI(CRFA2900)})""";;
"CRMAT_S231,Share of Performing CRE Loans and Advances in Stage 2 over Total Performing CRE Loans and Advances,""DIVIDE(SUM({T(F_18.00.a)R(0140,0903)C(0057)}),SUM({T(F_18.00.a)R(0140,0903,0923)C(0020)}))""";;
CAP122,Total capital requirements,For the formula specification please see the latest version of SUBA derived variables and indicators: https://darwin.escb.eu/livelink/livelink/app/nodes/1878940265;;
"MR_PRR_FWL_1,Potential impacts coming from pricing related risk to Total CET1,""SUM({MR_PRR_VR_FWL_1}, DIVIDE(-{T(C_25.01.a)R(0010)C(0280)},{T(C_01.00)R(0020)C(0010)}))""";;
"IDCARD82,Market Risk and CVA RWA,""SUM({T(C_02.00.a)R(0520,0640,0755,0770)C(0010)})""";;
"IRRBB225,PTR  under upward scenario (weighted average PTR),""SUM(SUM({T(J_08.00.b)R(0120)C(0050)S(*)}*DIVIDE({T(J_08.00.a)R(0010)C(0010)S(*)},SUM({T(J_08.00.a)R(0010,0040,0070,0100)C(0010)S(*)}))), SUM({T(J_08.00.b)R(0130)C(0050)S(*)}*DIVIDE({T(J_08.00.a)R(0040)C(0010)S(*)},SUM({T(J_08.00.a)R(0010,0040,0070,0100)C(0010)S(*)}))),SUM({T(J_08.00.b)R(0140)C(0050)S(*)}*DIVIDE({T(J_08.00.a)R(0070)C(0010)S(*)},SUM({T(J_08.00.a)R(0010,0040,0070,0100)C(0010)S(*)}))),SUM({T(J_08.00.b)R(0150)C(0050)S(*)}*DIVIDE({T(J_08.00.a)R(0100)C(0010)S(*)},SUM({T(J_08.00.a)R(0010,0040,0070,0100)C(0010)S(*)}))))""";;
"IDCARD73,Other Risk RWA,""SUM({CACE0600}, {CACE0700})*12.5""";;
"CRED468,Non Financial Coorporations: Share of Debt Securities to NFC in Non-performing,""DIVIDE(SUM({T(F_18.00.a)R(0060,0186,0216)C(0060)}), SUM({T(F_18.00.a)R(0060,0186,0216)C(0010)}))""";;
"LIQV0047,O/N senior unsecured securities spread (in basis points),""COALESCE({T(C_69.00.a)R(0035)C(0010)S(0010)}, {SPE.DPI(C69R050C010)})""";;
"LEV102,Materiality of SFTs in comparison to total leverage ratio exposure (TLRE),""DIVIDE(SUM({T(C_47.00)R(0010,0020,0030,0040,0050)C(0010)}),{LEV001})""";;
"BSFL3000,Deposits: Households-Held for trading,""COALESCE(sum({T(F_08.01.a)R(0310)C(0010)},{T(F_08.01.a)R(0310)C(0034)}),sum({T(F_08.01.dp)R(0310)C(0010)},{T(F_08.01.dp)R(0310)C(0034)}),{SPE.DPI(BSFL3000)})""";;
MRFA1000,ow: trading assets,For the formula specification please see the latest version of SUBA derived variables and indicators: https://darwin.escb.eu/livelink/livelink/app/nodes/1878940265;;
CRED477,Total notional amount of senior tranches of originated SRT securitizations,SUM(LOGICAL({T(C_14.00)R(*)C(0110)}='EBA:RS(x2)' AND {T(C_14.00)R(*)C(0061)}='EBA:RT(x15)')*{T(C_14.00)R(*)C(0230)});;
"PRFI3300,""Exchange differences [gain (loss)], net"",""COALESCE({T(F_02.00)R(0310)C(0010)},{T(F_02.00_dp)R(0310)C(0010)},{SPE.DPI(PRFI3300)})""";;
"LIQ79,Other financial liabilities,""COALESCE(SUM({T(F_01.02)R(0060,0066,0100,0140,0144)C(0010)}),SUM({T(F_01.02_dp)R(0060,0066,0100,0140,0144)C(0010)}))""";;
"BSFL0300,Debt securities issued,""COALESCE({T(F_01.02)R(0050)C(0010)}+{T(F_01.02)R(0065)C(0010)}+{T(F_01.02)R(0090)C(0010)}+{T(F_01.02)R(0130)C(0010)}+{T(F_01.02)R(0143)C(0010)},{T(F_01.02_dp)R(0050)C(0010)}+{T(F_01.02_dp)R(0065)C(0010)}+{T(F_01.02_dp)R(0090)C(0010)}+{T(F_01.02_dp)R(0130)C(0010)}+{T(F_01.02_dp)R(0143)C(0010)},{SPE.DPI(BSFL0300)},{SPE.DPI(BSFL0300_LSI)})""";;
"LIQ227,Share in Funding Concentration per Counterparty Sector: Central banks (eba_CT:x10),""DIVIDE(SUM(LOGICAL({T(C_67.00.a)R(0020-0110)C(0030)S(0010)} EQ 'EBA:qSR(qx2001)') * {T(C_67.00.a)R(0020-0110)C(0060)S(0010)}), {LIQV0004})""";;
"CRED461,Non Financial Coorporations: Coverage S3,""DIVIDE(-SUM({T(F_18.00.b)R(0120,0194)C(0951)}),SUM({T(F_18.00.a)R(0120,0194)C(0121)}))""";;
"OPER108,Total net loss amount for employment practices and workplace safety excluding loss adjustments relating to previous reporting periods,""SUM({T(C_17.01.a)R(0920)C(0030)}, - {T(C_17.01.a)R(0970)C(0030)}, - {T(C_17.01.a)R(0980)C(0030)})""";;
MR_PRR_CVA_BWL_WEIGHTS,Support formula to calculate other KRIs.,For the formula specification please see the latest version of SUBA derived variables and indicators: https://darwin.escb.eu/livelink/livelink/app/nodes/1821262705;;
PROF201,Automated viability anchor - Forecast error ROA for t-1,For the formula specification please see the latest version of SUBA derived variables and indicators: https://darwin.escb.eu/livelink/livelink/app/nodes/1821262705;;
"CRED353,Non-performing Ratio - debt instruments held for sale,""DIVIDE({T(F_18.00.a)R(0335)C(0060)},{T(F_18.00.a)R(0335)C(0010)})""";;
"CRED436,Credit institutions and other financial institutions: Coverage S3,""DIVIDE(-SUM({T(F_18.00.b)R(0100,0194)C(0951)}),SUM({T(F_18.00.a)R(0100,0194)C(0121)}))""";;
"LIQ113,ABS buffer ratio,""DIVIDE({LIQV0091}, {LIQV0001})""";;
ORNE1635,Sum of five largest losses for corporate finance,{T(C_17.01.a)R(0060)C(0080)};;
"CLIM09,Exposures to 7 key carbon-intensive sectors in the NFC portfolio as share of total NFC exposures (EU),""DIVIDE(SUM({SPE.DPI(CLIMNIIU004010)}, {SPE.DPI(CLIMNIIU005010)}, {SPE.DPI(CLIMNIIU006010)}, {SPE.DPI(CLIMNIIU007010)}, {SPE.DPI(CLIMNIIU008010)}, {SPE.DPI(CLIMNIIU019010)}, {SPE.DPI(CLIMNIIU023010)}, {SPE.DPI(CLIMNIIU035010)}, {SPE.DPI(CLIMNIIU047010)}, {SPE.DPI(CLIMNIIU020010)}, {SPE.DPI(CLIMNIIU024010)}, {SPE.DPI(CLIMNIIU025010)}), {SPE.DPI(CLIMNIIU056010)})""";;
"MR_PRR_FWL,Potential impacts coming from pricing related risk to Total RWA,""SUM({MR_PRR_VR_FWL}, DIVIDE(-{T(C_25.01.a)R(0010)C(0280)},{T(C_02.00.a)R(0010)C(0010)}))""";;
"CRED397,Central banks and general governments: Coverage S2,""DIVIDE(SUM({T(F_18.00.b)R(0080,0090,0192,0193)C(0142,0950)}),SUM({T(F_18.00.a)R(0080,0090,0192,0193)C(0109,0057)}))*-1""";;
"IRRBB130,Change in the forecasted Earnings under parallel interest rate decrease of 200 bps divided by Tier 1 Capital,""DIVIDE(SUM({T(J_01.00)R(0140)C(0010)S(x1)},{T(J_01.00)R(0170)C(0010)S(x1)}), {CACO0200})""";;
"BSFL3100,Deposits: Households-Designated at fair value through profit or loss,""COALESCE({T(F_08.01.a)R(0310)C(0020)},{T(F_08.01.dp)R(0310)C(0020)},{SPE.DPI(BSFL3100)})""";;
"PRFI4200,Net Interest Income from Trading,""SUM({T(F_02.00)R(0020)C(0010)},-{T(F_02.00)R(0100)C(0010)})""";;
"CRED136,Increase of PD by Exposure class (for IRB and FIRB banks). IRB Retail,""DIVIDE({CRCM0118}-{CRCM0118[T-1Y]}, {CRCM0118[T-1Y]})""";;
MR_NRMR_BWL_SUM_WM_1,Support formula to calculate other KRIs.,For the formula specification please see the latest version of SUBA derived variables and indicators: https://darwin.escb.eu/livelink/livelink/app/nodes/1821262705;;
"CRED218,Breakdown of loans to NFC by NACE economic sector: Other services,""DIVIDE({T(F_06.01)R(0180)C(0010)},COALESCE(SUM({T(F_18.00.a)R(0070,0191,0221)C(0010)}),SUM({T(F_18.00.a_dp)R(0070,0191,0221)C(0010)})))""";;
"LIQV0016,3M senior unsecured securities spread (in basis points),""COALESCE({T(C_69.00.a)R(0035)C(0070)S(0010)}, {SPE.DPI(C69R050C070)})""";;
"LIQV0072,1Y covered bonds spread (in basis points),""COALESCE({T(C_69.00.a)R(0065)C(0110)S(0010)}, {SPE.DPI(C69R060C110)})""";;
"MR_RMR_FRTB_28,Credit spread risk for non-securitisations (CSR) net sensitivity in relation to OFR,""DIVIDE({T(C_91.00)R(0030)C(0030)},{T(C_91.00)R(0030)C(0190)})""";;
"LIQV0165,1Y Forecast for Repurchase Agreements,""COALESCE({T(P_01.02)R(010)C(030)},0)""";;
"PRFI6200,Gains and losses on financial assets and liabilities,""COALESCE(SUM({T(F_02.00)R(0280,0285,0287,0290)C(0010)}), SUM({T(F_02.00.dp)R(0280,0285,0287,0290)C(0010)}))""";;
"CRMAT_A221,Absolute volume of SME portfolio,""COALESCE(SUM({T(F_18.00.a)R(0130,0900,0920)C(0010)}), SUM({T(F_18.00.a_dp)R(0130)C(0010)}))""";;
"CRED378,Sovereign exposures / Total exposures,""DIVIDE(SUM({T(C_07.00.a)R(0010)C(0200)S(qx16,qx23,qx22)}),{T(C_07.00.a)R(0010)C(0200)S(qx01)})""";;
"PRFI2800,Negative goodwill immediately recognised in profit or loss,""COALESCE({T(F_02.00)R(0580)C(0010)},{T(F_02.00_dp)R(0580)C(0010)},{SPE.DPI(PRFI2800)})""";;
"CRED157,OTC derivatives [notional] / Derivatives (trading and hedging),""DIVIDE(SUM({CRFM0200},{CRFM0210}), SUM({BSFM0100},{BSFM0200}))""";;
"OPER23,Ratio loss amount for retail banking to total loss amount,""DIVIDE({ORCE1605}, {OPER53})""";;
"CRED84,""Inflows and outflows of Allowances by type of delinquencies, by type of counterparty - Non-financial corporations"",""DIVIDE(SUM(SUM({T(F_18.00.b)R(0120,0196,0226)C(0150)}),-SUM({T(F_18.00.b)R(0120,0196,0226)C(0150)[T-1Y]})),SUM({T(F_18.00.a)R(0120,0196,0226)C(0060)[T-1Y]}))""";;
"CRED206,Breakdown of loans to NFC by NACE economic sector: Construction,""DIVIDE({T(F_06.01)R(0060)C(0010)},COALESCE(SUM({T(F_18.00.a)R(0070,0191,0221)C(0010)}),SUM({T(F_18.00.a.dp)R(0070,0191,0221)C(0010)})))""";;
"CRFA0604,Loans and advances. Non-financial corporations,""COALESCE(SUM({T(F_18.00.a)R(0120,0196,0226)C(0010)}),SUM({T(F_18.00.a_dp)R(0120,0196,0226)C(0010)}),{SPE.DPI(CRFA0604)})""";;
"LANP1700_BANKSTATS,Total loans and advances to non-financial corporations and households (excluding held for trading) - adapted (bankstats),""COALESCE(SUM({T(F_18.00.a)R(0120)C(0010)}, {T(F_18.00.a)R(0150)C(0010)}, {T(F_18.00.a)R(0196)C(0010)}, {T(F_18.00.a)R(0197)C(0010)}, {T(F_18.00.a)R(0226)C(0010)}, {T(F_18.00.a)R(0227)C(0010)}, {T(F_18.00.b)R(0120)C(0130)}, {T(F_18.00.b)R(0150)C(0130)}, {T(F_18.00.b)R(0196)C(0130)}, {T(F_18.00.b)R(0197)C(0130)}, {T(F_18.00.b)R(0226)C(0130)}, {T(F_18.00.b)R(0227)C(0130)}),SUM({T(F_18.00.a_dp)R(0120)C(0010)}, {T(F_18.00.a_dp)R(0150)C(0010)}, {T(F_18.00.a_dp)R(0196)C(0010)}, {T(F_18.00.a_dp)R(0197)C(0010)}, {T(F_18.00.a_dp)R(0226)C(0010)}, {T(F_18.00.a_dp)R(0227)C(0010)}, {T(F_18.00.b_dp)R(0120)C(0130)}, {T(F_18.00.b_dp)R(0150)C(0130)}, {T(F_18.00.b_dp)R(0196)C(0130)}, {T(F_18.00.b_dp)R(0197)C(0130)}, {T(F_18.00.b_dp)R(0226)C(0130)}, {T(F_18.00.b_dp)R(0227)C(0130)}))""";;
"CAP5,Composition of own funds: Tier 1 capital,""DIVIDE({CACO0200}, {CACO0100})""";;
"PROF6_LSI,ROE (Total profit or loss after tax / Equity),""COALESCE(DIVIDE({T(F_02.00)R(0670)C(0010)},{T(F_01.03)R(0300)C(0010)}),DIVIDE({T(F_02.00.dp)R(0670)C(0010)},{T(F_01.03.dp)R(0300)C(0010)}),DIVIDE({SPE.DPI(PRFI2300)},{SPE.DPI(BSFA0200)}-{SPE.DPI(BSFL0500)}))""";;
"PRFI5100,Three year average Impairments on financial assets,""MEAN({PRFI1000},{PRFI1000[T-1Y]},{PRFI1000[T-2Y]})""";;
"CRFA1900,Cash and trading financial assets,""COALESCE(sum({T(F_01.01)R(0010)C(0010)},{T(F_01.01)R(0050)C(0010)},{T(F_01.01)R(0091)C(0010)}),sum({T(F_01.01.dp)R(0010)C(0010)},{T(F_01.01.dp)R(0050)C(0010)},{T(F_01.01.dp)R(0091)C(0010)}),{SPE.DPI(CRFA1900)})""";;
MR_NRMR_EQR_SBM_HC,Capital requirements proxy for Equity risk in the banking book – High correlation scenario,For the formula specification please see the latest version of SUBA derived variables and indicators: https://darwin.escb.eu/livelink/livelink/app/nodes/1821262705;;
IDCARD87,Assets (top 1st country),For the formula specification please see the latest version of SUBA derived variables and indicators: https://darwin.escb.eu/livelink/livelink/app/nodes/1878940265;;
"LRLM0300,Net cash outflows,""COALESCE({T(C_76.00.a)R(0020)C(0010)},{SPE.DPI(LRLM0300)})""";;
IRNM0600,Change of the economic value of the banking book under a parallel interest rate shift decline of 200 bp - following EBA/GL/2015/08,For the formula specification please see the latest version of SUBA derived variables and indicators: https://darwin.escb.eu/livelink/livelink/app/nodes/1821262705;;
"LEV412C,Exposure adjustment for window dressing (using derivatives quarterly data),""ifn({MF_FYE}=0, SUM(MEAN(SUM({T(C_47.00)R(0061-0140)C(0010)[T-1Q]}), SUM({T(C_47.00)R(0061-0140)C(0010)[T-2Q]}), SUM({T(C_47.00)R(0061-0140)C(0010)[T-3Q]})), -SUM({T(C_47.00)R(0061-0140)C(0010)})),ifn({MF_FYE}=3, SUM(MEAN(SUM({T(C_47.00)R(0061-0140)C(0010)}), SUM({T(C_47.00)R(0061-0140)C(0010)[T-2Q]}), SUM({T(C_47.00)R(0061-0140)C(0010)[T-3Q]})), -SUM({T(C_47.00)R(0061-0140)C(0010)[T-1Q]})),ifn({MF_FYE}=6, SUM(MEAN(SUM({T(C_47.00)R(0061-0140)C(0010)}), SUM({T(C_47.00)R(0061-0140)C(0010)[T-1Q]}), SUM({T(C_47.00)R(0061-0140)C(0010)[T-3Q]})), -SUM({T(C_47.00)R(0061-0140)C(0010)[T-2Q]})),ifn({MF_FYE}=9, SUM(MEAN(SUM({T(C_47.00)R(0061-0140)C(0010)}), SUM({T(C_47.00)R(0061-0140)C(0010)[T-1Q]}), SUM({T(C_47.00)R(0061-0140)C(0010)[T-2Q]})), -SUM({T(C_47.00)R(0061-0140)C(0010)[T-3Q]})),1/0))))""";;
LIQ222,Unencumbered Central Bank Eligible Assets ratio,{T(F_32.01)R(0010)C(0080)}/({T(F_32.01)R(0010)C(0010)}+{T(F_32.01)R(0010)C(0060)}+{T(F_32.02.a)R(0130)C(0010)}+{T(F_32.02.a)R(0130)C(0040)});;
"CRED89,LTV Ratio NPL by type of counterparty - Central Governments,""DIVIDE(SUM({T(F_18.00.d)R(0090,0193,0223)C(0200)},{T(F_18.00.c)R(0090,0193,0223)C(0210)}),SUM({T(F_18.00.a)R(0090,0193,0223)C(0060)}))""";;
"IRRBB156,Proportion of core deposits / Stock of Non-Maturity deposits [Wholesale non-financial] [EUR only],""DIVIDE(     SUM(COALESCE({T(J_08.00.a)R(0080)C(0010)S(EUR)}, {T(J_09.00.a)R(0080)C(0010)S(EUR)})),     SUM(COALESCE({T(J_08.00.a)R(0070)C(0010)S(EUR)}, {T(J_09.00.a)R(0070)C(0010)S(EUR)})) )""";;
"CRFM0200,Derivatives held-for-trading. Of which OTC. Notional amount,""COALESCE(SUM({T(F_10.00)R(0300,0310,0320)C(0030)}),SUM({T(F_10.00_dp)R(0300,0310,0320)C(0030)}),{SPE.DPI(CRFM0200)})""";;
LEV401A,Materiality of average SFTs in comparison to total leverage ratio exposure (TLRE) (using daily SFTs data),For the formula specification please see the latest version of SUBA derived variables and indicators: https://darwin.escb.eu/livelink/livelink/app/nodes/1821262705;;
"PROF73,Interest Income coming from main loans and advances counterparty sector/ Total loans and advances interest income,""MAX({T(F_16.01)R(0090)C(0010)}/{T(F_16.01)R(0080)C(0010)},{T(F_16.01)R(0100)C(0010)}/{T(F_16.01)R(0080)C(0010)},{T(F_16.01)R(0110)C(0010)}/{T(F_16.01)R(0080)C(0010)},{T(F_16.01)R(0120)C(0010)}/{T(F_16.01)R(0080)C(0010)},{T(F_16.01)R(0130)C(0010)}/{T(F_16.01)R(0080)C(0010)},{T(F_16.01)R(0140)C(0010)}/{T(F_16.01)R(0080)C(0010)})""";;
"CRED315,NPL Forbearance ratio - Non-financial corporations,""DIVIDE(SUM({T(F_19.00.a)R(0120,0196,0226)C(0060)}),SUM({T(F_19.00.a)R(0120,0196,0226)C(0010)}))""";;
"CAP129,TIER1 headroom above P2G (phased-in) as % of RWA,""SUM({CAP2},-{CAP97})""";;
"BSFL3400,Deposits: Other financial corporations-Designated at fair value through profit or loss,""COALESCE({T(F_08.01.a)R(0210)C(0020)},{T(F_08.01.a_dp)R(0210)C(0020)},{SPE.DPI(BSFL3400)})""";;
"ORCE1601,Total loss amount for corporate finance,""MAX(SUM({T(C_17.01.a)R(0020)C(0080)},{T(C_17.01.a)R(0040)C(0080)}),{T(C_17.01.a)R(0020)C(0080)})""";;
MR_RMR_EQR_BWL_WEIGHTS,Support formula to calculate other KRIs.,For the formula specification please see the latest version of SUBA derived variables and indicators: https://darwin.escb.eu/livelink/livelink/app/nodes/1821262705;;
"IRRBB147,Weighted average repricing maturity of NMDs [Wholesale non-financial] [EUR only],""COALESCE({T(J_08.00.b)R(0070)C(0040)S(EUR)}, {T(J_09.00.b)R(0070)C(0040)S(EUR)})""";;
"STCE0614,Total securitised exposures. Consumer loans,""COALESCE(SUM(LOGICAL({T(C_14.00)R(*)C(0160)}EQ'EBA:UE(x2)')*{T(C_14.00)R(*)C(0140)}),{SPE.DPI(STCE0614)})""";;
"IRRBB211,Average repricing dates on loans and advances (parallel up) - Average repricing dates on loans and advances (baseline behavioural scenario),""COALESCE((SUM(({T(J_08.00.b)R(0160)C(0050)S(*)}-{T(J_08.00.b)R(0160)C(0040)S(*)})*DIVIDE({T(J_08.00.a)R(0160)C(0010)S(*)},SUM({T(J_08.00.a)R(0160)C(0010)S(*)})))),(SUM(({T(J_09.00.b)R(0160)C(0050)S(*)}-{T(J_09.00.b)R(0160)C(0040)S(*)})*DIVIDE({T(J_09.00.a)R(0160)C(0010)S(*)},SUM({T(J_09.00.a)R(0160)C(0010)S(*)})))))""";;
"PROF76,NFC loans coming from Manufacturing (NACE code)/ Total NFC loans,""DIVIDE({T(F_06.01)R(0030)C(0010)},{T(F_06.01)R(0190)C(0010)})""";;
MR_PRR_XVA_BWL,3-year weighted volatility of quarterly xVA changes to Total RWA,For the formula specification please see the latest version of SUBA derived variables and indicators: https://darwin.escb.eu/livelink/livelink/app/nodes/1821262705;;
"IRRBB190,Percentage of core NMDs repricing after 1Y,""COALESCE((DIVIDE(SUM(SUM({T(J_05.00.b)R(0290,0330,0370)C(0070-0250,0320-0390)S(*)}),-SUM({T(J_05.00.b)R(0290,0330,0370)C(0070-0120,0320-0370)S(*)})),SUM({T(J_05.00.b)R(0290,0330,0370)C(0070-0250,0320-0390)S(*)}))),(DIVIDE(SUM(SUM({T(J_06.00.b)R(0290,0330,0370)C(0070-0250,0320-0390)S(*)}),-SUM({T(J_06.00.b)R(0290,0330,0370)C(0070-0120,0320-0370)S(*)})),SUM({T(J_06.00.b)R(0290,0330,0370)C(0070-0250,0320-0390)S(*)}))),(DIVIDE(SUM(SUM({T(J_07.00.b)R(0290,0330,0370)C(0070-0250,0320-0390)S(*)}),-SUM({T(J_07.00.b)R(0290,0330,0370)C(0070-0120,0320-0370)S(*)})),SUM({T(J_07.00.b)R(0290,0330,0370)C(0070-0250,0320-0390)S(*)}))))""";;
"CRMAT_V221,Share of Loans and Advances to SMEs over Total Loans and Advances,""DIVIDE({CRMAT_A221},COALESCE(SUM({T(F_18.00.a)R(0070,0191,0221)C(0010)}),SUM({T(F_18.00.a.dp)R(0070,0191,0221)C(0010)})))""";;
"BSFL3300,Deposits: Other financial corporations-Held for trading,""COALESCE(sum({T(F_08.01.a)R(0210)C(0010)},{T(F_08.01.a)R(0210)C(0034)}),sum({T(F_08.01.dp)R(0210)C(0010)},{T(F_08.01.dp)R(0210)C(0034)}),{SPE.DPI(BSFL3300)})""";;
"PROF109,3Y average Replacement rate (Custodian),""MEAN(DIVIDE({SPE.DPI(SRPRAM120030)[T-2Q]}, {SPE.DPI(SRPRAM130030)[T-2Q]}),DIVIDE({SPE.DPI(SRPRAM120030)[T-1Q]}, {SPE.DPI(SRPRAM130030)[T-1Q]}),DIVIDE({SPE.DPI(SRPRAM120030)}, {SPE.DPI(SRPRAM130030)}))""";;
"PROF26,Net interest income to total operating income,""DIVIDE({PRFI0100}, {PRFI0800})""";;
"PRFI6300_B,Impairments on financial assets (LSIs),""SUM(COALESCE({T(F_02.00)R(0460)C(0010)},{T(F_02.00.dp)R(0460)C(0010)}),{T(F_12.00)R(0500)C(0010-0070)})""";;
"LIQ305,Backtesting Planned vs Actual Non-Financial Corporates Deposits,""IFN({LIQV0201}=0 AND {LIQV0200}=0,0,IFN({LIQV0200}=0,1,DIVIDE({LIQV0201}-{LIQV0200},{LIQV0200})))""";;
"CRED213,Breakdown of loans to NFC by NACE economic sector: Administrative and support services activities,""DIVIDE({T(F_06.01)R(0130)C(0010)},COALESCE(SUM({T(F_18.00.a)R(0070,0191,0221)C(0010)}),SUM({T(F_18.00.a_dp)R(0070,0191,0221)C(0010)})))""";;
"IDCARD661,CET1 ratio (fully loaded) Numerator,""SUM({T(C_01.00)R(0020)C(0010)},-{T(C_05.01)R(0010)C(0010)},-{T(C_01.00)R(0440)C(0010)},MIN(SUM({T(C_01.00)R(0530)C(0010)},-{T(C_01.00)R(0740)C(0010)},-{T(C_05.01)R(0010)C(0020)},-{T(C_01.00)R(0720)C(0010)},MIN(SUM(0,{T(C_01.00)R(0750)C(0010)},-{T(C_01.00)R(0970)C(0010)},-{T(C_05.01)R(0010)C(0030)}),0)),0))""";;
"PROF108,3Y average Replacement rate (Asset management),""MEAN(DIVIDE({SPE.DPI(SRPRAM100030)[T-2Q]}, {SPE.DPI(SRPRAM110030)[T-2Q]}),DIVIDE({SPE.DPI(SRPRAM100030)[T-1Q]}, {SPE.DPI(SRPRAM110030)[T-1Q]}),DIVIDE({SPE.DPI(SRPRAM100030)}, {SPE.DPI(SRPRAM110030)}))""";;
"LEV410_LSI,Exposure adjustments (SFTs+Derivatives) over TLRE,""DIVIDE(MAX(SUM({LEV412B_LSI},{LEV412C}),0), {T(C_47.00)R(0290)C(0010)})""";;
"CRMAT_A301,Absolute volume of Credit institutions and Other financial institutions portfolio,""COALESCE(SUM({T(F_18.00.a)R(0040,0050,0100,0184,0185,0194,0214,0215,0224,0110,0195,0225)C(0010)}), SUM({T(F_18.00.a_dp)R(0040,0050,0100,0184,0185,0194,0214,0215,0224,0110,0195,0225)C(0010)}))""";;
"LIQ79,Other financial liabilities,""COALESCE(SUM({T(F_01.02)R(0060,0066,0100,0140,0144)C(0010)}),SUM({T(F_01.02.dp)R(0060,0066,0100,0140,0144)C(0010)}))""";;
"IDCARD71,ow: reserves,""COALESCE(SUM({T(F_01.03)R(0190,0200,0205,0210)C(0010)}),SUM({T(F_01.03_dp)R(0190,0200,0205,0210)C(0010)}))""";;
"CLIM17,Emission intensity in the NFC portfolio (Scope 3) (EU),""SUM({CLIM13}, -{CLIM15})""";;
"CRED15,Large exposure ratio (Large Exposure /Tier1 Capital),""DIVIDE({LELE0400},{CACO0200})""";;
"CRMAT_V261,Participation in LF data collection,""IFN({CRMAT_V262}>0,1,0)""";;
"IDCARD80,Market Risk RWA,""SUM({T(C_02.00.a)R(0520,0755,0770)C(0010)})""";;
"CRFA0605,Loans and advances. Households,""COALESCE(SUM({T(F_18.00.a)R(0150,0197,0227)C(0010)}),SUM({T(F_18.00.a_dp)R(0150,0197,0227)C(0010)}),{SPE.DPI(CRFA0605)})""";;
LIQV0011,short term (1Y) liabilities from credit institutions,SUM({T(C_66.01.a)R(0300)C(0030-0190)S(0010)});;
"IRRBB146,Weighted average repricing maturity of NMDs [Retail Non-Transactional] [EUR only],""COALESCE({T(J_08.00.b)R(0040)C(0040)S(EUR)}, {T(J_09.00.b)R(0040)C(0040)S(EUR)})""";;
PROF162,Forecast error CIR t-1,{PROF136}-{PROF148};;
PROF200,Automated viability anchor - Forecast error COR for t,For the formula specification please see the latest version of SUBA derived variables and indicators: https://darwin.escb.eu/livelink/livelink/app/nodes/1821262705;;
"PROF113,Replacement rate (Asset managent): yearly clients assets inflows/clients assets outflows,""DIVIDE(SUM({SPE.DPI(SRPRAM010110)}, {SPE.DPI(SRPRAM200110)}), SUM({SPE.DPI(SRPRAM010120)}, {SPE.DPI(SRPRAM200120)}))""";;
"LIQV0191,Actual Public Funding,""COALESCE(SUM({T(P_02.02)R(010)C(010)},{T(P_02.02)R(020)C(010)},{T(P_02.02)R(030)C(010)}),0)""";;
"CRMAT_V111,Share of Loans and Advances to Households Secured by RRE over Total Loans and Advances,""DIVIDE({CRMAT_A111},COALESCE(SUM({T(F_18.00.a)R(0070,0191,0221)C(0010)}),SUM({T(F_18.00.a_dp)R(0070,0191,0221)C(0010)})))""";;
"MRFL1500,Financial liabilities held for trading: Other financial liabilities,""COALESCE(SUM({T(F_01.02)R(0060,0066)C(0010)}),SUM({T(F_01.02.dp)R(0060,0066)C(0010)}),{SPE.DPI(MRFL1500)})""";;
"PROF24,Debt securities issued to total financial liabilities,""DIVIDE({BSFL0300}, SUM({BSFL0400}, {BSFL2500}))""";;
"CRED203,Breakdown of loans to NFC by NACE economic sector: Manufacturing,""DIVIDE({T(F_06.01)R(0030)C(0010)},COALESCE(SUM({T(F_18.00.a)R(0070,0191,0221)C(0010)}),SUM({T(F_18.00.a_dp)R(0070,0191,0221)C(0010)})))""";;
"LIQ270,1Y Forecasted Growth of Client Loans,""IFN({LIQV0161}=0 AND {LIQV0135}=0,0,IFN({LIQV0135}=0,1,DIVIDE({LIQV0161}-{LIQV0135},{LIQV0135})))""";;
"IRRBB267,Projected NII in the Baseline IR scenario/Realized NII (reported via STE),""DIVIDE({T(J_01.00)R(0120)C(0010)S(x1)},{SPE.DPI(IRRBBT7_r0010_c0010)})""";;
IDCARD73,Other Risk RWA,For the formula specification please see the latest version of SUBA derived variables and indicators: https://darwin.escb.eu/livelink/livelink/app/nodes/1878940265;;
"CRED490,Unmargined business’ CCR exposure value as a share of total CCR exposure value,""DIVIDE({T(C_34.02)R(0140)C(0170)S(0001)},{T(C_34.02)R(0110)C(0170)S(0001)})""";;
"PRFI0300_YCHANGE,Net fee & commission income - Yearly change,""DIVIDE({PRFI0300},{PRFI0300[T-1Y]})-1""";;
FWL1,Automated viability anchor score - Return on assets,For the formula specification please see the latest version of SUBA derived variables and indicators: https://darwin.escb.eu/livelink/livelink/app/nodes/1821262705;;
STCE0105,Total exposure value: on balance sheet items as sponsor – traditional sec - SA,{T(C_13.01)R(0330)C(0280)};;
"IDCARD27_LSI,Net other operating income,""SUM({PRNA3500},{PRFI1400},-{PRFI1500})""";;
"CRED267,Retail Credit risk capital requirement,""SUM({CACE1208},{CACE1508})""";;
"CRCM0300,(-) IRB measurement of expected losses,""-sum({T(C_04.00)R(0140)C(0010)},{T(C_04.00)R(0155)C(0010)})""";;
"PRFI3600,""Impairment or (-) reversal of impairment of investments in subsidiaries, joint ventures and associates"",""COALESCE({T(F_02.00)R(0510)C(0010)},{T(F_02.00.dp)R(0510)C(0010)},{SPE.DPI(PRFI3600)})""";;
"BSFA2000,Financial assets designated at fair value through profit or loss: Debt securities: Counterparty sectors other than credit institutions,""SUM(SUM({T(F_04.02.1)R(0050)C(0010)},-{T(F_04.02.1)R(0080)C(0010)}),SUM({T(F_04.02.2)R(0060)C(0010)},-{T(F_04.02.2)R(0090)C(0010)}))""";;
"OPER64,""Number of events for execution, delivery and process management"",{T(C_17.01.a)R(0910)C(0070)}";;
"CRED147,Total exposures deducted from own funds for traditional securitisation positions (SA and IRB) / Total capital requirements,""DIVIDE({STCE0114}, {CACE0800})""";;
"CRED321,NPL Forbearance ratio - General Governments,""DIVIDE(SUM({T(F_19.00.a)R(0090,0193,0223)C(0060)}),SUM({T(F_19.00.a)R(0090,0193,0223)C(0010)}))""";;
"MR_NRMR_EQR_SIZE,Banking book items sensitive to EQ (Fair value) to Total Assets,""DIVIDE(SUM({T(F_01.01)R(0142)C(0010)}, {T(F_11.01)R(0060,0290)C(0010,0020)}),2*{BSFA0200})""";;
IDCARD690,G-SII (LR),{IDCARD689}-{IDCARD687};;
"CRNA2014,Collateral and other credit enhancement received for impaired and past due loans. Households,""SUM({T(F_18.00.d)R(0150,0197,0227)C(0200)},{T(F_18.00.c)R(0150,0197,0227)C(0210)})""";;
"CRFA0712,Loans and advances. Mortgage loans. Past due for more than 90 days but not impaired,""SUM({T(F_07.01)R(0270)C(0030,0060)})""";;
"MR_RMR_SIZE_1,Assets & liabilities measured at measured at fair value through P&L to Total Assets,""COALESCE(IFN(IFN(__attribute('ECBM_ENT', 'ACCOUNTFRAME')='IFRS',1,IFN(__attribute('ECBM_ENT', 'ACCOUNTFRAME')='nGAAP' AND __attribute('ECBM_ENT', 'ACCOUNTFRAMESOLO')='IFRS',0,IFN(__attribute('ECBM_ENT', 'ACCOUNTFRAMESOLO')='IFRS',1,0)))=1  OR  __attribute('ECBM_ENT','SENDER') = 'ES2', DIVIDE(SUM({T(F_01.01)R(0050,0096,0100)C(0010)},{T(F_01.02)R(0010,0070)C(0010)}), 2*{BSFA0200}), DIVIDE(SUM({T(F_01.01)R(0091)C(0010)}, {T(F_01.02)R(0061)C(0010)}), 2*{BSFA0200})),IFN(__attribute('ECBM_ENT', 'ACCOUNTFRAME', 'IFRS')=1 OR __attribute('ECBM_ENT', 'ACCOUNTFRAMESOLO', 'IFRS')=1  OR  __attribute('ECBM_ENT','SENDER') = 'ES2', DIVIDE(SUM({T(F_01.01_dp)R(0050,0096,0100)C(0010)},{T(F_01.02_dp)R(0010,0070)C(0010)}), 2*{BSFA0200}), DIVIDE(SUM({T(F_01.01_dp)R(0091)C(0010)}, {T(F_01.02_dp)R(0061)C(0010)}), 2*{BSFA0200})))""";;
"LIQV0103,5Y retail deposits funding spread (in basis points),""COALESCE({T(C_69.00.a)R(0020)C(0150)S(0010)}, {SPE.DPI(C69R020C150)})""";;
"CRED231,Variation rate of loans to NFC by NACE economic sector - Accommodation and food services,""DIVIDE({CRNA111I}-{CRNA111I[T-1Y]}, {CRNA111I[T-1Y]})""";;
"CRED58_1,Breakdown of NPL ratio by type of Counterparty - General governments,""DIVIDE(SUM({T(F_18.00.a)R(0090,0193,0223)C(0060)}),SUM({T(F_18.00.a)R(0090,0193,0223)C(0010)}))""";;
"CRED401,Central banks and general governments: Movements among Stages S1-S2 (% of all movements),""DIVIDE(SUM({T(F_12.02)R(0080,0090)C(0010)}),SUM({T(F_12.02)R(0080,0090)C(0010,0020,0030,0040,0050,0060)}))""";;
"CRED332,Inflow forbearance ratio,""DIVIDE(SUM({T(F_19.00.a)R(0070,0191,0221)C(0010)})-SUM({T(F_19.00.a)R(0070,0191,0221)C(0010)[T-1Y]}),SUM({T(F_19.00.a)R(0070,0191,0221)C(0010)[T-1Y]}))""";;
"OPER33,Ratio sum of the five largest losses for retail brokerage to sum across all business lines of the sums of the five largest business line losses,""DIVIDE({ORNE1637}, SUM({ORNE1635}, {ORNE1636}, {ORNE1637}, {ORNE1638}, {ORNE1639}, {ORNE1640}, {ORNE1641}, {ORNE1642}, {ORNE1643}))""";;
"CRED249,OTC derivatives [notional] (trading and hedging) / Total assets,""DIVIDE(SUM({CRFM0200}, {CRFM0210}), {BSFA0200})""";;
"PROF107,Return on AuC: Gross safekeeping fees revenues/AuC,""DIVIDE({T(F_22.01)R(0080)C(0010)},{T(F_22.02)R(0060)C(0010)})""";;
LIQ118,USD LCR,{T(C_76.00.w)R(0030)C(0010)S(USD)};;
"LIQ117,Unsecured funding ratio,""DIVIDE({LIQV0105}, {LIQV0110})""";;
"PRFI0500,Net gains on financial assets and liabilities designated at FVPL,""COALESCE({T(F_02.00)R(0290)C(0010)},{T(F_02.00_dp)R(0290)C(0010)},{SPE.DPI(PRFI0500)})""";;
PROF55_MAX,Cost of Equity - SSM estimation (max),origin;;
"LEV401B,Materiality of average SFTs in comparison to total leverage ratio exposure (TLRE) (using quarterly data),""ifn({MF_FYE}=0, DIVIDE(MEAN(SUM({T(C_47.00)R(0010,0050)C(0010)[T-1Q]}), SUM({T(C_47.00)R(0010,0050)C(0010)[T-2Q]}), SUM({T(C_47.00)R(0010,0050)C(0010)[T-3Q]})), {T(C_47.00)R(0290)C(0010)}),ifn({MF_FYE}=3, DIVIDE(MEAN(SUM({T(C_47.00)R(0010,0050)C(0010)}), SUM({T(C_47.00)R(0010,0050)C(0010)[T-2Q]}), SUM({T(C_47.00)R(0010,0050)C(0010)[T-3Q]})), {T(C_47.00)R(0290)C(0010)[T-1Q]}),ifn({MF_FYE}=6, DIVIDE(MEAN(SUM({T(C_47.00)R(0010,0050)C(0010)}), SUM({T(C_47.00)R(0010,0050)C(0010)[T-1Q]}), SUM({T(C_47.00)R(0010,0050)C(0010)[T-3Q]})), {T(C_47.00)R(0290)C(0010)[T-2Q]}),ifn({MF_FYE}=9, DIVIDE(MEAN(SUM({T(C_47.00)R(0010,0050)C(0010)}), SUM({T(C_47.00)R(0010,0050)C(0010)[T-1Q]}), SUM({T(C_47.00)R(0010,0050)C(0010)[T-2Q]})), {T(C_47.00)R(0290)C(0010)[T-3Q]}),1/0))))""";;
CAP112,P1 (OCR),For the formula specification please see the latest version of SUBA derived variables and indicators: https://darwin.escb.eu/livelink/livelink/app/nodes/1878940265;;
"LANP1000a,Total loans and advances - Credit Institutions. Accumulated impairment on non-performing exposure,""COALESCE(SUM({T(F_18.00.b)R(0100,0194,0224)C(0150)}),SUM({T(F_18.00.b.dp)R(0100,0194,0224)C(0150)}))""";;
PROF163,Forecast error CIR t-2,{PROF140}-{PROF152};;
"BSFL0400,Financial liabilities held for trading,""COALESCE(sum({T(F_01.02)R(0010)C(0010)},{T(F_01.02)R(0061)C(0010)}),sum({T(F_01.02.dp)R(0010)C(0010)},{T(F_01.02.dp)R(0061)C(0010)}),{SPE.DPI(BSFL0400)})""";;
"BSFA0500,Loans and advances to credit institutions,""COALESCE(SUM({T(F_18.00.a)R(0100,0194,0224)C(0010)}),SUM({T(F_18.00.a_dp)R(0100,0194,0224)C(0010)}))""";;
"IRRBB195,Pass-through rate of NMD over 1 year horizon for NMD retail non-transactional (parallel up),""SUM({T(J_08.00.b)R(0130)C(0050)S(*)}*DIVIDE({T(J_08.00.a)R(0040)C(0010)S(*)},SUM({T(J_08.00.a)R(0040)C(0010)S(*)})))""";;
"STCE0613,Total securitised exposures. Loans to corporates and SMEs (treated as corporates),""COALESCE(SUM(LOGICAL({T(C_14.00)R(*)C(0160)}EQ'EBA:qFI(qx2392)')*{T(C_14.00)R(*)C(0140)}),{SPE.DPI(STCE0613)})""";;
STCE0302,Total exposure value: off balance sheet items and derivatives as originator – traditional sec - IRB,{T(C_13.01)R(0140)C(0210)};;
"LIQ287,3Y Forecasted Growth of Derivatives Assets,""IFN({LIQV0178}=0 AND {LIQV0136}=0,0,IFN({LIQV0136}=0,1,DIVIDE({LIQV0178}-{LIQV0136},{LIQV0136})))""";;
"MARK64,Breakdown of market risk capital requirements under standardised approaches (SA) - equity,""DIVIDE({CACE1700}, {CACE1000})""";;
"MR_NRMR_SIZE_1,Assets & liabilities measured at measured at fair value through OCI to Total Assets,""COALESCE(IFN(IFN(__attribute('ECBM_ENT', 'ACCOUNTFRAME')='IFRS',1,IFN(__attribute('ECBM_ENT', 'ACCOUNTFRAME')='nGAAP' AND __attribute('ECBM_ENT', 'ACCOUNTFRAMESOLO')='IFRS',0,IFN(__attribute('ECBM_ENT', 'ACCOUNTFRAMESOLO')='IFRS',1,0)))=1  OR  __attribute('ECBM_ENT','SENDER') = 'ES2', DIVIDE(SUM({T(F_01.01)R(0142)C(0010)},ABS({T(F_01.03)R(0130)C(0010)}),ABS({T(F_01.03)R(0140)C(0010)})),2*{BSFA0200}), DIVIDE(SUM({T(F_01.01)R(0235,0172)C(0010)}),2*{BSFA0200})), IFN(__attribute('ECBM_ENT', 'ACCOUNTFRAME', 'IFRS')=1 OR __attribute('ECBM_ENT', 'ACCOUNTFRAMESOLO', 'IFRS')=1  OR  __attribute('ECBM_ENT','SENDER') = 'ES2', DIVIDE({T(F_01.01.dp)R(0142)C(0010)},2*{BSFA0200}), DIVIDE(SUM({T(F_01.01.dp)R(0235,0172)C(0010)}),2*{BSFA0200})))""";;
"CRED61_1,Breakdown of NPL ratio by type of Counterparty - Non-financial corporations,""DIVIDE(SUM({T(F_18.00.a)R(0120,0196,0226)C(0060)}),SUM({T(F_18.00.a)R(0120,0196,0226)C(0010)}))""";;
"CRED130,Increase of PD by Exposure class (for IRB and FIRB banks). IRB Central Governments,""DIVIDE({CRCM0101}-{CRCM0101[T-1Y]}, {CRCM0101[T-1Y]})""";;
"PROF127,Projected Cost/income ratio at t+2,""DIVIDE(SUM({T(P_04.01)R(360,390)C(030)},IFN((SUBSTR({SPE.DPI(SRPRKD530020)},1,1)^='2'),ABS({SPE.DPI(SRPRKD520020)}),0)),SUM({T(P_04.01)R(355)C(030)},IFN((SUBSTR({SPE.DPI(SRPRKD530020)},1,1)='3') OR (SUBSTR({SPE.DPI(SRPRKD530020)},1,1)='4') OR (SUBSTR({SPE.DPI(SRPRKD530020)},1,1)='5'),ABS({SPE.DPI(SRPRKD520020)}),0)))""";;
"PROF95,Interest income from Debt securities/ Total interest income,""DIVIDE({T(F_16.01)R(0020)C(0010)},{T(F_16.01)R(0270)C(0010)})""";;
"CRED334,Net NPL Collateral Gap,""1-DIVIDE(SUM(SUM({T(F_18.00.a)R(0070,0191,0221)C(0060)}),SUM({T(F_18.00.b)R(0070,0191,0221)C(0150)}),-SUM({T(F_18.00.d)R(0070,0191,0221)C(0200)})),SUM({T(F_18.00.a)R(0070,0191,0221)C(0060)}))""";;
FWL6,4 Barrier ROA,For the formula specification please see the latest version of SUBA derived variables and indicators: https://darwin.escb.eu/livelink/livelink/app/nodes/1821262705;;
MR_NRMR_EQR_BWL_SUM_WM_1,Support formula to calculate other KRIs.,For the formula specification please see the latest version of SUBA derived variables and indicators: https://darwin.escb.eu/livelink/livelink/app/nodes/1821262705;;
"MARK60,Breakdown of net gains on financial assets and liabilities held for trading - Other (including hybrid instruments),""DIVIDE({PRFI2600}, {PRFI0400})""";;
"CRED408,Central banks and general governments: Share of Performing forborne exposures under probation reclassified from non-performing over total performing exposures with forbearance measures,""DIVIDE(SUM({T(F_19.00.a)R(0080,0090,0192,0193,0222,0223)C(0050)}), SUM({T(F_18.00.a)R(0080,0090,0192,0193,0222,0223)C(0020)}))""";;
"CRMAT_S211,Share of Performing Loans and Advances to Coporates and Large corporates in Stage 2 over Total Performing Loans and Advances to Corporates and Large corporates,""DIVIDE(SUM(SUM({T(F_18.00.a)R(0120,0196)C(0057)}),-SUM({T(F_18.00.a)R(0130,0900)C(0057)})),SUM(SUM({T(F_18.00.a)R(0120,0196,0226)C(0020)}),-SUM({T(F_18.00.a)R(0130,0900,0920)C(0020)})))""";;
CAP35,Overall capital margins above capital requirements (Absolute value) (Total Capital - Total Capital Requirements),({CACO0100})-({CACE0800});;
"CRED185,Past due debt instruments / Debt instruments,""DIVIDE(COALESCE(SUM({T(F_07.01)R(0060,0120)C(0010,0060,0090)}),{SPE.DPI(CRFA1100)}),COALESCE(SUM(COALESCE(SUM({T(F_01.01)R(0144,0183)C(0010)}), SUM({T(F_01.01.dp)R(0144,0183)C(0010)})),COALESCE(SUM({T(F_01.01)R(0143,0182)C(0010)}), SUM({T(F_01.01.dp)R(0143,0182)C(0010)}))), {SPE.DPI(CRFA2200)}))""";;
"PROF71,Interest income from Non-financial corporations/ Total loans and advances interest income,""DIVIDE({T(F_16.01)R(0130)C(0010)},{T(F_16.01)R(0080)C(0010)})""";;
"BSFA3100,""Equity instruments other than held for trading and Investments in associates, subsidiaries jv"",""COALESCE(SUM({T(F_01.01)R(0110,0172,0176,0235)C(0010)}),SUM({T(F_01.01_dp)R(0110,0172,0176,0235)C(0010)}))""";;
"PROF87,NFC loans coming from Administrative and support service activities (NACE code)/ Total NFC loans,""DIVIDE({T(F_06.01)R(0130)C(0010)},{T(F_06.01)R(0190)C(0010)})""";;
"CRFA0700,Specific allowances for loans,""COALESCE(SUM(-{T(F_18.00.b)R(0005,0070,0191,0221)C(0150)}),-SUM(-{T(F_18.00.b.dp)R(0010)C(0150)},{T(F_18.00.b.dp)R(0180,0191,0221)C(0150)}))""";;
"MR_PRR_XVA_SIZE,OTC derivatives and SFTs exposed to xVAs risks (Fair value) to Total Assets,""DIVIDE(SUM({T(C_34.02)R(0130,0140)C(0050)S(0001)},{T(C_34.02)R(0130)C(0040)S(0001)}),2*{BSFA0200})""";;
IDCARD27,Net other operating income,For the formula specification please see the latest version of SUBA derived variables and indicators: https://darwin.escb.eu/livelink/livelink/app/nodes/1878940265;;
"MARK54_B,Net gains on financial assets and liabilities at FVPL (held for trading + non-held fortrading items) / Total operating income,""DIVIDE(SUM({PRFI0400}, {PRFI0500_1}), {PRFI0800})""";;
"LIQ240b,Contractual 2Y Gap (excl. retail and operational deposits) to Total Assets,""DIVIDE({LIQV0125b},{BSFA0200})""";;
"MR_RMR_FRTB_31,Equity risk (EQU) net sensitivity in relation to OFR,""DIVIDE({T(C_91.00)R(0060)C(0030)},{T(C_91.00)R(0060)C(0190)})""";;
"MR_FWL_BBFVPL_EQ,Potential impacts coming from equity risk of BB instruments at FVPL to Total RWA,""COALESCE(-DIVIDE(SUM({T(F_01.01)R(0097,0110,0172)C(0010)})*0.4,{CACE0900}),-DIVIDE(SUM({T(F_01.01_dp)R(0097,0110,0172)C(0010)})*0.4,{CACE0900}))""";;
MR_NRMR_SFX_HEDGING,Over/underhedging of Structural FX risk to Total RWA,{SPE.DPI(MRT2_r0210_c0070)};;
"MRFL5100,Financial liabilities designated at fair value through profit or loss: Fair value level 2,""COALESCE({T(F_14.00)R(0210)C(0020)},{SPE.DPI(MRFL5100)})""";;
"MR_PRR_PIT,""Weighted Level 2&3 Assets and Liabilities to Total Assets [Max(T, average 4 quarters)]"",""MAX({MR_PRR_SIZE_1},MEAN({MR_PRR_SIZE_1},{MR_PRR_SIZE_1[T-1Q]},{MR_PRR_SIZE_1[T-2Q]},{MR_PRR_SIZE_1[T-3Q]}))""";;
IRRBB203,∆ NII - Parallel shock down;" Net derivatives hedging impact on ∆ NII / ∆ NII,""COALESCE((DIVIDE(SUM({T(J_02.00)R(0140)C(0120)S(*)},-{T(J_02.00)R(0470)C(0120)S(*)},{T(J_02.00)R(0530)C(0120)S(*)}),SUM({T(J_02.00)R(0010)C(0120)S(*)},-{T(J_02.00)R(0200)C(0120)S(*)}))),(DIVIDE(SUM({T(J_03.00)R(0140)C(0120)S(*)},-{T(J_03.00)R(0470)C(0120)S(*)},{T(J_03.00)R(0530)C(0120)S(*)}),SUM({T(J_03.00)R(0010)C(0120)S(*)},-{T(J_03.00)R(0200)C(0120)S(*)}))))""";
"OPER114,""Total net loss amount for clients, products and business practices including loss adjustments relating to previous reporting periods"",""SUM({OPER109},{T(C_17.01.a)R(0940)C(0040)})""";;
MRCE2909,Stressed VaR: latest available,{T(C_24.00)R(0010)C(0060)};;
"OPER109,""Total net loss amount for clients, products and business practices excluding loss adjustments relating to previous reporting periods"",""SUM({T(C_17.01.a)R(0920)C(0040)}, - {T(C_17.01.a)R(0970)C(0040)}, - {T(C_17.01.a)R(0980)C(0040)})""";;
"IRRBBMAT_4,Largest Derivatives EVE (across all IR scenarios) / T1,""COALESCE(DIVIDE(MAX(ABS(SUM(logical({T(J_02.00)R(0140)C(0040)S(*)}+{T(J_02.00)R(0530)C(0040)S(*)}-{T(J_02.00)R(0470)C(0040)S(*)}>0)*0.5*({T(J_02.00)R(0140)C(0040)S(*)}+{T(J_02.00)R(0530)C(0040)S(*)}-{T(J_02.00)R(0470)C(0040)S(*)})+logical({T(J_02.00)R(0140)C(0040)S(*)}+{T(J_02.00)R(0530)C(0040)S(*)}-{T(J_02.00)R(0470)C(0040)S(*)}<=0)*({T(J_02.00)R(0140)C(0040)S(*)}+{T(J_02.00)R(0530)C(0040)S(*)}-{T(J_02.00)R(0470)C(0040)S(*)}))),ABS(SUM(logical({T(J_02.00)R(0140)C(0050)S(*)}+{T(J_02.00)R(0530)C(0050)S(*)}-{T(J_02.00)R(0470)C(0050)S(*)}>0)*0.5*({T(J_02.00)R(0140)C(0050)S(*)}+{T(J_02.00)R(0530)C(0050)S(*)}-{T(J_02.00)R(0470)C(0050)S(*)})+logical({T(J_02.00)R(0140)C(0050)S(*)}+{T(J_02.00)R(0530)C(0050)S(*)}-{T(J_02.00)R(0470)C(0050)S(*)}<=0)*({T(J_02.00)R(0140)C(0050)S(*)}+{T(J_02.00)R(0530)C(0050)S(*)}-{T(J_02.00)R(0470)C(0050)S(*)}))),ABS(SUM(logical({T(J_02.00)R(0140)C(0060)S(*)}+{T(J_02.00)R(0530)C(0060)S(*)}-{T(J_02.00)R(0470)C(0060)S(*)}>0)*0.5*({T(J_02.00)R(0140)C(0060)S(*)}+{T(J_02.00)R(0530)C(0060)S(*)}-{T(J_02.00)R(0470)C(0060)S(*)})+logical({T(J_02.00)R(0140)C(0060)S(*)}+{T(J_02.00)R(0530)C(0060)S(*)}-{T(J_02.00)R(0470)C(0060)S(*)}<=0)*({T(J_02.00)R(0140)C(0060)S(*)}+{T(J_02.00)R(0530)C(0060)S(*)}-{T(J_02.00)R(0470)C(0060)S(*)}))),ABS(SUM(logical({T(J_02.00)R(0140)C(0070)S(*)}+{T(J_02.00)R(0530)C(0070)S(*)}-{T(J_02.00)R(0470)C(0070)S(*)}>0)*0.5*({T(J_02.00)R(0140)C(0070)S(*)}+{T(J_02.00)R(0530)C(0070)S(*)}-{T(J_02.00)R(0470)C(0070)S(*)})+logical({T(J_02.00)R(0140)C(0070)S(*)}+{T(J_02.00)R(0530)C(0070)S(*)}-{T(J_02.00)R(0470)C(0070)S(*)}<=0)*({T(J_02.00)R(0140)C(0070)S(*)}+{T(J_02.00)R(0530)C(0070)S(*)}-{T(J_02.00)R(0470)C(0070)S(*)}))),ABS(SUM(logical({T(J_02.00)R(0140)C(0080)S(*)}+{T(J_02.00)R(0530)C(0080)S(*)}-{T(J_02.00)R(0470)C(0080)S(*)}>0)*0.5*({T(J_02.00)R(0140)C(0080)S(*)}+{T(J_02.00)R(0530)C(0080)S(*)}-{T(J_02.00)R(0470)C(0080)S(*)})+logical({T(J_02.00)R(0140)C(0080)S(*)}+{T(J_02.00)R(0530)C(0080)S(*)}-{T(J_02.00)R(0470)C(0080)S(*)}<=0)*({T(J_02.00)R(0140)C(0080)S(*)}+{T(J_02.00)R(0530)C(0080)S(*)}-{T(J_02.00)R(0470)C(0080)S(*)}))),ABS(SUM(logical({T(J_02.00)R(0140)C(0090)S(*)}+{T(J_02.00)R(0530)C(0090)S(*)}-{T(J_02.00)R(0470)C(0090)S(*)}>0)*0.5*({T(J_02.00)R(0140)C(0090)S(*)}+{T(J_02.00)R(0530)C(0090)S(*)}-{T(J_02.00)R(0470)C(0090)S(*)})+logical({T(J_02.00)R(0140)C(0090)S(*)}+{T(J_02.00)R(0530)C(0090)S(*)}-{T(J_02.00)R(0470)C(0090)S(*)}<=0)*({T(J_02.00)R(0140)C(0090)S(*)}+{T(J_02.00)R(0530)C(0090)S(*)}-{T(J_02.00)R(0470)C(0090)S(*)})))),{CACO0200}),DIVIDE(MAX(ABS(SUM(logical({T(J_03.00)R(0140)C(0040)S(*)}+{T(J_03.00)R(0530)C(0040)S(*)}-{T(J_03.00)R(0470)C(0040)S(*)}>0)*0.5*({T(J_03.00)R(0140)C(0040)S(*)}+{T(J_03.00)R(0530)C(0040)S(*)}-{T(J_03.00)R(0470)C(0040)S(*)})+logical({T(J_03.00)R(0140)C(0040)S(*)}+{T(J_03.00)R(0530)C(0040)S(*)}-{T(J_03.00)R(0470)C(0040)S(*)}<=0)*({T(J_03.00)R(0140)C(0040)S(*)}+{T(J_03.00)R(0530)C(0040)S(*)}-{T(J_03.00)R(0470)C(0040)S(*)}))),ABS(SUM(logical({T(J_03.00)R(0140)C(0050)S(*)}+{T(J_03.00)R(0530)C(0050)S(*)}-{T(J_03.00)R(0470)C(0050)S(*)}>0)*0.5*({T(J_03.00)R(0140)C(0050)S(*)}+{T(J_03.00)R(0530)C(0050)S(*)}-{T(J_03.00)R(0470)C(0050)S(*)})+logical({T(J_03.00)R(0140)C(0050)S(*)}+{T(J_03.00)R(0530)C(0050)S(*)}-{T(J_03.00)R(0470)C(0050)S(*)}<=0)*({T(J_03.00)R(0140)C(0050)S(*)}+{T(J_03.00)R(0530)C(0050)S(*)}-{T(J_03.00)R(0470)C(0050)S(*)}))),ABS(SUM(logical({T(J_03.00)R(0140)C(0060)S(*)}+{T(J_03.00)R(0530)C(0060)S(*)}-{T(J_03.00)R(0470)C(0060)S(*)}>0)*0.5*({T(J_03.00)R(0140)C(0060)S(*)}+{T(J_03.00)R(0530)C(0060)S(*)}-{T(J_03.00)R(0470)C(0060)S(*)})+logical({T(J_03.00)R(0140)C(0060)S(*)}+{T(J_03.00)R(0530)C(0060)S(*)}-{T(J_03.00)R(0470)C(0060)S(*)}<=0)*({T(J_03.00)R(0140)C(0060)S(*)}+{T(J_03.00)R(0530)C(0060)S(*)}-{T(J_03.00)R(0470)C(0060)S(*)}))),ABS(SUM(logical({T(J_03.00)R(0140)C(0070)S(*)}+{T(J_03.00)R(0530)C(0070)S(*)}-{T(J_03.00)R(0470)C(0070)S(*)}>0)*0.5*({T(J_03.00)R(0140)C(0070)S(*)}+{T(J_03.00)R(0530)C(0070)S(*)}-{T(J_03.00)R(0470)C(0070)S(*)})+logical({T(J_03.00)R(0140)C(0070)S(*)}+{T(J_03.00)R(0530)C(0070)S(*)}-{T(J_03.00)R(0470)C(0070)S(*)}<=0)*({T(J_03.00)R(0140)C(0070)S(*)}+{T(J_03.00)R(0530)C(0070)S(*)}-{T(J_03.00)R(0470)C(0070)S(*)}))),ABS(SUM(logical({T(J_03.00)R(0140)C(0080)S(*)}+{T(J_03.00)R(0530)C(0080)S(*)}-{T(J_03.00)R(0470)C(0080)S(*)}>0)*0.5*({T(J_03.00)R(0140)C(0080)S(*)}+{T(J_03.00)R(0530)C(0080)S(*)}-{T(J_03.00)R(0470)C(0080)S(*)})+logical({T(J_03.00)R(0140)C(0080)S(*)}+{T(J_03.00)R(0530)C(0080)S(*)}-{T(J_03.00)R(0470)C(0080)S(*)}<=0)*({T(J_03.00)R(0140)C(0080)S(*)}+{T(J_03.00)R(0530)C(0080)S(*)}-{T(J_03.00)R(0470)C(0080)S(*)}))),ABS(SUM(logical({T(J_03.00)R(0140)C(0090)S(*)}+{T(J_03.00)R(0530)C(0090)S(*)}-{T(J_03.00)R(0470)C(0090)S(*)}>0)*0.5*({T(J_03.00)R(0140)C(0090)S(*)}+{T(J_03.00)R(0530)C(0090)S(*)}-{T(J_03.00)R(0470)C(0090)S(*)})+logical({T(J_03.00)R(0140)C(0090)S(*)}+{T(J_03.00)R(0530)C(0090)S(*)}-{T(J_03.00)R(0470)C(0090)S(*)}<=0)*({T(J_03.00)R(0140)C(0090)S(*)}+{T(J_03.00)R(0530)C(0090)S(*)}-{T(J_03.00)R(0470)C(0090)S(*)})))),{CACO0200}))""";;
"MR_RMR_FXR_8,Items denominated in a foreign currency (short positions - SA banks) to Total Liabilities,""DIVIDE({T(C_22.00)R(0010)C(0030)},{T(F_01.02)R(0300)C(0010)})""";;
IDCARD686,P2G (LR),For the formula specification please see the latest version of SUBA derived variables and indicators: https://darwin.escb.eu/livelink/livelink/app/nodes/1878940265;;
"LIQ15_LSI,Net Stable Funding Ratio (NSFR),""DIVIDE({LRSM0400}, {LRSM0500})""";;
IDCARD91,Deposits (top 1st country),For the formula specification please see the latest version of SUBA derived variables and indicators: https://darwin.escb.eu/livelink/livelink/app/nodes/293814368;;
"PRFI5800,Measures the cost of risk point-in-time denominator for loans subject to impairment granted to HHs,""COALESCE(SUM(SUM({T(F_04.08)R(0180)C(0040,0050)}),SUM({T(F_04.09)R(0130)C(0010,0020)}),SUM({T(F_04.10)R(0180)C(0015,0020)})),SUM(SUM({T(F_04.03.1)R(0170)C(0015,0030,0040,0041)}),SUM({T(F_04.04.1)R(0130)C(0015,0030,0040,0041)})))""";;
OPER10_THR,Threshold for triggering Operational Risk flag in the P2R methodology,For the formula specification please see the latest version of SUBA derived variables and indicators: https://darwin.escb.eu/livelink/livelink/app/nodes/1821262705;;
"IRRBB248,(Δ Obligations after interest rate shock up - Δ Assets after interest rate shock up) / Tier 1 capital,""DIVIDE(SUM({SPE.DPI(PENSIRR7CTO)},-{SPE.DPI(PENSIRR14CTO)}),{CACO0200})""";;
"MR_PRR_XVA_SIZE,OTC derivatives and SFTs exposed to xVAs risks (Fair value) to Total Assets,""DIVIDE(SUM({T(C_34.02.b)R(0130,0140)C(0050)S(0001)},{T(C_34.02.b)R(0130)C(0040)S(0001)}),2*{BSFA0200})""";;
LIQ70,deposits from general governments,For the formula specification please see the latest version of SUBA derived variables and indicators: https://darwin.escb.eu/livelink/livelink/app/nodes/1878940265;;
"PRFI0800_LINEAR,Operating income. Linear (YTD) annualization.,""({PRFI0800}*12)/IFN({MF_FYE}=0,12,{MF_FYE})""";;
"PROF5_ANNUAL,Annualised Cost/Income Ratio,""DIVIDE({PRFI0900_ANNUAL},{PRFI0800_ANNUAL})""";;
"MR_PIT,""Weighted Assets & liabilities measured at fair value to Total Assets [Max(T, average 4 quarters)]"",""MAX({MR_SIZE_1}, MEAN({MR_SIZE_1},{MR_SIZE_1[T-1Q]},{MR_SIZE_1[T-2Q]},{MR_SIZE_1[T-3Q]}))""";;
"CRED13,""Identification of the institution's risk appetite (corporate, retail, etc.). Breakdown of RWA credit risk IRB by exposure class / EAD by IRB exposure class - Corporates"",""DIVIDE(SUM({CACE1407}, {CACE1507})*12.5, {CRCE0607})""";;
"PRFI0400,Net trading income,""COALESCE(sum({T(F_02.00)R(0280)C(0010)},{T(F_02.00)R(0285)C(0010)}),sum({T(F_02.00_dp)R(0280)C(0010)},{T(F_02.00_dp)R(0285)C(0010)}),{SPE.DPI(PRFI0400)})""";;
"PRFI3100,Expenses on share capital repayable on demand,""COALESCE({T(F_02.00)R(0150)C(0010)},{T(F_02.00_dp)R(0150)C(0010)},{SPE.DPI(PRFI3100)})""";;
"LIQ294,3Y Forecasted Growth of Derivatives Liabilities,""IFN({LIQV0185}=0 AND {LIQV0150}=0,0,IFN({LIQV0150}=0,1,DIVIDE({LIQV0185}-{LIQV0150},{LIQV0150})))""";;
"PROF77,""NFC loans coming from Electricity, gas, steam and air conditioning supply (NACE code)/ Total NFC loans"",""DIVIDE({T(F_06.01)R(0040)C(0010)},{T(F_06.01)R(0190)C(0010)})""";;
"LANP1700_BANKSTATS,Total loans and advances to non-financial corporations and households (excluding held for trading) - adapted (bankstats),""COALESCE(SUM({T(F_18.00.a)R(0120)C(0010)}, {T(F_18.00.a)R(0150)C(0010)}, {T(F_18.00.a)R(0196)C(0010)}, {T(F_18.00.a)R(0197)C(0010)}, {T(F_18.00.a)R(0226)C(0010)}, {T(F_18.00.a)R(0227)C(0010)}, {T(F_18.00.b)R(0120)C(0130)}, {T(F_18.00.b)R(0150)C(0130)}, {T(F_18.00.b)R(0196)C(0130)}, {T(F_18.00.b)R(0197)C(0130)}, {T(F_18.00.b)R(0226)C(0130)}, {T(F_18.00.b)R(0227)C(0130)}),SUM({T(F_18.00.a.dp)R(0120)C(0010)}, {T(F_18.00.a.dp)R(0150)C(0010)}, {T(F_18.00.a.dp)R(0196)C(0010)}, {T(F_18.00.a.dp)R(0197)C(0010)}, {T(F_18.00.a.dp)R(0226)C(0010)}, {T(F_18.00.a.dp)R(0227)C(0010)}, {T(F_18.00.b.dp)R(0120)C(0130)}, {T(F_18.00.b.dp)R(0150)C(0130)}, {T(F_18.00.b.dp)R(0196)C(0130)}, {T(F_18.00.b.dp)R(0197)C(0130)}, {T(F_18.00.b.dp)R(0226)C(0130)}, {T(F_18.00.b.dp)R(0227)C(0130)}))""";;
"MR_RMR_FRTB_32,Commodity risk (COM) net sensitivity in relation to OFR,""DIVIDE({T(C_91.00)R(0070)C(0030)},{T(C_91.00)R(0070)C(0190)})""";;
BSFA0200_FP_T1,Total assets (as reported in funding plans) Planned Year 1 Position,{T(P_01.01)R(220)C(030)};;
"CAP12,Dynamics of own funds: Eligible reserves,""DIVIDE({CACO0600}-{CACO0600[T-1Y]}, {CACO0600[T-1Y]})""";;
"LIQV0194,1Y Forecast for Public Funding,""COALESCE(SUM({T(P_02.02)R(010)C(030)},{T(P_02.02)R(020)C(030)},{T(P_02.02)R(030)C(030)}),0)""";;
"LIQV0084,Short term wholesale funding,""COALESCE(SUM({T(C_81.00.a)R(0270)C(0010)},{T(C_81.00.a)R(0270)C(0020)}),{T(C_83.00.a)R(0090)C(0010)})""";;
"MARK98,Level 3 liabilities (financial liabilities designated at FVPL) / Financial liabilities designated at FVPL,""DIVIDE({MRFL5300}, {BSFL2600})""";;
"MARK123,Standard deviation of (Net gains on HFT assets & liabilities) / Average Own funds,""2*DIVIDE(IFN({MF_FYE}=3,STD({PRFI0400},{PRFI0400[T-1Q]}-{PRFI0400[T-2Q]},{PRFI0400[T-2Q]}-{PRFI0400[T-3Q]},{PRFI0400[T-3Q]}-{PRFI0400[T-4Q]},{PRFI0400[T-4Q]},{PRFI0400[T-5Q]}-{PRFI0400[T-6Q]}),IFN({MF_FYE}=6,STD({PRFI0400}-{PRFI0400[T-1Q]},{PRFI0400[T-1Q]},{PRFI0400[T-2Q]}-{PRFI0400[T-3Q]},{PRFI0400[T-3Q]}-{PRFI0400[T-4Q]},{PRFI0400[T-4Q]}-{PRFI0400[T-5Q]},{PRFI0400[T-5Q]}),IFN({MF_FYE}=9,STD({PRFI0400}-{PRFI0400[T-1Q]},{PRFI0400[T-1Q]}-{PRFI0400[T-2Q]},{PRFI0400[T-2Q]},{PRFI0400[T-3Q]}-{PRFI0400[T-4Q]},{PRFI0400[T-4Q]}-{PRFI0400[T-5Q]},{PRFI0400[T-5Q]}-{PRFI0400[T-6Q]}),IFN({MF_FYE}=0,STD({PRFI0400}-{PRFI0400[T-1Q]},{PRFI0400[T-1Q]}-{PRFI0400[T-2Q]},{PRFI0400[T-2Q]}-{PRFI0400[T-3Q]},{PRFI0400[T-3Q]},{PRFI0400[T-4Q]}-{PRFI0400[T-5Q]},{PRFI0400[T-5Q]}-{PRFI0400[T-6Q]}),1/0)))),MEAN({CACO0100},{CACO0100[T-1Q]},{CACO0100[T-2Q]},{CACO0100[T-3Q]},{CACO0100[T-4Q]},{CACO0100[T-5Q]}))""";;
"CAP39,Composition of credit risk capital requirements: Credit risk capital requirements under IRB approach,""DIVIDE({CACE0200}, SUM({CACE0100},{CACE0200}))""";;
LEV110,Leverage ratio (fully phase in) - Numerator,{T(C_47.00)R(0310)C(0010)};;
"LIQV0025,5Y senior unsecured securities spread (in basis points),""COALESCE({T(C_69.00.a)R(0035)C(0150)S(0010)}, {SPE.DPI(C69R050C150)})""";;
MR_RMR_FXR_BWL,3-year weighted volatility of quarterly P&L (Trading derivative sensitive to FX and BB FX differences) to Total RWA,For the formula specification please see the latest version of SUBA derived variables and indicators: https://darwin.escb.eu/livelink/livelink/app/nodes/1821262705;;
MR_BWL_SUM_1,Support formula to calculate other KRIs.,For the formula specification please see the latest version of SUBA derived variables and indicators: https://darwin.escb.eu/livelink/livelink/app/nodes/1821262705;;
"LIQ232,Short-term unsecured WS funding ratio < 3M,""DIVIDE(SUM({T(C_66.01.a)R(0020,0050,0300,0310)C(0020, 0030-0140)S(0010)}),{LIQV0110})""";;
MRCE2908,Multiplication factor (ms) x average of previous 60 working days (VaRavg): Total amount for specific risk,{T(C_24.00)R(0110)C(0030)};;
"CRMAT_V231,Share of CRE Loans and Advances over Total Loans and Advances,""DIVIDE({CRMAT_A231},COALESCE(SUM({T(F_18.00.a)R(0070,0191,0221)C(0010)}),SUM({T(F_18.00.a.dp)R(0070,0191,0221)C(0010)})))""";;
"CRMAT_A131,Absolute volume of Households Other than Secured by RRE and Credit for consumption portfolio,""SUM(COALESCE(SUM({T(F_18.00.a)R(0150,0197,0227)C(0010)}),SUM({T(F_18.00.a_dp)R(0150,0197,0227)C(0010)})),-SUM(COALESCE(SUM({T(F_18.00.a)R(0160,0910,0930,0170,0913,0933)C(0010)}),SUM({T(F_18.00.a_dp)R(0160,0170)C(0010)}))))""";;
MRFA2900,Financial assets held for trading: Equity instruments - Credit institutions,{T(F_04.01)R(0030)C(0010)};;
"CRED113,Evolution of total loans by NACE economic sector / Total loans by type of NACE economic sector Households,""DIVIDE(SUM({CRNA1121}, {CRNA1122}, {CRNA1123}) - SUM({CRNA1121[T-1Y]}, {CRNA1122[T-1Y]}, {CRNA1123[T-1Y]}), SUM({CRNA1121[T-1Y]}, {CRNA1122[T-1Y]}, {CRNA1123[T-1Y]}))""";;
"CRED217,""Breakdown of loans to NFC by NACE economic sector: Arts, entertainment and recreation"",""DIVIDE({T(F_06.01)R(0170)C(0010)},COALESCE(SUM({T(F_18.00.a)R(0070,0191,0221)C(0010)}),SUM({T(F_18.00.a_dp)R(0070,0191,0221)C(0010)})))""";;
"BSFL2600_1,Financial liabilities measured at fair value to profit or loss excluding those held for trading,""COALESCE(SUM({T(F_01.02)R(0070,0150)C(0010)}),SUM({T(F_01.02_dp)R(0070,0150)C(0010)}))""";;
"IDCARD526,loans to credit institutions,""SUM({T(F_04.01)R(0150)C(0010)},{T(F_04.02.1)R(0140)C(0010)},{T(F_04.02.2)R(0150)C(0010)},{T(F_04.03.1)R(0140)C(0010)},{T(F_04.04.1)R(0100)C(0010)},{T(F_04.06)R(0150)C(0010)},{T(F_04.07)R(0150)C(0010)},{T(F_04.08)R(0150)C(0010)},{T(F_04.08)R(0150)C(0035)},{T(F_04.09)R(0100)C(0050)},{T(F_04.10)R(0150)C(0010)})""";;
"PRFI2300_QUARTERLY_ONEOFF,""Quarterly Net profit, excluding one-offs"",For the formula specification please see the latest version of SUBA derived variables and indicators: https://darwin.escb.eu/livelink/livelink/app/nodes/1821262705";;
MRCE2905,Multiplication factor (ms) x average of previous 60 working days (VaRavg): Foreign exchange risk,{T(C_24.00)R(0080)C(0030)};;
"PRFI1100_quarterly,Quarterly Profit or loss after tax from continuing operations,""{PRFI1100} - ifn({MF_FYE}=3, 0, ifn(({MF_FYE}=6) OR ({MF_FYE}=9) OR ({MF_FYE}=0), {PRFI1100[T-1Q]}, 1/0))""";;
"MR_PnL_BBFVPL,P&L from BB items at FVPL,""SUM(SUM(SUM({T(F_02.00)R(0025,0030,0175,0287,0290)C(0010)}),-{T(F_02.00)R(0110)C(0010)}),SUM(SUM({T(F_02.00)R(0025,0030,0175,0287,0290)C(0010)[T-1Q]}),-{T(F_02.00)R(0110)C(0010)[T-1Q]}))""";;
"CRED301,NPL Coverage Ratio - Central banks,""DIVIDE(-SUM({T(F_18.00.b)R(0080,0192,0222)C(0150)}),SUM({T(F_18.00.a)R(0080,0192,0222)C(0060)}))""";;
"LIQV0185,3Y Forecast for Derivatives Liabilities,""COALESCE({T(P_01.02)R(360)C(050)},0)""";;
IDCARD131N,NPL ratio excluding cash balances,For the formula specification please see the latest version of SUBA derived variables and indicators: https://darwin.escb.eu/livelink/livelink/app/nodes/1878940265;;
CAP2,Tier 1 ratio (Tier 1 / Risk Weighted Assets),For the formula specification please see the latest version of SUBA derived variables and indicators: https://darwin.escb.eu/livelink/livelink/app/nodes/1878940265;;
"IRRBB250,Worst NII impact with derivatives (across all parallel IR scenarios) – Worst NII without derivatives (across all parallel IR scenarios),""COALESCE((DIVIDE(COALESCE({T(J_01.00)R(0100)C(0010)S(x1)},SUM({T(J_01.00)R(0100)C(0010)S(*)}))-MIN(SUM({T(J_02.00)R(0010)C(0110)S(*)},-{T(J_02.00)R(0140)C(0110)S(*)},-{T(J_02.00)R(0200)C(0110)S(*)},{T(J_02.00)R(0470)C(0110)S(*)},-{T(J_02.00)R(0530)C(0110)S(*)}),SUM({T(J_02.00)R(0010)C(0120)S(*)},-{T(J_02.00)R(0140)C(0120)S(*)},-{T(J_02.00)R(0200)C(0120)S(*)},{T(J_02.00)R(0470)C(0120)S(*)},-{T(J_02.00)R(0530)C(0120)S(*)})), {CACO0200})),(DIVIDE(COALESCE({T(J_01.00)R(0100)C(0010)S(x1)},SUM({T(J_01.00)R(0100)C(0010)S(*)}))-MIN(SUM({T(J_03.00)R(0010)C(0110)S(*)},-{T(J_03.00)R(0140)C(0110)S(*)},-{T(J_03.00)R(0200)C(0110)S(*)},{T(J_03.00)R(0470)C(0110)S(*)},-{T(J_03.00)R(0530)C(0110)S(*)}),SUM({T(J_03.00)R(0010)C(0120)S(*)},-{T(J_03.00)R(0140)C(0120)S(*)},-{T(J_03.00)R(0200)C(0120)S(*)},{T(J_03.00)R(0470)C(0120)S(*)},-{T(J_03.00)R(0530)C(0120)S(*)})), {CACO0200})))""";;
"LIQV0052,1W secured funding spread (in basis points),""COALESCE({T(C_69.00.a)R(0045)C(0030)S(0010)}, {SPE.DPI(C69R040C030)})""";;
"IDCARD306,RWA (fully loaded),""SUM({T(C_02.00.a)R(0010)C(0010)},{T(C_04.00)R(0890)C(0010)}, -{T(C_04.00)R(0880)C(0010)})""";;
MR_NRMR_EQR_SBM_MC,Capital requirements proxy for Equity risk in the banking book – Medium correlation scenario,For the formula specification please see the latest version of SUBA derived variables and indicators: https://darwin.escb.eu/livelink/livelink/app/nodes/1821262705;;
"CRMAT_F401,Share Non-Performing or Forborne performing Loans and Advances to Central banks and General governments over Total Loans and Advances to Central banks and General governments,""DIVIDE(SUM(SUM({T(F_18.00.a)R(0080,0192,0222,0090,0193,0223)C(0060)}),SUM({T(F_19.00.a)R(0080,0192,0222,0090,0193,0223)C(0020)})),SUM({T(F_18.00.a)R(0080,0192,0222,0090,0193,0223)C(0010)}))""";;
CAP68,Other Systemically Important Institution buffer,{T(C_04.00)R(0810)C(0010)};;
"PROF6_LSI,ROE (Total profit or loss after tax / Equity),""COALESCE(DIVIDE({T(F_02.00)R(0670)C(0010)},{T(F_01.03)R(0300)C(0010)}),DIVIDE({T(F_02.00_dp)R(0670)C(0010)},{T(F_01.03_dp)R(0300)C(0010)}),DIVIDE({SPE.DPI(PRFI2300)},{SPE.DPI(BSFA0200)}-{SPE.DPI(BSFL0500)}))""";;
"CRED140,Inflow Allowances / Non-performing loans,""DIVIDE({CRFA2500},{CRFA0600})""";;
"PRFI2300_quarterly,Quarterly Total profit or loss after tax and discontinued operations,""{PRFI2300} - ifn({MF_FYE}=3, 0, ifn(({MF_FYE}=6) OR ({MF_FYE}=9) OR ({MF_FYE}=0), {PRFI2300[T-1Q]}, 1/0))""";;
"LIQV0209,3Y Forecast for Financial Corporates Deposits,""COALESCE(SUM({T(P_01.02)R(130,140)C(050)}),0)""";;
"MRFL1500,Financial liabilities held for trading: Other financial liabilities,""COALESCE(SUM({T(F_01.02)R(0060,0066)C(0010)}),SUM({T(F_01.02_dp)R(0060,0066)C(0010)}),{SPE.DPI(MRFL1500)})""";;
"CRFA2200,Debt securities subject to impairment,""SUM({T(F_01.01)R(0143,0177,0182,0232,0236)C(0010)})""";;
"MR_RMR_FRTB_6,Own funds requirements for Default risk to Total RWA,""DIVIDE(SUM({T(C_91.00)R(0090-0110)C(0190)}),{T(C_02.00.a)R(0010)C(0010)})""";;
"PROF133,Projected Cost of Risk at t+2,""DIVIDE({T(P_04.01)R(460)C(030)},MEAN({T(P_01.01)R(220)C(030)},{T(P_01.01)R(220)C(040)}))""";;
"CRED214,""Breakdown of loans to NFC by NACE economic sector: Public administration and defence, compulsory social security"",""DIVIDE({T(F_06.01)R(0140)C(0010)},COALESCE(SUM({T(F_18.00.a)R(0070,0191,0221)C(0010)}),SUM({T(F_18.00.a.dp)R(0070,0191,0221)C(0010)})))""";;
"LANP0310,Total loans and advances. Non-Performing. Gross carrying amount (past due <= 90 days),""COALESCE(SUM({T(F_18.00.a)R(0005,0070,0191,0221)C(0070)}),SUM(-{T(F_18.00.a.dp)R(0010)C(0070)},{T(F_18.00.a.dp)R(0180,0191,0221)C(0070)}),{SPE.DPI(LANP0310)})""";;
"LIQ104,Wholesale funding ratio,""DIVIDE({LIQV0092}, {LIQV0110})""";;
"PRFI2200,Impairment on non-financial assets,""COALESCE({T(F_02.00)R(0520)C(0010)},{T(F_02.00_dp)R(0520)C(0010)},{SPE.DPI(PRFI2200)})""";;
"LANP0500,Loans and advances at amortised cost - Credit institutions. Gross carrying amount,""COALESCE({T(F_18.00.a)R(0100)C(0010)},{T(F_18.00.a.dp)R(0100)C(0010)},{SPE.DPI(LANP0500)})""";;
"MR_RMR_FXR_PIT,""Trading derivative sensitive to FX (Fair value) to Total Assets [Max(T, average 4 quarters)]"",""MAX({MR_RMR_FXR_SIZE},MEAN({MR_RMR_FXR_SIZE},{MR_RMR_FXR_SIZE[T-1Q]},{MR_RMR_FXR_SIZE[T-2Q]},{MR_RMR_FXR_SIZE[T-3Q]}))""";;
MRCE2902,Multiplication factor (ms) x average of previous 60 working days (VaRavg): Traded debt instruments - Specific risk,{T(C_24.00)R(0040)C(0030)};;
"LIQV0193,1Y Forecast for Innovative Instruments,""COALESCE({T(P_02.03)R(010)C(030)},0)""";;
IRRBB_SV_NII_dw,Supervisory View NII - Interest Rates decrease,For the formula specification please see the latest version of SUBA derived variables and indicators: https://darwin.escb.eu/livelink/livelink/app/nodes/1821262705;;
"CRED322,NPL ratio adjusted by foreclosure&performing forbearance,""DIVIDE(SUM(SUM({T(F_18.00.a)R(0070,0191,0221)C(0060)}),{T(F_13.03.1.a)R(0020)C(0020)},SUM({T(F_19.00.a)R(0070,0191,0221)C(0020)})),SUM(SUM({T(F_18.00.a)R(0070,0191,0221)C(0010)}),{T(F_13.03.1.a)R(0020)C(0020)},SUM({T(F_19.00.a)R(0070,0191,0221)C(0010)})))""";;
"IRRBBMAT_4,Largest Derivatives EVE (across all IR scenarios) / T1,""COALESCE(DIVIDE(MAX(SUM(logical({T(J_02.00)R(0140)C(0040)S(*)}+{T(J_02.00)R(0530)C(0040)S(*)}-{T(J_02.00)R(0470)C(0040)S(*)}>0)*0.5*({T(J_02.00)R(0140)C(0040)S(*)}+{T(J_02.00)R(0530)C(0040)S(*)}-{T(J_02.00)R(0470)C(0040)S(*)})+logical({T(J_02.00)R(0140)C(0040)S(*)}+{T(J_02.00)R(0530)C(0040)S(*)}-{T(J_02.00)R(0470)C(0040)S(*)}<=0)*ABS({T(J_02.00)R(0140)C(0040)S(*)}+{T(J_02.00)R(0530)C(0040)S(*)}-{T(J_02.00)R(0470)C(0040)S(*)})),SUM(logical({T(J_02.00)R(0140)C(0050)S(*)}+{T(J_02.00)R(0530)C(0050)S(*)}-{T(J_02.00)R(0470)C(0050)S(*)}>0)*0.5*({T(J_02.00)R(0140)C(0050)S(*)}+{T(J_02.00)R(0530)C(0050)S(*)}-{T(J_02.00)R(0470)C(0050)S(*)})+logical({T(J_02.00)R(0140)C(0050)S(*)}+{T(J_02.00)R(0530)C(0050)S(*)}-{T(J_02.00)R(0470)C(0050)S(*)}<=0)*ABS({T(J_02.00)R(0140)C(0050)S(*)}+{T(J_02.00)R(0530)C(0050)S(*)}-{T(J_02.00)R(0470)C(0050)S(*)})),SUM(logical({T(J_02.00)R(0140)C(0060)S(*)}+{T(J_02.00)R(0530)C(0060)S(*)}-{T(J_02.00)R(0470)C(0060)S(*)}>0)*0.5*({T(J_02.00)R(0140)C(0060)S(*)}+{T(J_02.00)R(0530)C(0060)S(*)}-{T(J_02.00)R(0470)C(0060)S(*)})+logical({T(J_02.00)R(0140)C(0060)S(*)}+{T(J_02.00)R(0530)C(0060)S(*)}-{T(J_02.00)R(0470)C(0060)S(*)}<=0)*ABS({T(J_02.00)R(0140)C(0060)S(*)}+{T(J_02.00)R(0530)C(0060)S(*)}-{T(J_02.00)R(0470)C(0060)S(*)})),SUM(logical({T(J_02.00)R(0140)C(0070)S(*)}+{T(J_02.00)R(0530)C(0070)S(*)}-{T(J_02.00)R(0470)C(0070)S(*)}>0)*0.5*({T(J_02.00)R(0140)C(0070)S(*)}+{T(J_02.00)R(0530)C(0070)S(*)}-{T(J_02.00)R(0470)C(0070)S(*)})+logical({T(J_02.00)R(0140)C(0070)S(*)}+{T(J_02.00)R(0530)C(0070)S(*)}-{T(J_02.00)R(0470)C(0070)S(*)}<=0)*ABS({T(J_02.00)R(0140)C(0070)S(*)}+{T(J_02.00)R(0530)C(0070)S(*)}-{T(J_02.00)R(0470)C(0070)S(*)})),SUM(logical({T(J_02.00)R(0140)C(0080)S(*)}+{T(J_02.00)R(0530)C(0080)S(*)}-{T(J_02.00)R(0470)C(0080)S(*)}>0)*0.5*({T(J_02.00)R(0140)C(0080)S(*)}+{T(J_02.00)R(0530)C(0080)S(*)}-{T(J_02.00)R(0470)C(0080)S(*)})+logical({T(J_02.00)R(0140)C(0080)S(*)}+{T(J_02.00)R(0530)C(0080)S(*)}-{T(J_02.00)R(0470)C(0080)S(*)}<=0)*ABS({T(J_02.00)R(0140)C(0080)S(*)}+{T(J_02.00)R(0530)C(0080)S(*)}-{T(J_02.00)R(0470)C(0080)S(*)})),SUM(logical({T(J_02.00)R(0140)C(0090)S(*)}+{T(J_02.00)R(0530)C(0090)S(*)}-{T(J_02.00)R(0470)C(0090)S(*)}>0)*0.5*({T(J_02.00)R(0140)C(0090)S(*)}+{T(J_02.00)R(0530)C(0090)S(*)}-{T(J_02.00)R(0470)C(0090)S(*)})+logical({T(J_02.00)R(0140)C(0090)S(*)}+{T(J_02.00)R(0530)C(0090)S(*)}-{T(J_02.00)R(0470)C(0090)S(*)}<=0)*ABS({T(J_02.00)R(0140)C(0090)S(*)}+{T(J_02.00)R(0530)C(0090)S(*)}-{T(J_02.00)R(0470)C(0090)S(*)}))),{CACO0200}),DIVIDE(MAX(SUM(logical({T(J_03.00)R(0140)C(0040)S(*)}+{T(J_03.00)R(0530)C(0040)S(*)}-{T(J_03.00)R(0470)C(0040)S(*)}>0)*0.5*({T(J_03.00)R(0140)C(0040)S(*)}+{T(J_03.00)R(0530)C(0040)S(*)}-{T(J_03.00)R(0470)C(0040)S(*)})+logical({T(J_03.00)R(0140)C(0040)S(*)}+{T(J_03.00)R(0530)C(0040)S(*)}-{T(J_03.00)R(0470)C(0040)S(*)}<=0)*ABS({T(J_03.00)R(0140)C(0040)S(*)}+{T(J_03.00)R(0530)C(0040)S(*)}-{T(J_03.00)R(0470)C(0040)S(*)})),SUM(logical({T(J_03.00)R(0140)C(0050)S(*)}+{T(J_03.00)R(0530)C(0050)S(*)}-{T(J_03.00)R(0470)C(0050)S(*)}>0)*0.5*({T(J_03.00)R(0140)C(0050)S(*)}+{T(J_03.00)R(0530)C(0050)S(*)}-{T(J_03.00)R(0470)C(0050)S(*)})+logical({T(J_03.00)R(0140)C(0050)S(*)}+{T(J_03.00)R(0530)C(0050)S(*)}-{T(J_03.00)R(0470)C(0050)S(*)}<=0)*ABS({T(J_03.00)R(0140)C(0050)S(*)}+{T(J_03.00)R(0530)C(0050)S(*)}-{T(J_03.00)R(0470)C(0050)S(*)})),SUM(logical({T(J_03.00)R(0140)C(0060)S(*)}+{T(J_03.00)R(0530)C(0060)S(*)}-{T(J_03.00)R(0470)C(0060)S(*)}>0)*0.5*({T(J_03.00)R(0140)C(0060)S(*)}+{T(J_03.00)R(0530)C(0060)S(*)}-{T(J_03.00)R(0470)C(0060)S(*)})+logical({T(J_03.00)R(0140)C(0060)S(*)}+{T(J_03.00)R(0530)C(0060)S(*)}-{T(J_03.00)R(0470)C(0060)S(*)}<=0)*ABS({T(J_03.00)R(0140)C(0060)S(*)}+{T(J_03.00)R(0530)C(0060)S(*)}-{T(J_03.00)R(0470)C(0060)S(*)})),SUM(logical({T(J_03.00)R(0140)C(0070)S(*)}+{T(J_03.00)R(0530)C(0070)S(*)}-{T(J_03.00)R(0470)C(0070)S(*)}>0)*0.5*({T(J_03.00)R(0140)C(0070)S(*)}+{T(J_03.00)R(0530)C(0070)S(*)}-{T(J_03.00)R(0470)C(0070)S(*)})+logical({T(J_03.00)R(0140)C(0070)S(*)}+{T(J_03.00)R(0530)C(0070)S(*)}-{T(J_03.00)R(0470)C(0070)S(*)}<=0)*ABS({T(J_03.00)R(0140)C(0070)S(*)}+{T(J_03.00)R(0530)C(0070)S(*)}-{T(J_03.00)R(0470)C(0070)S(*)})),SUM(logical({T(J_03.00)R(0140)C(0080)S(*)}+{T(J_03.00)R(0530)C(0080)S(*)}-{T(J_03.00)R(0470)C(0080)S(*)}>0)*0.5*({T(J_03.00)R(0140)C(0080)S(*)}+{T(J_03.00)R(0530)C(0080)S(*)}-{T(J_03.00)R(0470)C(0080)S(*)})+logical({T(J_03.00)R(0140)C(0080)S(*)}+{T(J_03.00)R(0530)C(0080)S(*)}-{T(J_03.00)R(0470)C(0080)S(*)}<=0)*ABS({T(J_03.00)R(0140)C(0080)S(*)}+{T(J_03.00)R(0530)C(0080)S(*)}-{T(J_03.00)R(0470)C(0080)S(*)})),SUM(logical({T(J_03.00)R(0140)C(0090)S(*)}+{T(J_03.00)R(0530)C(0090)S(*)}-{T(J_03.00)R(0470)C(0090)S(*)}>0)*0.5*({T(J_03.00)R(0140)C(0090)S(*)}+{T(J_03.00)R(0530)C(0090)S(*)}-{T(J_03.00)R(0470)C(0090)S(*)})+logical({T(J_03.00)R(0140)C(0090)S(*)}+{T(J_03.00)R(0530)C(0090)S(*)}-{T(J_03.00)R(0470)C(0090)S(*)}<=0)*ABS({T(J_03.00)R(0140)C(0090)S(*)}+{T(J_03.00)R(0530)C(0090)S(*)}-{T(J_03.00)R(0470)C(0090)S(*)}))),{CACO0200}))""";;
"CRMAT_V211,Share of Loans and Advances to Corporates and Large corporates over Total Loans and Advances,""DIVIDE({CRMAT_A211},COALESCE(SUM({T(F_18.00.a)R(0070,0191,0221)C(0010)}),SUM({T(F_18.00.a_dp)R(0070,0191,0221)C(0010)})))""";;
"LIQV0164,1Y Forecast for Total Liabilities,""COALESCE(SUM({T(P_01.02)R(390)C(030)},-{T(P_01.02)R(370)C(030)}),0)""";;
"LIQV0116,Weighted average residual maturity of Top 10 funding counterparties (days),""COALESCE({T(C_67.00.a)R(0010)C(0080)S(0010)}, {SPE.DPI(C67R010C080)})""";;
MRCE0920,Settlement/Delivery risk capital requirements in the non-trading book,{T(C_02.00.a)R(0500)C(0010)};;
"LIQ226,Share in Funding Concentration per Counterparty Sector: General governments (eba_CT:x1),""DIVIDE(SUM(LOGICAL({T(C_67.00.a)R(0020-0110)C(0030)S(0010)} EQ 'EBA:qSR(qx2001)') * {T(C_67.00.a)R(0020-0110)C(0060)S(0010)}), {LIQV0004})""";;
"CAP137,TIER1 headroom above P2G (fully-loaded) as % of RWA,""SUM({IDCARD67},-{CAP97})""";;
"MR_RMR_COM_FWL,Potential impacts coming from Items at FVPL sensitive to COM to Total RWA,""DIVIDE(COALESCE(-{T(C_91.00)R(0070)C(0190)}, -{T(C_02.00.a)R(0570)C(0010)}*0.08), {T(C_02.00.a)R(0010)C(0010)})""";;
"PRFI5400,Measures the cost of risk point-in-time denominator for loans subject to impairment granted to all the counterparty types,""COALESCE(SUM(SUM({T(F_04.08)R(0120)C(0040,0050)}),SUM({T(F_04.09)R(0070)C(0010,0020)}),SUM({T(F_04.10)R(0120)C(0015,0020)})),SUM(SUM({T(F_04.03.1)R(0110)C(0015,0030,0040,0041)}),SUM({T(F_04.04.1)R(0070)C(0015,0030,0040,0041)})))""";;
"IDCARD48,Cash,""COALESCE({T(F_01.01)R(0010)C(0010)},{T(F_01.01_dp)R(0010)C(0010)})""";;
"CRMAT_A111,Absolute volume of Households Secured by RRE portfolio,""COALESCE(SUM({T(F_18.00.a)R(0160,0910,0930)C(0010)}), SUM({T(F_18.00.a.dp)R(0160)C(0010)}))""";;
"CRMAT_G231,YoY growth of absolute volume CRE Loans and Advances,""DIVIDE(({CRMAT_A231}-{CRMAT_A231[T-1Y]}),{CRMAT_A231[T-1Y]})""";;
"IRRBB212,Average repricing time Loan and advancess secured by RRE: Parallel Shock Up - Behavioral Baseline,""SUM(({T(J_08.00.b)R(0190)C(0050)S(*)}-{T(J_08.00.b)R(0190)C(0040)S(*)})*DIVIDE({T(J_08.00.a)R(0190)C(0010)S(*)},SUM({T(J_08.00.a)R(0190)C(0010)S(*)})))""";;
"PROF106,Coverage net fee income from AM or C related business versus total operating expenses,""DIVIDE(SUM({T(F_22.01)R(0010)C(0010)},-{T(F_22.01)R(0230)C(0010)}),COALESCE(SUM({T(F_02.00)R(0350,0360,0385,0390)C(0010)}),SUM({T(F_02.00.dp)R(0350,0360,0390)C(0010)})))""";;
CACE1210,Credit risk capital requirements: SA exposure classes excluding securitisation positions: Exposures in default,{T(C_02.00.a)R(0160)C(0010)}*0.08;;
"PROF150,Projected Cost of Risk at t as reported in year t-1,""COALESCE(DIVIDE({T(P_04.01)R(460)C(020)[T-1Y]},MEAN({T(P_01.01)R(220)C(030)[T-1Y]},{T(P_01.01)R(220)C(030)[T-2Y]})),DIVIDE({SPE.DPI(SRPR205C132)[T-1Y]},MEAN({T(P_01.01)R(220)C(030)[T-1Y]},{T(P_01.01)R(220)C(030)[T-2Y]})))""";;
IRNI1300,Change in the forecasted net interest income of the banking book under parallel interest rate decrease of 200 bps (Millions),For the formula specification please see the latest version of SUBA derived variables and indicators: https://darwin.escb.eu/livelink/livelink/app/nodes/1821262705;;
"MR_RMR_IRR_PIT,""Financial assets & liabilities measured at fair value through P&L sensitive to IR (Fair value) to Total Assets [Max(T, average 4 quarters)]"",""MAX({MR_RMR_IRR_SIZE},MEAN({MR_RMR_IRR_SIZE},{MR_RMR_IRR_SIZE[T-1Q]},{MR_RMR_IRR_SIZE[T-2Q]},{MR_RMR_IRR_SIZE[T-3Q]}))""";;
MR_PRR_CVA_BWL,3-year weighted volatility of quarterly CVA changes to Total RWA,For the formula specification please see the latest version of SUBA derived variables and indicators: https://darwin.escb.eu/livelink/livelink/app/nodes/1821262705;;
"IDCARD320N,NPL ratio based on F18 numerator (IDCARD131N),""COALESCE(SUM({T(F_18.00.a)R(0070,0191,0221)C(0060)}),SUM({T(F_18.00.a.dp)R(0070,0191,0221)C(0060)}))""";;
"CRFM0200,Derivatives held-for-trading. Of which OTC. Notional amount,""COALESCE(SUM({T(F_10.00)R(0300,0310,0320)C(0030)}),SUM({T(F_10.00.dp)R(0300,0310,0320)C(0030)}),{SPE.DPI(CRFM0200)})""";;
"CRED375,Share of Stage 1 on Total Loans,""DIVIDE(SUM({T(F_04.03.1)R(0110)C(0015)},{T(F_04.04.1)R(0070)C(0015)}),SUM({T(F_04.03.1)R(0110)C(0015,0030,0040)},{T(F_04.04.1)R(0070)C(0015,0030,0040)}))""";;
MRCE0919,Settlement/Delivery risk capital requirements in the trading book,{T(C_02.00.a)R(0510)C(0010)};;
LIQV0008,O/N moneys due from credit institutions,SUM({T(C_66.01.a)R(0620)C(0020)S(0010)});;
"ORCE1610,Total loss amount for internal fraud,""MAX(SUM({T(C_17.01.a)R(0920)C(0010)},{T(C_17.01.a)R(0940)C(0010)}),{T(C_17.01.a)R(0920)C(0010)})""";;
"LIQ200,LCP (months),""IFN(SUM({T(C_66.01.a)R(1080)C(0020)S(0010)},{T(C_66.01.a)R(0700)C(0020)S(0010)},-(1/360)*SUM(SUM({T(C_66.01.a)R(0010,1090)C(0020)S(0010)}),0.95*{T(C_66.01.a)R(0260)C(0020)S(0010)},0.85*{T(C_66.01.a)R(0370)C(0020)S(0010)}),-SUM(SUM({T(C_66.01.a)R(0065,0350,0360)C(0020)S(0010)}),0.05*{T(C_66.01.a)R(0260)C(0020)S(0010)},0.15*{T(C_66.01.a)R(0370)C(0020)S(0010)}))<0,1/30,IFN(SUM({T(C_66.01.a)R(1080)C(0030)S(0010)},SUM({T(C_66.01.a)R(0700)C(0020-0030)S(0010)}),-(2/360)*SUM(SUM({T(C_66.01.a)R(0010,1090)C(0020)S(0010)}),0.95*{T(C_66.01.a)R(0260)C(0020)S(0010)},0.85*{T(C_66.01.a)R(0370)C(0020)S(0010)}),-SUM(SUM({T(C_66.01.a)R(0065,0350,0360)C(0020)S(0010)}),0.05*{T(C_66.01.a)R(0260)C(0020)S(0010)},0.15*{T(C_66.01.a)R(0370)C(0020)S(0010)}),-SUM({T(C_66.01.a)R(0380,1090)C(0030)S(0010)}))<0,2/30,IFN(SUM({T(C_66.01.a)R(1080)C(0040)S(0010)},SUM({T(C_66.01.a)R(0700)C(0020-0040)S(0010)}),-(3/360)*SUM(SUM({T(C_66.01.a)R(0010,1090)C(0020)S(0010)}),0.95*{T(C_66.01.a)R(0260)C(0020)S(0010)},0.85*{T(C_66.01.a)R(0370)C(0020)S(0010)}),-SUM(SUM({T(C_66.01.a)R(0065,0350,0360)C(0020)S(0010)}),0.05*{T(C_66.01.a)R(0260)C(0020)S(0010)},0.15*{T(C_66.01.a)R(0370)C(0020)S(0010)}),-SUM({T(C_66.01.a)R(0380,1090)C(0030-0040)S(0010)}))<0,3/30,IFN(SUM({T(C_66.01.a)R(1080)C(0050)S(0010)},SUM({T(C_66.01.a)R(0700)C(0020-0050)S(0010)}),-(4/360)*SUM(SUM({T(C_66.01.a)R(0010,1090)C(0020)S(0010)}),0.95*{T(C_66.01.a)R(0260)C(0020)S(0010)},0.85*{T(C_66.01.a)R(0370)C(0020)S(0010)}),-SUM(SUM({T(C_66.01.a)R(0065,0350,0360)C(0020)S(0010)}),0.05*{T(C_66.01.a)R(0260)C(0020)S(0010)},0.15*{T(C_66.01.a)R(0370)C(0020)S(0010)}),-SUM({T(C_66.01.a)R(0380,1090)C(0030-0050)S(0010)}))<0,4/30,IFN(SUM({T(C_66.01.a)R(1080)C(0060)S(0010)},SUM({T(C_66.01.a)R(0700)C(0020-0060)S(0010)}),-(5/360)*SUM(SUM({T(C_66.01.a)R(0010,1090)C(0020)S(0010)}),0.95*{T(C_66.01.a)R(0260)C(0020)S(0010)},0.85*{T(C_66.01.a)R(0370)C(0020)S(0010)}),-SUM(SUM({T(C_66.01.a)R(0065,0350,0360)C(0020)S(0010)}),0.05*{T(C_66.01.a)R(0260)C(0020)S(0010)},0.15*{T(C_66.01.a)R(0370)C(0020)S(0010)}),-SUM({T(C_66.01.a)R(0380,1090)C(0030-0060)S(0010)}))<0,5/30,IFN(SUM({T(C_66.01.a)R(1080)C(0070)S(0010)},SUM({T(C_66.01.a)R(0700)C(0020-0070)S(0010)}),-(6/360)*SUM(SUM({T(C_66.01.a)R(0010,1090)C(0020)S(0010)}),0.95*{T(C_66.01.a)R(0260)C(0020)S(0010)},0.85*{T(C_66.01.a)R(0370)C(0020)S(0010)}),-SUM(SUM({T(C_66.01.a)R(0065,0350,0360)C(0020)S(0010)}),0.05*{T(C_66.01.a)R(0260)C(0020)S(0010)},0.15*{T(C_66.01.a)R(0370)C(0020)S(0010)}),-SUM({T(C_66.01.a)R(0380,1090)C(0030-0070)S(0010)}))<0,6/30,IFN(SUM({T(C_66.01.a)R(1080)C(0080)S(0010)},SUM({T(C_66.01.a)R(0700)C(0020-0080)S(0010)}),-(7/360)*SUM(SUM({T(C_66.01.a)R(0010,1090)C(0020)S(0010)}),0.95*{T(C_66.01.a)R(0260)C(0020)S(0010)},0.85*{T(C_66.01.a)R(0370)C(0020)S(0010)}),-SUM(SUM({T(C_66.01.a)R(0065,0350,0360)C(0020)S(0010)}),0.05*{T(C_66.01.a)R(0260)C(0020)S(0010)},0.15*{T(C_66.01.a)R(0370)C(0020)S(0010)}),-SUM({T(C_66.01.a)R(0380,1090)C(0030-0080)S(0010)}))<0,7/30,IFN(SUM({T(C_66.01.a)R(1080)C(0090)S(0010)},SUM({T(C_66.01.a)R(0700)C(0020-0090)S(0010)}),-(14/360)*SUM(SUM({T(C_66.01.a)R(0010,1090)C(0020)S(0010)}),0.95*{T(C_66.01.a)R(0260)C(0020)S(0010)},0.85*{T(C_66.01.a)R(0370)C(0020)S(0010)}),-SUM(SUM({T(C_66.01.a)R(0065,0350,0360)C(0020)S(0010)}),0.05*{T(C_66.01.a)R(0260)C(0020)S(0010)},0.15*{T(C_66.01.a)R(0370)C(0020)S(0010)}),-SUM({T(C_66.01.a)R(0380,1090)C(0030-0090)S(0010)}))<0,14/30,IFN(SUM({T(C_66.01.a)R(1080)C(0100)S(0010)},SUM({T(C_66.01.a)R(0700)C(0020-0100)S(0010)}),-(21/360)*SUM(SUM({T(C_66.01.a)R(0010,1090)C(0020)S(0010)}),0.95*{T(C_66.01.a)R(0260)C(0020)S(0010)},0.85*{T(C_66.01.a)R(0370)C(0020)S(0010)}),-SUM(SUM({T(C_66.01.a)R(0065,0350,0360)C(0020)S(0010)}),0.05*{T(C_66.01.a)R(0260)C(0020)S(0010)},0.15*{T(C_66.01.a)R(0370)C(0020)S(0010)}),-SUM({T(C_66.01.a)R(0380,1090)C(0030-0100)S(0010)}))<0,21/30,IFN(SUM({T(C_66.01.a)R(1080)C(0110)S(0010)},SUM({T(C_66.01.a)R(0700)C(0020-0110)S(0010)}),-(30/360)*SUM(SUM({T(C_66.01.a)R(0010,1090)C(0020)S(0010)}),0.95*{T(C_66.01.a)R(0260)C(0020)S(0010)},0.85*{T(C_66.01.a)R(0370)C(0020)S(0010)}),-SUM(SUM({T(C_66.01.a)R(0065,0350,0360)C(0020)S(0010)}),0.05*{T(C_66.01.a)R(0260)C(0020)S(0010)},0.15*{T(C_66.01.a)R(0370)C(0020)S(0010)}),-SUM({T(C_66.01.a)R(0380,1090)C(0030-0110)S(0010)}))<0,30/30,IFN(SUM({T(C_66.01.a)R(1080)C(0120)S(0010)},SUM({T(C_66.01.a)R(0700)C(0020-0120)S(0010)}),-(35/360)*SUM(SUM({T(C_66.01.a)R(0010,1090)C(0020)S(0010)}),0.95*{T(C_66.01.a)R(0260)C(0020)S(0010)},0.85*{T(C_66.01.a)R(0370)C(0020)S(0010)}),-SUM(SUM({T(C_66.01.a)R(0065,0350,0360)C(0020)S(0010)}),0.05*{T(C_66.01.a)R(0260)C(0020)S(0010)},0.15*{T(C_66.01.a)R(0370)C(0020)S(0010)}),-SUM({T(C_66.01.a)R(0380,1090)C(0030-0120)S(0010)}))<0,35/30,IFN(SUM({T(C_66.01.a)R(1080)C(0130)S(0010)},SUM({T(C_66.01.a)R(0700)C(0020-0130)S(0010)}),-(60/360)*SUM(SUM({T(C_66.01.a)R(0010,1090)C(0020)S(0010)}),0.95*{T(C_66.01.a)R(0260)C(0020)S(0010)},0.85*{T(C_66.01.a)R(0370)C(0020)S(0010)}),-SUM(SUM({T(C_66.01.a)R(0065,0350,0360)C(0020)S(0010)}),0.05*{T(C_66.01.a)R(0260)C(0020)S(0010)},0.15*{T(C_66.01.a)R(0370)C(0020)S(0010)}),-SUM({T(C_66.01.a)R(0380,1090)C(0030-0130)S(0010)}))<0,60/30,IFN(SUM({T(C_66.01.a)R(1080)C(0140)S(0010)},SUM({T(C_66.01.a)R(0700)C(0020-0140)S(0010)}),-(90/360)*SUM(SUM({T(C_66.01.a)R(0010,1090)C(0020)S(0010)}),0.95*{T(C_66.01.a)R(0260)C(0020)S(0010)},0.85*{T(C_66.01.a)R(0370)C(0020)S(0010)}),-SUM(SUM({T(C_66.01.a)R(0065,0350,0360)C(0020)S(0010)}),0.05*{T(C_66.01.a)R(0260)C(0020)S(0010)},0.15*{T(C_66.01.a)R(0370)C(0020)S(0010)}),-SUM({T(C_66.01.a)R(0380,1090)C(0030-0140)S(0010)}))<0,90/30,IFN(SUM({T(C_66.01.a)R(1080)C(0150)S(0010)},SUM({T(C_66.01.a)R(0700)C(0020-0150)S(0010)}),-(120/360)*SUM(SUM({T(C_66.01.a)R(0010,1090)C(0020)S(0010)}),0.95*{T(C_66.01.a)R(0260)C(0020)S(0010)},0.85*{T(C_66.01.a)R(0370)C(0020)S(0010)}),-SUM(SUM({T(C_66.01.a)R(0065,0350,0360)C(0020)S(0010)}),0.05*{T(C_66.01.a)R(0260)C(0020)S(0010)},0.15*{T(C_66.01.a)R(0370)C(0020)S(0010)}),-SUM({T(C_66.01.a)R(0380,1090)C(0030-0150)S(0010)}))<0,120/30,IFN(SUM({T(C_66.01.a)R(1080)C(0160)S(0010)},SUM({T(C_66.01.a)R(0700)C(0020-0160)S(0010)}),-(150/360)*SUM(SUM({T(C_66.01.a)R(0010,1090)C(0020)S(0010)}),0.95*{T(C_66.01.a)R(0260)C(0020)S(0010)},0.85*{T(C_66.01.a)R(0370)C(0020)S(0010)}),-SUM(SUM({T(C_66.01.a)R(0065,0350,0360)C(0020)S(0010)}),0.05*{T(C_66.01.a)R(0260)C(0020)S(0010)},0.15*{T(C_66.01.a)R(0370)C(0020)S(0010)}),-SUM({T(C_66.01.a)R(0380,1090)C(0030-0160)S(0010)}))<0,150/30,IFN(SUM({T(C_66.01.a)R(1080)C(0170)S(0010)},SUM({T(C_66.01.a)R(0700)C(0020-0170)S(0010)}),-(180/360)*SUM(SUM({T(C_66.01.a)R(0010,1090)C(0020)S(0010)}),0.95*{T(C_66.01.a)R(0260)C(0020)S(0010)},0.85*{T(C_66.01.a)R(0370)C(0020)S(0010)}),-SUM(SUM({T(C_66.01.a)R(0065,0350,0360)C(0020)S(0010)}),0.05*{T(C_66.01.a)R(0260)C(0020)S(0010)},0.15*{T(C_66.01.a)R(0370)C(0020)S(0010)}),-SUM({T(C_66.01.a)R(0380,1090)C(0030-0170)S(0010)}))<0,180/30,IFN(SUM({T(C_66.01.a)R(1080)C(0180)S(0010)},SUM({T(C_66.01.a)R(0700)C(0020-0180)S(0010)}),-(270/360)*SUM(SUM({T(C_66.01.a)R(0010,1090)C(0020)S(0010)}),0.95*{T(C_66.01.a)R(0260)C(0020)S(0010)},0.85*{T(C_66.01.a)R(0370)C(0020)S(0010)}),-SUM(SUM({T(C_66.01.a)R(0065,0350,0360)C(0020)S(0010)}),0.05*{T(C_66.01.a)R(0260)C(0020)S(0010)},0.15*{T(C_66.01.a)R(0370)C(0020)S(0010)}),-SUM({T(C_66.01.a)R(0380,1090)C(0030-0180)S(0010)}))<0,270/30,IFN(SUM({T(C_66.01.a)R(1080)C(0190)S(0010)},SUM({T(C_66.01.a)R(0700)C(0020-0190)S(0010)}),-(360/360)*SUM(SUM({T(C_66.01.a)R(0010,1090)C(0020)S(0010)}),0.95*{T(C_66.01.a)R(0260)C(0020)S(0010)},0.85*{T(C_66.01.a)R(0370)C(0020)S(0010)}),-SUM(SUM({T(C_66.01.a)R(0065,0350,0360)C(0020)S(0010)}),0.05*{T(C_66.01.a)R(0260)C(0020)S(0010)},0.15*{T(C_66.01.a)R(0370)C(0020)S(0010)}),-SUM({T(C_66.01.a)R(0380,1090)C(0030-0190)S(0010)}))<0,360/30, IFN(SUM({T(C_66.01.a)R(1080)C(0190)S(0010)},SUM({T(C_66.01.a)R(0700)C(0020-0190)S(0010)}),-(360/360)*SUM(SUM({T(C_66.01.a)R(0010,1090)C(0020)S(0010)}),0.95*{T(C_66.01.a)R(0260)C(0020)S(0010)},0.85*{T(C_66.01.a)R(0370)C(0020)S(0010)}),-SUM(SUM({T(C_66.01.a)R(0065,0350,0360)C(0020)S(0010)}),0.05*{T(C_66.01.a)R(0260)C(0020)S(0010)},0.15*{T(C_66.01.a)R(0370)C(0020)S(0010)}),-SUM({T(C_66.01.a)R(0380,1090)C(0030-0190)S(0010)}))>0,13,1/0)))))))))))))))))))""";;
"CRMAT_G301,YoY growth of absolute volume Loans and Advances to Credit institutions and Other financial institutions,""DIVIDE(({CRMAT_A301}-{CRMAT_A301[T-1Y]}),{CRMAT_A301[T-1Y]})""";;
"CLIM06,Share of gross interest income from 7 key carbon-intensive sectors in the NFC portfolio (non-EU),""DIVIDE(SUM({SPE.DPI(CLIMNIIU004080)}, {SPE.DPI(CLIMNIIU005080)}, {SPE.DPI(CLIMNIIU006080)}, {SPE.DPI(CLIMNIIU007080)}, {SPE.DPI(CLIMNIIU008080)}, {SPE.DPI(CLIMNIIU019080)}, {SPE.DPI(CLIMNIIU023080)}, {SPE.DPI(CLIMNIIU035080)}, {SPE.DPI(CLIMNIIU047080)}, {SPE.DPI(CLIMNIIU020080)}, {SPE.DPI(CLIMNIIU024080)}, {SPE.DPI(CLIMNIIU025080)}), {SPE.DPI(CLIMNIIU056080)})""";;
MRCE2916,Stressed VaR. Multiplication factor (ms) x average of previous 60 working days (SVaRavg): Commodities risk,{T(C_24.00)R(0090)C(0050)};;
CACE1209,Credit risk capital requirements: SA exposure classes excluding securitisation positions: Secured by mortgages on immovable property and ADC exposures,{T(C_02.00.a)R(0150)C(0010)}*0.08;;
"MR_RMR_CSR_PIT,""Financial assets & liabilities measured at fair value through P&L sensitive to CS (Fair value) to Total Assets [Max(T, average 4 quarters)]"",""MAX({MR_RMR_CSR_SIZE},MEAN({MR_RMR_CSR_SIZE},{MR_RMR_CSR_SIZE[T-1Q]},{MR_RMR_CSR_SIZE[T-2Q]},{MR_RMR_CSR_SIZE[T-3Q]}))""";;
"MR_RMR_FRTB_7,ASA REA to Current MR REA,""DIVIDE({T(C_91.00)R(0010)C(0200)},{T(C_02.00.a)R(0520)C(0010)})""";;
"IDCARD320N,NPL ratio based on F18 numerator (IDCARD131N),""COALESCE(SUM({T(F_18.00.a)R(0070,0191,0221)C(0060)}),SUM({T(F_18.00.a_dp)R(0070,0191,0221)C(0060)}))""";;
"IDCARD8,Debt securities,""COALESCE(SUM({T(F_01.01)R(0080,0094,0098,0120,0143,0173,0177,0182,0232,0236)C(0010)}),SUM({T(F_01.01_dp)R(0080,0094,0098,0120,0143,0173,0177,0182,0232,0236)C(0010)}))""";;
IRRBB205,∆MV - Parallel shock down;" Net derivatives MV change (excluding CF hedges hedging AC items) / Net MV change,""COALESCE((DIVIDE(SUM({T(J_02.00)R(0590)C(0150)S(*)},-{T(J_02.00)R(0630)C(0150)S(*)},{T(J_02.00)R(0530)C(0150)S(*)}),SUM({T(J_02.00)R(0570)C(0150)S(*)},-{T(J_02.00)R(0610)C(0150)S(*)}))),(DIVIDE(SUM({T(J_03.00)R(0590)C(0150)S(*)},-{T(J_03.00)R(0630)C(0150)S(*)},{T(J_03.00)R(0530)C(0150)S(*)}),SUM({T(J_03.00)R(0570)C(0150)S(*)},-{T(J_03.00)R(0610)C(0150)S(*)}))))""";
"BSFL0100,deposits from banks,""COALESCE(sum({T(F_08.01.a)R(0160)C(0010)},{T(F_08.01.a)R(0160)C(0020)},{T(F_08.01.a)R(0160)C(0030)},{T(F_08.01.a)R(0160)C(0034)},{T(F_08.01.a)R(0160)C(0035)}),sum({T(F_08.01.dp)R(0160)C(0010)},{T(F_08.01.dp)R(0160)C(0020)},{T(F_08.01.dp)R(0160)C(0030)},{T(F_08.01.dp)R(0160)C(0034)},{T(F_08.01.dp)R(0160)C(0035)}),{SPE.DPI(BSFL0100)})""";;
"OPER65,Maximum single loss for internal fraud,""COALESCE({T(C_17.01.a)R(0950)C(0010)}, {SPE.DPI(C17R930C10S)})""";;
"CRMAT_F301,Share Non-Performing or Forborne performing Loans and Advances to Credit institutions or Other financial institutions over Total Loans and Advances to Credit institutions and Other financial institutions,""DIVIDE(SUM(SUM({T(F_18.00.a)R(0100,0194,0224,0110,0195,0225)C(0060)}),SUM({T(F_19.00.a)R(0100,0194,0224,0110,0195,0225)C(0020)})),SUM({T(F_18.00.a)R(0100,0194,0224,0110,0195,0225)C(0010)}))""";;
"STCE0609,Total securitised exposures. Residential mortgages,""COALESCE(SUM(LOGICAL({T(C_14.00)R(*)C(0160)}EQ'EBA:UE(x10)')*{T(C_14.00)R(*)C(0140)}),{SPE.DPI(STCE0609)})""";;
"BSFM0200,Derivatives used as hedging instruments in accounting hedges [notional],""COALESCE({T(F_11.01)R(0500)C(0030)},{T(F_11.01.dp)R(0500)C(0030)},{SPE.DPI(BSFM0200)})""";;
"LIQV0204,1Y Forecast for Households Deposits,""COALESCE({T(P_01.02)R(020)C(030)},0)""";;
"IDCARD245,concentration exposure sector Retail mortgage,""COALESCE({T(F_18.00.a)R(0160)C(0010)},{T(F_18.00.a.dp)R(0160)C(0010)})""";;
"CRED93,LTV Ratio NPL by type of counterparty - HouseHolds,""DIVIDE(SUM(SUM({T(F_18.00.d)R(0150,0197,0227)C(0200)}),SUM({T(F_18.00.c)R(0150,0197,0227)C(0210)})),SUM({T(F_18.00.a)R(0150,0197,0227)C(0060)}))""";;
"CRED366,Migration Rate: from stage 3 to 2,""DIVIDE({T(F_12.02)R(0070)C(0040)},SUM({T(F_04.03.1)R(0110)C(0040)[T-1Y]},{T(F_04.04.1)R(0070)C(0040)[T-1Y]}))""";;
"PROF154,Projected Cost of Risk at t as reported in year t-2,""COALESCE(DIVIDE({T(P_04.01)R(460)C(020)[T-2Y]},MEAN({T(P_01.01)R(220)C(030)[T-2Y]},{T(P_01.01)R(220)C(030)[T-3Y]})),DIVIDE({SPE.DPI(SRPR205C132)[T-2Y]},MEAN({T(P_01.01)R(220)C(030)[T-2Y]},{T(P_01.01)R(220)C(030)[T-3Y]})))""";;
"LIQ106,Government deposits ratio,""DIVIDE({LIQ70}, {BSFL0500} - MIN({BSFA0300}, {BSFL0600}))""";;
"MR_NRMR_SFX_SIZE,Banking book items sensitive to FX (Fair value) to Total Assets,""DIVIDE(SUM(ABS({T(F_01.03)R(0130)C(0010)}), ABS({T(F_01.03)R(0140)C(0010)})),2*{BSFA0200})""";;
"CRED184,Past due loans / Total loan,""DIVIDE({CRFA0400},{CRFA0100})""";;
"IDCARD51,Deposits,""COALESCE(SUM({T(F_08.01.a)R(0050)C(0010,0020,0030,0034,0035)}),SUM({SPE.DPI(BSFL0200)},{SPE.DPI(BSFL0100)},{SPE.DPI(BSFL0900)}))""";;
"CAP58,CET1 Ratio,""DIVIDE({CACO5700}, {CACE0900})""";;
"CRMAT_A201,Absolute volume of NFC portfolio,""COALESCE(SUM({T(F_18.00.a)R(0120,0196,0226,0060,0186,0216)C(0010)}), SUM({T(F_18.00.a.dp)R(0120,0196,0226,0060,0186,0216)C(0010)}))""";;
IDCARD87_LSI_PT,Geographical breakdown of assets. SSM country - Portugal,{T(F_20.04)R(0010)C(0010)S(PT)}+{T(F_20.04)R(0040)C(0010)S(PT)}+{T(F_20.04)R(0080)C(0010)S(PT)}+{T(F_20.04)R(0140)C(0010)S(PT)};;
"MARK1,(Financial assets held for trading + Financial liabilities held for trading) / total assets,""DIVIDE(SUM(0,{CRFA1800},{BSFL0400})/2, {BSFA0200})""";;
MR_PRR_VR_BWL_SUM,OTC derivatives and SFTs exposed to xVAs risks (Fair value) to Total Assets,For the formula specification please see the latest version of SUBA derived variables and indicators: https://darwin.escb.eu/livelink/livelink/app/nodes/1821262705;;
"PRFI5200_ANNUAL_ONEOFF,""Core revenue, excluding one-offs"",For the formula specification please see the latest version of SUBA derived variables and indicators: https://darwin.escb.eu/livelink/livelink/app/nodes/1821262705";;
"LIQ307,1Y Forecasted Growth of Households Deposits,""IFN({LIQV0204}=0 AND {LIQV0199}=0,0,IFN({LIQV0199}=0,1,DIVIDE({LIQV0204}-{LIQV0199},{LIQV0199})))""";;
"CLIM27,Share of collateral with estimated EPC in RRE portfolio (non-EU),""DIVIDE({SPE.DPI(CLIMREU008R)}*{T(D_02.00.a)R(0080)C(0150)},{T(D_02.00.a)R(0060)C(0010)})""";;
"CLIM12,Emission intensity to 7 key transition sectors in the NFC portfolio (non-EU),""DIVIDE(SUM({SPE.DPI(CLIMNIIU004100)}, {SPE.DPI(CLIMNIIU005100)}, {SPE.DPI(CLIMNIIU006100)}, {SPE.DPI(CLIMNIIU007100)}, {SPE.DPI(CLIMNIIU008100)}, {SPE.DPI(CLIMNIIU019100)}, {SPE.DPI(CLIMNIIU023100)}, {SPE.DPI(CLIMNIIU035100)}, {SPE.DPI(CLIMNIIU047100)}, {SPE.DPI(CLIMNIIU020100)}, {SPE.DPI(CLIMNIIU024100)}, {SPE.DPI(CLIMNIIU025100)}), SUM({T(D_01.00)R(0560)C(0010)}, -{SPE.DPI(CLIMNII056010)}))""";;
"CRED243,Evolution: Breakdown of total loans by NACE economic sector - Households: other purposes,""DIVIDE({CRNA1123}-{CRNA1123[T-1Y]}, {CRNA1123[T-1Y]})""";;
OPER59,Number of events for external fraud,{T(C_17.01.a)R(0910)C(0020)};;
"BSFE0600,ow: minority,""COALESCE({T(F_01.03)R(0270)C(0010)},{T(F_01.03_dp)R(0270)C(0010)},{SPE.DPI(BSFE0600)})""";;
"CRED459,Non Financial Coorporations: Coverage S1,""DIVIDE(-SUM({T(F_18.00.b)R(0120,0194)C(0141)}),SUM({T(F_18.00.a)R(0120,0194)C(0056)}))""";;
ORCE1641,Loss adjustments for business disruption and system failures,{T(C_17.01.a)R(0940)C(0060)};;
CACE0800,Pillar I Total capital requirements,{T(C_02.00.a)R(0010)C(0010)}*0.08;;
"CRED404,Central banks and general governments: Outflow to NPLs (Abs.) [All L&A except HfT and HfS],""SUM({T(F_18.01)R(0010,0020)C(0020)})*-1""";;
"BSFL0600,ow: trading derivatives liabilities,""COALESCE({T(F_01.02)R(0020)C(0010)}+{T(F_01.02)R(0062)C(0010)},{T(F_01.02.dp)R(0020)C(0010)}+{T(F_01.02.dp)R(0062)C(0010)},{SPE.DPI(BSFL0600)})""";;
IRRBB2,Change in the economic value of equity under parallel interest rate decrease of 200 bp divided by Total capital,For the formula specification please see the latest version of SUBA derived variables and indicators: https://darwin.escb.eu/livelink/livelink/app/nodes/1821262705;;
"CRED44_1,Debt securities coverage ratio. Allowances for non-performing debt securities / Non-performing debt securities,""DIVIDE(-SUM({T(F_18.00.b)R(0010,0181,0211)C(0150)}),SUM({T(F_18.00.a)R(0010,0181,0211)C(0060)}))""";;
CACE1700,Market risk capital requirements under standardised approaches: equity,{T(C_02.00.a)R(0550)C(0010)}*0.08;;
"BSFA3300_1,Financial assets measured at FVPL excluding those held for trading and hedging derivatives,""COALESCE(sum({T(F_01.01)R(0096)C(0010)},{T(F_01.01)R(0100)C(0010)},{T(F_01.01)R(0171)C(0010)}),sum({T(F_01.01.dp)R(0096)C(0010)},{T(F_01.01.dp)R(0100)C(0010)},{T(F_01.01.dp)R(0171)C(0010)}),{SPE.DPI(BSFA3300)})""";;
"idcard7_LSI,Loans and advances,""COALESCE(SUM({T(F_01.01)R(0090,0095,0099,0130,0144,0174,0178,0183,0233,0237)C(0010)}),SUM({T(F_01.01.dp)R(0090,0095,0099,0130,0144,0174,0178,0183,0233,0237)C(0010)}))""";;
PROF167,Forecast error CRA t-3,{PROF145}-{PROF157};;
IDCARD88,Assets (top 2nd country),For the formula specification please see the latest version of SUBA derived variables and indicators: https://darwin.escb.eu/livelink/livelink/app/nodes/1878940265;;
"LIQV0045,Contractual 12M GAP,""SUM({T(C_66.01.a)R(0720)C(0190)S(0010)},SUM({T(C_66.01.a)R(0270)C(0020, 0030-0190)S(0010)}),SUM({T(C_66.01.a)R(0280)C(0020, 0030-0190)S(0010)}),{T(C_66.01.a)R(0330)C(0020)S(0010)},-0.20*{T(C_66.01.a)R(0330)C(0020)S(0010)},-SUM({T(C_66.01.a)R(0600)C(0020, 0030-0190)S(0010)}),{T(C_66.01.a)R(1080)C(0190)S(0010)},-SUM({T(C_66.01.a)R(1000)C(0020, 0030-0190)S(0010)}))""";;
"PROF143,Total profit or loss after tax / Total assets at t-2 (used for forecast errors only),""COALESCE(DIVIDE({T(P_04.01)R(670)C(010)[T-2Y]},MEAN({T(P_01.01)R(220)C(010)[T-2Y]},{T(P_01.01)R(220)C(010)[T-3Y]})),DIVIDE({T(F_02.00)R(0670)C(0010)[T-2Y]},MEAN({T(P_01.01)R(220)C(010)[T-2Y]},{T(P_01.01)R(220)C(010)[T-3Y]})))""";;
"CRMAT_A201,Absolute volume of NFC portfolio,""COALESCE(SUM({T(F_18.00.a)R(0120,0196,0226,0060,0186,0216)C(0010)}), SUM({T(F_18.00.a_dp)R(0120,0196,0226,0060,0186,0216)C(0010)}))""";;
"CRED491,SFTs CCR exposure value as a share of total CCR exposure value,""DIVIDE(SUM({T(C_34.02)R(0060,0080,0090,0100)C(0170)S(0001)}) ,{T(C_34.02)R(0110)C(0170)S(0001)})""";;
MR_RMR_CSR_BWL_SUM_WM,Support formula to calculate other KRIs.,For the formula specification please see the latest version of SUBA derived variables and indicators: https://darwin.escb.eu/livelink/livelink/app/nodes/1821262705;;
LIQST003,Survival Period Extreme case (days).,https://darwin.escb.eu/livelink/livelink?func=ll&objId=305648124&objAction=browse&viewType=1;;
"MR_RMR_FRTB_33,Foreign exchange risk (FX) net sensitivity in relation to OFR,""DIVIDE({T(C_91.00)R(0080)C(0030)},{T(C_91.00)R(0080)C(0190)})""";;
"CRMAT_V501,Share of Securitisation exposures originated over Total Loans and Advances,""DIVIDE({CRMAT_A501},COALESCE(SUM({T(F_18.00.a)R(0070,0191,0221)C(0010)}),SUM({T(F_18.00.a.dp)R(0070,0191,0221)C(0010)})))""";;
"MARK129,Change in general government exposures designated at amortised cost over the past 6 months,""DIVIDE(SUM({T(C_33.00.a)R(0010)C(0100,0110)S(x1)}),SUM({T(C_33.00.a)R(0010)C(0100,0110)S(x1)[T-2Q]}))-1""";;
LIQST008,Funding deficit/surplus (as % of total assets) Adverse case 3 Month.,https://darwin.escb.eu/livelink/livelink?func=ll&objId=305648124&objAction=browse&viewType=1;;
"CAP125,TIER1 headroom above OCR (phased-in) as % of RWA,""SUM({CAP2},-{CAP94})""";;
"BSFL3200,Deposits: Households-Amortised cost,""COALESCE(sum({T(F_08.01.a)R(0310)C(0030)},{T(F_08.01.a)R(0310)C(0035)}),sum({T(F_08.01.a_dp)R(0310)C(0030)},{T(F_08.01.a_dp)R(0310)C(0035)}),{SPE.DPI(BSFL3200)})""";;
"LEV415B_LSI,Rel Change of Leverage Ratio,""DIVIDE(SUM({CAP71},-{CAP71[T-3Y]}), {CAP71[T-3Y]})""";;
"IDCARD527,loans to other financial corporations,""SUM({T(F_04.01)R(0160)C(0010)},{T(F_04.02.1)R(0150)C(0010)},{T(F_04.02.2)R(0160)C(0010)},{T(F_04.03.1)R(0150)C(0010)},{T(F_04.04.1)R(0110)C(0010)},{T(F_04.06)R(0160)C(0010)},{T(F_04.07)R(0160)C(0010)},{T(F_04.08)R(0160)C(0010)},{T(F_04.08)R(0160)C(0035)},{T(F_04.09)R(0110)C(0050)},{T(F_04.10)R(0160)C(0010)})""";;
"CAP135,Leverage ratio headroom above OLRR (fully-loaded) as % of Leverage exposure,""SUM({CAP71},-{IDCARD689})""";;
"IRRBB6,Change in the forecasted net interest income of the banking book under parallel interest rate increase of 200 bps divided by Annualised total net interest income,""DIVIDE({T(J_01.00)R(0130)C(0010)S(x1)}, {PRFI0100_ANNUAL})""";;
"MARK83,Breakdown of VaR (between general and specific risk) - specific risk,""DIVIDE({MRCE2908}, {MRCE0401})""";;
"CRED161,Credit risk capital requirements under standardised approach: SA exposure classes excluding securitisation positions: Administrative bodies and non-commercial undertakings,""DIVIDE({CACE1203}*12.5, SUM({CACE0100}, {CACE0200})*12.5)""";;
MR_RMR_COM_BWL_WSTD_NUM,Support formula to calculate other KRIs.,For the formula specification please see the latest version of SUBA derived variables and indicators: https://darwin.escb.eu/livelink/livelink/app/nodes/1821262705;;
"CRED109,Increase of total loans by type of collateral / Total loans: Other collateralized loans,""DIVIDE({CRFA3200}-{CRFA3200[T-1Y]}, {CRFA3800[T-1Y]})""";;
"LELE0400,Large exposures. Total amount,""COALESCE(SUM(LOGICAL({T(C_28.00)R(*)C(230)}>=0.1)*{T(C_28.00)R(*)C(330)}),{SPE.DPI(LELE0400)})""";;
"LIQV0034,DGS covered deposits,""SUM({T(C_68.00.a)R(0020,0031,0041,0080,0090,0130,0140,0150)C(0020)S(0010)})""";;
"PROF70,Interest income from Other financial corporations/ Total loans and advances interest income,""DIVIDE({T(F_16.01)R(0120)C(0010)},{T(F_16.01)R(0080)C(0010)})""";;
"CRED247,Coverage ratio. Specific allowances for loans on Non-performing loans (alternative approach SPE2),""DIVIDE(SUM(COALESCE(-{T(F_18.00.b)R(0070,0191,0221)C(0150)}, -{T(F_18.00.b_dp)R(0070,0191,0221)C(0150)}) ,{T(C_35.01)R(0010)C(0110)}, {T(C_35.01)R(0120)C(0030,0040,0050,0060,0070,0080,0090,0100)}) , COALESCE(SUM({T(F_18.00.a)R(0070,0191,0221)C(0060)}),SUM({T(F_18.00.a_dp)R(0070,0191,0221)C(0060)})))""";;
"FLIC0100,Total Deposits. Carrying amount,""COALESCE({T(F_01.02)R(0040)C(0010)}+{T(F_01.02)R(0064)C(0010)}+{T(F_01.02)R(0080)C(0010)}+{T(F_01.02)R(0120)C(0010)}+{T(F_01.02)R(0142)C(0010)},{T(F_01.02_dp)R(0040)C(0010)}+{T(F_01.02_dp)R(0064)C(0010)}+{T(F_01.02_dp)R(0080)C(0010)}+{T(F_01.02_dp)R(0120)C(0010)}+{T(F_01.02_dp)R(0142)C(0010)},{SPE.DPI(FLIC0100)})""";;
"CRED307,NPL Coverage Ratio: Households - residential Mortgages,""DIVIDE(SUM((-{T(F_18.00.b)R(0160)C(0150)})),{T(F_18.00.a)R(0160)C(0060)})""";;
"LRSM0400,Available Stable Funding,""COALESCE({T(C_81.00.c)R(0010)C(0100)},{T(C_83.00.c)R(0010)C(0070)})""";;
"CRMAT_A121,Absolute volume of Households Credit for consumption portfolio,""COALESCE(SUM({T(F_18.00.a)R(0170,0913,0933)C(0010)}), SUM({T(F_18.00.a_dp)R(0170)C(0010)}))""";;
"PROF94,Interest income from Derivatives - Trading/ Total interest income,""DIVIDE({T(F_16.01)R(0010)C(0010)},{T(F_16.01)R(0270)C(0010)})""";;
"IDCARD8,Debt securities,""COALESCE(SUM({T(F_01.01)R(0080,0094,0098,0120,0143,0173,0177,0182,0232,0236)C(0010)}),SUM({T(F_01.01.dp)R(0080,0094,0098,0120,0143,0173,0177,0182,0232,0236)C(0010)}))""";;
"PROF11,Loans and advances to credit institutions to total loans and advances,""DIVIDE({BSFA0500}, {CRFA0100})""";;
"PROF48_ANNUAL_ONEOFF,""Core Revenue to Assets ratio, excluding one-offs"",For the formula specification please see the latest version of SUBA derived variables and indicators: https://darwin.escb.eu/livelink/livelink/app/nodes/1821262705";;
"LIQV0198,Planned 1Y Household Deposits,""COALESCE({T(P_01.02)R(020)C(030)[T-1Y]},0)""";;
"LIQV0106,Unadjusted Level 2 assets,""COALESCE({T(C_72.00.a)R(0220)C(0010)},{SPE.DPI(C72R220C010)})""";;
"LIQV0163,1Y Forecast for Other Assets,""COALESCE({T(P_01.01)R(211)C(030)},0)""";;
"CRED111,Increase of total loans by type of collateral / Total loans: Other,""DIVIDE(SUM({CRFA3800}, -{CRFA3100}, -{CRFA3110}, -{CRFA3200}, -{CRFA3600}) - SUM({CRFA3800[T-1Y]}, -{CRFA3100[T-1Y]}, -{CRFA3110[T-1Y]}, -{CRFA3200[T-1Y]}, -{CRFA3600[T-1Y]}), {CRFA3800[T-1Y]})""";;
"IDCARD671,T1 ratio (fully loaded) Numerator,""SUM({T(C_01.00)R(0020)C(0010)},-{T(C_05.01)R(0010)C(0010)},-{T(C_01.00)R(0440)C(0010)},{T(C_01.00)R(0530)C(0010)},-{T(C_01.00)R(0740)C(0010)},-{T(C_05.01)R(0010)C(0020)},-{T(C_01.00)R(0720)C(0010)},MIN(SUM(0,{T(C_01.00)R(0750)C(0010)},-{T(C_01.00)R(0970)C(0010)},-{T(C_05.01)R(0010)C(0030)}),0))""";;
"LIQ301,3Y Forecasted Growth for Deposit-like Financial Instruments,""IFN({LIQV0195}=0 AND {LIQV0189}=0,0,IFN({LIQV0189}=0,1,DIVIDE({LIQV0195}-{LIQV0189},{LIQV0189})))""";;
MR_PRR_BWL_SUM,Support formula to calculate other KRIs.,For the formula specification please see the latest version of SUBA derived variables and indicators: https://darwin.escb.eu/livelink/livelink/app/nodes/1821262705;;
"MARK8,Breakdown of financial assets designated at FVPL: Debt securities,""DIVIDE({MRFA1300}, {BSFA3300})""";;
PROF159,Forecast error ROA t-1,{PROF135}-{PROF147};;
"CRED369,Migration Rate: from stage 2 to 3,""DIVIDE({T(F_12.02)R(0070)C(0030)},SUM({T(F_04.03.1)R(0110)C(0030)[T-1Y]},{T(F_04.04.1)R(0070)C(0030)[T-1Y]}))""";;
"MARK8_B,Breakdown of financial assets designated at FVPL: Debt securities,""DIVIDE({MRFA1300_1}, {BSFA3300_1})""";;
"CRNA111G,Gross carrying amount of loans and advances to non-financial corporations - Wholesale and retail trade,""COALESCE({T(F_06.01)R(0070)C(0010)},{SPE.DPI(CRNA111G)})""";;
CRED478,Total notional amount of mezzanine tranches of originated SRT securitizations,SUM(LOGICAL({T(C_14.00)R(*)C(0110)}='EBA:qRP(qx2020)' AND {T(C_14.00)R(*)C(0061)}='EBA:RT(x15)')*{T(C_14.00)R(*)C(0240)});;
"CRED439,Credit institutions and other financial institutions: Movements among Stages S1-S2 (% of all movements),""DIVIDE({T(F_12.02)R(0100)C(0010)},SUM({T(F_12.02)R(0100)C(0010,0020,0030,0040,0050,0060)}))""";;
"MARK128,Change in the total general government exposures over the past 6 months,""DIVIDE({T(C_33.00.a)R(0010)C(0020)S(x1)},{T(C_33.00.a)R(0010)C(0020)S(x1)[T-2Q]})-1""";;
"CRED95,Composition of securitised exposures. Securitised exposures by type of assets / Total securitised assets - Residential mortgages,""DIVIDE({STCE0609}, SUM({STCE0609}, {STCE0610}, {STCE0611}, {STCE0612}, {STCE0613}, {STCE0614}, {STCE0615}, {STCE0616}))""";;
"CRNA111M,""Gross carrying amount of loans and advances to non-financial corporations - Professional, scientific and technical activities"",""COALESCE({T(F_06.01)R(0120)C(0010)},{SPE.DPI(CRNA111M)})""";;
"MARK28,OTC derivatives (liabilities) / Derivatives held for trading,""DIVIDE(SUM({MRFL2200}, {MRFL2300}, {MRFL2400}), {BSFL0600})""";;
"PRFI0800_annual,Annual total operating income (quarter to quarter),""SUM({PRFI0800}, ifn({MF_FYE}=0, 0, ifn({MF_FYE}=3, {PRFI0800[T-1Q]}-{PRFI0800[T-1Y]}, ifn({MF_FYE}=6, {PRFI0800[T-2Q]}-{PRFI0800[T-1Y]}, ifn({MF_FYE}=9, {PRFI0800[T-3Q]}-{PRFI0800[T-1Y]}, 1/0)))))""";;
"LIQ239,Share in Buffer Concentration per Issuer Sector: Households (eba_CT:x5),""DIVIDE(SUM(LOGICAL({T(C_71.00.a)R(0020-0110)C(0030)S(0010)} EQ 'EBA:CT(x5)') * {T(C_71.00.a)R(0020-0110)C(0080)S(0010)}), {LIQV0012})""";;
"IRRBB172,Change in the economic value of equity under parallel interest rate decrease of 200 bps  divided by Tier 1 Capital,""DIVIDE({T(J_01.00)R(0050)C(0010)S(x1)},{CACO0200} )""";;
"CRED223,""Variation rate of loans to NFC by NACE economic sector - Agriculture, forestry and fishing"",""DIVIDE({CRNA111A}-{CRNA111A[T-1Y]}, {CRNA111A[T-1Y]})""";;
"CRED392_B,Identification of nGAAP banks,""IFN(__attribute('ECBM_ENT', 'ACCOUNTFRAME', 'IFRS'), 0,IFN(__attribute('ECBM_ENT', 'ACCOUNTFRAMESOLO', 'IFRS'), 0,IFN(__attribute('ECBM_ENT', 'ACCOUNTFRAME', 'nGAAP'), 1,IFN(__attribute('ECBM_ENT', 'ACCOUNTFRAMESOLO', 'nGAAP'), 1,1))))""";;
"CRED308,NPL Coverage ratio: Households - credit for consumption,""DIVIDE(SUM((-{T(F_18.00.b)R(0170)C(0150)})),{T(F_18.00.a)R(0170)C(0060)})""";;
"LIQV0056,1M unsecured wholesale deposits spread (in basis points),""COALESCE({T(C_69.00.a)R(0030)C(0050)S(0010)}, {SPE.DPI(C69R030C050)})""";;
"CRMAT_O301,Share Off-Balance sheet commitments to Credit institutions and Other financial institutions over Total On-Balance Sheet Loans and Advances,""COALESCE(DIVIDE(SUM({T(F_18.00.e)R(0370,0380,0440,0450,0510,0520)C(0010)}),SUM({T(F_18.00.a)R(0070,0191,0221)C(0010)})),DIVIDE(SUM({T(F_18.00.e.dp)R(0370,0380,0440,0450,0510,0520)C(0010)}),SUM({T(F_18.00.a.dp)R(0070,0191,0221)C(0010)})))""";;
"LIQ79_LSI,Other financial liabilities incl. short positions,""COALESCE({T(F_01.02)R(0030)C(0010)}+{T(F_01.02)R(0060)C(0010)}+{T(F_01.02)R(0063)C(0010)}+{T(F_01.02)R(0066)C(0010)}+{T(F_01.02)R(0100)C(0010)}+{T(F_01.02)R(0140)C(0010)}+{T(F_01.02)R(0144)C(0010)},{T(F_01.02.dp)R(0030)C(0010)}+{T(F_01.02.dp)R(0060)C(0010)}+{T(F_01.02.dp)R(0063)C(0010)}+{T(F_01.02.dp)R(0066)C(0010)}+{T(F_01.02.dp)R(0100)C(0010)}+{T(F_01.02.dp)R(0140)C(0010)}+{T(F_01.02.dp)R(0144)C(0010)},{SPE.DPI(LIQ79_LSI)})""";;
WS1EUCount,# of countries active within SSM,For the formula specification please see the latest version of SUBA derived variables and indicators: https://darwin.escb.eu/livelink/livelink/app/nodes/1878940265;;
LIQ203,Unencumbered Central Bank Eligible Assets & Collateral Received ratio,For the formula specification please see the latest version of SUBA derived variables and indicators: https://darwin.escb.eu/livelink/livelink/app/nodes/1878940265;;
"CRED426,Counterparty Credit Risk: Exposures for trades at non-QCCPs /Total EAD,""DIVIDE({T(C_34.10)R(0120)C(0010)}, {T(C_34.02)R(0110)C(0170)S(0001)})""";;
RDPF1600,Interest income by instrument: Debt securities,For the formula specification please see the latest version of SUBA derived variables and indicators: https://darwin.escb.eu/livelink/livelink/app/nodes/1821262705;;
"CRMAT_V203,Share of Debt securities NFC over Total Debt instruments other than held for trading or held for sale,""COALESCE(DIVIDE(SUM({T(F_18.00.a)R(0060,0186,0216)C(0010)}),SUM({T(F_18.00.a)R(0180,0201,0231)C(0010)})),DIVIDE(SUM({T(F_18.00.a.dp)R(0060,0186,0216)C(0010)}),SUM({T(F_18.00.a.dp)R(0180,0201,0231)C(0010)})))""";;
"PRFI0100_LINEAR,Net interest income. Linear (YTD) annualization.,""({PRFI0100}*12)/IFN({MF_FYE}=0,12,{MF_FYE})""";;
LEV402A,Magnitude of the drop in SFTs value around the reporting dates (using daily data),For the formula specification please see the latest version of SUBA derived variables and indicators: https://darwin.escb.eu/livelink/livelink/app/nodes/1821262705;;
ORCE1635,Gross operational losses. Total amount,For the formula specification please see the latest version of SUBA derived variables and indicators: https://darwin.escb.eu/livelink/livelink/app/nodes/1821262705;;
"MARK7_B,Breakdown of financial assets designated at FVPL: Equity instruments,""DIVIDE({MRFA1200_1}, {BSFA3300_1})""";;
"MARK6,Financial assets designated at FVPL / Total assets,""DIVIDE({BSFA3300}, {BSFA0200})""";;
"LIQ93,ABS securities issued ratio (% of total liabilities),""DIVIDE({LIQV0095}, {BSFL0500} - MIN({BSFA0300}, {BSFL0600}))""";;
"MARK57,Breakdown of net gains on financial assets and liabilities held for trading - Credit risk instruments and related derivatives,""DIVIDE({PRFI1800}, {PRFI0400})""";;
"LIQ121,Liquidity coverage ratio (clean),""DIVIDE(SUM(COALESCE({T(C_76.00.a)R(0010)C(0010)},{SPE.DPI(C76R010C010)}),-COALESCE({T(C_72.00.a)R(0370)C(0040)},{SPE.DPI(C72R370C040)}),-COALESCE({T(C_72.00.a)R(0390)C(0040)},{SPE.DPI(C72R390C040)})),SUM(COALESCE({T(C_73.00.a)R(0010)C(0060)},{SPE.DPI(C73R010C060)}),-COALESCE({T(C_73.00.a)R(0090)C(0060)},{SPE.DPI(C73R090C060)}),0.05*COALESCE({T(C_73.00.a)R(0090)C(0010)},{SPE.DPI(C73R090C010)}),-COALESCE({T(C_73.00.a)R(0550)C(0060)},{SPE.DPI(C73R550C060)}),0.4*COALESCE({T(C_73.00.a)R(0550)C(0010)},{SPE.DPI(C73R550C010)}),-COALESCE({T(C_73.00.a)R(0690)C(0060)},{SPE.DPI(C73R690C060)}),0.4*COALESCE({T(C_73.00.a)R(0690)C(0010)},{SPE.DPI(C73R690C010)}),COALESCE({T(C_73.00.a)R(1170)C(0010)},{SPE.DPI(C73R1170C010)}),-MIN(SUM(COALESCE({T(C_74.00.a)R(0010)C(0140)},{SPE.DPI(C74R010C140)}),COALESCE({T(C_74.00.a)R(0010)C(0150)},{SPE.DPI(C74R010C150)}),COALESCE({T(C_74.00.a)R(0010)C(0160)},{SPE.DPI(C74R010C160)}),-COALESCE({T(C_74.00.a)R(0250)C(0140)},{SPE.DPI(C74R250C140)}),-COALESCE({T(C_74.00.a)R(0250)C(0150)},{SPE.DPI(C74R250C150)}),-COALESCE({T(C_74.00.a)R(0250)C(0160)},{SPE.DPI(C74R250C160)}),COALESCE({T(C_73.00.a)R(1170)C(0010)},{SPE.DPI(C73R1170C010)}))),0.75*SUM(COALESCE({T(C_73.00.a)R(0010)C(0060)},{SPE.DPI(C73R010C060)}),-COALESCE({T(C_73.00.a)R(0090)C(0060)},{SPE.DPI(C73R090C060)}),0.05*COALESCE({T(C_73.00.a)R(0090)C(0010)},{SPE.DPI(C73R090C010)}),-COALESCE({T(C_73.00.a)R(0550)C(0060)},{SPE.DPI(C73R550C060)}),0.4*COALESCE({T(C_73.00.a)R(0550)C(0010)},{SPE.DPI(C73R550C010)}),-COALESCE({T(C_73.00.a)R(0690)C(0060)},{SPE.DPI(C73R690C060)}),0.4*COALESCE({T(C_73.00.a)R(0690)C(0010)},{SPE.DPI(C73R690C010)}),COALESCE({T(C_73.00.a)R(1170)C(0010)},{SPE.DPI(C73R1170C010)}))))""";;
MRFA3500,Financial assets held for trading: Debt securities - Corporates,{T(F_04.01)R(0110)C(0010)};;
IDCARD17,Derivative liabilities,For the formula specification please see the latest version of SUBA derived variables and indicators: https://darwin.escb.eu/livelink/livelink/app/nodes/1878940265;;
"MR_PRR_VR_SIZE,Weighted Level 2 & 3 assets and liabilities (Fair value) to Total Assets,""DIVIDE(SUM(3*SUM({T(F_14.00)R(0010,0051,0056,0060,0101,0121,0125,0140,0150,0201,0210,0250)C(0030)}),1*SUM({T(F_14.00)R(0010,0051,0056,0060,0101,0121,0125,0140,0150,0201,0210,0250)C(0020)})),2*{BSFA0200})""";;
"MR_NRMR_EQR_FWL_1,Potential impacts coming from equity risk of BB instruments at FVOCI to Total CET1,""COALESCE(-DIVIDE(SUM({T(F_01.01)R(0142,0176)C(0010)})*0.4,{CACO5700}), -DIVIDE(SUM({T(F_01.01.dp)R(0142,0176)C(0010)})*0.4,{CACO5700}))""";;
"PROF17,Liabilities: Derivatives to total financial liabilities,""DIVIDE({BSFL0600}, SUM({BSFL0400}, {BSFL2500}))""";;
"MR_RMR_FRTB_22,Share of Credit spread risk for securitisation not in ACTP in total SBM OFR,""DIVIDE({T(C_91.00)R(0040)C(0190)},SUM({T(C_91.00)R(0020)C(0190)},{T(C_91.00)R(0030)C(0190)}, {T(C_91.00)R(0040)C(0190)}, {T(C_91.00)R(0050)C(0190)}, {T(C_91.00)R(0060)C(0190)}, {T(C_91.00)R(0070)C(0190)}, {T(C_91.00)R(0080)C(0190)}))""";;
"CRED374_D,Denominator of core NPL ratio for NFC and HH adjusted with foreclosures,""COALESCE(SUM(SUM({T(F_18.00.a)R(0120,0196,0226,0150,0197,0227)C(0010)}),{T(F_13.03.1.a)R(0020)C(0020)}),SUM(SUM({T(F_18.00.a_dp)R(0120,0196,0226,0150,0197,0227)C(0010)})))""";;
"LIQV0161,1Y Forecast for Client Loans,""COALESCE(SUM({T(P_01.01)R(030)C(030)},{T(P_01.01)R(100)C(030)},SUM({T(P_01.01)R(180,190)C(030)})),0)""";;
"IDCARD35,Stressed VaR,""DIVIDE({MRCE2000},{MRCE2400})""";;
MR_NRMR_EQR_BWL_WEIGHTS_1,Support formula to calculate other KRIs.,For the formula specification please see the latest version of SUBA derived variables and indicators: https://darwin.escb.eu/livelink/livelink/app/nodes/1821262705;;
"LIQV0125b,Contractual 2Y Gap (excl. retail and operational deposits and incl. CBC),""SUM(SUM({T(C_66.01.a)R(0720,1080)C(0200)S(0010)}), SUM({T(C_66.01.a)R(0270,0280,0290)C(0020)S(0010)}))""";;
"LIQ76,Derivatives and short positions,""COALESCE(SUM({T(F_01.02)R(0020,0030,0062,0063,0150,0160)C(0010)}),SUM({T(F_01.02_dp)R(0020,0030,0062,0063,0150,0160)C(0010)}))""";;
"OPER84,Ratio total loss amount for external fraud to total operational risk capital requirements,""DIVIDE({ORCE1611}, {CACE0500})""";;
"MRFL2200,Derivatives held for trading - Liabilities - Carrying amount: OTC - Credit institutions,""COALESCE({T(F_10.00)R(0300)C(0020)},{T(F_10.00_dp)R(0300)C(0020)},{SPE.DPI(MRFL2200)})""";;
"CRED97,Composition of securitised exposures. Securitised exposures by type of assets / Total securitised assets - Credit card receivables,""DIVIDE({STCE0611}, SUM({STCE0609}, {STCE0610}, {STCE0611}, {STCE0612}, {STCE0613}, {STCE0614}, {STCE0615}, {STCE0616}))""";;
WS1NonEUCount,# of countries active outside SSM,For the formula specification please see the latest version of SUBA derived variables and indicators: https://darwin.escb.eu/livelink/livelink/app/nodes/293814368;;
"OPER110,Total net loss amount for damage to physical assets excluding loss adjustments relating to previous reporting periods,""SUM({T(C_17.01.a)R(0920)C(0050)}, - {T(C_17.01.a)R(0970)C(0050)}, - {T(C_17.01.a)R(0980)C(0050)})""";;
"LIQV0064,3M ABS spread (in basis points),""COALESCE({T(C_69.00.a)R(0075)C(0070)S(0010)}, {SPE.DPI(C69R070C070)})""";;
"LIQ231,Share in Funding Concentration per Counterparty Sector: Households (eba_CT:x5),""DIVIDE(SUM(LOGICAL({T(C_67.00.a)R(0020-0110)C(0030)S(0010)} EQ 'EBA:CT(x5)') * {T(C_67.00.a)R(0020-0110)C(0060)S(0010)}), {LIQV0004})""";;
"LIQV0019,Total undjusted level 1 assets,""COALESCE({T(C_72.00.a)R(0020)C(0010)},{SPE.DPI(C72R020C010)})""";;
"PROF36,Off-balance sheet activities to total assets,""DIVIDE({BSF00100}, {BSFA0200})""";;
"MR_NRMR_SFX_PIT,""Banking book items sensitive to FX (Fair value) to Total Assets [Max(T, average 4 quarters)]"",""MAX({MR_NRMR_SFX_SIZE},MEAN({MR_NRMR_SFX_SIZE},{MR_NRMR_SFX_SIZE[T-1Q]},{MR_NRMR_SFX_SIZE[T-2Q]},{MR_NRMR_SFX_SIZE[T-3Q]}))""";;
IDCARD87_LSI_EE,Geographical breakdown of assets. SSM country - Estonia,{T(F_20.04)R(0010)C(0010)S(EE)}+{T(F_20.04)R(0040)C(0010)S(EE)}+{T(F_20.04)R(0080)C(0010)S(EE)}+{T(F_20.04)R(0140)C(0010)S(EE)};;
"CRED171,Credit risk capital requirements: IRB exposure classes excluding securitisation positions: Central Government and Central Banks,""DIVIDE({CACE1301}*12.5, SUM({CACE0100}, {CACE0200})*12.5)""";;
"IDCARD4,loans to non-financials,""SUM({T(F_04.01)R(0170)C(0010)},{T(F_04.02.1)R(0160)C(0010)},{T(F_04.02.2)R(0170)C(0010)},{T(F_04.03.1)R(0160)C(0010)},{T(F_04.04.1)R(0120)C(0010)},{T(F_04.06)R(0170)C(0010)},{T(F_04.07)R(0170)C(0010)},{T(F_04.08)R(0170)C(0010)},{T(F_04.08)R(0170)C(0035)},{T(F_04.09)R(0120)C(0050)},{T(F_04.10)R(0170)C(0010)})""";;
WS1EUCount,# of countries active within SSM,Derived variables and indicators;;
"MR_PRR_FWL_1,Potential impacts coming from pricing related risk to Total CET1,""SUM({MR_PRR_VR_FWL_1}, DIVIDE(-{T(C_25.00)R(0010)C(0080)},{T(C_01.00)R(0020)C(0010)}))""";;
"LIQ279,1Y Forecasted Growth of Other Liabilities,""IFN({LIQV0170}=0 AND {LIQV0151}=0,0,IFN({LIQV0151}=0,1,DIVIDE({LIQV0170}-{LIQV0151},{LIQV0151})))""";;
"CRED351,Coverage ratio for non-performing debt instruments held for sale,""DIVIDE({T(F_18.00.b)R(0335)C(0150)},{T(F_18.00.a)R(0335)C(0060)})""";;
"LIQV0202,Planned 1Y Financial Corporates Deposits,""COALESCE(SUM({T(P_01.02)R(130,140)C(030)[T-1Y]}),0)""";;
MR_PRR_XVA_BWL_WSTD_NUM,Support formula to calculate other KRIs.,For the formula specification please see the latest version of SUBA derived variables and indicators: https://darwin.escb.eu/livelink/livelink/app/nodes/1821262705;;
"OPER31,Ratio sum of the five largest losses for corporate finance to sum across all business lines of the sums of the five largest business line losses,""DIVIDE({ORNE1635}, SUM({ORNE1635}, {ORNE1636}, {ORNE1637}, {ORNE1638}, {ORNE1639}, {ORNE1640}, {ORNE1641}, {ORNE1642}, {ORNE1643}))""";;
"PRFI0800_QUARTERLY_ONEOFF,""Quarterly operating income, excluding one-offs"",For the formula specification please see the latest version of SUBA derived variables and indicators: https://darwin.escb.eu/livelink/livelink/app/nodes/1821262705";;
"IDCARD245,concentration exposure sector Retail mortgage,""COALESCE({T(F_18.00.a)R(0160)C(0010)},{T(F_18.00.a_dp)R(0160)C(0010)})""";;
"PRFI0100_ANN_LSTYR,Annual net interest income (quarter to quarter) last year,""SUM({PRFI0100[T-4Q]}, ifn({MF_FYE}=0, 0, ifn({MF_FYE}=3, {PRFI0100[T-5Q]}-{PRFI0100[T-2Y]}, ifn({MF_FYE}=6, {PRFI0100[T-6Q]}-{PRFI0100[T-2Y]}, ifn({MF_FYE}=9, {PRFI0100[T-7Q]}-{PRFI0100[T-2Y]}, 1/0)))))""";;
ORNE1640,Sum of five largest losses for payment and settlement,{T(C_17.01.a)R(0560)C(0080)};;
"MARK16,Breakdown of financial liabilities held for trading - Debt certificates,""DIVIDE({BSFL1200}, {BSFL0400})""";;
BSFA0200_FP,Total assets (as reported in funding plans),{T(P_01.01)R(220)C(010)};;
"CRNA2010,Collateral and other credit enhancement received for impaired and past due loans. General governments,""SUM({T(F_18.00.d)R(0090,0193,0223)C(0200)},{T(F_18.00.c)R(0090,0193,0223)C(0210)})""";;
"CRCE0201,Original exposure pre-conversion factors exposures class-by-exposure class (IRB): Central governments and central banks,""SUM({T(C_08.01.a)R(0010)C(0020)S(qx2021)},{T(C_08.01.a)R(0010)C(0020)S(qx2020)})""";;
"MARK125_C,Share of total general government exposures divided by total assets,""DIVIDE(SUM({T(C_33.00.a)R(0010)C(0030-0070)S(x1)}),{BSFA0200})""";;
"CACO6800,Participations in insurance undertakings,""sum({T(C_01.00)R(0700)C(0010)},{T(C_01.00)R(0940)C(0010)})""";;
"LIQV0174,3Y Forecast for Total Assets,""COALESCE({T(P_01.01)R(220)C(050)},0)""";;
"MARK127,Share of general government exposures designated at fair value through other comprehensive income divided by total general government exposures,""DIVIDE(SUM({T(C_33.00.a)R(0010)C(0080,0090)S(x1)}),{T(C_33.00.a)R(0010)C(0020)S(x1)})""";;
"LRQM0700,Required Stable Funding,""COALESCE({T(C_84.00.c)R(0010)C(0020)},{T(C_82.00.c)R(0010)C(0100)})""";;
"OPER87,Ratio total loss amount for damage to physical assets to total operational risk capital requirements,""DIVIDE({ORCE1614}, {CACE0500})""";;
CAP100,T2 ratio (%),For the formula specification please see the latest version of SUBA derived variables and indicators: https://darwin.escb.eu/livelink/livelink/app/nodes/1878940265;;
"IRRBB188,Percentage of NMDs repricing after 1Y,""COALESCE((DIVIDE(SUM(SUM({T(J_05.00.b)R(0270,0310,0350,0390)C(0070-0250,0320-0390)S(*)}),-SUM({T(J_05.00.b)R(0270,0310,0350,0390)C(0070-0120,0320-0370)S(*)})),SUM({T(J_05.00.b)R(0270,0310,0350,0390)C(0070-0250,0320-0390)S(*)}))),(DIVIDE(SUM(SUM({T(J_06.00.b)R(0270,0310,0350,0390)C(0070-0250,0320-0390)S(*)}),-SUM({T(J_06.00.b)R(0270,0310,0350,0390)C(0070-0120,0320-0370)S(*)})),SUM({T(J_06.00.b)R(0270,0310,0350,0390)C(0070-0250,0320-0390)S(*)}))),(DIVIDE(SUM(SUM({T(J_07.00.b)R(0270,0310,0350,0390)C(0070-0250,0320-0390)S(*)}),-SUM({T(J_07.00.b)R(0270,0310,0350,0390)C(0070-0120,0320-0370)S(*)})),SUM({T(J_07.00.b)R(0270,0310,0350,0390)C(0070-0250,0320-0390)S(*)}))))""";;
PROF160,Forecast error ROA t-2,{PROF139}-{PROF151};;
IRRBB204,∆MV - Parallel shock up;" Net derivatives MV change (excluding CF hedges hedging AC items) / Net MV change,""COALESCE((DIVIDE(SUM({T(J_02.00)R(0590)C(0140)S(*)},-{T(J_02.00)R(0630)C(0140)S(*)},{T(J_02.00)R(0530)C(0140)S(*)}),SUM({T(J_02.00)R(0570)C(0140)S(*)},-{T(J_02.00)R(0610)C(0140)S(*)}))),(DIVIDE(SUM({T(J_03.00)R(0590)C(0140)S(*)},-{T(J_03.00)R(0630)C(0140)S(*)},{T(J_03.00)R(0530)C(0140)S(*)}),SUM({T(J_03.00)R(0570)C(0140)S(*)},-{T(J_03.00)R(0610)C(0140)S(*)}))))""";
"MR_RMR_FRTB_3,3-month average of business subject to market risk in the Non-Trading book to Total RWA,""DIVIDE(MEAN(SUM({T(C_90.00)R(0010)C(0050,0060)}),SUM({T(C_90.00)R(0020)C(0050,0060)}), SUM({T(C_90.00)R(0030)C(0050,0060)})), {T(C_02.00.a)R(0010)C(0010)})""";;
MR_NRMR_CSR_BWL_SUM,Support formula to calculate other KRIs.,For the formula specification please see the latest version of SUBA derived variables and indicators: https://darwin.escb.eu/livelink/livelink/app/nodes/1821262705;;
"OPER10,Ratio total loss amount to operational risk capital requirements,""DIVIDE({OPER53}, {CACE0500})""";;
"IRRBB233,(Δ Obligations in credit spread widening scenario - Δ Assets in credit spread widening scenario) / T1 capital,""DIVIDE(SUM({SPE.DPI(PENS6R14CTO)},-{SPE.DPI(PENS6R26CTO)}),{CACO0200})""";;
"MARK130,Change in general government exposures designated at fair value through other comprehensive income over the past 6 months (Percentage),""DIVIDE(SUM({T(C_33.00.a)R(0010)C(0080,0090)S(x1)}),SUM({T(C_33.00.a)R(0010)C(0080,0090)S(x1)[T-2Q]}))-1""";;
ORCE1653,Negative loss adjustment amounts for external fraud,{T(C_17.01.a)R(0946)C(0020)};;
"PRFI2900,""Share of the profit (loss) of investments in subsidiaries, associates and joint ventures"",""COALESCE({T(F_02.00)R(0590)C(0010)},{T(F_02.00.dp)R(0590)C(0010)},{SPE.DPI(PRFI2900)})""";;
"LIQ290,3Y Forecasted Growth of Repurchase Agreements,""IFN({LIQV0181}=0 AND {LIQV0146}=0,0,IFN({LIQV0146}=0,1,DIVIDE({LIQV0181}-{LIQV0146},{LIQV0146})))""";;
"CRED64_1,Breakdown of NPL ratio Households - credit for consumption,""DIVIDE({T(F_18.00.a)R(0170)C(0060)},{T(F_18.00.a)R(0170)C(0010)})""";;
"PROF122,Contribution of Asset Management fee revenue versus total fee revenue,""DIVIDE({T(F_22.01)R(0070)C(0010)},{T(F_22.01)R(0010)C(0010)})""";;
"CLIM18,Emission intensity in the NFC portfolio (Scope 3) (non-EU),""SUM({CLIM14}, -{CLIM16})""";;
"LIQ230,Share in Funding Concentration per Counterparty Sector: Non-financial corporations (eba_CT:x20),""DIVIDE(SUM(LOGICAL({T(C_67.00.a)R(0020-0110)C(0030)S(0010)} EQ 'EBA:qSR(qx2040)') * {T(C_67.00.a)R(0020-0110)C(0060)S(0010)}), {LIQV0004})""";;
IDCARD687,Total SREP leverage ratio requirement (TSLRR),{T(C_47.00)R(0420)C(0010)};;
"PRFI3600,""Impairment or (-) reversal of impairment of investments in subsidiaries, joint ventures and associates"",""COALESCE({T(F_02.00)R(0510)C(0010)},{T(F_02.00_dp)R(0510)C(0010)},{SPE.DPI(PRFI3600)})""";;
"PROF78,NFC loans coming from Water supply (NACE code)/ Total NFC loans,""DIVIDE({T(F_06.01)R(0050)C(0010)},{T(F_06.01)R(0190)C(0010)})""";;
"OVERALL_CRED,Credit risk capital requirements,""SUM({CACE0100},{CACE0200})""";;
"CLIM05,Share of gross interest income from 7 key carbon-intensive sectors in the NFC portfolio (EU),""DIVIDE(SUM({SPE.DPI(CLIMNIIU004020)}, {SPE.DPI(CLIMNIIU005020)}, {SPE.DPI(CLIMNIIU006020)}, {SPE.DPI(CLIMNIIU007020)}, {SPE.DPI(CLIMNIIU008020)}, {SPE.DPI(CLIMNIIU019020)}, {SPE.DPI(CLIMNIIU023020)}, {SPE.DPI(CLIMNIIU035020)}, {SPE.DPI(CLIMNIIU047020)}, {SPE.DPI(CLIMNIIU020020)}, {SPE.DPI(CLIMNIIU024020)}, {SPE.DPI(CLIMNIIU025020)}), {SPE.DPI(CLIMNIIU056020)})""";;
"LIQ304,Backtesting Planned vs Actual Households Deposits,""IFN({LIQV0199}=0 AND {LIQV0198}=0,0,IFN({LIQV0198}=0,1,DIVIDE({LIQV0199}-{LIQV0198},{LIQV0198})))""";;
"LIQ217,Loan to Deposit ratio (extended),""DIVIDE(SUM({T(F_01.01)R(0090,0095,0099,0130,0144,0174,0178,0183,0233,0237)C(0010)}),SUM({BSFL0100},{BSFL0200}))""";;
STCE0405,Total capital requirements before cap: on balance sheet items as investor – traditional sec - IRB,{T(C_13.01)R(0210)C(0720)}*0.08;;
"PROF25,Liabilities (domestic activities) to total liabilities,""DIVIDE({BSFL3900}, {BSFL0500})""";;
"CRED17,Materiality of credit risk. Credit risk capital requirements / Total capital requirements,""DIVIDE(SUM({CACE0100}, {CACE0200}), {CACE0800})""";;
"PROF121,Size of Assets under Management compared to total assets,""DIVIDE({T(F_22.02)R(0010)C(0010)},COALESCE({T(F_01.01)R(0380)C(0010)},{T(F_01.01_dp)R(0380)C(0010)}))""";;
"MR_NRMR_PIT,""Assets & liabilities measured at measured at fair value through OCI to Total Assets [Max(T, average 4 quarters)]"",""MAX({MR_NRMR_SIZE_1}, MEAN({MR_NRMR_SIZE_1},{MR_NRMR_SIZE_1[T-1Q]},{MR_NRMR_SIZE_1[T-2Q]},{MR_NRMR_SIZE_1[T-3Q]}))""";;
SNL133837,Price-to-book ratio,For the formula specification please see the latest version of SUBA derived variables and indicators: https://darwin.escb.eu/livelink/livelink/app/nodes/1760025303;;
"BSFL3000,Deposits: Households-Held for trading,""COALESCE(sum({T(F_08.01.a)R(0310)C(0010)},{T(F_08.01.a)R(0310)C(0034)}),sum({T(F_08.01.a_dp)R(0310)C(0010)},{T(F_08.01.a_dp)R(0310)C(0034)}),{SPE.DPI(BSFL3000)})""";;
"LIQ80,Other liabilities,""COALESCE(SUM({T(F_01.02)R(0170,0240,0270,0280,0290)C(0010)}),SUM({T(F_01.02_dp)R(0170,0240,0270,0280,0290)C(0010)}))""";;
"CRED448,FAs and HFS: Share of accumulated negative changes of foreclosed assets,""DIVIDE({T(F_13.03.1.a)R(0020)C(0030)},{T(F_13.03.1.a)R(0020)C(0010)})""";;
"OPER17,Ratio gross loss amount for business disruption and system failures to total gross loss amount,""DIVIDE({ORCE1615}, {OPER53})""";;
"CRED233,Variation rate of loans to NFC by NACE economic sector - Real estate activities,""DIVIDE({CRNA111L}-{CRNA111L[T-1Y]}, {CRNA111L[T-1Y]})""";;
"PROF6_ex_minority,Return on equity excluding minority interests,""DIVIDE({PRFI1200},SUM({BSFE0100},-{BSFE0600}))""";;
"CRED246,Inflow of non-performing loans of the year / Performing loans at the end of the previous year (including interbank exposures),""DIVIDE( SUM(COALESCE(SUM({T(F_18.00.a)R(0070,0191,0221)C(0060)}) ,SUM({T(F_18.00.a_dp)R(0070,0191,0221)C(0060)})) ,-COALESCE(SUM({T(F_18.00.a)R(0070,0191,0221)C(0060)[T-1Y]}) ,SUM({T(F_18.00.a_dp)R(0070,0191,0221)C(0060)[T-1Y]}))) , SUM(COALESCE({T(F_18.00.a)R(0070,0191,0221)C(0010)[T-1Y]},{T(F_18.00.a_dp)R(0070,0191,0221)C(0010)[T-1Y]}), -COALESCE({T(F_18.00.a)R(0070,0191,0221)C(0060)[T-1Y]} ,{T(F_18.00.a_dp)R(0070,0191,0221)C(0060)[T-1Y]})))""";;
"IRRBB103,Change in the economic value of equity under Short Rates Shock Up divided by Tier 1 capital,""DIVIDE({T(J_01.00)R(0080)C(0010)S(x1)}, {CACO0200})""";;
IDCARD417_LSI,Total risk exposure amount for other risks,{T(C_02.00.a)R(0630)C(0010)}+{T(C_02.00.a)R(0640)C(0010)}+{T(C_02.00.a)R(0680)C(0010)}+{T(C_02.00.a)R(0690)C(0010)};;
"IRRBB247,(Δ Obligations after interest rate shock down - Δ Assets after interest rate shock down) / Tier 1 capital,""DIVIDE(SUM({SPE.DPI(PENSIRR8CTO)},-{SPE.DPI(PENSIRR15CTO)}),{CACO0200})""";;
"CRED5,Loans to households for credit for consumption / Total loans,""DIVIDE(COALESCE(SUM({T(F_18.00.a)R(0170,0913,0933)C(0010)}), {T(F_18.00.a.dp)R(0170)C(0010)}), {CRFA0100})""";;
"PROF155,Projected Total profit or loss after tax / Total assets at t as reported in year t-3,""COALESCE(DIVIDE({T(P_04.01)R(670)C(020)[T-3Y]},MEAN({T(P_01.01)R(220)C(030)[T-3Y]},{T(P_01.01)R(220)C(030)[T-4Y]})),DIVIDE({SPE.DPI(SRPR235C132)[T-3Y]},MEAN({T(P_01.01)R(220)C(030)[T-3Y]},{T(P_01.01)R(220)C(030)[T-4Y]})))""";;
"LEV502_LSI,""Value of single exposure excluded from P1R LR (w/o IPS, IG, Basel) to TLRE"",""DIVIDE(-MIN({T(C_47.00)R(0252)C(0010)},{T(C_47.00)R(0256)C(0010)},{T(C_47.00)R(0257)C(0010)},{T(C_47.00)R(0260)C(0010)},SUM({T(C_47.00)R(0261,0262,0263,0264)C(0010)}),SUM({T(C_47.00)R(0265,0266,0267)C(0010)}),{T(C_47.00)R(0268)C(0010)},{T(C_47.00)R(0900)C(0010)},{T(C_47.00)R(0910)C(0010)}), {T(C_47.00)R(0290)C(0010)})""";;
"CAP31,Market Risk Capital Requirements on Total Capital Requirements,""DIVIDE({CACE0400}, {CACE0800})""";;
"IDCARD529_BANKSTATS,Administrative expenses and depreciation - adapted (bankstats),""COALESCE(SUM({T(F_02.00)R(0355)C(0010)}, {T(F_02.00)R(0425)C(0010)}, -{T(F_02.00)R(0430)C(0010)}, -{T(F_02.00)R(0455)C(0010)}, -{T(F_02.00)R(0460)C(0010)}, -{T(F_02.00)R(0510)C(0010)}, -{T(F_02.00)R(0520)C(0010)}, {T(F_02.00)R(0580)C(0010)}, {T(F_02.00)R(0590)C(0010)}, {T(F_02.00)R(0600)C(0010)}, -{T(F_02.00)R(0610)C(0010)}),SUM({T(F_02.00.dp)R(0355)C(0010)}, {T(F_02.00.dp)R(0425)C(0010)}, -{T(F_02.00.dp)R(0430)C(0010)}, -{T(F_02.00.dp)R(0455)C(0010)}, -{T(F_02.00.dp)R(0460)C(0010)}, -{T(F_02.00.dp)R(0510)C(0010)}, -{T(F_02.00.dp)R(0520)C(0010)}, {T(F_02.00.dp)R(0580)C(0010)}, {T(F_02.00.dp)R(0590)C(0010)}, {T(F_02.00.dp)R(0600)C(0010)}, -{T(F_02.00.dp)R(0610)C(0010)}))""";;
CACO2500,Additional value adjustment necessary with respect to fair value instruments,{T(C_01.00)R(0290)C(0010)};;
"CAP20,Dynamics of own funds: Share premium,""DIVIDE({CACO1000}-{CACO1000[T-1Y]}, {CACO1000[T-1Y]})""";;
"MR_PRR_FADJ_DENSITY_L3_DEBT,Total FVadj on L3 Debt securities on total L3 Debt securities exposure,""DIVIDE(SUM({SPE.DPI(MRT4_r0080_c0080)}, {SPE.DPI(MRT4_r0080_c0100)}, {SPE.DPI(MRT4_r0080_c0120)}, {SPE.DPI(MRT4_r0080_c0140)}, {SPE.DPI(MRT4_r0080_c0160)}, {SPE.DPI(MRT4_r0080_c0180)}, {SPE.DPI(MRT4_r0080_c0200)}, {SPE.DPI(MRT4_r0110_c0080)}, {SPE.DPI(MRT4_r0110_c0100)}, {SPE.DPI(MRT4_r0110_c0120)}, {SPE.DPI(MRT4_r0110_c0140)}, {SPE.DPI(MRT4_r0110_c0160)}, {SPE.DPI(MRT4_r0110_c0180)}, {SPE.DPI(MRT4_r0110_c0200)}), SUM({SPE.DPI(MRT4_r0080_c0020)}, {SPE.DPI(MRT4_r0110_c0020)}))""";;
"CRED131,Increase of PD by Exposure class (for IRB and FIRB banks). FIRB Central Governments,""DIVIDE({CRCM0111}-{CRCM0111[T-1Y]}, {CRCM0111[T-1Y]})""";;
"ORCE1605,Total loss amount for retail banking,""MAX(SUM({T(C_17.01.a)R(0420)C(0080)},{T(C_17.01.a)R(0440)C(0080)}),{T(C_17.01.a)R(0420)C(0080)})""";;
"LANP1000a,Total loans and advances - Credit Institutions. Accumulated impairment on non-performing exposure,""COALESCE(SUM({T(F_18.00.b)R(0100,0194,0224)C(0150)}),SUM({T(F_18.00.b_dp)R(0100,0194,0224)C(0150)}))""";;
IDCARD83,RWA for credit risk (top 1st country),For the formula specification please see the latest version of SUBA derived variables and indicators: https://darwin.escb.eu/livelink/livelink/app/nodes/293814368;;
"PRFI0500,Net gains on financial assets and liabilities designated at FVPL,""COALESCE({T(F_02.00)R(0290)C(0010)},{T(F_02.00.dp)R(0290)C(0010)},{SPE.DPI(PRFI0500)})""";;
"CRED338,Performing coverage ratio,""DIVIDE(-SUM({T(F_18.00.b)R(0070,0191)C(0140)}),SUM({T(F_18.00.a)R(0070,0191,0221)C(0020)}))""";;
"CRED476,Number of the originated SRT NPE Securitizations.,""SUM(LOGICAL({T(C_14.00)R(*)C(0110)}='EBA:RS(x2)' AND {T(C_14.00)R(*)C(0061)}='EBA:RT(x15)' AND {T(C_14.00)R(*)C(0040)} IN ['EBA:RT(x20)', 'EBA:RT(x21)']))""";;
"IDCARD409_LSI,Provisions & impairments,""COALESCE({T(F_02.00)R(0430)C(0010)}+{T(F_02.00)R(0455)C(0010)}+{T(F_02.00)R(0460)C(0010)}+{T(F_02.00)R(0510)C(0010)}+{T(F_02.00)R(0520)C(0010)},{T(F_02.00.dp)R(0430)C(0010)}+{T(F_02.00.dp)R(0455)C(0010)}+{T(F_02.00.dp)R(0460)C(0010)}+{T(F_02.00.dp)R(0510)C(0010)}+{T(F_02.00.dp)R(0520)C(0010)})""";;
"CRED374_N,Numerator of core NPL ratio for NFC and HH adjusted with foreclosures,""COALESCE(SUM({T(F_18.00.a)R(0120,0196,0226,0150,0197,0227)C(0060)},{T(F_13.03.1.a)R(0020)C(0020)}), SUM({T(F_18.00.a_dp)R(0120,0196,0226,0150,0197,0227)C(0060)}))""";;
CAP111,P1 (CET1),0.045;;
"CAP48,Dynamics of capital requirements: Settlement and delivery risk capital requirements,""DIVIDE({CACE0600}-{CACE0600[T-1Y]}, {CACE0600[T-1Y]})""";;
"CRED19,Total RWA IRB / Total EAD IRB,""DIVIDE(SUM({CACE0200}*12.5, -{CRCM0300}*12.5, -{CRCM0200}*12.5), SUM({CRCE0601}, {CRCE0606}, {CRCE0607}, {CRCE0608}, {CRCE0618}))""";;
CAP92,Total SREP capital requirement (TSCR) ratio,{T(C_03.00)R(0130)C(0010)};;
"LIQV0160,1Y Forecast for Reverse Repurchase Agreements,""COALESCE({T(P_01.01)R(020)C(030)},0)""";;
"CAP44,Dynamics of capital requirements: Market risk capital requirements,""DIVIDE({CACE0400}-{CACE0400[T-1Y]}, {CACE0400[T-1Y]})""";;
"BSFL0400,Financial liabilities held for trading,""COALESCE(sum({T(F_01.02)R(0010)C(0010)},{T(F_01.02)R(0061)C(0010)}),sum({T(F_01.02_dp)R(0010)C(0010)},{T(F_01.02_dp)R(0061)C(0010)}),{SPE.DPI(BSFL0400)})""";;
"CRED472,Non Financial Coorporations: UTP share of total NPL,""DIVIDE(SUM({T(F_18.00.a)R(0120,0196,0226)C(0070)}),SUM({T(F_18.00.a)R(0120,0196,0226)C(0060)}))""";;
IDCARD87_LSI_CY,Geographical breakdown of assets. SSM country - Cyprus,{T(F_20.04)R(0010)C(0010)S(CY)}+{T(F_20.04)R(0040)C(0010)S(CY)}+{T(F_20.04)R(0080)C(0010)S(CY)}+{T(F_20.04)R(0140)C(0010)S(CY)};;
OPER76,Sum of the five largest losses for damage to physical assets,{T(C_17.01.a)R(0960)C(0050)};;
"LEV401B_LSI,Materiality of average SFTs in comparison to total leverage ratio exposure (TLRE) (using quarterly data),""ifn({MF_FYE}=0, DIVIDE(MEAN(SUM({T(C_47.00)R(0010,0020,0030,0040,0050)C(0010)[T-1Q]}), SUM({T(C_47.00)R(0010,0020,0030,0040,0050)C(0010)[T-2Q]}), SUM({T(C_47.00)R(0010,0020,0030,0040,0050)C(0010)[T-3Q]})), {T(C_47.00)R(0290)C(0010)}),ifn({MF_FYE}=3, DIVIDE(MEAN(SUM({T(C_47.00)R(0010,0020,0030,0040,0050)C(0010)}), SUM({T(C_47.00)R(0010,0020,0030,0040,0050)C(0010)[T-2Q]}), SUM({T(C_47.00)R(0010,0020,0030,0040,0050)C(0010)[T-3Q]})), {T(C_47.00)R(0290)C(0010)[T-1Q]}),ifn({MF_FYE}=6, DIVIDE(MEAN(SUM({T(C_47.00)R(0010,0020,0030,0040,0050)C(0010)}), SUM({T(C_47.00)R(0010,0020,0030,0040,0050)C(0010)[T-1Q]}), SUM({T(C_47.00)R(0010,0020,0030,0040,0050)C(0010)[T-3Q]})), {T(C_47.00)R(0290)C(0010)[T-2Q]}),ifn({MF_FYE}=9, DIVIDE(MEAN(SUM({T(C_47.00)R(0010,0020,0030,0040,0050)C(0010)}), SUM({T(C_47.00)R(0010,0020,0030,0040,0050)C(0010)[T-1Q]}), SUM({T(C_47.00)R(0010,0020,0030,0040,0050)C(0010)[T-2Q]})), {T(C_47.00)R(0290)C(0010)[T-3Q]}),1/0))))""";;
"CRNA2011,Collateral and other credit enhancement received for impaired and past due loans. Credit institutions,""SUM({T(F_18.00.d)R(0100,0194,0224)C(0200)},{T(F_18.00.c)R(0100,0194,0224)C(0210)})""";;
"LIQV0031,1Y retail deposits funding spread (in basis points),""COALESCE({T(C_69.00.a)R(0020)C(0130)S(0010)}, {SPE.DPI(C69R020C130)})""";;
"PROF194,""Ratio of net interest income to Net Interest Income, excluding trading income"",""DIVIDE({PRFI4000},{PRFI0100})""";;
STCE0303,Total exposure value: on balance sheet items as investor – traditional sec - IRB,{T(C_13.01)R(0210)C(0210)};;
"PROF3_annual,Annualised ROA (after tax),""DIVIDE({PRFI2300_ANNUAL}, {IDCARD525})""";;
"MARK105,Estimation of Share of TDI in Total Capital Requirements,""DIVIDE(SUM({CACE1600}, DIVIDE(SUM({MRCE2901}, {MRCE2902}, {MRCE2911}, {MRCE2912}), SUM({MRCE0401}, {MRCE2000})) * {CACE1100}), {CACE0800})""";;
"CLUSTInterbankLoans,Total loans to credit institutions,""SUM({T(F_01.01)R(0040)C(0010)},{T(F_04.01)R(0150)C(0010)},{T(F_04.02.1)R(0140)C(0010)},{T(F_04.02.2)R(0150)C(0010)},{T(F_04.03.1)R(0140)C(0010)},{T(F_04.04.1)R(0100)C(0010)},{T(F_04.06)R(0150)C(0010)},{T(F_04.07)R(0150)C(0010)},{T(F_04.08)R(0150)C(0010)},{T(F_04.09)R(0100)C(0010)},{T(F_04.10)R(0150)C(0010)})""";;
CAP123,P1 (T1),0.06;;
"PROF20,Households' deposits to total deposits,""DIVIDE(SUM({BSFL3000}, {BSFL3100}, {BSFL3200}), SUM({BSFL0100}, {BSFL0200}, {BSFL0900}))""";;
"LIQV0169,1Y Forecast for Derivatives Liabilities,""COALESCE({T(P_01.02)R(360)C(030)},0)""";;
"CRED66,Forborne loans by type of counterparty / Total loans - Central governments,""DIVIDE({CRNAF003}, {CRFA0100})""";;
"LANP0500,Loans and advances at amortised cost - Credit institutions. Gross carrying amount,""COALESCE({T(F_18.00.a)R(0100)C(0010)},{T(F_18.00.a_dp)R(0100)C(0010)},{SPE.DPI(LANP0500)})""";;
"PROF129,Projected Core Revenue to Assets Ratio at t+1,""DIVIDE(SUM({PRFI4000_T1},{PRFI4100_T1},{PRFI4600_T1},{PRFI0300_T1},{PRFI2900_T1}),MEAN({T(P_01.01)R(220)C(010)},{T(P_01.01)R(220)C(030)})*{PROF999})""";;
"LEV502,Value of single largest exposure excluded from P1R-LR,""DIVIDE(-MIN(SUM({T(C_47.00)R(0270)C(0010)}),SUM({T(C_47.00)R(0250,0251)C(0010)}),SUM({T(C_47.00)R(0261,0262,0263,0264)C(0010)}),SUM({T(C_47.00)R(0265,0266,0267)C(0010)}),({T(C_47.00)R(0252)C(0010)}),SUM({T(C_47.00)R(0050,0081,0093,0102,0104,0120,0220)C(0010)}),({T(C_47.00)R(0240)C(0010)}),({T(C_47.00)R(0260)C(0010)}),({T(C_47.00)R(0253)C(0010)}),({T(C_47.00)R(0071)C(0010)}),({T(C_47.00)R(0254)C(0010)}),({T(C_47.00)R(0256)C(0010)}),({T(C_47.00)R(0257)C(0010)}),({T(C_47.00)R(0900)C(0010)}),({T(C_47.00)R(0910)C(0010)}),({T(C_47.00)R(0268)C(0010)})),{LEV001})""";;
"CRED311,NPL Forbearance ratio - Central banks,""DIVIDE(SUM({T(F_19.00.a)R(0080,0192,0222)C(0060)}),SUM({T(F_19.00.a)R(0080,0192,0222)C(0010)}))""";;
IRRBB_SV_EVE_2,Change in the Supervisory EVE under parallel IR shock down divided by Tier 1 capital,For the formula specification please see the latest version of SUBA derived variables and indicators: https://darwin.escb.eu/livelink/livelink/app/nodes/1821262705;;
MR_NRMR_EQR_BWL_WSTD_NUM_1,Support formula to calculate other KRIs.,For the formula specification please see the latest version of SUBA derived variables and indicators: https://darwin.escb.eu/livelink/livelink/app/nodes/1821262705;;
MR_PRR_XVA_BWL_SUM_WM,Support formula to calculate other KRIs.,For the formula specification please see the latest version of SUBA derived variables and indicators: https://darwin.escb.eu/livelink/livelink/app/nodes/1821262705;;
"LIQ14,Liquidity Coverage Ratio,""DIVIDE({LRLM0200}, {LRLM0300})""";;
"ORCE1615,Total loss amount for business disruption and system failures,""MAX(SUM({T(C_17.01.a)R(0920)C(0060)},{T(C_17.01.a)R(0940)C(0060)}),{T(C_17.01.a)R(0920)C(0060)})""";;
"CRED248,OTC derivatives (trading and hedging) / Total assets,""DIVIDE(SUM({CRFA4100}, {CRFA4110}), {BSFA0200})""";;
BSFA2100,Available-for-sale financial assets: Debt securities: Credit Institutions,{T(F_04.03.1)R(0080)C(0010)};;
"PROF23,Short positions (equity instruments and debt securities) to total financial liabilities,""DIVIDE({BSFL2200}, SUM({BSFL0400}, {BSFL2500}))""";;
IDCARD87_LSI_LU,Geographical breakdown of assets. SSM country - Luxembourg,{T(F_20.04)R(0010)C(0010)S(LU)}+{T(F_20.04)R(0040)C(0010)S(LU)}+{T(F_20.04)R(0080)C(0010)S(LU)}+{T(F_20.04)R(0140)C(0010)S(LU)};;
"PROF69,Interest income from Credit institutions/ Total loans and advances interest income,""DIVIDE({T(F_16.01)R(0110)C(0010)},{T(F_16.01)R(0080)C(0010)})""";;
"LIQV0076,2Y ABS spread (in basis points),""COALESCE({T(C_69.00.a)R(0075)C(0130)S(0010)}, {SPE.DPI(C69R070C130)})""";;
"CRED387_LSI,NPL inflow ratio,""DIVIDE(SUM(SUM({T(F_18.00.a)R(0070)C(0060)},{T(F_18.00.a)R(0191)C(0060)},{T(F_18.00.a)R(0221)C(0060)}),-SUM({T(F_18.00.a)R(0070)C(0060)[T-1Y]},{T(F_18.00.a)R(0191)C(0060)[T-1Y]},{T(F_18.00.a)R(0221)C(0060)[T-1Y]})),SUM(SUM({T(F_18.00.a)R(0070)C(0010)[T-1Y]},{T(F_18.00.a)R(0191)C(0010)[T-1Y]},{T(F_18.00.a)R(0221)C(0010)[T-1Y]}),-SUM({T(F_18.00.a)R(0070)C(0060)[T-1Y]},{T(F_18.00.a)R(0191)C(0060)[T-1Y]},{T(F_18.00.a)R(0221)C(0060)[T-1Y]})))""";;
"CRED454,Households: Movements among Stages S1-S2 (% of all movements),""DIVIDE({T(F_12.02)R(0130)C(0010)},SUM({T(F_12.02)R(0130)C(0010,0020,0030,0040,0050,0060)}))""";;
"LIQ84,Retail 6 months spread (basis points),""COALESCE({T(C_69.00.a)R(0020)C(0090)S(0010)}, {SPE.DPI(C69R020C090)})""";;
"LIQ46,Funding from TOP 10 counterparties to Total liabilities,""DIVIDE({LIQV0004}, SUM({LIQV0038}, {LIQV0004}))""";;
"CRMAT_N101,Share Non-Performing Loans and Advances to Households over Total Loans and Advances to Households,""DIVIDE(COALESCE(SUM({T(F_18.00.a)R(0150,0197,0227)C(0060)}), SUM({T(F_18.00.a_dp)R(0150,0197,0227)C(0060)})), {CRMAT_A101})""";;
"CRCE0107,Original exposure pre-conversion factors exposures class-by-exposure class (SA): Corporates,""SUM({T(C_07.00.a)R(0010)C(0010)S(qx2036)},{T(C_07.00.a)R(0010)C(0010)S(qx2037)})""";;
CAP94,OCR: to be made up of Tier 1 capital,{T(C_03.00)R(0180)C(0010)};;
"CRED6_1,Loans by type of collateral on Total Loans - Financial guarantees received,""DIVIDE({T(F_13.01)R(0010)C(0050)},SUM({T(F_18.00.a)R(0070,0191,0221)C(0010)}))""";;
MR_RMR_EQR_BWL_SUM,Support formula to calculate other KRIs.,For the formula specification please see the latest version of SUBA derived variables and indicators: https://darwin.escb.eu/livelink/livelink/app/nodes/1821262705;;
"CRNAF006,Loans and advances. Forborne exposures. Non-financial corporations,""SUM({T(F_19.00.a)R(0120,0196,0226)C(0010)})""";;
"MR_FWL,Potential impacts coming from market risks to Total RWA,""COALESCE(IFN(IFN(__attribute('ECBM_ENT', 'ACCOUNTFRAME')='IFRS',1,IFN(__attribute('ECBM_ENT', 'ACCOUNTFRAME')='nGAAP' AND __attribute('ECBM_ENT', 'ACCOUNTFRAMESOLO')='IFRS',0,IFN(__attribute('ECBM_ENT', 'ACCOUNTFRAMESOLO')='IFRS',1,0)))=1 OR __attribute('ECBM_ENT','SENDER') = 'ES2', SUM({MR_FWL_TB}, {MR_FWL_BBFVPL_EQ}, {MR_NRMR_EQR_FWL}, {MR_FWL_CVA}, {MR_PRR_VR_FWL}), SUM({MR_FWL_TB}, {MR_FWL_CVA}, {MR_PRR_VR_FWL}, -DIVIDE({T(F_01.01)R(0172,0235)C(0010)}*0.4,{T(C_02.00.a)R(0010)C(0010)}))),IFN(IFN(__attribute('ECBM_ENT', 'ACCOUNTFRAME')='IFRS',1,IFN(__attribute('ECBM_ENT', 'ACCOUNTFRAME')='nGAAP' AND __attribute('ECBM_ENT', 'ACCOUNTFRAMESOLO')='IFRS',0,IFN(__attribute('ECBM_ENT','ACCOUNTFRAMESOLO')='IFRS',1,0)))=1  OR __attribute('ECBM_ENT','SENDER') = 'ES2', SUM({MR_FWL_TB}, {MR_FWL_BBFVPL_EQ}, {MR_NRMR_EQR_FWL}, {MR_FWL_CVA}, {MR_PRR_VR_FWL}), SUM({MR_FWL_TB}, {MR_FWL_CVA}, {MR_PRR_VR_FWL}, -DIVIDE({T(F_01.01_dp)R(0172,0235)C(0010)}*0.4,{T(C_02.00.a)R(0010)C(0010)}))))""";;
"CRFA0702,Loans and advances past due for more than 90 days but not impaired. Central banks,""COALESCE(sum({T(F_07.01)R(0130)C(0030)},{T(F_07.01)R(0130)C(0060)}),{SPE.DPI(CRFA0702)})""";;
"OPER83,Ratio total loss amount for internal fraud to total operational risk capital requirements,""DIVIDE({ORCE1610}, {CACE0500})""";;
"MR_RMR_FRTB_16,Relevance of RRAO in relation to total ASA OFR,""DIVIDE(SUM({T(C_91.00)R(0120)C(0190)},{T(C_91.00)R(0130)C(0190)}),{T(C_91.00)R(0010)C(0190)})""";;
"CRED115,Evolution of total original exposure by class / Total original exposure by class. Institutions,""DIVIDE(SUM({CRCE0106}, {CRCE0206}) - SUM({CRCE0106[T-1Y]}, {CRCE0206[T-1Y]}), SUM({CRCE0106[T-1Y]}, {CRCE0206[T-1Y]}))""";;
"MR_PRR_L3,L3 Assets and Liabilities,""SUM({T(F_14.00)R(0010,0051,0056,0060,0101,0121,0125,0140,0150,0201,0210,0250)C(0030)})""";;
IDCARD87_LSI_AT,Geographical breakdown of assets. SSM country - Austria,{T(F_20.04)R(0010)C(0010)S(AT)}+{T(F_20.04)R(0040)C(0010)S(AT)}+{T(F_20.04)R(0080)C(0010)S(AT)}+{T(F_20.04)R(0140)C(0010)S(AT)};;
"CRMAT_V911,Share of Derivatives CCR RWEA over Total RWA,""DIVIDE(SUM({T(C_34.02)R(0010,0020,0030,0060,0070)C(0200)S(0001)}), {T(C_02.00.a)R(0010)C(0010)})""";;
"BSFA0100,Intangible and GW,""COALESCE({T(F_01.01)R(0300)C(0010)},{T(F_01.01_dp)R(0300)C(0010)},{SPE.DPI(BSFA0100)})""";;
"CRED139,Allowances / Total loans,""COALESCE(DIVIDE(-SUM({T(F_18.00.b)R(0070,0191,0221)C(0130)}),SUM({T(F_18.00.a)R(0070,0191,0221)C(0010)})),DIVIDE(-SUM({T(F_18.00.b_dp)R(0070,0191,0221)C(0130)}),SUM({T(F_18.00.a_dp)R(0070,0191,0221)C(0010)})))""";;
"PRFI6100_T1,Projected Three Year Average Net Trading (and Investment) Income at t+1,""MEAN({PRFI4600_T1},{PRFI4600},{PRFI4600[T-1Y]})""";;
"CRED493,Gross Coverage ratio,""DIVIDE(SUM(COALESCE(-{T(F_18.00.b)R(0070,0191,0221)C(0150)},-{T(F_18.00.b.dp)R(0070,0191,0221)C(0150)})),SUM(COALESCE({T(F_18.00.a)R(0070,0191,0221)C(0060)},{T(F_18.00.a.dp)R(0070,0191,0221)C(0060)})))""";;
"CRED204,""Breakdown of loans to NFC by NACE economic sector: Electricity, gas, steam and air conditioning supply"",""DIVIDE({T(F_06.01)R(0040)C(0010)},COALESCE(SUM({T(F_18.00.a)R(0070,0191,0221)C(0010)}),SUM({T(F_18.00.a_dp)R(0070,0191,0221)C(0010)})))""";;
MR_NRMR_SFX_CURRENCIES,Total number of exempted currencies,{SPE.DPI(MRT2_total)};;
MR_RMR_COM_BWL_SUM_WM,Support formula to calculate other KRIs.,For the formula specification please see the latest version of SUBA derived variables and indicators: https://darwin.escb.eu/livelink/livelink/app/nodes/1821262705;;
"MRFA1200_1,Financial assets designated at fair value through profit or loss: Equity instruments,""COALESCE(SUM({T(F_01.01)R(0097,0172)C(0010)}),SUM({T(F_01.01.dp)R(0097,0172)C(0010)}),{SPE.DPI(MRFA1200)})""";;
"MR_RMR_FRTB_5,Own funds requirements for Sensitivity based method to Total RWA,""DIVIDE(SUM({T(C_91.00)R(0020-0080)C(0190)}),{T(C_02.00.a)R(0010)C(0010)})""";;
"CAP36,Prudential filter / Tier 1 (quality of Tier 1),""DIVIDE(SUM({CACO2200}, {CACO2300}), {CACO0200})""";;
"LIQV0126,Planned 1Y Total Assets,""COALESCE({T(P_01.01)R(220)C(030)[T-1Y]},0)""";;
SNL133859,Market capitalisation,For the formula specification please see the latest version of SUBA derived variables and indicators: https://darwin.escb.eu/livelink/livelink/app/nodes/1760025303;;
"LIQ254,Backtesting Planned vs Actual Client Loans,""IFN({LIQV0135}=0 AND {LIQV0129}=0,0,IFN({LIQV0129}=0,1,DIVIDE({LIQV0135}-{LIQV0129},{LIQV0129})))""";;
IDCARD690,G-SII (LR),For the formula specification please see the latest version of SUBA derived variables and indicators: https://darwin.escb.eu/livelink/livelink/app/nodes/1878940265;;
"PRFI2900_T2,""Projected Share of the profit (loss) of investments in subsidiaries, associates and joint ventures at t+2"",{T(P_04.01)R(590)C(030)}";;
MR_BWL_THR,Threshold for triggering Market Risk flag in the P2R methodology,For the formula specification please see the latest version of SUBA derived variables and indicators: https://darwin.escb.eu/livelink/livelink/app/nodes/1821262705;;
IDCARD416_LSI,Total risk exposure amount for settlement risk,{T(C_02.00.a)R(0490)C(0010)};;
"IRRBB243,Liabilities modified duration,""COALESCE((SUM({T(J_02.00)R(0200)C(0020)S(*)}*DIVIDE({T(J_02.00)R(0200)C(0010)S(*)},SUM({T(J_02.00)R(0200)C(0010)S(*)})))),(SUM({T(J_03.00)R(0200)C(0020)S(*)}*DIVIDE({T(J_03.00)R(0200)C(0010)S(*)},SUM({T(J_03.00)R(0200)C(0010)S(*)})))),(SUM({T(J_04.00)R(0200)C(0020)S(*)}*DIVIDE({T(J_04.00)R(0200)C(0010)S(*)},SUM({T(J_04.00)R(0200)C(0010)S(*)})))))""";;
"IDCARD67,T1 ratio (fully loaded),""DIVIDE({IDCARD671}, {IDCARD306})""";;
"PROF108,3Y average Replacement rate (Asset management),""MEAN(COALESCE(DIVIDE(SUM({SPE.DPI(SRPRAM010110)[T-2Q]}, {SPE.DPI(SRPRAM200110)[T-2Q]}),SUM({SPE.DPI(SRPRAM010120)[T-2Q]}, {SPE.DPI(SRPRAM200120)[T-2Q]})),DIVIDE({SPE.DPI(SRPRAM100030)[T-2Q]}, {SPE.DPI(SRPRAM110030)[T-2Q]})),COALESCE(DIVIDE(SUM({SPE.DPI(SRPRAM010110)[T-1Q]}, {SPE.DPI(SRPRAM200110)[T-1Q]}),SUM({SPE.DPI(SRPRAM010120)[T-1Q]}, {SPE.DPI(SRPRAM200120)[T-1Q]})),DIVIDE({SPE.DPI(SRPRAM100030)[T-1Q]}, {SPE.DPI(SRPRAM110030)[T-1Q]})),DIVIDE(SUM({SPE.DPI(SRPRAM010110)}, {SPE.DPI(SRPRAM200110)}),SUM({SPE.DPI(SRPRAM010120)}, {SPE.DPI(SRPRAM200120)})))""";;
"IDCARD683,OCR + P2G (ID CARDS),""SUM({CAP112},{CAP114},{CAP102},{CAP109},{CAP104},{CAP110})""";;
PROF205,Automated viability anchor - Forecast error ROA for t-2,For the formula specification please see the latest version of SUBA derived variables and indicators: https://darwin.escb.eu/livelink/livelink/app/nodes/1821262705;;
"CRNA111B,Gross carrying amount of loans and advances to non-financial corporations - Mining and quarrying,""COALESCE({T(F_06.01)R(0020)C(0010)},{SPE.DPI(CRNA111B)})""";;
"PRFI0300_T3,Projected Net fee & commission income at t+3,""SUM({T(P_04.01)R(200)C(040)},-{T(P_04.01)R(210)C(040)})""";;
"OPER37,Ratio sum of the five largest losses for agency services to sum across all business lines of the sums of the five largest business line losses,""DIVIDE({ORNE1641}, SUM({ORNE1635}, {ORNE1636}, {ORNE1637}, {ORNE1638}, {ORNE1639}, {ORNE1640}, {ORNE1641}, {ORNE1642}, {ORNE1643}))""";;
"IDCARD9,Equity instruments,""COALESCE(SUM({T(F_01.01)R(0070,0093,0097,0110,0142,0172,0176,0235,0390)C(0010)}),SUM({T(F_01.01.dp)R(0070,0093,0097,0110,0142,0172,0176,0235,0390)C(0010)}))""";;
"BSFL2500,Financial liabilities excluding those held for trading,""COALESCE(sum({T(F_01.02)R(0070)C(0010)},{T(F_01.02)R(0110)C(0010)},{T(F_01.02)R(0141)C(0010)}),sum({T(F_01.02.dp)R(0070)C(0010)},{T(F_01.02.dp)R(0110)C(0010)},{T(F_01.02.dp)R(0141)C(0010)}),{SPE.DPI(BSFL2500)})""";;
IRRBB199,Hedging ratio;" Duration gap / Duration gap excluding hedging derivatives,""DIVIDE({IRRBB199_A},{IRRBB199_B}*{IRRBB199_C})""";
"LIQV0170,1Y Forecast for Other Liabilities,""COALESCE({T(P_01.02)R(381)C(030)},0)""";;
"CRFA3600_LSI,Loans and advances. Consumer credit,""COALESCE({T(F_18.00.a)R(0170)C(0010)},{T(F_18.00.a.dp)R(0170)C(0010)},{SPE.DPI(CRFA3600_LSI)})""";;
CAP119,AT1/T2 Gap,For the formula specification please see the latest version of SUBA derived variables and indicators: https://darwin.escb.eu/livelink/livelink/app/nodes/1878940265;;
"PROF51_LSI,3Y average Cost of Risk for LSIs,""DIVIDE({PRFI6300}, {PRFI6400})""";;
"CAP28,Dynamics of own funds: Other prudential filters,""DIVIDE({CACO2200}-{CACO2200[T-1Y]}, {CACO2200[T-1Y]})""";;
DQI2,Punctuality – data quality indicator,ITS_STE;;
"IDCARD548,Interest bearing assets,""SUM({T(F_01.01)R(0030,0040,0080,0090,0094,0095,0098,0099,0120,0130,0143,0144,0173,0174,0177,0178,0182,0183,0232,0233,0236,0237)C(0010)})""";;
"MARK100_QUARTERLY_C,Quaterly net gains on financial assets and liabilities held for trading / Market risk capital requirements,""DIVIDE({PRFI0400}-ifn({MF_FYE}=3,0,ifn({MF_FYE}=6,{PRFI0400[T-1Q]},ifn({MF_FYE}=9,{PRFI0400[T-1Q]},ifn({MF_FYE}=0,{PRFI0400[T-1Q]},1/0)))),{CACE0400})""";;
"CRED183_1,NP debt instruments / Total debt instruments,""COALESCE(DIVIDE(SUM({T(F_18.00.a)R(0180,0201,0231)C(0060)}),SUM({T(F_18.00.a)R(0180,0201,0231)C(0010)})),DIVIDE(SUM({T(F_18.00.a.dp)R(0180,0201,0231)C(0060)}),SUM({T(F_18.00.a.dp)R(0180,0201,0231)C(0010)})))""";;
"OPER112,""Total net loss amount for execution, delivery and process management excluding loss adjustments relating to previous reporting periods"",""SUM({T(C_17.01.a)R(0920)C(0070)}, - {T(C_17.01.a)R(0970)C(0070)}, - {T(C_17.01.a)R(0980)C(0070)})""";;
MR_PRR_CVA_BWL_1,3-year weighted volatility of quarterly CVA changes to Total CET1,For the formula specification please see the latest version of SUBA derived variables and indicators: https://darwin.escb.eu/livelink/livelink/app/nodes/1821262705;;
"IRRBB15,Change in the forecasted net interest income of the banking book under parallel interest rate increase of 200 bps divided by Total capital,""DIVIDE({T(J_01.00)R(0130)C(0010)S(x1)}, {CACO0100})""";;
"CLIM16,Emission intensity in the NFC portfolio (Scope 1 and 2) (non-EU),""DIVIDE(SUM({SPE.DPI(CLIMNIIU001110)}, {SPE.DPI(CLIMNIIU001120)}),SUM({T(D_01.00)R(0560)C(0010)}, -{SPE.DPI(CLIMNII056010)}))""";;
MR_NRMR_EQR_BWL,3-year weighted volatility of quarterly P&L and OCI changes (Equity instruments at FVOCI) to Total RWA,For the formula specification please see the latest version of SUBA derived variables and indicators: https://darwin.escb.eu/livelink/livelink/app/nodes/1821262705;;
"LIQ309,1Y Forecasted Growth of Financial Corporates Deposits,""IFN({LIQV0206}=0 AND {LIQV0203}=0,0,IFN({LIQV0203}=0,1,DIVIDE({LIQV0206}-{LIQV0203},{LIQV0203})))""";;
"CRED421,Counterparty Credit Risk: Corporates Share of total CCR EAD,""DIVIDE(SUM({T(C_07.00.b)R(0010)C(0210)S(qx2036)},{T(C_07.00.b)R(0010)C(0210)S(qx2037)}, {T(C_08.01.c)R(0010)C(0130)S(qx2079,qx2080,qx2015,qx2014,qx2013,qx2012)}), SUM({T(C_07.00.b)R(0010)C(0210)S(qx01)}, {T(C_08.01.c)R(0010)C(0130)S(qx2023,qx2022)}))""";;
"ORCE1666,""Gross loss from new events for execution, delivery and process management"",{T(C_17.01.a)R(0920)C(0070)}";;
"CRED490,Unmargined business’ CCR exposure value as a share of total CCR exposure value,""DIVIDE({T(C_34.02.b)R(0140)C(0170)S(0001)},{T(C_34.02.b)R(0110)C(0170)S(0001)})""";;
"CRNA1122,Gross carrying amount of loans and advances to households – Lending for house purchase (By purpose),""COALESCE({T(F_05.01)R(0120)C(0060)},{SPE.DPI(CRNA1122)})""";;
CRCM0101,PD assigned to the obligor grade or pool (%) by each exposure IRB class: Central governments and central banks with own estimates of LGD and/or conversion factors,{T(C_08.01.a)R(0010)C(0010)S(qx2021)};;
"PROF141,Core Revenue to Assets Ratio at t-1 (used for forecast errors only),""DIVIDE(SUM(SUM({PRFI4000[T-1Y]},{PRFI0300[T-1Y]},{PRFI4100[T-1Y]},{PRFI2900[T-1Y]}),MEAN({PRFI4600[T-1Y]},{PRFI4600[T-2Y]},{PRFI4600[T-3Y]})),MEAN({BSFA0200_FP[T-1Y]},{BSFA0200_FP[T-2Y]}))""";;
"CRNA111I,Gross carrying amount of loans and advances to non-financial corporations - Accommodation and food service activities,""COALESCE({T(F_06.01)R(0090)C(0010)},{SPE.DPI(CRNA111I)})""";;
"PRFI4000,""Net Interest Income, excluding trading income"",""SUM(SUM({T(F_02.00)R(0010,0100)C(0010)}),-SUM({T(F_02.00)R(0020,0090)C(0010)}))""";;
IDCARD49,ow: non-trading assets at FV,For the formula specification please see the latest version of SUBA derived variables and indicators: https://darwin.escb.eu/livelink/livelink/app/nodes/1878940265;;
"CRED388,NPL risk mitigation ratio: (Provisions + short fall without exemptions + own fund deductions + 90% of immovable property as collateral on loans and advances to households and non-financial corporations) / Non-performing loans and advances,""DIVIDE(SUM(SUM(-{T(F_18.00.b)R(0070,0191,0221)C(0150)}),SUM({SPE.DPI(NPESTR010C010)},{SPE.DPI(NPEATR010C010)},{SPE.DPI(NPESTR240C040)},{SPE.DPI(NPESTR240C050)},{SPE.DPI(NPESTR240C060)},{SPE.DPI(NPESTR240C070)},{SPE.DPI(NPESTR240C080)},{SPE.DPI(NPESTR240C090)},{SPE.DPI(NPEATR240C040)},{SPE.DPI(NPEATR240C050)},{SPE.DPI(NPEATR240C060)},{SPE.DPI(NPEATR240C070)},{SPE.DPI(NPEATR240C080)},{SPE.DPI(NPEATR240C100)},{SPE.DPI(NPEATR240C110)},{SPE.DPI(NPEATR240C120)}),0.9*SUM({T(F_18.00.d)R(0140,0160)C(0200)})),SUM({T(F_18.00.a)R(0070,0191,0221)C(0060)}))""";;
"PRFI0400,Net trading income,""COALESCE(sum({T(F_02.00)R(0280)C(0010)},{T(F_02.00)R(0285)C(0010)}),sum({T(F_02.00.dp)R(0280)C(0010)},{T(F_02.00.dp)R(0285)C(0010)}),{SPE.DPI(PRFI0400)})""";;
"PRFI3800,Commitments and guarantees given,""COALESCE({T(F_02.00)R(0440)C(0010)},{T(F_02.00_dp)R(0440)C(0010)},{SPE.DPI(PRFI3800)})""";;
CRED394_B,NFC portfolio - % of entire portfolio (STE),{SPE.DPI(S3CP06002)};;
"LEV106_LSI,Derivatives (excl written credit derivatives) to TLRE,""DIVIDE(SUM({T(C_47.00)R(0061,0065,0071,0081,0091,0092,0093,0101,0102,0103,0104,0110,0120)C(0010)}),{LEV001})""";;
"PRNA2700,Profit (loss) after tax from continuing operations (Domestic),""COALESCE({T(F_20.03)R(0270)C(0010)},{SPE.DPI(PRNA2700)})""";;
"MR_RMR_FRTB_25,Share of Commodity risk in total SBM OFR,""DIVIDE({T(C_91.00)R(0070)C(0190)},SUM({T(C_91.00)R(0020)C(0190)},{T(C_91.00)R(0030)C(0190)}, {T(C_91.00)R(0040)C(0190)}, {T(C_91.00)R(0050)C(0190)}, {T(C_91.00)R(0060)C(0190)}, {T(C_91.00)R(0070)C(0190)}, {T(C_91.00)R(0080)C(0190)}))""";;
"CRED54,Increase of total loans by type of Counterparty / Total loans by type of Counterparty - Other financial corporations,""DIVIDE({CRFA0603}-{CRFA0603[T-1Y]}, {CRFA0603[T-1Y]})""";;
"PRFI5300_ANNUAL,Annualised loans subject to impairment granted to all the counterparty types,""SUM({PRFI5300}, ifn({MF_FYE}=0, 0, ifn({MF_FYE}=3,{PRFI5300[T-1Q]}-{PRFI5300[T-1Y]},ifn({MF_FYE}=6,{PRFI5300[T-2Q]}-{PRFI5300[T-1Y]},ifn({MF_FYE}=9,{PRFI5300[T-3Q]}-{PRFI5300[T-1Y]},1/0)))))""";;
IDCARD87_LSI_LV,Geographical breakdown of assets. SSM country - Latvia,{T(F_20.04)R(0010)C(0010)S(LV)}+{T(F_20.04)R(0040)C(0010)S(LV)}+{T(F_20.04)R(0080)C(0010)S(LV)}+{T(F_20.04)R(0140)C(0010)S(LV)};;
LIQV0009,O/N liabilities from credit institutions,SUM({T(C_66.01.a)R(0300)C(0020)S(0010)});;
"BSFA3300,Financial assets measured at FVPL excluding those held for trading and hedging derivatives,""COALESCE(sum({T(F_01.01)R(0100)C(0010)},{T(F_01.01)R(0171)C(0010)}),sum({T(F_01.01_dp)R(0100)C(0010)},{T(F_01.01_dp)R(0171)C(0010)}),{SPE.DPI(BSFA3300)})""";;
"LIQV0154,Planned 1Y NSFR,""COALESCE({T(P_01.03)R(010)C(030)[T-1Y]},0)""";;
"MRFA1300_1,Financial assets designated at fair value through profit or loss: Debt securities,""COALESCE(SUM({T(F_01.01)R(0098,0120,0173)C(0010)}),SUM({T(F_01.01.dp)R(0098,0120,0173)C(0010)}),{SPE.DPI(MRFA1300)})""";;
"LIQV0042,Loan commitments given,""SUM(LOGICAL({T(F_00.01)R(0010)C(0010)}='EBA:AS(x1)')*{T(F_09.01)R(0010)C(0010)},LOGICAL({T(F_00.01)R(0010)C(0010)}='EBA:AS(x2)')*SUM({T(F_09.01.1)R(0010)C(0010,0020,0030,0100,0120)}))""";;
"LIQV0070,1Y unsecured wholesale deposits spread (in basis points),""COALESCE({T(C_69.00.a)R(0030)C(0110)S(0010)}, {SPE.DPI(C69R030C110)})""";;
STCE0408,Total capital requirements before cap: off balance sheet items and derivatives as sponsor – traditional sec - IRB,{T(C_13.01)R(0380)C(0720)}*0.08;;
"PRFI3800,Commitments and guarantees given,""COALESCE({T(F_02.00)R(0440)C(0010)},{T(F_02.00.dp)R(0440)C(0010)},{SPE.DPI(PRFI3800)})""";;
MR_RMR_BWL_SUM_WM_1,Support formula to calculate other KRIs.,For the formula specification please see the latest version of SUBA derived variables and indicators: https://darwin.escb.eu/livelink/livelink/app/nodes/1821262705;;
"BSFM0100,Derivatives held for trading [notional],""COALESCE({T(F_10.00)R(0290)C(0030)},{T(F_10.00_dp)R(0290)C(0030)},{SPE.DPI(BSFM0100)})""";;
"STCE0612,Total securitised exposures. Leasing,""COALESCE(SUM(LOGICAL({T(C_14.00)R(*)C(0160)}EQ'EBA:UE(x5)')*{T(C_14.00)R(*)C(0140)}),{SPE.DPI(STCE0612)})""";;
MR_PRR_PIT_THR,Threshold for triggering Market Risk flag in the P2R methodology,For the formula specification please see the latest version of SUBA derived variables and indicators: https://darwin.escb.eu/livelink/livelink/app/nodes/1821262705;;
"PROF21,Credit institutions' deposits to total deposits,""DIVIDE({BSFL0100}, SUM({BSFL0100}, {BSFL0200}, {BSFL0900}))""";;
"IDCARD322,Forborne exposures ratio numerator (IDCARD24),""COALESCE(SUM({T(F_19.00.a)R(0070,0191,0221)C(0010)}),SUM({T(F_19.00.a_dp)R(0070,0191,0221)C(0010)}))""";;
"BSFL2600_1,Financial liabilities measured at fair value to profit or loss excluding those held for trading,""COALESCE(SUM({T(F_01.02)R(0070,0150)C(0010)}),SUM({T(F_01.02.dp)R(0070,0150)C(0010)}))""";;
"CRMAT_S301,Share Non-Performing or Stage 2 Loans and Advances to Credit institutions or Other financial institutions over Total Loans and Advances to Credit institutions and Other financial institutions,""DIVIDE(SUM(SUM({T(F_18.00.a)R(0100,0194,0224,0110,0195,0225)C(0060)}),SUM({T(F_18.00.a)R(0100,0194,0110,0195)C(0057)})),SUM({T(F_18.00.a)R(0100,0194,0224,0110,0195,0225)C(0010)}))""";;
"LIQV0045b,Contractual 12M GAP,""SUM(SUM({T(C_66.01.a)R(0720,1080)C(0190)S(0010)}), SUM({T(C_66.01.a)R(0270,0280,0290)C(0020)S(0010)}))""";;
LEV411A,Notional value of projected additional own funds to cover window dressing (using SFTs daily data),For the formula specification please see the latest version of SUBA derived variables and indicators: https://darwin.escb.eu/livelink/livelink/app/nodes/1821262705;;
"IDCARD407_LSI,Tax liabilities,""COALESCE({T(F_01.02)R(0240)C(0010)},{T(F_01.02.dp)R(0240)C(0010)},{SPE.DPI(IDCARD407_LSI)})""";;
IRRBB_SV_EVE_5,Change in the Supervisory EVE under IR flattener divided by Tier 1 capital,For the formula specification please see the latest version of SUBA derived variables and indicators: https://darwin.escb.eu/livelink/livelink/app/nodes/1821262705;;
PROF208,Automated viability anchor - Forecast error COR for t-2,For the formula specification please see the latest version of SUBA derived variables and indicators: https://darwin.escb.eu/livelink/livelink/app/nodes/1821262705;;
IDCARD79,ow: OCI,For the formula specification please see the latest version of SUBA derived variables and indicators: https://darwin.escb.eu/livelink/livelink/app/nodes/1878940265;;
"MARK95_B,Level 3 assets (non-held for trading financial assets at FVPL) / Non-held for trading financial assets at FVPL,""DIVIDE({MRFA4800_1}, {BSFA3300_1})""";;
IDCARD87_LSI_SI,Geographical breakdown of assets. SSM country - Slovenia,{T(F_20.04)R(0010)C(0010)S(SI)}+{T(F_20.04)R(0040)C(0010)S(SI)}+{T(F_20.04)R(0080)C(0010)S(SI)}+{T(F_20.04)R(0140)C(0010)S(SI)};;
"PROF74,""NFC loans coming from Agriculture, forestry and fishing (NACE code)/ Total NFC loans"",""DIVIDE({T(F_06.01)R(0010)C(0010)},{T(F_06.01)R(0190)C(0010)})""";;
"PROF132,Projected Cost of Risk at t+1,""DIVIDE({T(P_04.01)R(460)C(020)},MEAN({T(P_01.01)R(220)C(010)},{T(P_01.01)R(220)C(030)}))""";;
"MR_RMR_FRTB_4,Own funds requirements for Alternative standardised approach to Total RWA,""DIVIDE({T(C_91.00)R(0010)C(0190)},{T(C_02.00.a)R(0010)C(0010)})""";;
"LEV415A_LSI,% Geo mean annual growth rate in TLRE (over 3 years),""((DIVIDE({LEV001[T-2Y]},{LEV001[T-3Y]})*DIVIDE({LEV001[T-1Y]}, {LEV001[T-2Y]})*DIVIDE({LEV001}, {LEV001[T-1Y]}))**DIVIDE(1,3))-1""";;
"OPER85,Ratio total loss amount for employment practices and workplace safety to total operational risk capital requirements,""DIVIDE({ORCE1612}, {CACE0500})""";;
"BSFM0100,Derivatives held for trading [notional],""COALESCE({T(F_10.00)R(0290)C(0030)},{T(F_10.00.dp)R(0290)C(0030)},{SPE.DPI(BSFM0100)})""";;
"CRFA0713,Loans and advances. Other collateralised loans. Impaired loans,""SUM({T(F_07.01)R(0280)C(0070,0080,0090)})""";;
"CRFA3200,Loans and advances. Other collateralised loans,""SUM({T(F_13.01)R(0010)C(0030,0031,0032,0041)})""";;
"LIQV0134,Actual Reverse Repurchase Agreements,""COALESCE({T(P_01.01)R(020)C(010)},0)""";;
"PRFI4100,""Dividend Income, excluding trading dividend income"",""SUM({T(F_02.00)R(0160)C(0010)},-{T(F_02.00)R(0170)C(0010)})""";;
"CRED155_LSI,Debt securities / Total assets,""DIVIDE(SUM({BSFA0700},{MRFA1000}), {BSFA0200})""";;
CRCE0516,Exposure value exposure class-by-exposure class (SA): Securitization,{T(C_13.01)R(0010)C(0280)};;
MR_RMR_CSR_BWL,3-year weighted volatility of quarterly P&L (Items at FVPL sensitive to CS) to Total RWA,For the formula specification please see the latest version of SUBA derived variables and indicators: https://darwin.escb.eu/livelink/livelink/app/nodes/1821262705;;
"LIQV0043,Contractual 3M GAP,""SUM({T(C_66.01.a)R(0720)C(0140)S(0010)},SUM({T(C_66.01.a)R(0270)C(0020, 0030-0140)S(0010)}),SUM({T(C_66.01.a)R(0280)C(0020, 0030-0140)S(0010)}),{T(C_66.01.a)R(0330)C(0020)S(0010)},-0.05*{T(C_66.01.a)R(0330)C(0020)S(0010)},-SUM({T(C_66.01.a)R(0600)C(0020, 0030-0140)S(0010)}),{T(C_66.01.a)R(1080)C(0140)S(0010)},-SUM({T(C_66.01.a)R(1000)C(0020, 0030-0140)S(0010)}))""";;
"CRFA0100,Loans and advances,""COALESCE(SUM({T(F_18.00.a)R(0005,0070,0191,0221)C(0010)}),SUM(-{T(F_18.00.a.dp)R(0010)C(0010)},{T(F_18.00.a.dp)R(0180,0191,0221)C(0010)}),{SPE.DPI(CRFA0100)})""";;
"PRFI2200,Impairment on non-financial assets,""COALESCE({T(F_02.00)R(0520)C(0010)},{T(F_02.00.dp)R(0520)C(0010)},{SPE.DPI(PRFI2200)})""";;
"MR_RMR_FWL_1,Potential impacts coming from regulatory market risks to Total CET1,""IFN(IFN(__attribute('ECBM_ENT', 'ACCOUNTFRAME')='IFRS',1,IFN(__attribute('ECBM_ENT', 'ACCOUNTFRAME')='nGAAP' AND __attribute('ECBM_ENT', 'ACCOUNTFRAMESOLO')='IFRS',0,IFN(__attribute('ECBM_ENT', 'ACCOUNTFRAMESOLO')='IFRS',1,0)))=1  OR __attribute('ECBM_ENT','SENDER') = 'ES2', SUM({MR_FWL_TB_1}, {MR_FWL_BBFVPL_EQ_1}), {MR_FWL_TB_1})""";;
"IDCARD48,Cash,""COALESCE({T(F_01.01)R(0010)C(0010)},{T(F_01.01.dp)R(0010)C(0010)})""";;
"CRED426,Counterparty Credit Risk: Exposures for trades at non-QCCPs /Total EAD,""DIVIDE({T(C_34.10)R(0120)C(0010)}, {T(C_34.02.b)R(0110)C(0170)S(0001)})""";;
LIQST005,Funding deficit/surplus (as % of total assets) Baseline case 3 Month.,https://darwin.escb.eu/livelink/livelink?func=ll&objId=305648124&objAction=browse&viewType=1;;
LEV411C_LSI,Nominal value of additional own funds (derivatives),{LEV412C}*0.03;;
IRNM0501,Change in the economic value of equity under parallel interest rate increase of 200 bps (Millions),{T(J_01.00)R(0040)C(0010)S(x1)};;
"MRFL1800,Financial liabilities designated at fair value through profit or loss: Other financial liabilities,""COALESCE({T(F_01.02)R(0100)C(0010)},{T(F_01.02.dp)R(0100)C(0010)},{SPE.DPI(MRFL1800)})""";;
IDCARD50,Other assets,For the formula specification please see the latest version of SUBA derived variables and indicators: https://darwin.escb.eu/livelink/livelink/app/nodes/1878940265;;
"CRED254_1,Variation rate of NPLs by type of counterparty - Non-financial corporations,""DIVIDE(SUM({T(F_18.00.a)R(0150,0197,0227)C(0060)})-SUM({T(F_18.00.a)R(0150,0197,0227)C(0060)[T-1Y]}),SUM({T(F_18.00.a)R(0150,0197,0227)C(0060)[T-1Y]}))""";;
"CRED466,Non Financial Coorporations: Outflow to NPLs (% of all Outflows) [All L&A except HfT and HfS],""DIVIDE({CRED467},{T(F_18.01)R(0150)C(0020)})""";;
"BSFL3500,Deposits: Other financial corporations-Amortised cost,""COALESCE(sum({T(F_08.01.a)R(0210)C(0030)},{T(F_08.01.a)R(0210)C(0035)}),sum({T(F_08.01.a_dp)R(0210)C(0030)},{T(F_08.01.a_dp)R(0210)C(0035)}),{SPE.DPI(BSFL3500)})""";;
"CRED411_DEN,Support formula to calculate other KRIs.,""SUM({T(F_20.04)R(0080,0140)C(0010)S(*)}, -{T(F_20.04)R(0080,0140)C(0011)S(*)})""";;
"MRFA4800,Financial assets designated at fair value through profit or loss: Fair value level 3,""COALESCE({T(F_14.00)R(0060)C(0030)},{SPE.DPI(MRFA4800)})""";;
"LIQV0027,2Y secured funding spread (in basis points),""COALESCE({T(C_69.00.a)R(0045)C(0130)S(0010)}, {SPE.DPI(C69R040C130)})""";;
MR_RMR_FXR_BWL_SUM_WM,Support formula to calculate other KRIs.,For the formula specification please see the latest version of SUBA derived variables and indicators: https://darwin.escb.eu/livelink/livelink/app/nodes/1821262705;;
"IDCARD533,Loan to stable funding ratio - Numerator,""SUM({CRNA1130},{CRFA0603},{CRFA0604},{CRFA0605},-COALESCE(SUM({T(C_80.00.a)R(0850)C(0010,0020,0030)}),SUM({T(C_82.00.a)R(0320)C(0010,0020)})))""";;
"LANP0200,Loans and advances at amortised cost. Gross carrying amount,""COALESCE(SUM({T(F_18.00.a)R(0005,0070)C(0010)}),SUM(-{T(F_18.00.a.dp)R(0010)C(0010)},{T(F_18.00.a.dp)R(0180)C(0010)}),{SPE.DPI(LANP0200)})""";;
"CRED62_1,Breakdown of NPL ratio by type of Counterparty - Households,""DIVIDE(SUM({T(F_18.00.a)R(0150,0197,0227)C(0060)}),SUM({T(F_18.00.a)R(0150,0197,0227)C(0010)}))""";;
"CRED185,Past due debt instruments / Debt instruments,""DIVIDE(COALESCE(SUM({T(F_07.01)R(0060,0120)C(0010,0060,0090)}),{SPE.DPI(CRFA1100)}),COALESCE(SUM(COALESCE(SUM({T(F_01.01)R(0144,0183)C(0010)}), SUM({T(F_01.01_dp)R(0144,0183)C(0010)})),COALESCE(SUM({T(F_01.01)R(0143,0182)C(0010)}), SUM({T(F_01.01_dp)R(0143,0182)C(0010)}))), {SPE.DPI(CRFA2200)}))""";;
"MARK131,Share of total general government exposures maturing within 1 year divided by total general government exposures,""DIVIDE(SUM({T(C_33.00.a)R(0170,0180)C(0020)S(x1)}),{T(C_33.00.a)R(0010)C(0020)S(x1)})""";;
IDCARD541,ow: from discontinued operations,{PRNA3700};;
"CRFA3110,Loans and advances. Mortgage loans. Commercial,""COALESCE({T(F_13.01)R(0010)C(0020)},{SPE.DPI(CRFA3110)})""";;
"MARK5,Breakdown of financial assets held for trading - Loans and advances,""DIVIDE({MRFA1100}, {CRFA1800})""";;
"PROF68,Interest income from General governments/ Total loans and advances interest income,""DIVIDE({T(F_16.01)R(0100)C(0010)},{T(F_16.01)R(0080)C(0010)})""";;
FWL7,4 Barrier CIR,For the formula specification please see the latest version of SUBA derived variables and indicators: https://darwin.escb.eu/livelink/livelink/app/nodes/1821262705;;
MR_PRR_XVA_BWL_WEIGHTS,Support formula to calculate other KRIs.,For the formula specification please see the latest version of SUBA derived variables and indicators: https://darwin.escb.eu/livelink/livelink/app/nodes/1821262705;;
"LIQ228,Share in Funding Concentration per Counterparty Sector: Credit institutions (eba_CT:x12),""DIVIDE(SUM(LOGICAL({T(C_67.00.a)R(0020-0110)C(0030)S(0010)} EQ 'EBA:CT(x12)') * {T(C_67.00.a)R(0020-0110)C(0060)S(0010)}), {LIQV0004})""";;
"MR_OCI_SFX,OCI changes from Investments in foreign operations and related hedges,""SUM(SUM({T(F_03.00)R(0110,0150)C(0010)}),-{T(F_03.00)R(0110,0150)C(0010)[T-1Q]})""";;
"PROF131,Projected Core Revenue to Assets Ratio at t+3,""DIVIDE(SUM({PRFI4000_T3},{PRFI4100_T3},{PRFI4600_T3},{PRFI0300_T3},{PRFI2900_T3}),MEAN({T(P_01.01)R(220)C(040)},{T(P_01.01)R(220)C(050)})*{PROF999})""";;
"PROF146,Cost of Risk at t-2 (used for forecast errors only),""COALESCE(DIVIDE({T(P_04.01)R(460)C(010)[T-2Y]},MEAN({T(P_01.01)R(220)C(010)[T-2Y]},{T(P_01.01)R(220)C(010)[T-3Y]})),DIVIDE({T(F_02.00)R(0460)C(0010)[T-2Y]},MEAN({T(P_01.01)R(220)C(010)[T-2Y]},{T(P_01.01)R(220)C(010)[T-3Y]})))""";;
"IDCARD321N,NPL ratio based on F18 denominator (IDCARD131N),""COALESCE(SUM({T(F_18.00.a)R(0070,0191,0221)C(0010)}),SUM({T(F_18.00.a_dp)R(0070,0191,0221)C(0010)}))""";;
"MARK52,Net gains on financial assets and liabilities held for trading / Total operating income,""DIVIDE({PRFI0400}, {PRFI0800})""";;
"PROF192,3-year average ROE,""MEAN({PROF191}, {PROF191[T-1Y]}, {PROF191[T-2Y]})""";;
MR_NRMR_SFX_BWL,3-year weighted volatility of quarterly OCI changes (Investments in foreign operations and related hedges) to Total RWA,For the formula specification please see the latest version of SUBA derived variables and indicators: https://darwin.escb.eu/livelink/livelink/app/nodes/1821262705;;
CACE1600,Market risk capital requirements under standardised approaches: traded debt instruments,{T(C_02.00.a)R(0540)C(0010)}*0.08;;
"IRRBB266,UL amount from total assets (after hedges) / Tier 1 capital,""DIVIDE({SPE.DPI(IRRBBT3_r0010_c0100)},{CACO0200})""";;
"CRFA0604,Loans and advances. Non-financial corporations,""COALESCE(SUM({T(F_18.00.a)R(0120,0196,0226)C(0010)}),SUM({T(F_18.00.a.dp)R(0120,0196,0226)C(0010)}),{SPE.DPI(CRFA0604)})""";;
MR_RMR_BWL_WEIGHTS_1,Support formula to calculate other KRIs.,For the formula specification please see the latest version of SUBA derived variables and indicators: https://darwin.escb.eu/livelink/livelink/app/nodes/1821262705;;
"MARK126,Share of general government exposures designated at amortised cost divided by total general government exposures,""DIVIDE(SUM({T(C_33.00.a)R(0010)C(0100,0110)S(x1)}),{T(C_33.00.a)R(0010)C(0020)S(x1)})""";;
"IDCARD321N,NPL ratio based on F18 denominator (IDCARD131N),""COALESCE(SUM({T(F_18.00.a)R(0070,0191,0221)C(0010)}),SUM({T(F_18.00.a.dp)R(0070,0191,0221)C(0010)}))""";;
IDCARD685,P2R (LR),For the formula specification please see the latest version of SUBA derived variables and indicators: https://darwin.escb.eu/livelink/livelink/app/nodes/1878940265;;
"IDCARD322,Forborne exposures ratio numerator (IDCARD24),""COALESCE(SUM({T(F_19.00.a)R(0070,0191,0221)C(0010)}),SUM({T(F_19.00.a.dp)R(0070,0191,0221)C(0010)}))""";;
"LIQV0158,1Y Forecast for Total Assets,""COALESCE({T(P_01.01)R(220)C(030)},0)""";;
MR_PRR_VR_BWL,3-year weighted volatility of quarterly AVAs changes to Total RWA,For the formula specification please see the latest version of SUBA derived variables and indicators: https://darwin.escb.eu/livelink/livelink/app/nodes/1821262705;;
IRRBB_SV_EVE_up,Supervisory View EVE - Interest Rates increase,For the formula specification please see the latest version of SUBA derived variables and indicators: https://darwin.escb.eu/livelink/livelink/app/nodes/1821262705;;
"MRFL1800,Financial liabilities designated at fair value through profit or loss: Other financial liabilities,""COALESCE({T(F_01.02)R(0100)C(0010)},{T(F_01.02_dp)R(0100)C(0010)},{SPE.DPI(MRFL1800)})""";;
"CRFA1600,Impaired financial assets,""SUM({T(F_07.01)R(0190)C(0070,0080,0090)})""";;
"LIQV0001,High quality liquid assets (LCR definition),""COALESCE({T(C_72.00.a)R(0010)C(0010)},{SPE.DPI(C72R010C010)})""";;
"CAP10,Dynamics of own funds: Eligible capital,""DIVIDE({CACO0500}-{CACO0500[T-1Y]}, {CACO0500[T-1Y]})""";;
"MR_FWL_1,Potential impacts coming from market risks to Total CET1,""COALESCE(IFN(IFN(__attribute('ECBM_ENT', 'ACCOUNTFRAME')='IFRS',1,IFN(__attribute('ECBM_ENT', 'ACCOUNTFRAME')='nGAAP' AND __attribute('ECBM_ENT', 'ACCOUNTFRAMESOLO')='IFRS',0,IFN(__attribute('ECBM_ENT', 'ACCOUNTFRAMESOLO')='IFRS',1,0)))=1  OR __attribute('ECBM_ENT','SENDER') = 'ES2',SUM({MR_FWL_TB_1}, {MR_FWL_BBFVPL_EQ_1}, {MR_NRMR_EQR_FWL_1}, {MR_FWL_CVA_1}, {MR_PRR_VR_FWL_1}), SUM({MR_FWL_TB_1},  {MR_FWL_CVA_1}, {MR_PRR_VR_FWL_1}, -DIVIDE({T(F_01.01)R(0172,0235)C(0010)}*0.4,{T(C_01.00)R(0020)C(0010)}))),IFN(IFN(__attribute('ECBM_ENT', 'ACCOUNTFRAME')='IFRS',1,IFN(__attribute('ECBM_ENT', 'ACCOUNTFRAME')='nGAAP' AND __attribute('ECBM_ENT', 'ACCOUNTFRAMESOLO')='IFRS',0,IFN(__attribute('ECBM_ENT', 'ACCOUNTFRAMESOLO')='IFRS',1,0)))=1  OR __attribute('ECBM_ENT','SENDER') = 'ES2',SUM({MR_FWL_TB_1}, {MR_FWL_BBFVPL_EQ_1}, {MR_NRMR_EQR_FWL_1}, {MR_FWL_CVA_1}, {MR_PRR_VR_FWL_1}), SUM({MR_FWL_TB_1},  {MR_FWL_CVA_1}, {MR_PRR_VR_FWL_1}, -DIVIDE({T(F_01.01.dp)R(0172,0235)C(0010)}*0.4,{T(C_01.00)R(0020)C(0010)}))))""";;
"IDCARD109,Total liabilities and equity,""COALESCE({T(F_01.03)R(0310)C(0010)},{T(F_01.03.dp)R(0310)C(0010)},SUM({SPE.DPI(BSFL0500)},{SPE.DPI(BSFE0100)}))""";;
"LIQ70,deposits from general governments,""COALESCE(SUM({T(F_08.01.a)R(0110)C(0010,0020,0030,0034,0035)}),SUM({T(F_08.01.a_dp)R(0110)C(0010,0020,0030,0034,0035)}))""";;
"CACE1313,Credit risk capital requirements: IRB and SA exposure classes excluding securitisation positions: Equity,""sum({T(C_02.00.a)R(0420)C(0010)},{T(C_02.00.a)R(0210)C(0010)})*0.08""";;
"PROF29,Net realised gains (losses) on financial assets & liabilities not measured at fair value through profit and loss to total operating income,""DIVIDE({PRFI0600}, {PRFI0800})""";;
"STCE0615,Total securitised exposures. Trade receivables,""COALESCE(SUM(LOGICAL({T(C_14.00)R(*)C(0160)}EQ'EBA:UE(x12)')*{T(C_14.00)R(*)C(0140)}),{SPE.DPI(STCE0615)})""";;
"IRRBB226,PTR  under  downward scenario  (weighted average PTR),""SUM(SUM({T(J_08.00.b)R(0120)C(0060)S(*)}*DIVIDE({T(J_08.00.a)R(0010)C(0010)S(*)},SUM({T(J_08.00.a)R(0010,0040,0070,0100)C(0010)S(*)}))), SUM({T(J_08.00.b)R(0130)C(0060)S(*)}*DIVIDE({T(J_08.00.a)R(0040)C(0010)S(*)},SUM({T(J_08.00.a)R(0010,0040,0070,0100)C(0010)S(*)}))),SUM({T(J_08.00.b)R(0140)C(0060)S(*)}*DIVIDE({T(J_08.00.a)R(0070)C(0010)S(*)},SUM({T(J_08.00.a)R(0010,0040,0070,0100)C(0010)S(*)}))),SUM({T(J_08.00.b)R(0150)C(0060)S(*)}*DIVIDE({T(J_08.00.a)R(0100)C(0010)S(*)},SUM({T(J_08.00.a)R(0010,0040,0070,0100)C(0010)S(*)}))))""";;
SUB_REQ_FINAL_TEM,The subordination requirment is legally binding. Deadline to meet the final target was 01/01/2024. In exceptional cases banks received a deadline extension according to Article 12 k (1) SRMR.,For the formula specification please see the latest version of SUBA derived variables and indicators: https://darwin.escb.eu/livelink/livelink/app/nodes/1821262705;;
"CRMAT_V611,Share of Foreclosed assets over Total Loans and Advances,""DIVIDE({CRMAT_A611},COALESCE(SUM({T(F_18.00.a)R(0070,0191,0221)C(0010)}),SUM({T(F_18.00.a.dp)R(0070,0191,0221)C(0010)})))""";;
"CRFA0900,Debt securities subject to impairment [gross of allowances for credit losses],""SUM({T(F_01.01)R(0143,0177,0182,0232,0236)C(0010)},-{T(F_12.01.a)R(0020,0190,0370,0610)C(0100)})""";;
"LIQV0007,O/N secured funding spread (in basis points),""COALESCE({T(C_69.00.a)R(0045)C(0010)S(0010)}, {SPE.DPI(C69R040C010)})""";;
IDCARD76,Loans,For the formula specification please see the latest version of SUBA derived variables and indicators: https://darwin.escb.eu/livelink/livelink/app/nodes/1878940265;;
"MR_FVADS,""Max (FV assets, Derivatives & SFTs) / RWA"",""DIVIDE(MAX(SUM(SUM({T(F_14.00)R(0250,0210,0201,0150,0140,0125,0121,0101,0060,0056,0051,0010)C(0030)}), SUM({T(F_14.00)R(0250,0210,0201,0150,0140,0125,0121,0101,0060,0056,0051,0010)C(0020)}), SUM({T(F_14.00)R(0250,0210,0201,0150,0140,0126,0121,0102,0060,0056,0051,0010)C(0010)})),SUM({T(C_47.00)R(0061,0065,0071,0081,0091,0092,0093,0101,0102,0103,0104,0110,0120,0130,0140,0010,0020,0030,0040,0050)C(0010)})), {CACE0900})""";;
"MR_RMR_FRTB_1,3-month average of business subject to market risk to Total RWA,""DIVIDE(MEAN({T(C_90.00)R(0010,0020,0030)C(0010)}), {T(C_02.00.a)R(0010)C(0010)})""";;
"CRMAT_O301,Share Off-Balance sheet commitments to Credit institutions and Other financial institutions over Total On-Balance Sheet Loans and Advances,""COALESCE(DIVIDE(SUM({T(F_18.00.e)R(0370,0380,0440,0450,0510,0520)C(0010)}),SUM({T(F_18.00.a)R(0070,0191,0221)C(0010)})),DIVIDE(SUM({T(F_18.00.e_dp)R(0370,0380,0440,0450,0510,0520)C(0010)}),SUM({T(F_18.00.a_dp)R(0070,0191,0221)C(0010)})))""";;
IDCARD87_LSI_ES,Geographical breakdown of assets. SSM country - Spain,{T(F_20.04)R(0010)C(0010)S(ES)}+{T(F_20.04)R(0040)C(0010)S(ES)}+{T(F_20.04)R(0080)C(0010)S(ES)}+{T(F_20.04)R(0140)C(0010)S(ES)};;
"CRED170,Credit risk capital requirements under standardised approach: SA exposure classes excluding securitisation positions: Covered bonds,""DIVIDE({CACE1212}*12.5, SUM({CACE0100}, {CACE0200})*12.5)""";;
"OPER113,Total net loss amount for internal fraud including loss adjustments relating to previous reporting periods,""SUM({OPER106},{T(C_17.01.a)R(0940)C(0010)})""";;
"BSFL1500,Financial liabilities designated at FVPL: Debt certificates (including bonds),""COALESCE({T(F_08.01.a)R(0360)C(0020)},{SPE.DPI(BSFL1500)})""";;
ORNE1642,Sum of five largest losses for asset management,{T(C_17.01.a)R(0760)C(0080)};;
"ORCE1612,Total loss amount for employment practices and workplace safety,""MAX(SUM({T(C_17.01.a)R(0920)C(0030)},{T(C_17.01.a)R(0940)C(0030)}),{T(C_17.01.a)R(0920)C(0030)})""";;
"MRFA2000,Derivatives held for trading - Assets - Carrying amount: OTC - Other financial corporations,""COALESCE({T(F_10.00)R(0310)C(0010)},{T(F_10.00_dp)R(0310)C(0010)},{SPE.DPI(MRFA2000)})""";;
"PROF54,Return on Regulatory Capital,""DIVIDE({T(F_02.00)R(0670)C(0010)},MEAN({CACE0900}*{CAP1},{CACE0900[T-1Y]}*{CAP1[T-1Y]}))""";;
"CAP70,Leverage ratio (transitional) reported value,""DIVIDE({IDCARD535},{IDCARD536})""";;
MR_NRMR_SFX_EXCESS,Number of currencies with excluded position in excess,For the formula specification please see the latest version of SUBA derived variables and indicators: https://darwin.escb.eu/livelink/livelink/app/nodes/1821262705;;
"LIQ286,3Y Forecasted Growth of Client Loans,""IFN({LIQV0177}=0 AND {LIQV0135}=0,0,IFN({LIQV0135}=0,1,DIVIDE({LIQV0177}-{LIQV0135},{LIQV0135})))""";;
"CRED394,Sector concentration (from concentration STE exposures),""DIVIDE(SUM({SPE.DPI(S3CL02001)}**2,{SPE.DPI(S3CL03001)}**2,{SPE.DPI(S3CL04001)}**2,{SPE.DPI(S3CL05001)}**2,{SPE.DPI(S3CL06001)}**2,{SPE.DPI(S3CL07001)}**2,{SPE.DPI(S3CL08001)}**2,{SPE.DPI(S3CL09001)}**2,{SPE.DPI(S3CL10001)}**2,{SPE.DPI(S3CL20001)}**2,{SPE.DPI(S3CL11001)}**2,{SPE.DPI(S3CL12001)}**2,{SPE.DPI(S3CL13001)}**2,{SPE.DPI(S3CL14001)}**2,{SPE.DPI(S3CL15001)}**2,{SPE.DPI(S3CL16001)}**2,{SPE.DPI(S3CL17001)}**2,{SPE.DPI(S3CL18001)}**2,{SPE.DPI(S3CL19001)}**2), {SPE.DPI(S3CP06001)}**2)""";;
"IDCARD32,Other,""{PRNA3600}-SUM({PRFI0800}, -{PRFI1000}, -{PRFI2200}, -{PRFI1300}, -{PRFI2100}, {PRFI3200})""";;
"LIQ64,USD funding ratio,""DIVIDE({LIQV0086}, {LIQV0117})""";;
"LIQ275,1Y Forecasted Growth of Deposits,""IFN({LIQV0166}=0 AND {LIQV0147}=0,0,IFN({LIQV0147}=0,1,DIVIDE({LIQV0166}-{LIQV0147},{LIQV0147})))""";;
"CRED407,Central banks and general governments: Share of Forbearance measures to already NPL (late flagging/late measure),""DIVIDE(SUM({T(F_19.00.a)R(0080,0090,0192,0193,0222,0223)C(0020)}), SUM({T(F_18.00.a)R(0080,0090,0192,0193,0222,0223)C(0060)}))""";;
BSFL0600,ow: trading derivatives liabilities,For the formula specification please see the latest version of SUBA derived variables and indicators: https://darwin.escb.eu/livelink/livelink/app/nodes/1878940265;;
"PRFI0900_QUARTERLY_ONEOFF,""Quarterly operating costs, excluding one-offs"",For the formula specification please see the latest version of SUBA derived variables and indicators: https://darwin.escb.eu/livelink/livelink/app/nodes/1821262705";;
MR_RMR_CSR_BWL_SUM,Support formula to calculate other KRIs.,For the formula specification please see the latest version of SUBA derived variables and indicators: https://darwin.escb.eu/livelink/livelink/app/nodes/1821262705;;
"CRED22_LSI,Quality of the portfolio. Non-performing loans / Total loans (excluding interbank loans),""DIVIDE({LANP0300A}-{LANP0600A}, {CRFA0100}-{LANP0400})""";;
STCE0201,Total capital requirements before cap: on balance sheet items as originator – traditional sec - SA,{T(C_13.01)R(0090)C(0740)}*0.08;;
LIQST004,Funding deficit/surplus (as % of total assets) Baseline case 1 Month.,https://darwin.escb.eu/livelink/livelink?func=ll&objId=305648124&objAction=browse&viewType=1;;
"MRFA4500,Financial assets held for trading: Loans and advances: Fair value level 3,""COALESCE({T(F_14.00)R(0050)C(0030)},{SPE.DPI(MRFA4500)})""";;
"CRED260_LSI,Credit risk capital requirements / Own Funds,""DIVIDE(SUM({CACE0100},{CACE0200}), {CACO0100})""";;
"CRED200,Debt securities at amortised cost (Bbook) / Total asset,""DIVIDE(SUM({BSFA2300}, {BSFA2400}), {BSFA0200})""";;
"CRED220,Breakdown of total loans by NACE economic sector - Households: lending for house purchase,""DIVIDE({T(F_05.01)R(0120)C(0060)},SUM({T(F_18.00.a)R(0070)C(0010)},{T(F_18.00.a)R(0191)C(0010)},{T(F_18.00.a)R(0221)C(0010)}))""";;
"LIQV0054,1W ABS spread (in basis points),""COALESCE({T(C_69.00.a)R(0075)C(0030)S(0010)}, {SPE.DPI(C69R070C030)})""";;
"MR_RMR_EQR_FWL,Potential impacts coming from Items at FVPL sensitive to EQ to Total RWA,""COALESCE(DIVIDE(-COALESCE({T(C_91.00)R(0060)C(0190)} + 0.4*SUM({T(F_01.01)R(0110,0097,0172)C(0010)}),SUM(0.08*SUM({T(C_02.00.a)R(0550,0557)C(0010)}), 0.4*SUM({T(F_01.01)R(0110,0097,0172)C(0010)}))), {CACE0900}), DIVIDE(-COALESCE({T(C_91.00)R(0060)C(0190)} + 0.4*SUM({T(F_01.01.dp)R(0110,0097,0172)C(0010)}),SUM(0.08*SUM({T(C_02.00.a)R(0550,0557)C(0010)}), 0.4*SUM({T(F_01.01.dp)R(0110,0097,0172)C(0010)}))), {CACE0900}))""";;
"OPER15,""Ratio gross loss amount for clients, products and business practices to total gross loss amount"",""DIVIDE({ORCE1613}, {OPER53})""";;
"LIQV0082,10Y ABS spread (in basis points),""COALESCE({T(C_69.00.a)R(0075)C(0170)S(0010)}, {SPE.DPI(C69R070C170)})""";;
"CRED5,Loans to households for credit for consumption / Total loans,""DIVIDE(COALESCE(SUM({T(F_18.00.a)R(0170,0913,0933)C(0010)}), {T(F_18.00.a_dp)R(0170)C(0010)}), {CRFA0100})""";;
CACO7100,Minimum initial capital required,{T(C_04.00)R(0830)C(0010)};;
"PROF114,Replacement rate (Custodian): yearly clients assets inflows/clients assets outflows,""DIVIDE({SPE.DPI(SRPRAM120030)}, {SPE.DPI(SRPRAM130030)})""";;
"PROF18,Deposits to total financial liabilities,""DIVIDE(SUM({BSFL0100}, {BSFL0200}), SUM({BSFL0400}, {BSFL2500}))""";;
"CRED306,NPL Coverage Ratio - Other financial corporations,""DIVIDE(-SUM({T(F_18.00.b)R(0110,0195,0225)C(0150)}),SUM({T(F_18.00.a)R(0110,0195,0225)C(0060)}))""";;
"MR_FWL_BBFVPL_EQ_1,Potential impacts coming from equity risk of BB instruments at FVPL to Total CET1,""COALESCE(-DIVIDE(SUM({T(F_01.01)R(0097,0110,0172)C(0010)})*0.4,{CACO5700}), -DIVIDE(SUM({T(F_01.01_dp)R(0097,0110,0172)C(0010)})*0.4,{CACO5700}))""";;
"CRMAT_O201,Share Off-Balance sheet commitments to NFCs over Total On-Balance Sheet Loans and Advances,""COALESCE(DIVIDE(SUM({T(F_18.00.e)R(0390,0460,0530)C(0010)}),SUM({T(F_18.00.a)R(0070,0191,0221)C(0010)})),DIVIDE(SUM({T(F_18.00.e.dp)R(0390,0460,0530)C(0010)}),SUM({T(F_18.00.a.dp)R(0070,0191,0221)C(0010)})))""";;
OPER74,Sum of the five largest losses for employment practices and workplace safety,{T(C_17.01.a)R(0960)C(0030)};;
"CRMAT_F201,Share of Performing Loans and Advances to NFCs with Forbearance Measures to Total Performing Loans and Advances to NFCs,""DIVIDE(SUM({T(F_19.00.a)R(0120,0196,0226)C(0020)}),SUM({T(F_18.00.a)R(0120,0196,0226)C(0020)}))""";;
"CRED339,Inflow NPL ratio,""COALESCE(DIVIDE(SUM({T(F_18.00.a)R(0070,0191,0221)C(0060)})-SUM({T(F_18.00.a)R(0070,0191,0221)C(0060)[T-1Y]}),SUM({T(F_18.00.a)R(0070,0191,0221)C(0060)[T-1Y]})),DIVIDE(SUM({T(F_18.00.a_dp)R(0070,0191,0221)C(0060)})-SUM({T(F_18.00.a_dp)R(0070,0191,0221)C(0060)[T-1Y]}),SUM({T(F_18.00.a_dp)R(0070,0191,0221)C(0060)[T-1Y]})))""";;
CAP117,Difference AT1,{CAP99}-{CAP115};;
"LIQ234,Share in Buffer Concentration per Issuer Sector: General governments (eba_CT:x1),""DIVIDE(SUM(LOGICAL({T(C_71.00.a)R(0020-0110)C(0030)S(0010)} EQ 'EBA:CT(x1)') * {T(C_71.00.a)R(0020-0110)C(0080)S(0010)}), {LIQV0012})""";;
"MR_RMR_FRTB_18,Relevance of exotic underlying for RRAO,""DIVIDE({T(C_91.00)R(0120)C(0190)},SUM({T(C_91.00)R(0120)C(0190)},{T(C_91.00)R(0130)C(0190)}))""";;
"PROF196,Ratio of Net Trading (and Investment) Income to,""DIVIDE({PRFI4600},{PRFI6200})""";;
CRCM0111,PD assigned to the obligor grade or pool (%) by each exposure IRB class: Central governments and central banks without own estimates of LGD and/or conversion factors,{T(C_08.01.a)R(0010)C(0010)S(qx2020)};;
LIQ266,Backtesting Planned vs Actual LCR (in base points),({LIQV0157}-{LIQV0156})*100;;
"LEV412B_LSI,Exposure adjustment for window dressing (using SFTs quarterly data),""ifn({MF_FYE}=0, SUM(MEAN(SUM({T(C_47.00)R(0010,0020,0030,0040,0050)C(0010)[T-1Q]}), SUM({T(C_47.00)R(0010,0020,0030,0040,0050)C(0010)[T-2Q]}), SUM({T(C_47.00)R(0010,0020,0030,0040,0050)C(0010)[T-3Q]})), -SUM({T(C_47.00)R(0010,0020,0030,0040,0050)C(0010)})),ifn({MF_FYE}=3, SUM(MEAN(SUM({T(C_47.00)R(0010,0020,0030,0040,0050)C(0010)}), SUM({T(C_47.00)R(0010,0020,0030,0040,0050)C(0010)[T-2Q]}), SUM({T(C_47.00)R(0010,0020,0030,0040,0050)C(0010)[T-3Q]})), -SUM({T(C_47.00)R(0010,0020,0030,0040,0050)C(0010)[T-1Q]})),ifn({MF_FYE}=6, SUM(MEAN(SUM({T(C_47.00)R(0010,0020,0030,0040,0050)C(0010)}), SUM({T(C_47.00)R(0010,0020,0030,0040,0050)C(0010)[T-1Q]}), SUM({T(C_47.00)R(0010,0020,0030,0040,0050)C(0010)[T-3Q]})), -SUM({T(C_47.00)R(0010,0020,0030,0040,0050)C(0010)[T-2Q]})),ifn({MF_FYE}=9, SUM(MEAN(SUM({T(C_47.00)R(0010,0020,0030,0040,0050)C(0010)}), SUM({T(C_47.00)R(0010,0020,0030,0040,0050)C(0010)[T-1Q]}), SUM({T(C_47.00)R(0010,0020,0030,0040,0050)C(0010)[T-2Q]})), -SUM({T(C_47.00)R(0010,0020,0030,0040,0050)C(0010)[T-3Q]})),1/0))))""";;
"LIQV0077,5Y unsecured wholesale deposits spread (in basis points),""COALESCE({T(C_69.00.a)R(0030)C(0150)S(0010)}, {SPE.DPI(C69R030C150)})""";;
"LIQ283,3Y Forecasted Growth of Total Assets,""IFN({LIQV0174}=0 AND {LIQV0132}=0,0,IFN({LIQV0132}=0,1,DIVIDE({LIQV0174}-{LIQV0132},{LIQV0132})))""";;
"LIQ255,Backtesting Planned vs Actual Derivatives Assets,""IFN({LIQV0136}=0 AND {LIQV0130}=0,0,IFN({LIQV0130}=0,1,DIVIDE({LIQV0136}-{LIQV0130},{LIQV0130})))""";;
"MARK132_C,Share of total general government exposures maturing beyond 1 year but within 5 years divided by total general government exposures,""DIVIDE(SUM({T(C_33.00.a)R(0190,0200,0210)C(0030-0070)S(x1)}),{MARK139})""";;
"CRED302,NPL Coverage Ratio - General governments,""DIVIDE(-SUM({T(F_18.00.b)R(0090,0193,0223)C(0150)}),SUM({T(F_18.00.a)R(0090,0193,0223)C(0060)}))""";;
CRED481,Total Capital Consumption of retained originated SRT tranches,For the formula specification please see the latest version of SUBA derived variables and indicators: https://darwin.escb.eu/livelink/livelink/app/nodes/1821262705;;
"BSFA3200,Financial assets excluding those held for trading,""COALESCE(SUM({T(F_01.01)R(0010,0096,0100,0141,0171,0175,0181,0231,0234)C(0010)}),SUM({T(F_01.01_dp)R(0010,0096,0100,0141,0171,0175,0181,0231,0234)C(0010)}),{SPE.DPI(BSFA3200)})""";;
CRMAT_A901,Absolute volume of CCR RWEA,{T(C_34.02)R(0110)C(0200)S(0001)};;
"LIQ212,4 Quarter Standard Deviation of relative changes for Outflows,""STD(COALESCE({T(C_73.00.a)R(0010)C(0060)},{SPE.DPI(C73R010C060)})-COALESCE({T(C_73.00.a)R(0010)C(0060)[T-1Q]},{SPE.DPI(C73R010C060)[T-1Q]}),COALESCE({T(C_73.00.a)R(0010)C(0060)[T-1Q]},{SPE.DPI(C73R010C060)[T-1Q]})-COALESCE({T(C_73.00.a)R(0010)C(0060)[T-2Q]},{SPE.DPI(C73R010C060)[T-2Q]}),COALESCE({T(C_73.00.a)R(0010)C(0060)[T-2Q]},{SPE.DPI(C73R010C060)[T-2Q]})-COALESCE({T(C_73.00.a)R(0010)C(0060)[T-3Q]},{SPE.DPI(C73R010C060)[T-3Q]}),COALESCE({T(C_73.00.a)R(0010)C(0060)[T-3Q]},{SPE.DPI(C73R010C060)[T-3Q]})-COALESCE({T(C_73.00.a)R(0010)C(0060)[T-4Q]},{SPE.DPI(C73R010C060)[T-4Q]}))""";;
"LIQV0099,Non liquid assets collateral,""COALESCE({T(C_73.00.a)R(1010)C(0010)},{SPE.DPI(C73R1010C010)})""";;
"CAP37,Composition of credit risk capital requirements: Credit risk capital requirements under standardised approach,""DIVIDE({CACE0100}, SUM({CACE0100},{CACE0200}))""";;
"BSFL1000,Financial liabilities held for trading: Deposits from credit institutions,""COALESCE(SUM({T(F_08.01.a)R(0160)C(0010,0034)}),SUM({T(F_08.01.a_dp)R(0160)C(0010,0034)}),{SPE.DPI(BSFL1000)})""";;
"CRED154,Equity instruments (Bbook) / Total asset,""DIVIDE(SUM({T(F_01.01)R(0097,0110,0142,0172,0176,0235)C(0010)}),COALESCE({T(F_01.01)R(0380)C(0010)},{T(F_01.01.dp)R(0380)C(0010)},{SPE.DPI(BSFA0200)}))""";;
"IDCARD420_LSI,deposits from non-financial corporations,""COALESCE(SUM({T(F_08.01.a)R(0260)C(0010,0020,0030,0034,0035)}), SUM({T(F_08.01.dp)R(0260)C(0010,0020,0030,0034,0035)}))""";;
"LANP0400,Total Loans and advances - Credit institutions. Gross carrying amount (except HFT),""COALESCE(SUM({T(F_18.00.a)R(0100,0194,0224)C(0010)}),SUM({T(F_18.00.a.dp)R(0100,0194,0224)C(0010)}),{SPE.DPI(LANP0400)})""";;
"STCE0616,Total securitised exposures. Other,""COALESCE(SUM(LOGICAL({T(C_14.00)R(*)C(0160)}EQ'EBA:UE(x8)')*{T(C_14.00)R(*)C(0140)}),{SPE.DPI(STCE0616)})""";;
"PRFI0900_quarterly,Quarterly overhead costs,""{PRFI0900} - ifn({MF_FYE}=3, 0, ifn(({MF_FYE}=6) OR ({MF_FYE}=9) OR ({MF_FYE}=0), {PRFI0900[T-1Q]}, 1/0))""";;
IDCARD87,Assets (top 1st country),For the formula specification please see the latest version of SUBA derived variables and indicators: https://darwin.escb.eu/livelink/livelink/app/nodes/293814368;;
"PRFI2900,""Share of the profit (loss) of investments in subsidiaries, associates and joint ventures"",""COALESCE({T(F_02.00)R(0590)C(0010)},{T(F_02.00_dp)R(0590)C(0010)},{SPE.DPI(PRFI2900)})""";;
"CRFA0700,Specific allowances for loans,""COALESCE(SUM(-{T(F_18.00.b)R(0005,0070,0191,0221)C(0150)}),-SUM(-{T(F_18.00.b_dp)R(0010)C(0150)},{T(F_18.00.b_dp)R(0180,0191,0221)C(0150)}))""";;
"MR_RMR_61,Trading interest rate derivatives excluding Economic hedges to Total Assets and Liabilities,""DIVIDE(SUM({T(F_10.00)R(0010)C(0010)},{T(F_10.00)R(0010)C(0020)},-{T(F_10.00)R(0020)C(0010)}, -{T(F_10.00)R(0020)C(0020)}),SUM({T(F_01.01)R(0380)C(0010)},{T(F_01.02)R(0300)C(0010)}))""";;
"MARK71,Breakdown of settlement / delivery risk capital requirements - trading book,""DIVIDE({MRCE0919}, {CACE0600})""";;
MRCE2100,Incremental default and migration risk capital charge: 12 weeks average measure,{T(C_24.00)R(0010)C(0070)};;
PROF178,Long-term COR average,For the formula specification please see the latest version of SUBA derived variables and indicators: https://darwin.escb.eu/livelink/livelink/app/nodes/1821262705;;
IDCARD519,General allowances for banking risks - Opening balance,-1*SUM({T(F_12.00)R(0500)C(0010)});;
"IRRBB161,Average maturity of Loans before prepayment modelling (Year(s)) [EUR only],""COALESCE({T(J_08.00.b)R(0160)C(0030)S(EUR)}, {T(J_09.00.b)R(0160)C(0030)S(EUR)})""";;
"CRFA2700,Allowances for individually and collectively assessed loans and advances: decreases due to amounts taken against allowances,""SUM(-{T(F_12.01.a)R(0080,0250,0430,0670)C(0080)})""";;
PROF176,Long-term CIR average,For the formula specification please see the latest version of SUBA derived variables and indicators: https://darwin.escb.eu/livelink/livelink/app/nodes/1821262705;;
"CRMAT_V901,Share of CCR RWEA over Total RWA,""DIVIDE({CRMAT_A901}, {T(C_02.00.a)R(0010)C(0010)})""";;
"CRED101,Composition of securitised exposures - Trade,""DIVIDE({STCE0615}, SUM({STCE0609}, {STCE0610}, {STCE0611}, {STCE0612}, {STCE0613}, {STCE0614}, {STCE0615}, {STCE0616}))""";;
"LIQV0059,1M ABS spread (in basis points),""COALESCE({T(C_69.00.a)R(0075)C(0050)S(0010)}, {SPE.DPI(C69R070C050)})""";;
"PRFI2100,Depreciation,""COALESCE({T(F_02.00)R(0390)C(0010)},{T(F_02.00_dp)R(0390)C(0010)},{SPE.DPI(PRFI2100)})""";;
"IDCARD684,OC Level (ID CARDS),""SUM({CAP58},{CAP99},{CAP100})""";;
"CRMAT_F111,Share of Performing Loans and Advances to Households Secured by RRE with Forbearance Measures to Total Performing Loans and Advances to Households Secured by RRE,""DIVIDE(SUM({T(F_19.00.a)R(0160,0910,0930)C(0020)}),SUM({T(F_18.00.a)R(0160,0910,0930)C(0020)}))""";;
MR_NRMR_SFX_FWL_1,Potential impacts coming from Structural FX risk to CET1,For the formula specification please see the latest version of SUBA derived variables and indicators: https://darwin.escb.eu/livelink/livelink/app/nodes/1821262705;;
FWL12,Supervisory expectation - CIR,For the formula specification please see the latest version of SUBA derived variables and indicators: https://darwin.escb.eu/livelink/livelink/app/nodes/1821262705;;
"LIQV0178,3Y Forecast for Derivatives Assets,""COALESCE({T(P_01.01)R(200)C(050)},0)""";;
"PROF147,Projected Total profit or loss after tax / Total assets at t as reported in year t-1,""COALESCE(DIVIDE({T(P_04.01)R(670)C(020)[T-1Y]},MEAN({T(P_01.01)R(220)C(030)[T-1Y]},{T(P_01.01)R(220)C(030)[T-2Y]})),DIVIDE({SPE.DPI(SRPR235C132)[T-1Y]},MEAN({T(P_01.01)R(220)C(030)[T-1Y]},{T(P_01.01)R(220)C(030)[T-2Y]})))""";;
"PROF6_LINEAR_SBS,Return on Equity. Linear annualization (YTD) of the numerator.,""DIVIDE({PRFI2300_LINEAR},{BSFE0100})""";;
"OPER28,Total Assets (change t-3 to t-1),""SQRT(DIVIDE({BSFA0200}, {BSFA0200[T-2Y]}))-1""";;
"OPER32,Ratio sum of the five largest losses for trading & sales to sum across all business lines of the sums of the five largest business line losses,""DIVIDE({ORNE1636}, SUM({ORNE1635}, {ORNE1636}, {ORNE1637}, {ORNE1638}, {ORNE1639}, {ORNE1640}, {ORNE1641}, {ORNE1642}, {ORNE1643}))""";;
"CRED214,""Breakdown of loans to NFC by NACE economic sector: Public administration and defence, compulsory social security"",""DIVIDE({T(F_06.01)R(0140)C(0010)},COALESCE(SUM({T(F_18.00.a)R(0070,0191,0221)C(0010)}),SUM({T(F_18.00.a_dp)R(0070,0191,0221)C(0010)})))""";;
ORCE1646,Positive loss adjustment amounts for employment practices and workplace safety,{T(C_17.01.a)R(0945)C(0030)};;
"MR_RMR_SIZE_1,Assets & liabilities measured at measured at fair value through P&L to Total Assets,""COALESCE(IFN(IFN(__attribute('ECBM_ENT', 'ACCOUNTFRAME')='IFRS',1,IFN(__attribute('ECBM_ENT', 'ACCOUNTFRAME')='nGAAP' AND __attribute('ECBM_ENT', 'ACCOUNTFRAMESOLO')='IFRS',0,IFN(__attribute('ECBM_ENT', 'ACCOUNTFRAMESOLO')='IFRS',1,0)))=1  OR  __attribute('ECBM_ENT','SENDER') = 'ES2', DIVIDE(SUM({T(F_01.01)R(0050,0096,0100)C(0010)},{T(F_01.02)R(0010,0070)C(0010)}), 2*{BSFA0200}), DIVIDE(SUM({T(F_01.01)R(0091)C(0010)}, {T(F_01.02)R(0061)C(0010)}), 2*{BSFA0200})),IFN(__attribute('ECBM_ENT', 'ACCOUNTFRAME', 'IFRS')=1 OR __attribute('ECBM_ENT', 'ACCOUNTFRAMESOLO', 'IFRS')=1  OR  __attribute('ECBM_ENT','SENDER') = 'ES2', DIVIDE(SUM({T(F_01.01.dp)R(0050,0096,0100)C(0010)},{T(F_01.02.dp)R(0010,0070)C(0010)}), 2*{BSFA0200}), DIVIDE(SUM({T(F_01.01.dp)R(0091)C(0010)}, {T(F_01.02.dp)R(0061)C(0010)}), 2*{BSFA0200})))""";;
"CRED261,Corporates Credit risk capital requirement,""SUM({CACE1407},{CACE1507},{CACE1207})""";;
"CLIM22,Share of collateral with unknown EPC in CRE portfolio (EU),""DIVIDE({T(D_02.00.a)R(0020)C(0150)}, {T(D_02.00.a)R(0010)C(0010)})""";;
"CRED387,NPL inflows ratio,""DIVIDE({T(F_18.01)R(0130)C(0010)},SUM({T(F_18.00.a)R(0070,0191,0221)C(0020)[T-1Y]}))""";;
"CAP46,Dynamics of capital requirements: Operational risk capital requirements,""DIVIDE({CACE0500}-{CACE0500[T-1Y]}, {CACE0500[T-1Y]})""";;
"MR_RMR_62,Trading interest rate derivatives (Asset) excluding Economic hedges to Total Assets,""DIVIDE(SUM({T(F_10.00)R(0010)C(0010)},-{T(F_10.00)R(0020)C(0010)}),{T(F_01.01)R(0380)C(0010)})""";;
"CRED178,Credit risk capital requirements under IRB approaches when neither own estimates of LGD nor conversion factors are used: IRB exposure classes excluding securitisation positions: Corporates,""DIVIDE({CACE1407}*12.5, SUM({CACE0100}, {CACE0200})*12.5)""";;
"CRED155,Debt securities (Bbook) / Total asset,""DIVIDE({BSFA0700}, {BSFA0200})""";;
"MR_RMR_IRR_FWL_1,Potential impacts coming from IRR in the TB to Total CET1,""DIVIDE(COALESCE(-{T(C_91.00)R(0020)C(0190)},-SUM({T(C_18.00)R(0011,0380)C(0060)S(0001)})),{T(C_01.00)R(0020)C(0010)})""";;
PRFI4700,Cash contributions to resolution funds and deposit guarantee schemes,{T(F_02.00)R(0385)C(0010)};;
"CLIM13,""Emission intensity in the NFC portfolio (Scope 1, 2 and 3) (EU)"",""DIVIDE({SPE.DPI(CLIMNIIU001040)}, {SPE.DPI(CLIMNIIU056010)})""";;
"CRED228,Variation rate of loans to NFC by NACE economic sector - Construction,""DIVIDE({CRNA111F}-{CRNA111F[T-1Y]}, {CRNA111F[T-1Y]})""";;
MRCM0100,Memorandum items: Number of overshooting during previous 250 working days,{T(C_24.00)R(0010)C(0140)};;
IRRBB24_LSI,Maximum economic value loss (IRRBB),For the formula specification please see the latest version of SUBA derived variables and indicators: https://darwin.escb.eu/livelink/livelink/app/nodes/1821262705;;
"LIQV0087,Liabilities providing stable funding in GBP,""SUM({T(C_81.00.x)R(0010)C(0010-0030)S(GBP)},-{T(C_81.00.w)R(0020)C(0010-0030)S(GBP)})""";;
BSFL0900,deposits from central banks,For the formula specification please see the latest version of SUBA derived variables and indicators: https://darwin.escb.eu/livelink/livelink/app/nodes/1878940265;;
"LIQ273,1Y Forecasted Growth of Total Liabilities,""IFN({LIQV0164}=0 AND {LIQV0145}=0,0,IFN({LIQV0145}=0,1,DIVIDE({LIQV0164}-{LIQV0145},{LIQV0145})))""";;
"LIQ97,CB funding ratio,""DIVIDE({BSFL0900}, SUM({BSFL0500}, - MIN(COALESCE({BSFA0300},0), COALESCE({BSFL0600},0))))""";;
IDCARD529,Administrative expenses and depreciation,For the formula specification please see the latest version of SUBA derived variables and indicators: https://darwin.escb.eu/livelink/livelink/app/nodes/1878940265;;
"PROF111,Contribution of Other fees from ancillary C activities versus total fee revenue,""DIVIDE(SUM({T(F_22.01)R(0020,0060,0080,0110,0150,0220)C(0010)}),{T(F_22.01)R(0010)C(0010)})""";;
PROF203,Automated viability anchor - Forecast error CRA for t-1,For the formula specification please see the latest version of SUBA derived variables and indicators: https://darwin.escb.eu/livelink/livelink/app/nodes/1821262705;;
"IRRBB154,Proportion of core deposits / Stock of Non-Maturity deposits [Retail Transactional] [EUR only],""DIVIDE(     SUM(COALESCE({T(J_08.00.a)R(0020)C(0010)S(EUR)}, {T(J_09.00.a)R(0020)C(0010)S(EUR)})),     SUM(COALESCE({T(J_08.00.a)R(0010)C(0010)S(EUR)}, {T(J_09.00.a)R(0010)C(0010)S(EUR)})) )""";;
MR_NRMR_SFX_FWL,Potential impacts coming from Structural FX risk to Total RWA,For the formula specification please see the latest version of SUBA derived variables and indicators: https://darwin.escb.eu/livelink/livelink/app/nodes/1821262705;;
"PROF171,Forecast error Average ROA,""IFN(ISNULL(MEAN({PROF159},{PROF160})),{PROF159},IFN(ISNULL(MEAN({PROF159},{PROF160},{PROF161})),MEAN({PROF159},{PROF160}),MEAN({PROF159},{PROF160},{PROF161})))""";;
"OPER25,Ratio loss amount for agency services to total loss amount,""DIVIDE({ORCE1607}, {OPER53})""";;
"LIQ306,Backtesting Planned vs Actual Financial Corporates Deposits,""IFN({LIQV0203}=0 AND {LIQV0202}=0,0,IFN({LIQV0202}=0,1,DIVIDE({LIQV0203}-{LIQV0202},{LIQV0202})))""";;
"PROF110,AuC trend over the past 3 years,""MEAN({T(F_22.02)R(0060)C(0010)},{T(F_22.02)R(0060)C(0010)[T-1Y]},{T(F_22.02)R(0060)C(0010)[T-2Y]})""";;
"PROF6_ANNUAL_ex_minority,Annual Return on equity excluding minority interests,""DIVIDE(SUM({PRFI1200}, ifn({MF_FYE}=0, 0, ifn({MF_FYE}=3, {PRFI1200[T-1Q]}-{PRFI1200[T-1Y]}, ifn({MF_FYE}=6, {PRFI1200[T-2Q]}-{PRFI1200[T-1Y]}, ifn({MF_FYE}=9, {PRFI1200[T-3Q]}-{PRFI1200[T-1Y]}, 1/0))))),MEAN({BSFE0600},{BSFE0600[T-1Q]},{BSFE0600[T-2Q]},{BSFE0600[T-3Q]}))""";;
CAP81,Aggregation weight for market risk,For the formula specification please see the latest version of SUBA derived variables and indicators: https://darwin.escb.eu/livelink/livelink/app/nodes/1821262705;;
"PROF3_LSI,ROA (Total profit or loss after tax / Total assets),""DIVIDE(SUM({PRFI2300},{IDCARD524},-{IDCARD519},{T(F_02.00)R(0455)C(0010)}), {BSFA0200})""";;
"PROF22,Other corporates' deposits to total deposits,""DIVIDE(SUM({BSFL3300}, {BSFL3400}, {BSFL3500}, {BSFL3600}, {BSFL3700}, {BSFL3800}), SUM({BSFL0100}, {BSFL0200}, {BSFL0900}))""";;
CRCE0503,Exposure value exposure class-by-exposure class (SA): Public sector entities,{T(C_07.00.a)R(0010)C(0200)S(qx22)};;
"PRFI1100_annual,Annual Profit or loss after tax from continuing operations (quarter to quarter),""SUM({PRFI1100}, ifn({MF_FYE}=0, 0, ifn({MF_FYE}=3, {PRFI1100[T-1Q]}-{PRFI1100[T-1Y]}, ifn({MF_FYE}=6, {PRFI1100[T-2Q]}-{PRFI1100[T-1Y]}, ifn({MF_FYE}=9, {PRFI1100[T-3Q]}-{PRFI1100[T-1Y]}, 1/0)))))""";;
"LANP0700,Total Loans and advances. Accumulated impairment (except HFT),""COALESCE(SUM({T(F_18.00.b)R(0005,0070,0191,0221)C(0130)}),SUM(-{T(F_18.00.b.dp)R(0010)C(0130)},{T(F_18.00.b.dp)R(0180,0191,0221)C(0130)}),{SPE.DPI(LANP0700)})""";;
"MR_PRR_CVA_SIZE,OTC derivatives and SFTs exposed to CVA risk (Fair value) to Total Assets,""DIVIDE({T(C_34.02.b)R(0140)C(0040)S(0001)},2*{BSFA0200})""";;
"IDCARD418_LSI,deposits from other financial corporations,""COALESCE(SUM({T(F_08.01.a)R(0210)C(0010,0020,0030,0034,0035)}), SUM({T(F_08.01.a_dp)R(0210)C(0010,0020,0030,0034,0035)}))""";;
"BSFA4100,Financial assets subject to impairment (Gross carrying amount),""COALESCE(SUM({T(F_18.00.a)R(0180,0201)C(0010)}),SUM({T(F_18.00.a_dp)R(0180,0201)C(0010)}))""";;
PRFI2300,Net Profit / Loss,For the formula specification please see the latest version of SUBA derived variables and indicators: https://darwin.escb.eu/livelink/livelink/app/nodes/1878940265;;
"CRFM0210,Derivatives-Hedge accounting. Of which OTC. Notional amount,""COALESCE(SUM({T(F_11.01)R(0510,0520,0530)C(0030)}),SUM({T(F_11.01.dp)R(0510,0520,0530)C(0030)}),{SPE.DPI(CRFM0210)})""";;
MRCE2903,Multiplication factor (ms) x average of previous 60 working days (VaRavg): Equities - General risk,{T(C_24.00)R(0060)C(0030)};;
"CRMAT_F231,Share of Performing CRE Loans and Advances with Forbearance Measures to Total Performing CRE Loans and Advances,""DIVIDE(SUM({T(F_19.00.a)R(0140,0903,0923)C(0020)}),SUM({T(F_18.00.a)R(0140,0903,0923)C(0020)}))""";;
PRFI4800,Non-recurring events,{SPE.DPI(SRPRNE250060)};;
"LIQ133,JPY committed facilities / Total CBC,""DIVIDE({T(C_66.01.w)R(1090)C(0020)S(JPY)}, {T(C_66.01.x)R(1080)C(0010)S(JPY)})""";;
MR_NRMR_CSR_BWL_1,3-year weighted volatility of quarterly P&L and OCI changes (Credit instruments at FVOCI) to Total CET1,For the formula specification please see the latest version of SUBA derived variables and indicators: https://darwin.escb.eu/livelink/livelink/app/nodes/1821262705;;
"PROF142,Cost of Risk at t-1 (used for forecast errors only),""COALESCE(DIVIDE({T(P_04.01)R(460)C(010)[T-1Y]},MEAN({T(P_01.01)R(220)C(010)[T-1Y]},{T(P_01.01)R(220)C(010)[T-2Y]})),DIVIDE({T(F_02.00)R(0460)C(0010)[T-1Y]},MEAN({T(P_01.01)R(220)C(010)[T-1Y]},{T(P_01.01)R(220)C(010)[T-2Y]})))""";;
IDCARD681,TC ratio (fully loaded) Numerator,{T(C_01.00)R(0010)C(0010)};;
"CRMAT_G121,YoY growth of absolute volume Loans and Advances to Households Credit for consumption,""DIVIDE(({CRMAT_A121}-{CRMAT_A121[T-1Y]}),{CRMAT_A121[T-1Y]})""";;
"PROF101,""Interest income from Derivatives - Hedge accounting, interest rate risk/ Total interest income"",""DIVIDE({T(F_16.01)R(0250)C(0010)},{T(F_16.01)R(0270)C(0010)})""";;
"IRRBB196,Pass-through rate of NMD over 1 year horizon for NMD wholesale non financial (parallel up),""SUM({T(J_08.00.b)R(0140)C(0050)S(*)}*DIVIDE({T(J_08.00.a)R(0070)C(0010)S(*)},SUM({T(J_08.00.a)R(0070)C(0010)S(*)})))""";;
LEV002,Exposures exempted in accordance with point (j) of Article 429a(1) CRR,{T(C_47.00)R(0260)C(0010)};;
PROF169,Forecast error COR t-2,{PROF142}-{PROF154};;
"CRED110,Increase of total loans by type of collateral / Total loans: Consumer,""DIVIDE(COALESCE({T(F_05.01)R(0110)C(0005)}-{T(F_05.01)R(0110)C(0005)[T-1Y]},0),{T(F_05.01)R(0080)C(0005)[T-1Y]})""";;
"IRRBB194,Pass-through rate of NMD over 1 year horizon for NMD retail transactional (parallel up),""SUM({T(J_08.00.b)R(0120)C(0050)S(*)}*DIVIDE({T(J_08.00.a)R(0010)C(0010)S(*)},SUM({T(J_08.00.a)R(0010)C(0010)S(*)})))""";;
STCE0205,Total capital requirements before cap: on balance sheet items as investor – traditional sec - SA,{T(C_13.01)R(0210)C(0740)}*0.08;;
"CRFA0711,Loans and advances. Mortgage loans. Impaired loans,""SUM({T(F_07.01)R(0270)C(0070,0080,0090)})""";;
"PRFI0900,Admin & depreciation,""COALESCE(sum({T(F_02.00)R(0360,0385,0390)C(0010)}),sum({T(F_02.00_dp)R(0360,0390)C(0010)}),{SPE.DPI(PRFI0900)},{SPE.DPI(PRFI1300)}+{SPE.DPI(PRFI2100)})""";;
"CAP138,Total capital headroom above P2G (fully-loaded) as % of RWA,""SUM({IDCARD68},-{CAP98})""";;
"CRED413,Country risk: Rest of the world exposure over total exposure in all countries,""SUM(1,-SUM({CRED414},{CRED412}))""";;
"IDCARD48_LSI,Cash,""COALESCE({T(F_01.01)R(0010)C(0010)},{T(F_01.01.dp)R(0010)C(0010)},{SPE.DPI(IDCARD48_LSI)})""";;
WS1NonEUCount,# of countries active outside SSM,Derived variables and indicators;;
"LIQV0033,retail and SME deposits,""SUM({T(C_66.01.a)R(0270,0280)C(0020,0030,0040,0050,0060,0070,0080,0090,0100,0110,0120,0130,0140,0150,0160,0170,0180,0190,0200,0210,0220)S(0010)})""";;
"CRED175,Credit risk capital requirements: IRB exposure classes excluding securitisation positions: Equity,""DIVIDE({CACE1313}*12.5, SUM({CACE0100}, {CACE0200})*12.5)""";;
"CAP17,Composition of own funds: Paid up capital,""DIVIDE({CACO0900}, {CACO0100})""";;
"LRSM0500,Required Stable Funding,""COALESCE({T(C_84.00.c)R(0010)C(0020)},{T(C_82.00.c)R(0010)C(0100)})""";;
"MR_PRR_TOTAL_DENSITY_DERIV,Total AVA plus Fadj on derivatives divided total derivatives exposure,""SUM({MR_PRR_FADJ_DENSITY_DERIV}, {MR_PRR_AVA_DENSITY_DERIV})""";;
"IRRBB180,Share of core NMDs in total NMDs,""DIVIDE(     SUM(COALESCE({T(J_08.00.a)R(0020,0050,0080)C(0010)S(*)}, {T(J_09.00.a)R(0020,0050,0080)C(0010)S(*)})),     SUM(COALESCE({T(J_08.00.a)R(0010,0040,0070,0100)C(0010)S(*)}, {T(J_09.00.a)R(0010,0040,0070,0100)C(0010)S(*)})) )""";;
"MRFL5300,Financial liabilities designated at fair value through profit or loss: Fair value level 3,""COALESCE({T(F_14.00)R(0210)C(0030)},{SPE.DPI(MRFL5300)})""";;
"CRED423,Counterparty Credit Risk: EAD Derivatives/ Total Assets,""DIVIDE(SUM({T(C_34.02.a)R(0010,0020,0030)C(0170)S(0001)}, {T(C_34.02.b)R(0060,0070)C(0170)S(0001)}), {BSFA4200})""";;
"ORCE1613,""Total loss amount for clients, products and business practices"",""MAX(SUM({T(C_17.01.a)R(0920)C(0040)},{T(C_17.01.a)R(0940)C(0040)}),{T(C_17.01.a)R(0920)C(0040)})""";;
"PRFI0100,Net interest income,""COALESCE(sum({T(F_02.00)R(0010)C(0010)},-{T(F_02.00)R(0090)C(0010)}),sum({T(F_02.00.dp)R(0010)C(0010)},-{T(F_02.00.dp)R(0090)C(0010)}),{SPE.DPI(PRFI0100)},{SPE.DPI(PRFI3400)}-{SPE.DPI(PRFI3500)})""";;
"PRFI0100_QUARTERLY,Quarterly net interest income,""{PRFI0100} - ifn({MF_FYE}=3, 0,ifn(({MF_FYE}=6) OR ({MF_FYE}=9) OR ({MF_FYE}=0), {PRFI0100[T-1Q]}, 1/0))""";;
MRCE2911,Stressed VaR. Multiplication factor (ms) x average of previous 60 working days (SVaRavg): Traded debt instruments - General risk,{T(C_24.00)R(0030)C(0050)};;
"LIQV0049,O/N ABS spread (in basis points),""COALESCE({T(C_69.00.a)R(0075)C(0010)S(0010)}, {SPE.DPI(C69R070C010)})""";;
MR_RMR_COM_BWL,3-year weighted volatility of quarterly P&L (Items at FVPL sensitive to COM) to Total RWA,For the formula specification please see the latest version of SUBA derived variables and indicators: https://darwin.escb.eu/livelink/livelink/app/nodes/1821262705;;
"PROF128,Projected Cost/income ratio at t+3,""DIVIDE(SUM({T(P_04.01)R(360,390)C(040)},IFN((SUBSTR({SPE.DPI(SRPRKD530030)},1,1)^='2'),ABS({SPE.DPI(SRPRKD520030)}),0)),SUM({T(P_04.01)R(355)C(040)},IFN((SUBSTR({SPE.DPI(SRPRKD530030)},1,1)='3') OR (SUBSTR({SPE.DPI(SRPRKD530030)},1,1)='4') OR (SUBSTR({SPE.DPI(SRPRKD530030)},1,1)='5'),ABS({SPE.DPI(SRPRKD520030)}),0)))""";;
"PRFI6400,Mean financial assets subject to impairment (LSIs - Gross carrying amount),""MEAN({PRFI6401},{PRFI6401[T-1Y]},{PRFI6401[T-2Y]})""";;
"BSFE0200,Share premium reserve,""COALESCE({T(F_01.03)R(0040)C(0010)},{T(F_01.03.dp)R(0040)C(0010)},{SPE.DPI(BSFE0200)})""";;
"CRED385,Gross NPL ratio (excluding cash balances at central banks),""DIVIDE(SUM(COALESCE({T(F_18.00.a)R(0070,0191,0221)C(0060)}, {T(F_18.00.a_dp)R(0070,0191,0221)C(0060)})),SUM(COALESCE({T(F_18.00.a)R(0070,0191,0221)C(0010)},{T(F_18.00.a_dp)R(0070,0191,0221)C(0010)})))""";;
"PRFI4100_T2,""Projected Dividend Income, at t+2"",{T(P_04.01)R(160)C(030)}";;
"IDCARD542_ANNUAL,Cost of Risk - Annual Numerator,""SUM({IDCARD542}, ifn({MF_FYE}=0, 0, ifn({MF_FYE}=3, {IDCARD542[T-1Q]}-{IDCARD542[T-1Y]}, ifn({MF_FYE}=6, {IDCARD542[T-2Q]}-{IDCARD542[T-1Y]}, ifn({MF_FYE}=9, {IDCARD542[T-3Q]}-{IDCARD542[T-1Y]}, 1/0)))))""";;
CRCE0510,Exposure value exposure class-by-exposure class (SA): Exposures in default,{T(C_07.00.a)R(0010)C(0200)S(qx12)};;
"LIQV0130,Planned 1Y Derivatives Assets,""COALESCE({T(P_01.01)R(200)C(030)[T-1Y]},0)""";;
CRMAT_A901,Absolute volume of CCR RWEA,{T(C_34.02.b)R(0110)C(0200)S(0001)};;
LIQST015,Cliff Effect indicator Extreme case.,https://darwin.escb.eu/livelink/livelink?func=ll&objId=305648124&objAction=browse&viewType=1;;
"IRRBBMAT_4_A,Delta modelled maturity Assets without derivatives,""SUM(DIVIDE(SUM({T(J_05.00.b)R(0010)C(0060)S(*)}*{T(J_05.00.b)R(0010)C(0010)S(*)},-{T(J_05.00.b)R(0140)C(0060)S(*)}*{T(J_05.00.b)R(0140)C(0010)S(*)}),SUM({T(J_05.00.b)R(0010)C(0010)S(*)},-{T(J_05.00.b)R(0140)C(0010)S(*)}))*DIVIDE(SUM({T(J_05.00.b)R(0010)C(0010)S(*)},-{T(J_05.00.b)R(0140)C(0010)S(*)}),SUM({T(J_05.00.b)R(0010)C(0010,0260)S(*)},-{T(J_05.00.b)R(0140)C(0010,0260)S(*)})),DIVIDE(SUM({T(J_05.00.b)R(0010)C(0310)S(*)}*{T(J_05.00.b)R(0010)C(0260)S(*)},-{T(J_05.00.b)R(0140)C(0310)S(*)}*{T(J_05.00.b)R(0140)C(0260)S(*)}),SUM({T(J_05.00.b)R(0010)C(0260)S(*)},-{T(J_05.00.b)R(0140)C(0260)S(*)}))*DIVIDE(SUM({T(J_05.00.b)R(0010)C(0260)S(*)},-{T(J_05.00.b)R(0140)C(0260)S(*)}),SUM({T(J_05.00.b)R(0010)C(0010,0260)S(*)},-{T(J_05.00.b)R(0140)C(0010,0260)S(*)})))""";;
"IDCARD543,Cost of Risk - Denominator,""SUM({T(F_04.03.1)R(0110)C(0015, 0030, 0040, 0041)},{T(F_04.04.1)R(0070)C(0015, 0030, 0040, 0041)},{T(F_04.08)R(0120)C(0040, 0050)},{T(F_04.09)R(0070)C(0010, 0020)},{T(F_04.10)R(0120)C(0015, 0020)})""";;
"CRFA0701,Impaired loans and advances. Central banks,""COALESCE(sum({T(F_07.01)R(0130)C(0070,0080,0090)}),{SPE.DPI(CRFA0701)})""";;
"CRED187,""Traditional securitisation, originator, outstanding amount, on-balance sheet items"",""DIVIDE(SUM({STCE0101}, {STCE0301}), {BSFA0200})""";;
"MR_FWL,Potential impacts coming from market risks to Total RWA,""COALESCE(IFN(IFN(__attribute('ECBM_ENT', 'ACCOUNTFRAME')='IFRS',1,IFN(__attribute('ECBM_ENT', 'ACCOUNTFRAME')='nGAAP' AND __attribute('ECBM_ENT', 'ACCOUNTFRAMESOLO')='IFRS',0,IFN(__attribute('ECBM_ENT', 'ACCOUNTFRAMESOLO')='IFRS',1,0)))=1 OR __attribute('ECBM_ENT','SENDER') = 'ES2', SUM({MR_FWL_TB}, {MR_FWL_BBFVPL_EQ}, {MR_NRMR_EQR_FWL}, {MR_FWL_CVA}, {MR_PRR_VR_FWL}), SUM({MR_FWL_TB}, {MR_FWL_CVA}, {MR_PRR_VR_FWL}, -DIVIDE({T(F_01.01)R(0172,0235)C(0010)}*0.4,{T(C_02.00.a)R(0010)C(0010)}))),IFN(IFN(__attribute('ECBM_ENT', 'ACCOUNTFRAME')='IFRS',1,IFN(__attribute('ECBM_ENT', 'ACCOUNTFRAME')='nGAAP' AND __attribute('ECBM_ENT', 'ACCOUNTFRAMESOLO')='IFRS',0,IFN(__attribute('ECBM_ENT','ACCOUNTFRAMESOLO')='IFRS',1,0)))=1  OR __attribute('ECBM_ENT','SENDER') = 'ES2', SUM({MR_FWL_TB}, {MR_FWL_BBFVPL_EQ}, {MR_NRMR_EQR_FWL}, {MR_FWL_CVA}, {MR_PRR_VR_FWL}), SUM({MR_FWL_TB}, {MR_FWL_CVA}, {MR_PRR_VR_FWL}, -DIVIDE({T(F_01.01.dp)R(0172,0235)C(0010)}*0.4,{T(C_02.00.a)R(0010)C(0010)}))))""";;
"MRFL2300,Derivatives held for trading - Liabilities - Carrying amount: OTC - Other financial corporations,""COALESCE({T(F_10.00)R(0310)C(0020)},{T(F_10.00.dp)R(0310)C(0020)},{SPE.DPI(MRFL2300)})""";;
"CAP101,Combined Buffer (%),""DIVIDE({T(C_04.00)R(0740)C(0010)}, {CACE0900})""";;
"CRED31,Foreclosed assets / Total Loans subject to impairment,""DIVIDE({CRFA2900}, {CRFA0600})""";;
"MR_PnL_BBAC,P&L from disposal of BB items measured at amortised cost,""SUM(SUM({T(F_02.00)R(0241,0260)C(0010)}),-{T(F_02.00)R(0241,0260)C(0010)[T-1Q]})""";;
"CRED224,Variation rate of loans to NFC by NACE economic sector - Mining and quarrying,""DIVIDE({CRNA111B}-{CRNA111B[T-1Y]}, {CRNA111B[T-1Y]})""";;
"CRMAT_N121,Share Non-Performing Loans and Advances to Households Credit for consumption over Total Loans and Advances to Households Credit for consumption,""DIVIDE(COALESCE(SUM({T(F_18.00.a)R(0170,0913,0933)C(0060)}), SUM({T(F_18.00.a.dp)R(0170)C(0060)})), {CRMAT_A121})""";;
"MARK132,Share of total general government exposures maturing beyond 1 year but within 5 years divided by total general government exposures,""DIVIDE(SUM({T(C_33.00.a)R(0190,0200,0210)C(0020)S(x1)}),{T(C_33.00.a)R(0010)C(0020)S(x1)})""";;
IDCARD541,ow: from discontinued operations,For the formula specification please see the latest version of SUBA derived variables and indicators: https://darwin.escb.eu/livelink/livelink/app/nodes/1878940265;;
"IDCARD68,TC ratio (fully loaded),""DIVIDE({IDCARD681}, {IDCARD306})""";;
MRFA3400,Financial assets held for trading: Debt securities - Other financial corporations,{T(F_04.01)R(0100)C(0010)};;
"CLIM02,Share of gross interest income from carbon intensive sectors in the NFC portfolio (non-EU),""DIVIDE({SPE.DPI(CLIMNIIU001080)}, {SPE.DPI(CLIMNIIU056080)})""";;
"IDCARD67,T1 ratio (fully loaded),""DIVIDE(SUM({T(C_01.00)R(0020)C(0010)},-{T(C_05.01)R(0010)C(0010)},-{T(C_01.00)R(0440)C(0010)},{T(C_01.00)R(0530)C(0010)},-{T(C_01.00)R(0740)C(0010)},-{T(C_05.01)R(0010)C(0020)},-{T(C_01.00)R(0720)C(0010)},MIN(SUM(0,{T(C_01.00)R(0750)C(0010)},-{T(C_01.00)R(0970)C(0010)},-{T(C_05.01)R(0010)C(0030)}),0)),SUM({T(C_02.00.a)R(0010)C(0010)},-{T(C_05.01)R(0010)C(0040)}))""";;
"CRED452,Households: Coverage S3,""DIVIDE(-SUM({T(F_18.00.b)R(0150,0197)C(0951)}),SUM({T(F_18.00.a)R(0150,0197)C(0121)}))""";;
"PRFI0700,Net other operating income,""COALESCE(sum({T(F_02.00)R(0340)C(0010)},-{T(F_02.00)R(0350)C(0010)}),sum({T(F_02.00.dp)R(0340)C(0010)},-{T(F_02.00.dp)R(0350)C(0010)}),{SPE.DPI(PRFI0700)})""";;
"CRMAT_V201,Share of Loans and Advances to NFCs over Total Loans and Advances,""COALESCE(DIVIDE(SUM({T(F_18.00.a)R(0120,0196,0226)C(0010)}),SUM({T(F_18.00.a)R(0070,0191,0221)C(0010)})),DIVIDE(SUM({T(F_18.00.a_dp)R(0120,0196,0226)C(0010)}),SUM({T(F_18.00.a_dp)R(0070,0191,0221)C(0010)})))""";;
"BSFE0100,Equity,""COALESCE({T(F_01.03)R(0300)C(0010)},{T(F_01.03.dp)R(0300)C(0010)},{SPE.DPI(BSFE0100)})""";;
"IRRBB230,Unrealised losses on debt securities (assets) after hedges over Tier 1 capital,""DIVIDE(SUM({SPE.DPI(IRRBBT3_r0020_c0020)},-{SPE.DPI(IRRBBT3_r0020_c0010)},{SPE.DPI(IRRBBT3_r0020_c0050)},{SPE.DPI(IRRBBT3_r0020_c0060)},{SPE.DPI(IRRBBT3_r0020_c0070)}),{CACO0200})""";;
"CLIM03,Share of gross fee and commission income from carbon intensive sectors in the NFC portfolio (EU),""DIVIDE({SPE.DPI(CLIMNIIU001030)}, {SPE.DPI(CLIMNIIU056030)})""";;
"PROF48_ANNUAL,Annual Core Revenue to Assets Ratio,""DIVIDE(SUM({PRFI5200} , ifn({MF_FYE}=0, 0, ifn({MF_FYE}=3, SUM({PRFI4000[T-1Q]},{PRFI0300[T-1Q]},{PRFI4100[T-1Q]},{PRFI2900[T-1Q]},MEAN({PRFI4600[T-1Q]},{PRFI4600[T-5Q]},{PRFI4600[T-9Q]}))-SUM({PRFI4000[T-1Y]},{PRFI0300[T-1Y]},{PRFI4100[T-1Y]},{PRFI2900[T-1Y]},MEAN({PRFI4600[T-1Y]},{PRFI4600[T-2Y]},{PRFI4600[T-3Y]})), ifn({MF_FYE}=6, SUM({PRFI4000[T-2Q]},{PRFI0300[T-2Q]},{PRFI4100[T-2Q]},{PRFI2900[T-2Q]},MEAN({PRFI4600[T-2Q]},{PRFI4600[T-6Q]},{PRFI4600[T-10Q]}))-SUM({PRFI4000[T-1Y]},{PRFI0300[T-1Y]},{PRFI4100[T-1Y]},{PRFI2900[T-1Y]},MEAN({PRFI4600[T-1Y]},{PRFI4600[T-2Y]},{PRFI4600[T-3Y]})), ifn({MF_FYE}=9, SUM({PRFI4000[T-3Q]},{PRFI0300[T-3Q]},{PRFI4100[T-3Q]},{PRFI2900[T-3Q]},MEAN({PRFI4600[T-3Q]},{PRFI4600[T-7Q]},{PRFI4600[T-11Q]}))-SUM({PRFI4000[T-1Y]},{PRFI0300[T-1Y]},{PRFI4100[T-1Y]},{PRFI2900[T-1Y]},MEAN({PRFI4600[T-1Y]},{PRFI4600[T-2Y]},{PRFI4600[T-3Y]})), 1/0))))), MEAN({BSFA4200},{BSFA4200[T-1Q]},{BSFA4200[T-2Q]},{BSFA4200[T-3Q]}))""";;
"MEAN_HH_NFC,Mean loans to HH and NFC in 2019Q4 and 2020Q4,""MEAN(IFN(__RPM()=1,SUM({T(F_18.00.a)R(0120,0196,0226,0150,0197,0227)C(0010)[T-1M]}),IFN(__RPM()=2,SUM({T(F_18.00.a)R(0120,0196,0226,0150,0197,0227)C(0010)[T-2M]}),IFN(__RPM()=3,SUM({T(F_18.00.a)R(0120,0196,0226,0150,0197,0227)C(0010)[T-3M]}),IFN(__RPM()=4,SUM({T(F_18.00.a)R(0120,0196,0226,0150,0197,0227)C(0010)[T-4M]}),IFN(__RPM()=5,SUM({T(F_18.00.a)R(0120,0196,0226,0150,0197,0227)C(0010)[T-5M]}),IFN(__RPM()=6,SUM({T(F_18.00.a)R(0120,0196,0226,0150,0197,0227)C(0010)[T-6M]}),IFN(__RPM()=7,SUM({T(F_18.00.a)R(0120,0196,0226,0150,0197,0227)C(0010)[T-7M]}),IFN(__RPM()=8,SUM({T(F_18.00.a)R(0120,0196,0226,0150,0197,0227)C(0010)[T-8M]}),IFN(__RPM()=9,SUM({T(F_18.00.a)R(0120,0196,0226,0150,0197,0227)C(0010)[T-9M]}),IFN(__RPM()=10,SUM({T(F_18.00.a)R(0120,0196,0226,0150,0197,0227)C(0010)[T-10M]}),IFN(__RPM()=11,SUM({T(F_18.00.a)R(0120,0196,0226,0150,0197,0227)C(0010)[T-11M]}),SUM({T(F_18.00.a)R(0120,0196,0226,0150,0197,0227)C(0010)[T-12M]})))))))))))),SUM({T(F_18.00.a)R(0120,0196,0226,0150,0197,0227)C(0010)}))""";;
"CRMAT_G201,YoY growth of absolute volume Loans and Advances to NFCs,""DIVIDE(({CRMAT_A201}-{CRMAT_A201[T-1Y]}),{CRMAT_A201[T-1Y]})""";;
MR_PRR_CVA_BWL_SUM_WM,Support formula to calculate other KRIs.,For the formula specification please see the latest version of SUBA derived variables and indicators: https://darwin.escb.eu/livelink/livelink/app/nodes/1821262705;;
LIQ200,LCP (months),For the formula specification please see the latest version of SUBA derived variables and indicators: https://darwin.escb.eu/livelink/livelink/app/nodes/1878940265;;
ORCE1648,Positive loss adjustment amounts for damage to physical assets,{T(C_17.01.a)R(0945)C(0050)};;
"MRFL2200,Derivatives held for trading - Liabilities - Carrying amount: OTC - Credit institutions,""COALESCE({T(F_10.00)R(0300)C(0020)},{T(F_10.00.dp)R(0300)C(0020)},{SPE.DPI(MRFL2200)})""";;
"CRED432,Counterparty Credit Risk: Total lower quality collateral received/ Total Collateral received,""DIVIDE(SUM({T(C_34.08.a)R(0060,0070,0080)C(0010,0020,0030,0040,0090,0100,0110,0120,0130)}), SUM({T(C_34.08.a)R(0090)C(0010,0020,0030,0040,0090,0100,0110,0120,0130)}))""";;
"OPER30,Ratio sum of the five largest losses to operational risk capital requirements,""DIVIDE({OPER55}, {CACE0500})""";;
"CRED222,Breakdown of total loans by NACE economic sector - General Governments,""DIVIDE({CRNA1130}, SUM({CRNA111A}, {CRNA111B}, {CRNA111C}, {CRNA111D}, {CRNA111E}, {CRNA111F}, {CRNA111G}, {CRNA111H}, {CRNA111I}, {CRNA111J}, {CRNA111L}, {CRNA111M}, {CRNA111N}, {CRNA111O}, {CRNA111P}, {CRNA111Q}, {CRNA111R}, {CRNA111S}, {CRNA1121}, {CRNA1122}, {CRNA1123}, {CRNA1130}))""";;
"CRED56,Increase of total loans by type of Counterparty / Total loans by type of Counterparty - Households,""DIVIDE({CRFA0605}-{CRFA0605[T-1Y]}, {CRFA0605[T-1Y]})""";;
"OPER75,""Sum of the five largest losses for clients, products and business practices"",{T(C_17.01.a)R(0960)C(0040)}";;
"BSFE0100,Equity,""COALESCE({T(F_01.03)R(0300)C(0010)},{T(F_01.03_dp)R(0300)C(0010)},{SPE.DPI(BSFE0100)})""";;
"MR_RMR_FRTB_35,Difference of long and short JTD in relation to DRC OFR for Non-securitisations,""DIVIDE(SUM({T(C_91.00)R(0090)C(0160,0170)}),{T(C_91.00)R(0090)C(0190)})""";;
IDCARD688,OLRR and P2G requirement,{T(C_47.00)R(0450)C(0010)};;
"PROF151,Projected Total profit or loss after tax / Total assets at t as reported in year t-2,""COALESCE(DIVIDE({T(P_04.01)R(670)C(020)[T-2Y]},MEAN({T(P_01.01)R(220)C(030)[T-2Y]},{T(P_01.01)R(220)C(030)[T-3Y]})),DIVIDE({SPE.DPI(SRPR235C132)[T-2Y]},MEAN({T(P_01.01)R(220)C(030)[T-2Y]},{T(P_01.01)R(220)C(030)[T-3Y]})))""";;
"LIQV0195,3Y Forecast for Deposit-like Financial Instruments,""COALESCE({T(P_02.01)R(030)C(050)},0)""";;
"CRED98,Composition of securitised exposures. Securitised exposures by type of assets / Total securitised assets - Leasing,""DIVIDE({STCE0612}, SUM({STCE0609}, {STCE0610}, {STCE0611}, {STCE0612}, {STCE0613}, {STCE0614}, {STCE0615}, {STCE0616}))""";;
"CACE1100,Market risk capital requirements under internal models,""SUM({T(C_02.00.a)R(0580,0755)C(0010)})*0.08""";;
LIQ265,Backtesting Planned vs Actual NSFR (in base points),({LIQV0155}-{LIQV0154})*100;;
"CRED67,Forborne loans by type of counterparty / Total loans - Credit institutions,""DIVIDE({CRNAF004}, {CRFA0100})""";;
"MARK112,Phase 1 report information Commodities,""DIVIDE(SUM({MRCE2906}, {MRCE2916}) * {CACE1100}, SUM({MRCE0401}, {MRCE2000}) * {CACE0400})""";;
STCE0306,Total exposure value: off balance sheet items and derivatives as sponsor – traditional sec - IRB,{T(C_13.01)R(0380)C(0210)};;
"LIQV0055,1M retail deposits spread (in basis points),""COALESCE({T(C_69.00.a)R(0020)C(0050)S(0010)}, {SPE.DPI(C69R020C050)})""";;
"LIQV0122,Liabilities providing stable funding in Foreign Currencies (all),""COALESCE(SUM({T(C_81.00.c)R(0010)C(0010-0030)},-SUM({T(C_81.00.x)R(0010)C(0010-0030)S(EUR)})),SUM({T(C_83.00.c)R(0010)C(0010,0020)},-SUM({T(C_83.00.x)R(0010)C(0010,0020)S(EUR)})))""";;
OPER58,Number of events for internal fraud,{T(C_17.01.a)R(0910)C(0010)};;
"CRED212,""Breakdown of loans to NFC by NACE economic sector: Professional, scientific and technical activities"",""DIVIDE({T(F_06.01)R(0120)C(0010)},COALESCE(SUM({T(F_18.00.a)R(0070,0191,0221)C(0010)}),SUM({T(F_18.00.a.dp)R(0070,0191,0221)C(0010)})))""";;
"CRMAT_V261,Participation in LF data collection,""IFN(ENTITY() IN ( TEXT( 'PQOH26KWDF7CG10L6792','FR9695005MSX1OYEMGDF','PSNL19R2RXX5U3QWHI44','213800TC9PZRBHMJW403','EQYXK86SF381Q21S3020','635400AKJBGNS5WNQL34','2W8N8UU78PMDQKZENC08','529900ODI3047E2LIV03','549300C9KPZR0VZ16R05','815600E4E6DCD2D25E30','DG3RU1DBUFHT4ZF9WN62','N1FBEDJ5J41VKZLO2475','5299007QVIQ7IO64NX37','549300ZK53CNGEEI6A29','R0MUWSFPU8MPRO8K5P83','851WYGNLUQLFZBSYGB56','F0HUI1NY1AZMJMD8LP67','SI5RG2M0WQQLZCXKRM20','VDYMYTQGZZ6DU0912C88','5493006QMFDDMYWIAM13','8IBZUGJ7JPLH368JE346','213800X3Q9LSAKRUWY91','B81CK4ESI35472RHJ606','549300NYKK9MWM7GGW15','M6AD1Y1KW32H8THQ6F76','BFXS5XCH7N0Y05NIXW11','O2RNE8IBXP4R0TD8PU41','FR969500TJ5KRTCJQWXH','K8MS7FD7N5Z2WQ51AZ71','9ZHRYM6F437SQJ6OUG95','7LTWFZYICNSX8D621K86','DIZES5CFO5K3I5R58746','7CUNS533WID6K7DGFI87','2G5BKIC2CB69PRJH1W31','9695000CG7B84NLR5984','529900V3O1M5IHMOSF46','DSNHHQ2B9X5N6OUJ1236','JEUVK5RWVJEN8W0C9M24','635400C8EK6DRI12LJ39','549300TRUWO2CD2G5692','529900HNOAA1KXQJUQ27','96950066U5XAAIRCPA78','TUKDD90GPC79G1KOE162')), 1, 0)""";;
"BSFE0600,ow: minority,""COALESCE({T(F_01.03)R(0270)C(0010)},{T(F_01.03.dp)R(0270)C(0010)},{SPE.DPI(BSFE0600)})""";;
"CRMAT_V611,Share of Foreclosed assets over Total Loans and Advances,""DIVIDE({CRMAT_A611},COALESCE(SUM({T(F_18.00.a)R(0070,0191,0221)C(0010)}),SUM({T(F_18.00.a_dp)R(0070,0191,0221)C(0010)})))""";;
"MR_RMR_FXR_FWL_1,Potential impacts coming from Items at FVPL sensitive to FX to Total CET1,""DIVIDE(COALESCE(-{T(C_91.00)R(0080)C(0190)},-{T(C_02.00.a)R(0560)C(0010)}*0.08),{T(C_01.00)R(0020)C(0010)})""";;
ORCE1667,Total gross loss from new events,{T(C_17.01.a)R(0920)C(0080)};;
"PROF50_1,Staff expenses over total operating income,""COALESCE(DIVIDE({T(F_02.00)R(0370)C(0010)},{T(F_02.00)R(0355)C(0010)}),DIVIDE({T(F_02.00_dp)R(0370)C(0010)},{T(F_02.00_dp)R(0355)C(0010)}))""";;
"CRED209,Breakdown of loans to NFC by NACE economic sector: Accommodation and food services,""DIVIDE({T(F_06.01)R(0090)C(0010)},COALESCE(SUM({T(F_18.00.a)R(0070,0191,0221)C(0010)}),SUM({T(F_18.00.a.dp)R(0070,0191,0221)C(0010)})))""";;
"IRRBB209,Share of total liabilities with sold optionality (behavioural view),""COALESCE((DIVIDE(SUM({T(J_05.00.b)R(0200)C(0010)S(*)}*{T(J_05.00.b)R(0200)C(0030)S(*)},{T(J_05.00.b)R(0200)C(0260)S(*)}*{T(J_05.00.b)R(0200)C(0280)S(*)}),SUM({T(J_05.00.b)R(0200)C(0010,0260)S(*)}))),(DIVIDE(SUM({T(J_06.00.b)R(0200)C(0010)S(*)}*{T(J_06.00.b)R(0200)C(0030)S(*)},{T(J_06.00.b)R(0200)C(0260)S(*)}*{T(J_06.00.b)R(0200)C(0280)S(*)}),SUM({T(J_06.00.b)R(0200)C(0010,0260)S(*)}))),(DIVIDE(SUM({T(J_07.00.b)R(0200)C(0010)S(*)}*{T(J_07.00.b)R(0200)C(0030)S(*)},{T(J_07.00.b)R(0200)C(0260)S(*)}*{T(J_07.00.b)R(0200)C(0280)S(*)}),SUM({T(J_07.00.b)R(0200)C(0010,0260)S(*)}))))""";;
"PRFI3700,Tax expenses or income related to profit or loss from continuing operations,""COALESCE({T(F_02.00)R(0620)C(0010)},{T(F_02.00_dp)R(0620)C(0010)},{SPE.DPI(PRFI3700)})""";;
PROF183,Overall CoR using linear annulised numerator and PiT denominator,{PRFI5300_LINEAR}/{PRFI5400};;
"CRED159,Credit risk capital requirements under standardised approach: SA exposure classes excluding securitisation positions: Regional Governments and Local Authorities,""DIVIDE({CACE1201}*12.5, SUM({CACE0100}, {CACE0200})*12.5)""";;
"CRED455,Households: Movements among Stages S1-S3 (% of all movements),""DIVIDE({T(F_12.02)R(0130)C(0050)},SUM({T(F_12.02)R(0130)C(0010,0020,0030,0040,0050,0060)}))""";;
"IRRBBMAT_6,Weighted average maturity of Assets: behavioral - contractual,""COALESCE(SUM(DIVIDE(SUM(SUM({T(J_05.00.b)R(0010)C(0070,0320)S(*)})*DIVIDE(1,360),SUM({T(J_05.00.b)R(0010)C(0080,0330)S(*)})*DIVIDE(1,12),SUM({T(J_05.00.b)R(0010)C(0090,0340)S(*)})*0.25,SUM({T(J_05.00.b)R(0010)C(0100,0350)S(*)})*0.5,SUM({T(J_05.00.b)R(0010)C(0110,0360)S(*)})*0.75,SUM({T(J_05.00.b)R(0010)C(0120,0370)S(*)}),SUM({T(J_05.00.b)R(0010)C(0130,0380)S(*)})*1.5,SUM({T(J_05.00.b)R(0010)C(0140,0390)S(*)})*2,SUM({T(J_05.00.b)R(0010)C(0150)S(*)})*3,SUM({T(J_05.00.b)R(0010)C(0160)S(*)})*3.5,SUM({T(J_05.00.b)R(0010)C(0170)S(*)})*4.5,SUM({T(J_05.00.b)R(0010)C(0180)S(*)})*5.5,SUM({T(J_05.00.b)R(0010)C(0190)S(*)})*6.5,SUM({T(J_05.00.b)R(0010)C(0200)S(*)})*7.5,SUM({T(J_05.00.b)R(0010)C(0210)S(*)})*8.5,SUM({T(J_05.00.b)R(0010)C(0220)S(*)})*9.5,SUM({T(J_05.00.b)R(0010)C(0230)S(*)})*12.5,SUM({T(J_05.00.b)R(0010)C(0240)S(*)})*17.5,SUM({T(J_05.00.b)R(0010)C(0250)S(*)})*30),SUM({T(J_05.00.b)R(0010)C(0070-0250,0320-0390)S(*)})),-DIVIDE(SUM(SUM({T(J_05.00.a)R(0010)C(0070,0320)S(*)})*DIVIDE(1,360),SUM({T(J_05.00.a)R(0010)C(0080,0330)S(*)})*DIVIDE(1,12),SUM({T(J_05.00.a)R(0010)C(0090,0340)S(*)})*0.25,SUM({T(J_05.00.a)R(0010)C(0100,0350)S(*)})*0.5,SUM({T(J_05.00.a)R(0010)C(0110,0360)S(*)})*0.75,SUM({T(J_05.00.a)R(0010)C(0120,0370)S(*)}),SUM({T(J_05.00.a)R(0010)C(0130,0380)S(*)})*1.5,SUM({T(J_05.00.a)R(0010)C(0140,0390)S(*)})*2,SUM({T(J_05.00.a)R(0010)C(0150)S(*)})*3,SUM({T(J_05.00.a)R(0010)C(0160)S(*)})*3.5,SUM({T(J_05.00.a)R(0010)C(0170)S(*)})*4.5,SUM({T(J_05.00.a)R(0010)C(0180)S(*)})*5.5,SUM({T(J_05.00.a)R(0010)C(0190)S(*)})*6.5,SUM({T(J_05.00.a)R(0010)C(0200)S(*)})*7.5,SUM({T(J_05.00.a)R(0010)C(0210)S(*)})*8.5,SUM({T(J_05.00.a)R(0010)C(0220)S(*)})*9.5,SUM({T(J_05.00.a)R(0010)C(0230)S(*)})*12.5,SUM({T(J_05.00.a)R(0010)C(0240)S(*)})*17.5,SUM({T(J_05.00.a)R(0010)C(0250)S(*)})*30),SUM({T(J_05.00.a)R(0010)C(0070-0250,0320-0390)S(*)}))),SUM(DIVIDE(SUM(SUM({T(J_06.00.b)R(0010)C(0070,0320)S(*)})*DIVIDE(1,360),SUM({T(J_06.00.b)R(0010)C(0080,0330)S(*)})*DIVIDE(1,12),SUM({T(J_06.00.b)R(0010)C(0090,0340)S(*)})*0.25,SUM({T(J_06.00.b)R(0010)C(0100,0350)S(*)})*0.5,SUM({T(J_06.00.b)R(0010)C(0110,0360)S(*)})*0.75,SUM({T(J_06.00.b)R(0010)C(0120,0370)S(*)}),SUM({T(J_06.00.b)R(0010)C(0130,0380)S(*)})*1.5,SUM({T(J_06.00.b)R(0010)C(0140,0390)S(*)})*2,SUM({T(J_06.00.b)R(0010)C(0150)S(*)})*3,SUM({T(J_06.00.b)R(0010)C(0160)S(*)})*3.5,SUM({T(J_06.00.b)R(0010)C(0170)S(*)})*4.5,SUM({T(J_06.00.b)R(0010)C(0180)S(*)})*5.5,SUM({T(J_06.00.b)R(0010)C(0190)S(*)})*6.5,SUM({T(J_06.00.b)R(0010)C(0200)S(*)})*7.5,SUM({T(J_06.00.b)R(0010)C(0210)S(*)})*8.5,SUM({T(J_06.00.b)R(0010)C(0220)S(*)})*9.5,SUM({T(J_06.00.b)R(0010)C(0230)S(*)})*12.5,SUM({T(J_06.00.b)R(0010)C(0240)S(*)})*17.5,SUM({T(J_06.00.b)R(0010)C(0250)S(*)})*30),SUM({T(J_06.00.b)R(0010)C(0070-0250,0320-0390)S(*)})),-DIVIDE(SUM(SUM({T(J_06.00.a)R(0010)C(0070,0320)S(*)})*DIVIDE(1,360),SUM({T(J_06.00.a)R(0010)C(0080,0330)S(*)})*DIVIDE(1,12),SUM({T(J_06.00.a)R(0010)C(0090,0340)S(*)})*0.25,SUM({T(J_06.00.a)R(0010)C(0100,0350)S(*)})*0.5,SUM({T(J_06.00.a)R(0010)C(0110,0360)S(*)})*0.75,SUM({T(J_06.00.a)R(0010)C(0120,0370)S(*)}),SUM({T(J_06.00.a)R(0010)C(0130,0380)S(*)})*1.5,SUM({T(J_06.00.a)R(0010)C(0140,0390)S(*)})*2,SUM({T(J_06.00.a)R(0010)C(0150)S(*)})*3,SUM({T(J_06.00.a)R(0010)C(0160)S(*)})*3.5,SUM({T(J_06.00.a)R(0010)C(0170)S(*)})*4.5,SUM({T(J_06.00.a)R(0010)C(0180)S(*)})*5.5,SUM({T(J_06.00.a)R(0010)C(0190)S(*)})*6.5,SUM({T(J_06.00.a)R(0010)C(0200)S(*)})*7.5,SUM({T(J_06.00.a)R(0010)C(0210)S(*)})*8.5,SUM({T(J_06.00.a)R(0010)C(0220)S(*)})*9.5,SUM({T(J_06.00.a)R(0010)C(0230)S(*)})*12.5,SUM({T(J_06.00.a)R(0010)C(0240)S(*)})*17.5,SUM({T(J_06.00.a)R(0010)C(0250)S(*)})*30),SUM({T(J_06.00.a)R(0010)C(0070-0250,0320-0390)S(*)}))),SUM(DIVIDE(SUM(SUM({T(J_07.00.b)R(0010)C(0070,0320)S(*)})*DIVIDE(1,360),SUM({T(J_07.00.b)R(0010)C(0080,0330)S(*)})*DIVIDE(1,12),SUM({T(J_07.00.b)R(0010)C(0090,0340)S(*)})*0.25,SUM({T(J_07.00.b)R(0010)C(0100,0350)S(*)})*0.5,SUM({T(J_07.00.b)R(0010)C(0110,0360)S(*)})*0.75,SUM({T(J_07.00.b)R(0010)C(0120,0370)S(*)}),SUM({T(J_07.00.b)R(0010)C(0130,0380)S(*)})*1.5,SUM({T(J_07.00.b)R(0010)C(0140,0390)S(*)})*2,SUM({T(J_07.00.b)R(0010)C(0150)S(*)})*3,SUM({T(J_07.00.b)R(0010)C(0160)S(*)})*3.5,SUM({T(J_07.00.b)R(0010)C(0170)S(*)})*4.5,SUM({T(J_07.00.b)R(0010)C(0180)S(*)})*5.5,SUM({T(J_07.00.b)R(0010)C(0190)S(*)})*6.5,SUM({T(J_07.00.b)R(0010)C(0200)S(*)})*7.5,SUM({T(J_07.00.b)R(0010)C(0210)S(*)})*8.5,SUM({T(J_07.00.b)R(0010)C(0220)S(*)})*9.5,SUM({T(J_07.00.b)R(0010)C(0230)S(*)})*12.5,SUM({T(J_07.00.b)R(0010)C(0240)S(*)})*17.5,SUM({T(J_07.00.b)R(0010)C(0250)S(*)})*30),SUM({T(J_07.00.b)R(0010)C(0070-0250,0320-0390)S(*)})),-DIVIDE(SUM(SUM({T(J_07.00.a)R(0010)C(0070,0320)S(*)})*DIVIDE(1,360),SUM({T(J_07.00.a)R(0010)C(0080,0330)S(*)})*DIVIDE(1,12),SUM({T(J_07.00.a)R(0010)C(0090,0340)S(*)})*0.25,SUM({T(J_07.00.a)R(0010)C(0100,0350)S(*)})*0.5,SUM({T(J_07.00.a)R(0010)C(0110,0360)S(*)})*0.75,SUM({T(J_07.00.a)R(0010)C(0120,0370)S(*)}),SUM({T(J_07.00.a)R(0010)C(0130,0380)S(*)})*1.5,SUM({T(J_07.00.a)R(0010)C(0140,0390)S(*)})*2,SUM({T(J_07.00.a)R(0010)C(0150)S(*)})*3,SUM({T(J_07.00.a)R(0010)C(0160)S(*)})*3.5,SUM({T(J_07.00.a)R(0010)C(0170)S(*)})*4.5,SUM({T(J_07.00.a)R(0010)C(0180)S(*)})*5.5,SUM({T(J_07.00.a)R(0010)C(0190)S(*)})*6.5,SUM({T(J_07.00.a)R(0010)C(0200)S(*)})*7.5,SUM({T(J_07.00.a)R(0010)C(0210)S(*)})*8.5,SUM({T(J_07.00.a)R(0010)C(0220)S(*)})*9.5,SUM({T(J_07.00.a)R(0010)C(0230)S(*)})*12.5,SUM({T(J_07.00.a)R(0010)C(0240)S(*)})*17.5,SUM({T(J_07.00.a)R(0010)C(0250)S(*)})*30),SUM({T(J_07.00.a)R(0010)C(0070-0250,0320-0390)S(*)}))))""";;
"CRED57_1,Breakdown of NPL ratio by type of Counterparty - Central banks,""DIVIDE(SUM({T(F_18.00.a)R(0080,0192,0222)C(0060)}),SUM({T(F_18.00.a)R(0080,0192,0222)C(0010)}))""";;
"BSFL3300,Deposits: Other financial corporations-Held for trading,""COALESCE(sum({T(F_08.01.a)R(0210)C(0010)},{T(F_08.01.a)R(0210)C(0034)}),sum({T(F_08.01.a_dp)R(0210)C(0010)},{T(F_08.01.a_dp)R(0210)C(0034)}),{SPE.DPI(BSFL3300)})""";;
"LIQ1_BANKSTATS,Loan-to-deposit ratio (excluding held for trading) - adapted (bankstats),""DIVIDE({LANP1700_BANKSTATS}, {IDCARD51_BANKSTATS})""";;
MR_RMR_IRR_BWL_SUM_WM,Support formula to calculate other KRIs.,For the formula specification please see the latest version of SUBA derived variables and indicators: https://darwin.escb.eu/livelink/livelink/app/nodes/1821262705;;
"CAP42,Dynamics of capital requirements: Securitisation capital requirements,""DIVIDE({CACE0300}-{CACE0300[T-1Y]}, {CACE0300[T-1Y]})""";;
"LIQ237,Share in Buffer Concentration per Issuer Sector: Financial corporations other than credit institutions (eba_CT:x18),""DIVIDE(SUM(LOGICAL({T(C_71.00.a)R(0020-0110)C(0030)S(0010)} EQ 'EBA:qSR(qx2042)') * {T(C_71.00.a)R(0020-0110)C(0080)S(0010)}), {LIQV0012})""";;
"CRED120,Evolution of total original exposure by class / Total original exposure. Corporate,""DIVIDE(SUM({CRCE0107}, {CRCE0207}) - SUM({CRCE0107[T-1Y]}, {CRCE0207[T-1Y]}), SUM({CRCE0101[T-1Y]}, {CRCE0102[T-1Y]}, {CRCE0103[T-1Y]}, {CRCE0104[T-1Y]}, {CRCE0105[T-1Y]}, {CRCE0106[T-1Y]}, {CRCE0107[T-1Y]}, {CRCE0108[T-1Y]}, {CRCE0201[T-1Y]}, {CRCE0206[T-1Y]}, {CRCE0207[T-1Y]}, {CRCE0208[T-1Y]}))""";;
"CRFA0700_BANKSTATS,Specific allowances for loans (excluding cb),""COALESCE(SUM(-{T(F_18.00.b)R(0070,0191,0221)C(0150)}), SUM(-{T(F_18.00.b_dp)R(0070,0191,0221)C(0150)}))""";;
"CRED192,""Traditional securitisation, outstanding amount, sponsor, off-balance sheet items"",""DIVIDE(SUM({STCE0106}, {STCE0306}), {BSF00100})""";;
"CRED395_LSI,NPL inflow ratio,""DIVIDE(SUM(COALESCE(SUM(-{T(F_18.00.b)R(0070,0191,0221)C(0150)}), SUM(-{T(F_18.00.b.dp)R(0070,0191,0221)C(0150)})),{T(C_35.01)R(0010)C(0110)},{T(C_35.01)R(0120)C(0030-0100)}),COALESCE(SUM({T(F_18.00.a)R(0070,0191,0221)C(0060)}),SUM({T(F_18.00.a.dp)R(0070,0191,0221)C(0060)})))""";;
"CACE0450,Market risk and CVA capital requirements before application of output floor,""SUM({T(C_02.00.a)R(0520,0640,0755,0770)C(0010)})*0.08""";;
"LIQ237,Share in Buffer Concentration per Issuer Sector: Financial corporations other than credit institutions (eba_CT:x18),""DIVIDE(SUM(LOGICAL({T(C_71.00.a)R(0020-0110)C(0030)S(0010)} EQ 'EBA:CT(x18)') * {T(C_71.00.a)R(0020-0110)C(0080)S(0010)}), {LIQV0012})""";;
"IDCARD306,RWA (fully loaded),""SUM({T(C_02.00.a)R(0010)C(0010)},-{T(C_05.01)R(0010)C(0040)})""";;
MR_NRMR_BWL_WSTD_NUM_1,Support formula to calculate other KRIs.,For the formula specification please see the latest version of SUBA derived variables and indicators: https://darwin.escb.eu/livelink/livelink/app/nodes/1821262705;;
"CRMAT_V121,Share of Loans and Advances to Households Credit for consumption over Total Loans and Advances,""DIVIDE({CRMAT_A121},COALESCE(SUM({T(F_18.00.a)R(0070,0191,0221)C(0010)}),SUM({T(F_18.00.a_dp)R(0070,0191,0221)C(0010)})))""";;
"LIQ56b,Contractual 5Y Gap (excl. retail and operational deposits) to Total Assets,""DIVIDE({LIQV0023b}, {BSFA0200})""";;
"MR_RMR_IRR_SIZE,Financial assets & liabilities measured at fair value through P&L sensitive to IR (Fair value) to Total Assets,""DIVIDE(SUM({T(F_01.01)R(0080,0090,0098,0099,0120,0130)C(0010)},{T(F_10.00)R(0010)C(0010,0020)},{T(F_08.01.a)R(0040)C(0010)},{T(F_01.02)R(0040,0050,0090,0100)C(0010)}), 2*{BSFA0200})""";;
"IRRBB189,Percentage of NMDS repricing after 10Y,""COALESCE((DIVIDE(SUM({T(J_05.00.b)R(0270,0310,0350,0390)C(0230-0250)S(*)}),SUM({T(J_05.00.b)R(0270,0310,0350,0390)C(0070-0250,0320-0390)S(*)}))),(DIVIDE(SUM({T(J_06.00.b)R(0270,0310,0350,0390)C(0230-0250)S(*)}),SUM({T(J_06.00.b)R(0270,0310,0350,0390)C(0070-0250,0320-0390)S(*)}))),(DIVIDE(SUM({T(J_07.00.b)R(0270,0310,0350,0390)C(0230-0250)S(*)}),SUM({T(J_07.00.b)R(0270,0310,0350,0390)C(0070-0250,0320-0390)S(*)}))))""";;
IRNI1300,Change in the forecasted net interest income of the banking book under parallel interest rate decrease of 200 bps (Millions),{T(J_01.00)R(0140)C(0010)S(x1)};;
"IRRBB192,Percentage of Retail NMDS repricing after 5Y,""COALESCE((DIVIDE(SUM({T(J_05.00.b)R(0270,0310)C(0180-0250)S(*)}),SUM({T(J_05.00.b)R(0270,0310)C(0070-0250,0320-0390)S(*)}))),(DIVIDE(SUM({T(J_06.00.b)R(0270,0310)C(0180-0250)S(*)}),SUM({T(J_06.00.b)R(0270,0310)C(0070-0250,0320-0390)S(*)}))),(DIVIDE(SUM({T(J_07.00.b)R(0270,0310)C(0180-0250)S(*)}),SUM({T(J_07.00.b)R(0270,0310)C(0070-0250,0320-0390)S(*)}))))""";;
IDCARD86,RWA for credit risk (top 4th country),For the formula specification please see the latest version of SUBA derived variables and indicators: https://darwin.escb.eu/livelink/livelink/app/nodes/293814368;;
"LIQV0144,Planned 1Y Other Liabilities (t-1),""COALESCE({T(P_01.02)R(381)C(030)[T-1Y]},0)""";;
LIQST014,Cliff Effect indicator Adverse case.,https://darwin.escb.eu/livelink/livelink?func=ll&objId=305648124&objAction=browse&viewType=1;;
"CACO2200,Other prudential filters,""sum({T(C_01.00)R(0250)C(0010)},{T(C_01.00)R(0260)C(0010)})""";;
"CRED206,Breakdown of loans to NFC by NACE economic sector: Construction,""DIVIDE({T(F_06.01)R(0060)C(0010)},COALESCE(SUM({T(F_18.00.a)R(0070,0191,0221)C(0010)}),SUM({T(F_18.00.a_dp)R(0070,0191,0221)C(0010)})))""";;
"IDCARD18_LSI,""Other liabilities, incl. FV changes of the hedged items, share capital repayable on demand and held for sale"",""COALESCE({T(F_01.02)R(0280)C(0010)}+{T(F_01.02)R(0290)C(0010)}+{T(F_01.02)R(0270)C(0010)}+{T(F_01.02)R(0160)C(0010)},{T(F_01.02.dp)R(0280)C(0010)}+{T(F_01.02.dp)R(0290)C(0010)}+{T(F_01.02.dp)R(0270)C(0010)}+{T(F_01.02.dp)R(0160)C(0010)},{SPE.DPI(IDCARD18_LSI)})""";;
LIQST016,Automatic Block 3 score,https://darwin.escb.eu/livelink/livelink?func=ll&objId=305648124&objAction=browse&viewType=1;;
CAP99,AT1 ratio (%),For the formula specification please see the latest version of SUBA derived variables and indicators: https://darwin.escb.eu/livelink/livelink/app/nodes/1878940265;;
"CAP126,Total capital headroom above OCR (phased-in) as % of RWA,""SUM({CAP1},-{CAP95})""";;
"PRFI4500,Depreciation - excluding Goodwill depreciation,""SUM({T(F_02.00)R(0390)C(0010)},-{T(F_02.00)R(0415)C(0010)})""";;
"LIQ230,Share in Funding Concentration per Counterparty Sector: Non-financial corporations (eba_CT:x20),""DIVIDE(SUM(LOGICAL({T(C_67.00.a)R(0020-0110)C(0030)S(0010)} EQ 'EBA:CT(x20)') * {T(C_67.00.a)R(0020-0110)C(0060)S(0010)}), {LIQV0004})""";;
"MARK2,Breakdown of financial assets held for trading - Derivatives held for trading,""DIVIDE({BSFA0300}, {CRFA1800})""";;
"IRRBB173,Change in the economic value of equity under parallel interest rate increase of 200 bps divided by Tier 1 Capital,""DIVIDE({T(J_01.00)R(0040)C(0010)S(x1)},{CACO0200} )""";;
"CRFA1900,Cash and trading financial assets,""COALESCE(sum({T(F_01.01)R(0010)C(0010)},{T(F_01.01)R(0050)C(0010)},{T(F_01.01)R(0091)C(0010)}),sum({T(F_01.01_dp)R(0010)C(0010)},{T(F_01.01_dp)R(0050)C(0010)},{T(F_01.01_dp)R(0091)C(0010)}),{SPE.DPI(CRFA1900)})""";;
"CRED250,Increase of total loans by type of Counterparty / Total loans by type of Counterparty - Central banks and Central Governments,""DIVIDE(SUM({CRFA0601}, {CRNA1130}) - SUM({CRFA0601[T-1Y]}, {CRNA1130[T-1Y]}), SUM({CRFA0601}, {CRNA1130}))""";;
"OPER11,Ratio of Gross Loss to Business Indicator,""DIVIDE({OPER53}, {T(C_16.01.a)R(0020)C(0010)})""";;
"CRED163,Credit risk capital requirements under standardised approach: SA exposure classes excluding securitisation positions: International Organisations,""DIVIDE({CACE1205}*12.5, SUM({CACE0100}, {CACE0200})*12.5)""";;
"CRED70,Forborne exposures / Total loans - Households,""DIVIDE({CRNAF007}, {CRFA0100})""";;
"LIQ8,Credit institutions deposits ratio,""DIVIDE({BSFL0100}, {BSFL0500} - MIN({BSFL0600}, {BSFA0300}))""";;
"CRED118,Evolution of total original exposure by class / Total original exposure by class. Central banks and central governments,""DIVIDE(SUM({CRCE0101}, {CRCE0102}, {CRCE0103}, {CRCE0104}, {CRCE0105}, {CRCE0201}) - SUM({CRCE0101[T-1Y]}, {CRCE0102[T-1Y]}, {CRCE0103[T-1Y]}, {CRCE0104[T-1Y]}, {CRCE0105[T-1Y]}, {CRCE0201[T-1Y]}), SUM({CRCE0101[T-1Y]}, {CRCE0102[T-1Y]}, {CRCE0103[T-1Y]}, {CRCE0104[T-1Y]}, {CRCE0105[T-1Y]}, {CRCE0201[T-1Y]}))""";;
"CRNA111H,Gross carrying amount of loans and advances to non-financial corporations - Transport and storage,""COALESCE({T(F_06.01)R(0080)C(0010)},{SPE.DPI(CRNA111H)})""";;
CAP58,CET1 Ratio,For the formula specification please see the latest version of SUBA derived variables and indicators: https://darwin.escb.eu/livelink/livelink/app/nodes/1878940265;;
"CRED213,Breakdown of loans to NFC by NACE economic sector: Administrative and support services activities,""DIVIDE({T(F_06.01)R(0130)C(0010)},COALESCE(SUM({T(F_18.00.a)R(0070,0191,0221)C(0010)}),SUM({T(F_18.00.a.dp)R(0070,0191,0221)C(0010)})))""";;
OPER72,Sum of the five largest losses for internal fraud,{T(C_17.01.a)R(0960)C(0010)};;
"PRFI6100_T3,Projected Three Year Average Net Trading (and Investment) Income at t+3,""MEAN({PRFI4600_T3},{PRFI4600_T2},{PRFI4600_T1})""";;
"CRED445,Credit institutions and other financial institutions: Share of Performing forborne exposures under probation reclassified from non-performing over total performing exposures with forbearance measures,""DIVIDE(SUM({T(F_19.00.a)R(0100,0110,0194,0195,0224,0225)C(0050)}), SUM({T(F_18.00.a)R(0100,0110,0194,0195,0224,0225)C(0020)}))""";;
"IRNI1201,Forecasted net interest income of the banking book under parallel interest rate increase of 200 bps scenario (Millions),""SUM({T(J_01.00)R(0120)C(0010)S(x1)},{T(J_01.00)R(0130)C(0010)S(x1)})""";;
"CRED339,Inflow NPL ratio,""COALESCE(DIVIDE(SUM({T(F_18.00.a)R(0070,0191,0221)C(0060)})-SUM({T(F_18.00.a)R(0070,0191,0221)C(0060)[T-1Y]}),SUM({T(F_18.00.a)R(0070,0191,0221)C(0060)[T-1Y]})),DIVIDE(SUM({T(F_18.00.a.dp)R(0070,0191,0221)C(0060)})-SUM({T(F_18.00.a.dp)R(0070,0191,0221)C(0060)[T-1Y]}),SUM({T(F_18.00.a.dp)R(0070,0191,0221)C(0060)[T-1Y]})))""";;
OPER52,Number of events,{T(C_17.01.a)R(0910)C(0080)};;
IDCARD74,CET1 capital (fully loaded),{T(C_01.00)R(0020)C(0010)};;
CRED479,Number of originated SRT mezzanine tranches,SUM(LOGICAL({T(C_14.00)R(*)C(0110)}='EBA:qRP(qx2020)' AND {T(C_14.00)R(*)C(0061)}='EBA:RT(x15)')*{T(C_14.00)R(*)C(0241)});;
"LIQ229,Share in Funding Concentration per Counterparty Sector: Financial corporations other than credit institutions (eba_CT:x18),""DIVIDE(SUM(LOGICAL({T(C_67.00.a)R(0020-0110)C(0030)S(0010)} EQ 'EBA:qSR(qx2042)') * {T(C_67.00.a)R(0020-0110)C(0060)S(0010)}), {LIQV0004})""";;
"CRED196,""Traditional securitisation, outstanding amount, investor, off-balance sheet items"",""DIVIDE(SUM({STCE0104}, {STCE0304}), {BSF00100})""";;
"CRFA2100,ow: trading equity instruments,""COALESCE({T(F_01.01)R(0070)C(0010)}+{T(F_01.01)R(0093)C(0010)},{T(F_01.01_dp)R(0070)C(0010)}+{T(F_01.01_dp)R(0093)C(0010)},{SPE.DPI(CRFA2100)})""";;
MR_RMR_COM_BWL_1,3-year weighted volatility of quarterly P&L (Items at FVPL sensitive to COM) to Total CET1,For the formula specification please see the latest version of SUBA derived variables and indicators: https://darwin.escb.eu/livelink/livelink/app/nodes/1821262705;;
"CRED314,NPL Forbearance ratio - Households,""DIVIDE(SUM({T(F_19.00.a)R(0150,0197,0227)C(0060)}),SUM({T(F_19.00.a)R(0150,0197,0227)C(0010)}))""";;
"PRFI1000_QUARTERLY_ONEOFF,""Quarterly Impairments, excluding one-offs"",For the formula specification please see the latest version of SUBA derived variables and indicators: https://darwin.escb.eu/livelink/livelink/app/nodes/1821262705";;
"PROF118,Contribution of Other fees from ancillary C activities versus total fee revenue,""DIVIDE(SUM({T(F_22.01)R(0020,0060,0070,0110,0150,0220)C(0010)}),{T(F_22.01)R(0010)C(0010)})""";;
"MR_PRR_L2,L2 Assets and Liabilities,""SUM({T(F_14.00)R(0010,0051,0056,0060,0101,0121,0125,0140,0150,0201,0210,0250)C(0020)})""";;
"PROF124,Projected Total profit or loss after tax / Total assets at t+2,""DIVIDE({T(P_04.01)R(670)C(030)},MEAN({T(P_01.01)R(220)C(030)},{T(P_01.01)R(220)C(040)}))""";;
"PROF16,Equity to total liabilities,""DIVIDE({BSFE0100}, {BSFL0500})""";;
"IDCARD79,ow: OCI,""COALESCE({T(F_01.03)R(0090)C(0010)},{T(F_01.03_dp)R(0090)C(0010)},{SPE.DPI(BSFE0300)})""";;
"IRRBB102,Change in the economic value of equity under Short Rates Shock Down divided by Tier 1 capital,""DIVIDE({T(J_01.00)R(0090)C(0010)S(x1)}, {CACO0200})""";;
"CRED304,NPL Coverage Ratio - Households,""DIVIDE(-SUM({T(F_18.00.b)R(0150,0197,0227)C(0150)}),SUM({T(F_18.00.a)R(0150,0197,0227)C(0060)}))""";;
MR_PRR_VR_BWL_1,3-year weighted volatility of quarterly AVAs changes to Total CET1,For the formula specification please see the latest version of SUBA derived variables and indicators: https://darwin.escb.eu/livelink/livelink/app/nodes/1821262705;;
"IRRBB272,ΔEVE computed using harmonized EBA criteria (worst scenario) / RWAs,""DIVIDE({T(J_01.00)R(0010)C(0010)S(x1)}, {CACE0900})""";;
"MARK114,Phase 1 report information Diversification,""DIVIDE(SUM({MRCE2000}, {MRCE0401}) - SUM({MRCE2901}, {MRCE2902}, {MRCE2903}, {MRCE2904}, {MRCE2905}, {MRCE2906}) - SUM({MRCE2911}, {MRCE2912}, {MRCE2913}, {MRCE2914}, {MRCE2915}, {MRCE2916}), SUM({MRCE2000}, {MRCE0401}))""";;
"MRFA1200,Financial assets designated at fair value through profit or loss: Equity instruments,""COALESCE(SUM({T(F_01.01)R(0110,0172)C(0010)}),SUM({T(F_01.01_dp)R(0110,0172)C(0010)}),{SPE.DPI(MRFA1200)})""";;
"MARK100_C,Net gains on financial assets and liabilities held for trading / Market risk capital requirements,""DIVIDE({PRFI0400}, {CACE0400})""";;
LEV412A,Exposure adjustment for window dressing (using SFTs daily data),For the formula specification please see the latest version of SUBA derived variables and indicators: https://darwin.escb.eu/livelink/livelink/app/nodes/1821262705;;
IDCARD536,Leverage ratio (transitional) - Denominator,{T(C_47.00)R(0300)C(0010)};;
"CRNA111S,Gross carrying amount of loans and advances to non-financial corporations - Other services,""COALESCE({T(F_06.01)R(0180)C(0010)},{SPE.DPI(CRNA111S)})""";;
"CRMAT_A101,Absolute volume of Households portfolio,""COALESCE(SUM({T(F_18.00.a)R(0150,0197,0227)C(0010)}),SUM({T(F_18.00.a.dp)R(0150,0197,0227)C(0010)}))""";;
"CRFA2300,Allowances on debt securities: specific - Closing balance,""SUM(-{T(F_12.01.a)R(0020,0190,0370)C(0100)})""";;
"CRED211,Breakdown of loans to NFC by NACE economic sector: Real estate activities,""DIVIDE({T(F_06.01)R(0110)C(0010)},COALESCE(SUM({T(F_18.00.a)R(0070,0191,0221)C(0010)}),SUM({T(F_18.00.a_dp)R(0070,0191,0221)C(0010)})))""";;
"BSFA2400,Loans and receivables (including finance lease): Debt securities: Counterparty sectors other than credit institutions,""SUM({T(F_04.04.1)R(0010)C(0010)},-{T(F_04.04.1)R(0040)C(0010)})""";;
"PROF81,NFC loans coming from Transport and storage (NACE code)/ Total NFC loans,""DIVIDE({T(F_06.01)R(0080)C(0010)},{T(F_06.01)R(0190)C(0010)})""";;
"MR_RMR_FRTB_24,Share of Equity risk in total SBM OFR,""DIVIDE({T(C_91.00)R(0060)C(0190)},SUM({T(C_91.00)R(0020)C(0190)},{T(C_91.00)R(0030)C(0190)}, {T(C_91.00)R(0040)C(0190)}, {T(C_91.00)R(0050)C(0190)}, {T(C_91.00)R(0060)C(0190)}, {T(C_91.00)R(0070)C(0190)}, {T(C_91.00)R(0080)C(0190)}))""";;
IDCARD685,P2R (LR),{IDCARD687}-{IDCARD537};;
"CRNA1130,Gross carrying amount of loans and advances to General Governments,""COALESCE(SUM({T(F_18.00.a)R(0090,0193,0223)C(0010)}),SUM({T(F_18.00.a_dp)R(0090,0193,0223)C(0010)}),{SPE.DPI(CRNA1130)})""";;
"IRRBB131,Change in the forecasted Earnings under parallel interest rate increase of 200 bps divided by Tier 1 Capital,""DIVIDE(SUM({T(J_01.00)R(0130)C(0010)S(x1)},{T(J_01.00)R(0160)C(0010)S(x1)}), {CACO0200})""";;
"OPER29,Ratio operational risk capital requirements to total assets,""DIVIDE({CACE0500}, {BSFA0200})""";;
"CRED229,Variation rate of loans to NFC by NACE economic sector - Wholesale and retail trade,""DIVIDE({CRNA111G}-{CRNA111G[T-1Y]}, {CRNA111G[T-1Y]})""";;
"BSFA0100,Intangible and GW,""COALESCE({T(F_01.01)R(0300)C(0010)},{T(F_01.01.dp)R(0300)C(0010)},{SPE.DPI(BSFA0100)})""";;
"CRMAT_N131,Share Non-Performing Loans and Advances to Households Other than Secured by RRE and Credit for consumption over Total Loans and Advances to Households Other than Secured by RRE and Credit for consumption,""DIVIDE(SUM(COALESCE(SUM({T(F_18.00.a)R(0150,0197,0227)C(0060)}), SUM({T(F_18.00.a.dp)R(0150,0197,0227)C(0060)})),-COALESCE(SUM({T(F_18.00.a)R(0160,0910,0930,0170,0913,0933)C(0060)}), SUM({T(F_18.00.a.dp)R(0160,0170)C(0060)}))),{CRMAT_A131})""";;
"LIQV0199,Actual Households Deposits,""COALESCE({T(P_01.02)R(020)C(010)},0)""";;
"IRRBB133,Standard deviation of forecasted earnings under baseline scenario over past 4 quarters,""DIVIDE(STD(COALESCE({SPE.DPI(IRMCAMT17)},SUM({T(J_01.00)R(0120)C(0010)S(x1)},{T(J_01.00)R(0150)C(0010)S(x1)})), COALESCE({SPE.DPI(IRMCAMT17)[T-1Q]},SUM({T(J_01.00)R(0120)C(0010)S(x1)[T-1Q]},{T(J_01.00)R(0150)C(0010)S(x1)[T-1Q]})), COALESCE({SPE.DPI(IRMCAMT17)[T-2Q]},SUM({T(J_01.00)R(0120)C(0010)S(x1)[T-2Q]},{T(J_01.00)R(0150)C(0010)S(x1)[T-2Q]})), COALESCE({SPE.DPI(IRMCAMT17)[T-3Q]},SUM({T(J_01.00)R(0120)C(0010)S(x1)[T-3Q]},{T(J_01.00)R(0150)C(0010)S(x1)[T-3Q]}))),MEAN(COALESCE({SPE.DPI(IRMCAMT17)} , SUM({T(J_01.00)R(0120)C(0010)S(x1)},{T(J_01.00)R(0150)C(0010)S(x1)})), COALESCE({SPE.DPI(IRMCAMT17)[T-1Q]} , SUM({T(J_01.00)R(0120)C(0010)S(x1)[T-1Q]},{T(J_01.00)R(0150)C(0010)S(x1)[T-1Q]})), COALESCE({SPE.DPI(IRMCAMT17)[T-2Q]} , SUM({T(J_01.00)R(0120)C(0010)S(x1)[T-2Q]},{T(J_01.00)R(0150)C(0010)S(x1)[T-2Q]})), COALESCE({SPE.DPI(IRMCAMT17)[T-3Q]} , SUM({T(J_01.00)R(0120)C(0010)S(x1)[T-3Q]},{T(J_01.00)R(0150)C(0010)S(x1)[T-3Q]}))))""";;
"ORCE1609,Total loss amount for corporate items,""MAX(SUM({T(C_17.01.a)R(0820)C(0080)},{T(C_17.01.a)R(0840)C(0080)}),{T(C_17.01.a)R(0820)C(0080)})""";;
"CRED14,""Identification of the institution's risk appetite (corporate, retail, etc.). Breakdown of RWA credit risk IRB by exposure class / EAD by IRB exposure class - Retails"",""DIVIDE({CACE1508}*12.5, {CRCE0608})""";;
"MARK20,Breakdown of financial liabilities designated at FVPL - Debt securities issued,""DIVIDE({BSFL1500},{BSFL2600})""";;
"IDCARD79,ow: OCI,""COALESCE({T(F_01.03)R(0090)C(0010)},{T(F_01.03.dp)R(0090)C(0010)},{SPE.DPI(BSFE0300)})""";;
"LIQV0038,All other liabilities (more than 1% of liabilities),""COALESCE({T(C_67.00.a)R(0120)C(0060)S(0010)}, {SPE.DPI(C67R120C060)})""";;
"IRRBB217,Higher NII sensitivity (tightening and widening scenario),""DIVIDE(MIN(SUM({SPE.DPI(IRRBBT2_r0010_c0090)},{SPE.DPI(IRRBBT2_r0010_c0120)},-{SPE.DPI(IRRBBT2_r0160_c0090)},-{SPE.DPI(IRRBBT2_r0160_c0120)}),SUM({SPE.DPI(IRRBBT2_r0010_c0100)},{SPE.DPI(IRRBBT2_r0010_c0130)},-{SPE.DPI(IRRBBT2_r0160_c0100)},-{SPE.DPI(IRRBBT2_r0160_c0130)})),{CACO0200})""";;
"CRFA0710,Loans and advances past due for more than 90 days but not impaired. Households,""COALESCE(sum({T(F_07.01)R(0170)C(0030)},{T(F_07.01)R(0170)C(0060)}),{SPE.DPI(CRFA0710)})""";;
MR_NRMR_EQR_FWL_SBM,Capital requirements proxy for Equity risk in the banking book to Total RWA,For the formula specification please see the latest version of SUBA derived variables and indicators: https://darwin.escb.eu/livelink/livelink/app/nodes/1821262705;;
"OPER53,Gross Loss amount (new events),""COALESCE(MAX(SUM({T(C_17.01.a)R(0920)C(0080)},{T(C_17.01.a)R(0940)C(0080)}),{T(C_17.01.a)R(0920)C(0080)}), {SPE.DPI(C17R920C80S)})""";;
"LIQV0143,Planned 1Y Derivatives Liabilities,""COALESCE({T(P_01.02)R(360)C(030)[T-1Y]},0)""";;
"MR_NRMR_EQR_FWL,Potential impacts coming from equity risk of BB instruments at FVOCI to Total RWA,""COALESCE(-DIVIDE(SUM({T(F_01.01)R(0142,0176)C(0010)})*0.4,{CACE0900}), -DIVIDE(SUM({T(F_01.01_dp)R(0142,0176)C(0010)})*0.4,{CACE0900}))""";;
"LIQV0017,6M senior unsecured securities spread (in basis points),""COALESCE({T(C_69.00.a)R(0035)C(0090)S(0010)}, {SPE.DPI(C69R050C090)})""";;
"MR_PnL_TB,P&L from trading items,""SUM(SUM(SUM({T(F_02.00)R(0020,0170,0280)C(0010)}),-{T(F_02.00)R(0100)C(0010)}), -SUM(SUM({T(F_02.00)R(0020,0170,0280)C(0010)[T-1Q]}),-{T(F_02.00)R(0100)C(0010)[T-1Q]}))""";;
"LIQ289,3Y Forecasted Growth of Total Liabilities,""IFN({LIQV0180}=0 AND {LIQV0145}=0,0,IFN({LIQV0145}=0,1,DIVIDE({LIQV0180}-{LIQV0145},{LIQV0145})))""";;
"LIQ235,Share in Buffer Concentration per Issuer Sector: Central banks (eba_CT:x10),""DIVIDE(SUM(LOGICAL({T(C_71.00.a)R(0020-0110)C(0030)S(0010)} EQ 'EBA:CT(x10)') * {T(C_71.00.a)R(0020-0110)C(0080)S(0010)}), {LIQV0012})""";;
"RES103,Assets under custody subject to regulatory or contractual restitution obligation that are held outside the EU/EEA,""DIVIDE(SUM({SPE.DPI(SRPRAM310030)},{SPE.DPI(SRPRAM330030)},{SPE.DPI(SRPRAM390030)},{SPE.DPI(SRPRAM410030)},{SPE.DPI(SRPRAM460030)},{SPE.DPI(SRPRAM480030)}), {RES001})""";;
OPER105,Total recovery from insurance and other risk transfer mechanisms,{T(C_17.01.a)R(0980)C(0080)};;
IRRBB_SV_EVE_1,Change in the Supervisory EVE under parallel IR shock up divided by Tier 1 capital,For the formula specification please see the latest version of SUBA derived variables and indicators: https://darwin.escb.eu/livelink/livelink/app/nodes/1821262705;;
"LIQV0098,Cash and cash balances at CB,""COALESCE({T(F_01.01)R(0010)C(0010)},{T(F_01.01_dp)R(0010)C(0010)})""";;
IDCARD545,Annualised Net Interest Margin,For the formula specification please see the latest version of SUBA derived variables and indicators: https://darwin.escb.eu/livelink/livelink/app/nodes/1878940265;;
CRCE0106,Original exposure pre-conversion factors exposures class-by-exposure class (SA): Institutions,{T(C_07.00.a)R(0010)C(0010)S(qx19)};;
"LIQ276,1Y Forecasted Growth of Short-term Debt Securities,""IFN({LIQV0167}=0 AND {LIQV0148}=0,0,IFN({LIQV0148}=0,1,DIVIDE({LIQV0167}-{LIQV0148},{LIQV0148})))""";;
"LIQV0157,Actual LCR,""COALESCE({T(P_01.03)R(030)C(010)},0)""";;
"LEV501,Total value of exposures excluded from P1R-LR in comparison to total leverage ratio exposure (TLRE),""DIVIDE(-SUM({T(C_47.00)R(0270,0250,0251,0261,0262,0263,0264,0265,0266,0267,0252,0050,0081,0093,0102,0104,0120,0220,0240,0260,0253,0071,0254,0256,0257)C(0010)}),{LEV001})""";;
"IDCARD529_BANKSTATS,Administrative expenses and depreciation - adapted (bankstats),""COALESCE(SUM({T(F_02.00)R(0355)C(0010)}, {T(F_02.00)R(0425)C(0010)}, -{T(F_02.00)R(0430)C(0010)}, -{T(F_02.00)R(0455)C(0010)}, -{T(F_02.00)R(0460)C(0010)}, -{T(F_02.00)R(0510)C(0010)}, -{T(F_02.00)R(0520)C(0010)}, {T(F_02.00)R(0580)C(0010)}, {T(F_02.00)R(0590)C(0010)}, {T(F_02.00)R(0600)C(0010)}, -{T(F_02.00)R(0610)C(0010)}),SUM({T(F_02.00_dp)R(0355)C(0010)}, {T(F_02.00_dp)R(0425)C(0010)}, -{T(F_02.00_dp)R(0430)C(0010)}, -{T(F_02.00_dp)R(0455)C(0010)}, -{T(F_02.00_dp)R(0460)C(0010)}, -{T(F_02.00_dp)R(0510)C(0010)}, -{T(F_02.00_dp)R(0520)C(0010)}, {T(F_02.00_dp)R(0580)C(0010)}, {T(F_02.00_dp)R(0590)C(0010)}, {T(F_02.00_dp)R(0600)C(0010)}, -{T(F_02.00_dp)R(0610)C(0010)}))""";;
"GBDL0100,Total liabilities. Counterparties in SSM countries excluding Domestic country,""SUM(SUM({T(F_20.06)R(0010,0040,0070)C(0010)S(AT,BE,BG,CY,EE,ES,FI,FR,DE,GR,HR,IE,IT,LV,LT,LU,MT,NL,PT,SI,SK)}),-SUM({T(F_20.06)R(0010,0040,0070)C(0010)S(__DOM())}))""";;
LIQST007,Funding deficit/surplus (as % of total assets) Adverse case 1 Month.,https://darwin.escb.eu/livelink/livelink?func=ll&objId=305648124&objAction=browse&viewType=1;;
"BSFL3800,Deposits: Non-financial corporations-Amortised cost,""COALESCE(sum({T(F_08.01.a)R(0260)C(0030)},{T(F_08.01.a)R(0260)C(0035)}),sum({T(F_08.01.dp)R(0260)C(0030)},{T(F_08.01.dp)R(0260)C(0035)}),{SPE.DPI(BSFL3800)})""";;
"CRED207,Breakdown of loans to NFC by NACE economic sector: Wholesale and retail trade,""DIVIDE({T(F_06.01)R(0070)C(0010)},COALESCE(SUM({T(F_18.00.a)R(0070,0191,0221)C(0010)}),SUM({T(F_18.00.a.dp)R(0070,0191,0221)C(0010)})))""";;
"OPER111,Total net loss amount for business disruption and system failures excluding loss adjustments relating to previous reporting periods,""SUM({T(C_17.01.a)R(0920)C(0060)}, - {T(C_17.01.a)R(0970)C(0060)}, - {T(C_17.01.a)R(0980)C(0060)})""";;
"CAP40,Dynamics of capital requirements: Credit risk capital requirements under IRB approach,""DIVIDE({CACE0200}-{CACE0200[T-1Y]}, {CACE0200[T-1Y]})""";;
"LIQ272,1Y Forecasted Growth of Other Assets,""IFN({LIQV0163}=0 AND {LIQV0137}=0,0,IFN({LIQV0137}=0,1,DIVIDE({LIQV0163}-{LIQV0137},{LIQV0137})))""";;
STCE0102,Total exposure value: off balance sheet items and derivatives as originator – traditional sec - SA,{T(C_13.01)R(0140)C(0280)};;
"LIQ131,GBP committed facilities / Total CBC,""DIVIDE({T(C_66.01.w)R(1090)C(0020)S(GBP)}, {T(C_66.01.x)R(1080)C(0010)S(GBP)})""";;
"LIQV0168,1Y Forecast for Long-term Debt Securities,""COALESCE({T(P_01.02)R(180)C(030)},0)""";;
"CRED195,""Traditional securitisation, outstanding amount, investor, on-balance sheet items"",""DIVIDE(SUM({STCE0103}, {STCE0303}), {BSFA0200})""";;
"CACE0280,""Capital requirements for credit risk, contributions to the default fund of a CCP, securitisation and settlement / delivery"",""SUM({T(C_02.00.a)R(0040,0490)C(0010)})*0.08""";;
ORCE1645,Positive loss adjustment amounts for external fraud,{T(C_17.01.a)R(0945)C(0020)};;
"CRNAF004,Loans and advances. Forborne exposures. Credit institutions,""SUM({T(F_19.00.a)R(0100,0194,0224)C(0010)})""";;
"CRMAT_A921,Absolute volume of SFTS CCR RWEA,""SUM({T(C_34.02)R(0050,0080,0090,0100)C(0200)S(0001)})""";;
"IDCARD55,Net operating income,""SUM({PRFI0800}, -{PRFI1300}, -{PRFI2100})""";;
"RES201,Fee & commission income from activities linked to AuC entrusted to other entities to Total net fee & commission income,""DIVIDE(SUM({SPE.DPI(SRPRAM220030)},{SPE.DPI(SRPRAM230030)}) ,{PRFI0300})""";;
"PRFI2900_ANNUAL,""Annualized Share of the profit (loss) of investments in subsidiaries, associates and joint ventures"",""SUM({PRFI2900}, IFN({MF_FYE}=0, 0, IFN({MF_FYE}=3, {PRFI2900[T-1Q]}-{PRFI2900[T-1Y]}, IFN({MF_FYE}=6, {PRFI2900[T-2Q]}-{PRFI2900[T-1Y]}, IFN({MF_FYE}=9, {PRFI2900[T-3Q]}-{PRFI2900[T-1Y]}, 1/0)))))""";;
"BSFL3600,Deposits: Non-financial corporations-Held for trading,""COALESCE(sum({T(F_08.01.a)R(0260)C(0010)},{T(F_08.01.a)R(0260)C(0034)}),sum({T(F_08.01.dp)R(0260)C(0010)},{T(F_08.01.dp)R(0260)C(0034)}),{SPE.DPI(BSFL3600)})""";;
PROF198,Automated viability anchor - Forecast error CIR for t,For the formula specification please see the latest version of SUBA derived variables and indicators: https://darwin.escb.eu/livelink/livelink/app/nodes/1821262705;;
OPER55,Sum of the five largest losses,{T(C_17.01.a)R(0960)C(0080)};;
"CAP50,Dynamics of capital requirements: Other capital requirements,""DIVIDE({CACE0700}-{CACE0700[T-1Y]}, {CACE0700[T-1Y]})""";;
"LIQ288,3Y Forecasted Growth of Other Assets,""IFN({LIQV0179}=0 AND {LIQV0137}=0,0,IFN({LIQV0137}=0,1,DIVIDE({LIQV0179}-{LIQV0137},{LIQV0137})))""";;
CACE0900,RWA,{T(C_02.00.a)R(0010)C(0010)};;
"IRRBB171,Change in NII of the banking book under parallel interest rate decrease of 200bps divided by realized NII,""DIVIDE(SUM({IRNI1301},-{PRFI0100_ANNUAL}),{PRFI0100})""";;
"CRED457,Households: Share of non-performing L&As to HH with Forbearance Measures over Total non-performing HH,""DIVIDE(SUM({T(F_19.00.a)R(0150,0197,0227)C(0060)}), SUM({T(F_18.00.a)R(0150,0197,0227)C(0060)}))""";;
"OPER118,""Total net loss amount for execution, delivery and process management including loss adjustments relating to previous reporting periods"",""SUM({OPER112},{T(C_17.01.a)R(0940)C(0070)})""";;
"CRNA0700,Impaired loans and advances to Credit Institutions,""COALESCE(SUM({T(F_18.00.a)R(0100,0194,0224)C(0060)}),SUM({T(F_18.00.a.dp)R(0100,0194,0224)C(0060)}),{SPE.DPI(CRNA0700)})""";;
"CRED208,Breakdown of loans to NFC by NACE economic sector: Transport and storage,""DIVIDE({T(F_06.01)R(0080)C(0010)},COALESCE(SUM({T(F_18.00.a)R(0070,0191,0221)C(0010)}),SUM({T(F_18.00.a_dp)R(0070,0191,0221)C(0010)})))""";;
CACE1212,Credit risk capital requirements: SA exposure classes excluding securitisation positions: Covered bonds,{T(C_02.00.a)R(0180)C(0010)}*0.08;;
"PRFI5400_MEAN,Measures the rolling cost of risk average denominator for loans subject to impairment granted to all the counterparty types,""MEAN({PRFI5400},{PRFI5400[T-1Y]})""";;
"IRRBB264,""Change over the past quarter of UL amount from total assets and liabilities (before hedges, behaviour and other economic value-relevant aspects) / Tier 1 capital"",{IRRBB259}-{IRRBB259[T-1Q]}";;
"MARK133,Share of total general government exposures maturing beyond 5 years divided by total general government exposures,""DIVIDE(SUM({T(C_33.00.a)R(0220,0230)C(0020)S(x1)}),{T(C_33.00.a)R(0010)C(0020)S(x1)})""";;
"MRFA2100,Derivatives held for trading - Assets - Carrying amount: OTC - Rest,""COALESCE({T(F_10.00)R(0320)C(0010)},{T(F_10.00_dp)R(0320)C(0010)},{SPE.DPI(MRFA2100)})""";;
"LIQ72,Other financial corporations deposits,""SUM({BSFL3300},{BSFL3400},{BSFL3500})""";;
"PRFI1000_QUARTERLY,Quarterly Net fee & commission income,""{PRFI1000}-IFN({MF_FYE}=3, 0, IFN(({MF_FYE}=6) OR ({MF_FYE}=9) OR ({MF_FYE}=0), {PRFI1000[T-1Q]}, 1/0))""";;
"IRRBB162,Average modelled prepayment rate of Loans (Percentage) [EUR only],""COALESCE({T(J_08.00.b)R(0230)C(0040)S(EUR)}, {T(J_09.00.b)R(0230)C(0040)S(EUR)})""";;
"CAP99,AT1 ratio (%),""DIVIDE({CACO5800}, {CACE0900})""";;
"LIQV0063,3M covered bonds spread (in basis points),""COALESCE({T(C_69.00.a)R(0065)C(0070)S(0010)}, {SPE.DPI(C69R060C070)})""";;
"LIQ130,USD committed facilities / Total CBC,""DIVIDE({T(C_66.01.w)R(1090)C(0020)S(USD)}, {T(C_66.01.x)R(1080)C(0010)S(USD)})""";;
"PRFI2000_annual,Annual Profit or loss after tax from discontinued operations (quarter to quarter),""SUM({PRFI2000}, ifn({MF_FYE}=0, 0, ifn({MF_FYE}=3, {PRFI2000[T-1Q]}-{PRFI2000[T-1Y]}, ifn({MF_FYE}=6, {PRFI2000[T-2Q]}-{PRFI2000[T-1Y]}, ifn({MF_FYE}=9, {PRFI2000[T-3Q]}-{PRFI2000[T-1Y]}, 1/0)))))""";;
MAIN_REQ_FINAL_TREA,The TREA requirment is legally binding. Deadline to meet the final target was 01/01/2024. In exceptional cases banks received a deadline extension according to Article 12 k (1) SRMR.,For the formula specification please see the latest version of SUBA derived variables and indicators: https://darwin.escb.eu/livelink/livelink/app/nodes/1821262705;;
PROF138_FWL,Cost of Risk at t (aggregated by reported period for the sample of entities in BMA_FWL_ENTITIES),For the formula specification please see the latest version of SUBA derived variables and indicators: https://darwin.escb.eu/livelink/livelink/app/nodes/1821262705;;
IRRBB271_THR,Threshold for triggering IRRBB flag in the P2R methodology,For the formula specification please see the latest version of SUBA derived variables and indicators: https://darwin.escb.eu/livelink/livelink/app/nodes/1821262705;;
LIQV0093,Secured funding,SUM({T(C_66.01.a)R(0065)C(0020-0220)S(0010)});;
"LIQV0201,Actual Non-Financial Corporates Deposits,""COALESCE({T(P_01.02)R(060)C(010)},0)""";;
"LEV502_LSI,""Value of single exposure excluded from P1R LR (w/o IPS, IG, Basel) to TLRE"",""DIVIDE(-MIN({T(C_47.00)R(0240)C(0010)},{T(C_47.00)R(0252)C(0010)},{T(C_47.00)R(0256)C(0010)},{T(C_47.00)R(0257)C(0010)},{T(C_47.00)R(0260)C(0010)},SUM({T(C_47.00)R(0261,0262,0263,0264)C(0010)}),SUM({T(C_47.00)R(0265,0266,0267)C(0010)})), {T(C_47.00)R(0290)C(0010)})""";;
"CRCE0208,Original exposure pre-conversion factors exposures class-by-exposure class (IRB): Retail,""SUM({T(C_08.01.a)R(0010)C(0020)S(qx2009)},{T(C_08.01.a)R(0010)C(0020)S(qx2055)},{T(C_08.01.a)R(0010)C(0020)S(qx2068)},{T(C_08.01.a)R(0010)C(0020)S(qx2081)})""";;
"PRFI2500,""Gains (losses) on financial assets and liabilities held for trading, net: Commodities and related derivatives"",""COALESCE({T(F_16.04)R(0050)C(0010)},{SPE.DPI(PRFI2500)})""";;
"CRED427,Counterparty Credit Risk: Exposures for trades at QCCPs /Total EAD,""DIVIDE({T(C_34.10)R(0020)C(0010)}, {T(C_34.02)R(0110)C(0170)S(0001)})""";;
"MRFL1600,Financial liabilities designated at fair value through profit or loss: Deposits,""COALESCE({T(F_01.02)R(0080)C(0010)},{T(F_01.02_dp)R(0080)C(0010)},{SPE.DPI(MRFL1600)})""";;
"CRED237,Variation rate of loans to NFC by NACE economic sector - Education,""DIVIDE({CRNA111P}-{CRNA111P[T-1Y]}, {CRNA111P[T-1Y]})""";;
"LEV5031,Volatility in the total of exposures excluded from P1R-LR,""DIVIDE(SUM({T(C_47.00)R(0252,0256,0257,0260,0261,0262,0263,0264,0265,0266,0267)C(0010)}),SUM({T(C_47.00)R(0252,0256,0257,0260,0261,0262,0263,0264,0265,0266,0267)C(0010)[T-1Y]})) -1""";;
IDCARD87_LSI_FI,Geographical breakdown of assets. SSM country - Finland,{T(F_20.04)R(0010)C(0010)S(FI)}+{T(F_20.04)R(0040)C(0010)S(FI)}+{T(F_20.04)R(0080)C(0010)S(FI)}+{T(F_20.04)R(0140)C(0010)S(FI)};;
"IRRBB220,Contribution of debt securities to NII+MVC sensitivity  (widening CS) (%),""DIVIDE(SUM({SPE.DPI(IRRBBT2_r0070_c0090)},{SPE.DPI(IRRBBT2_r0070_c0120)}),SUM({SPE.DPI(IRRBBT2_r0010_c0090)},-{SPE.DPI(IRRBBT2_r0160_c0090)},{SPE.DPI(IRRBBT2_r0010_c0120)},-{SPE.DPI(IRRBBT2_r0160_c0120)}))*100""";;
"LIQ233,Short-term unsecured WS funding ratio > 3M,""DIVIDE(SUM({T(C_66.01.a)R(0020,0050,0300,0310)C(0130-0190)S(0010)}),{LIQV0110})""";;
"CRED235,Variation rate of loans to NFC by NACE economic sector - Administrative and support services activities,""DIVIDE({CRNA111N}-{CRNA111N[T-1Y]}, {CRNA111N[T-1Y]})""";;
"CRED212,""Breakdown of loans to NFC by NACE economic sector: Professional, scientific and technical activities"",""DIVIDE({T(F_06.01)R(0120)C(0010)},COALESCE(SUM({T(F_18.00.a)R(0070,0191,0221)C(0010)}),SUM({T(F_18.00.a_dp)R(0070,0191,0221)C(0010)})))""";;
"CRED238,Variation rate of loans to NFC by NACE economic sector - Human health services and social work activities,""DIVIDE({CRNA111Q}-{CRNA111Q[T-1Y]}, {CRNA111Q[T-1Y]})""";;
"IRRBB249,Worst EVE impact with derivatives (across all IR scenarios) – Worst EVE impact without derivatives (across all IR scenarios),""COALESCE((DIVIDE(COALESCE({T(J_01.00)R(0010)C(0010)S(x1)},SUM({T(J_01.00)R(0010)C(0010)S(*)}))-MIN(SUM({T(J_02.00)R(0010)C(0040)S(*)}-{T(J_02.00)R(0140)C(0040)S(*)}+{T(J_02.00)R(0190)C(0040)S(*)}-{T(J_02.00)R(0200)C(0040)S(*)}+{T(J_02.00)R(0470)C(0040)S(*)}-{T(J_02.00)R(0520)C(0040)S(*)}-{T(J_02.00)R(0530)C(0040)S(*)}),SUM({T(J_02.00)R(0010)C(0050)S(*)}-{T(J_02.00)R(0140)C(0050)S(*)}+{T(J_02.00)R(0190)C(0050)S(*)}-{T(J_02.00)R(0200)C(0050)S(*)}+{T(J_02.00)R(0470)C(0050)S(*)}-{T(J_02.00)R(0520)C(0050)S(*)}-{T(J_02.00)R(0530)C(0050)S(*)}),SUM({T(J_02.00)R(0010)C(0060)S(*)}-{T(J_02.00)R(0140)C(0060)S(*)}+{T(J_02.00)R(0190)C(0060)S(*)}-{T(J_02.00)R(0200)C(0060)S(*)}+{T(J_02.00)R(0470)C(0060)S(*)}-{T(J_02.00)R(0520)C(0060)S(*)}-{T(J_02.00)R(0530)C(0060)S(*)}),SUM({T(J_02.00)R(0010)C(0070)S(*)}-{T(J_02.00)R(0140)C(0070)S(*)}+{T(J_02.00)R(0190)C(0070)S(*)}-{T(J_02.00)R(0200)C(0070)S(*)}+{T(J_02.00)R(0470)C(0070)S(*)}-{T(J_02.00)R(0520)C(0070)S(*)}-{T(J_02.00)R(0530)C(0070)S(*)}),SUM({T(J_02.00)R(0010)C(0080)S(*)}-{T(J_02.00)R(0140)C(0080)S(*)}+{T(J_02.00)R(0190)C(0080)S(*)}-{T(J_02.00)R(0200)C(0080)S(*)}+{T(J_02.00)R(0470)C(0080)S(*)}-{T(J_02.00)R(0520)C(0080)S(*)}-{T(J_02.00)R(0530)C(0080)S(*)}),SUM({T(J_02.00)R(0010)C(0090)S(*)}-{T(J_02.00)R(0140)C(0090)S(*)}+{T(J_02.00)R(0190)C(0090)S(*)}-{T(J_02.00)R(0200)C(0090)S(*)}+{T(J_02.00)R(0470)C(0090)S(*)}-{T(J_02.00)R(0520)C(0090)S(*)}-{T(J_02.00)R(0530)C(0090)S(*)})), {CACO0200})),(DIVIDE(COALESCE({T(J_01.00)R(0010)C(0010)S(x1)},SUM({T(J_01.00)R(0010)C(0010)S(*)}))-MIN(SUM({T(J_03.00)R(0010)C(0040)S(*)}-{T(J_03.00)R(0140)C(0040)S(*)}+{T(J_03.00)R(0190)C(0040)S(*)}-{T(J_03.00)R(0200)C(0040)S(*)}+{T(J_03.00)R(0470)C(0040)S(*)}-{T(J_03.00)R(0520)C(0040)S(*)}-{T(J_03.00)R(0530)C(0040)S(*)}),SUM({T(J_03.00)R(0010)C(0050)S(*)}-{T(J_03.00)R(0140)C(0050)S(*)}+{T(J_03.00)R(0190)C(0050)S(*)}-{T(J_03.00)R(0200)C(0050)S(*)}+{T(J_03.00)R(0470)C(0050)S(*)}-{T(J_03.00)R(0520)C(0050)S(*)}-{T(J_03.00)R(0530)C(0050)S(*)}),SUM({T(J_03.00)R(0010)C(0060)S(*)}-{T(J_03.00)R(0140)C(0060)S(*)}+{T(J_03.00)R(0190)C(0060)S(*)}-{T(J_03.00)R(0200)C(0060)S(*)}+{T(J_03.00)R(0470)C(0060)S(*)}-{T(J_03.00)R(0520)C(0060)S(*)}-{T(J_03.00)R(0530)C(0060)S(*)}),SUM({T(J_03.00)R(0010)C(0070)S(*)}-{T(J_03.00)R(0140)C(0070)S(*)}+{T(J_03.00)R(0190)C(0070)S(*)}-{T(J_03.00)R(0200)C(0070)S(*)}+{T(J_03.00)R(0470)C(0070)S(*)}-{T(J_03.00)R(0520)C(0070)S(*)}-{T(J_03.00)R(0530)C(0070)S(*)}),SUM({T(J_03.00)R(0010)C(0080)S(*)}-{T(J_03.00)R(0140)C(0080)S(*)}+{T(J_03.00)R(0190)C(0080)S(*)}-{T(J_03.00)R(0200)C(0080)S(*)}+{T(J_03.00)R(0470)C(0080)S(*)}-{T(J_03.00)R(0520)C(0080)S(*)}-{T(J_03.00)R(0530)C(0080)S(*)}),SUM({T(J_03.00)R(0010)C(0090)S(*)}-{T(J_03.00)R(0140)C(0090)S(*)}+{T(J_03.00)R(0190)C(0090)S(*)}-{T(J_03.00)R(0200)C(0090)S(*)}+{T(J_03.00)R(0470)C(0090)S(*)}-{T(J_03.00)R(0520)C(0090)S(*)}-{T(J_03.00)R(0530)C(0090)S(*)})), {CACO0200})))""";;
"CLIM26,Share of collateral with unknown EPC in CRE portfolio (non-EU),""DIVIDE({T(D_02.00.a)R(0080)C(0150)},{T(D_02.00.a)R(0060)C(0010)})""";;
"PRNA3500,""Gains or losses on derecognition of non financial assets, net"",""COALESCE({T(F_02.00)R(0330)C(0010)},{T(F_02.00_dp)R(0330)C(0010)},{SPE.DPI(PRNA3500)})""";;
"CRFA1800,Trading financial assets,""COALESCE(sum({T(F_01.01)R(0050)C(0010)},{T(F_01.01)R(0091)C(0010)}),sum({T(F_01.01_dp)R(0050)C(0010)},{T(F_01.01_dp)R(0091)C(0010)}),{SPE.DPI(CRFA1800)})""";;
"CRED336,Unlikely to Pay Ratio,""DIVIDE(SUM({T(F_18.00.a)R(0070,0191,0221)C(0070)}),SUM({T(F_18.00.a)R(0070,0191,0221)C(0060)}))""";;
"LIQV0179,3Y Forecast for Other Assets,""COALESCE({T(P_01.01)R(211)C(050)},0)""";;
"MR_RMR_IRR_FWL,Potential impacts coming from IRR in the TB to Total RWA,""DIVIDE(COALESCE(-{T(C_91.00)R(0020)C(0190)}, SUM(-{T(C_18.00)R(0011)C(0060)S(0001)}, -{T(C_18.00)R(0380)C(0060)S(0001)})), {T(C_02.00.a)R(0010)C(0010)})""";;
"MR_RMR_FRTB_10,Curvature risk in the high-correlation scenario to Total RWA,""DIVIDE({T(C_91.00)R(0010)C(0140)},{T(C_02.00.a)R(0010)C(0010)})""";;
"LIQV0074,2Y unsecured wholesale deposits spread (in basis points),""COALESCE({T(C_69.00.a)R(0030)C(0130)S(0010)}, {SPE.DPI(C69R030C130)})""";;
"MRFA0100,Financial assets held for trading: Debt securities: General Governments,""COALESCE({T(F_04.01)R(0080)C(0010)},{SPE.DPI(MRFA0100)})""";;
"LIQV0138,Planned 1Y Total Liabilities,""COALESCE(SUM({T(P_01.02)R(390)C(030)[T-1Y]},-{T(P_01.02)R(370)C(030)[T-1Y]}),0)""";;
IDCARD87_LSI_NL,Geographical breakdown of assets. SSM country - The Netherlands,{T(F_20.04)R(0010)C(0010)S(NL)}+{T(F_20.04)R(0040)C(0010)S(NL)}+{T(F_20.04)R(0080)C(0010)S(NL)}+{T(F_20.04)R(0140)C(0010)S(NL)};;
"IRRBB2,Change in the economic value of equity under parallel interest rate decrease of 200 bp divided by Total capital,""DIVIDE({T(J_01.00)R(0050)C(0010)S(x1)}, {CACO0100})""";;
"IRRBB207,Share of total assets with sold optionality (under behavioural view),""COALESCE((DIVIDE(SUM({T(J_05.00.b)R(0010)C(0010)S(*)}*{T(J_05.00.b)R(0010)C(0030)S(*)},{T(J_05.00.b)R(0010)C(0260)S(*)}*{T(J_05.00.b)R(0010)C(0280)S(*)}),SUM({T(J_05.00.b)R(0010)C(0010,0260)S(*)}))),(DIVIDE(SUM({T(J_06.00.b)R(0010)C(0010)S(*)}*{T(J_06.00.b)R(0010)C(0030)S(*)},{T(J_06.00.b)R(0010)C(0260)S(*)}*{T(J_06.00.b)R(0010)C(0280)S(*)}),SUM({T(J_06.00.b)R(0010)C(0010,0260)S(*)}))),(DIVIDE(SUM({T(J_07.00.b)R(0010)C(0010)S(*)}*{T(J_07.00.b)R(0010)C(0030)S(*)},{T(J_07.00.b)R(0010)C(0260)S(*)}*{T(J_07.00.b)R(0010)C(0280)S(*)}),SUM({T(J_07.00.b)R(0010)C(0010,0260)S(*)}))))""";;
OPER69,Maximum single loss for damage to physical assets,{T(C_17.01.a)R(0950)C(0050)};;
"CRED260,Central Government and Central Banks Credit risk capital requirement,""SUM({CACE1401},{CACE1501},{CACE1201})""";;
"PROF134,Projected Cost of Risk at t+3,""DIVIDE({T(P_04.01)R(460)C(040)},MEAN({T(P_01.01)R(220)C(040)},{T(P_01.01)R(220)C(050)}))""";;
"CRMAT_V231,Share of CRE Loans and Advances over Total Loans and Advances,""DIVIDE({CRMAT_A231},COALESCE(SUM({T(F_18.00.a)R(0070,0191,0221)C(0010)}),SUM({T(F_18.00.a_dp)R(0070,0191,0221)C(0010)})))""";;
"CLIM21,Share of collateral with unknown EPC in RRE portfolio (EU),""DIVIDE({T(D_02.00.a)R(0030)C(0150)}, {T(D_02.00.a)R(0010)C(0010)})""";;
"PROF57,""Operating income from Trading & Sales/ Total Operating income, net"",""DIVIDE({SPE.DPI(SRPRIB020010)},{SPE.DPI(SRPRIB110010)})""";;
"MR_PRR_TOTAL_DENSITY_DEBT,Total AVAs  plus Fadj  on Debt securities divided total Debt securities exposure,""SUM({MR_PRR_FADJ_DENSITY_DEBT}, {MR_PRR_AVA_DENSITY_DEBT})""";;
LIQ282,1Y Forecasted Growth of LCR (in base points),({LIQV0173}-{LIQV0157})*100;;
"ORCE1611,Total loss amount for external fraud,""MAX(SUM({T(C_17.01.a)R(0920)C(0020)},{T(C_17.01.a)R(0940)C(0020)}),{T(C_17.01.a)R(0920)C(0020)})""";;
"LIQV0023,Contractual 5Y Gap (including CBC),""SUM(SUM({T(C_66.01.a)R(0720,1080)C(0210)S(0010)}),  SUM({T(C_66.01.a)R(0270,0280,0330)C(0020)S(0010)}))""";;
"PROF3_quarterly,Quaterly ROA (Total profit or loss after tax / Total assets),""DIVIDE(SUM({PRFI1100},{PRFI2000}) - ifn({MF_FYE}=3, 0, ifn(({MF_FYE}=6) OR ({MF_FYE}=9) OR ({MF_FYE}=0), SUM({PRFI1100[T-1Q]},{PRFI2000[T-1Q]}), 1/0)), {BSFA0200})""";;
"LRQM0600,Available Stable Funding,""COALESCE({T(C_81.00.c)R(0010)C(0100)},{T(C_83.00.c)R(0010)C(0070)})""";;
MR_RMR_BWL,3-year weighted volatility of quarterly P&L (Regulatory market risks) to Total RWA,For the formula specification please see the latest version of SUBA derived variables and indicators: https://darwin.escb.eu/livelink/livelink/app/nodes/1821262705;;
"LANP0340,Total loans and advances. Non-Performing. Gross carrying amount (past due > 1 year),""COALESCE(SUM({T(F_18.00.a)R(0005,0070,0191,0221)C(0101,0102,0106,0107)}),{SPE.DPI(LANP0340)})""";;
"CRED137T_LSI,Non-performing loans adjusted with foreclosures / Total loans (including interbank exposures),""DIVIDE(SUM({LANP0300A},{CRFA2900}),{CRFA0100})""";;
"CACE1407,Credit risk capital requirements under IRB approaches when neither own estimates of LGD nor conversion factors are used: IRB exposure classes excluding securitisation positions: Corporates,""sum({T(C_02.00.a)R(0290)C(0010)},{T(C_02.00.a)R(0295)C(0010)},{T(C_02.00.a)R(0300)C(0010)})*0.08""";;
"PROF191,ROE_pre,""DIVIDE({T(F_02.00)R(0670)C(0010)}, {BSFE0100})""";;
"BSFL0900,deposits from central banks,""COALESCE(sum({T(F_08.01.a)R(0060)C(0010)},{T(F_08.01.a)R(0060)C(0020)},{T(F_08.01.a)R(0060)C(0030)},{T(F_08.01.a)R(0060)C(0034)},{T(F_08.01.a)R(0060)C(0035)}),sum({T(F_08.01.a_dp)R(0060)C(0010)},{T(F_08.01.a_dp)R(0060)C(0020)},{T(F_08.01.a_dp)R(0060)C(0030)},{T(F_08.01.a_dp)R(0060)C(0034)},{T(F_08.01.a_dp)R(0060)C(0035)}),{SPE.DPI(BSFL0900)},{SPE.DPI(BSFL0900_LSI)})""";;
"PROF157,Projected Core Revenue to Assets Ratio at t+as reported in year t-3,""DIVIDE(SUM({PRFI4000_T1[T-3Y]},{PRFI4100_T1[T-3Y]},{PRFI0300_T1[T-3Y]},{PRFI2900_T1[T-3Y]},MEAN({PRFI4600[T-3Y]},{PRFI4600[T-4Y]},{PRFI4600[T-5Y]})),MEAN({BSFA0200_FP_T1[T-3Y]},{BSFA0200_FP_T1[T-4Y]}))""";;
"LIQ224,yearly Average LCR,""MEAN({T(C_76.00.a)R(0030)C(0010)},{T(C_76.00.a)R(0030)C(0010)[T-1Q]},{T(C_76.00.a)R(0030)C(0010)[T-2Q]},{T(C_76.00.a)R(0030)C(0010)[T-3Q]})""";;
"CRFA0705,Impaired loans and advances. Other financial institutions,""COALESCE(sum({T(F_07.01)R(0150)C(0070,0080,0090)}),{SPE.DPI(CRFA0705)})""";;
"CRMAT_N231,Share Non-Performing CRE Loans and Advances over Total CRE Loans and Advances,""DIVIDE(COALESCE(SUM({T(F_18.00.a)R(0140,0903,0923)C(0060)}), SUM({T(F_18.00.a_dp)R(0140)C(0060)})), {CRMAT_A231})""";;
PROF136_FWL,Cost/income ratio at t (aggregated by reported period for the sample of entities in BMA_FWL_ENTITIES),For the formula specification please see the latest version of SUBA derived variables and indicators: https://darwin.escb.eu/livelink/livelink/app/nodes/1821262705;;
"CAP27,Composition of own funds: Other prudential filters,""DIVIDE({CACO2200}, {CACO0100})""";;
"MARK107,Estimation of Share of Commodities in Total Capital Requirements,""DIVIDE(SUM({MRCE0100}, DIVIDE(SUM({MRCE2906}, {MRCE2916}), SUM({MRCE0401}, {MRCE2000})) * {CACE1100}), {CACE0800})""";;
CACO0100,Total capital,{T(C_01.00)R(0010)C(0010)};;
"MR_PRR_L1,L1 Assets and Liabilities,""SUM({T(F_14.00)R(0010,0051,0056,0060,0101,0121,0125,0140,0150,0201,0210,0250)C(0010)})""";;
"CRMAT_O401,Share Off-Balance sheet commitments to Central banks and General governments over Total On-Balance Sheet Loans and Advances,""COALESCE(DIVIDE(SUM({T(F_18.00.e)R(0350,0360,0420,0430,0490,0500)C(0010)}),SUM({T(F_18.00.a)R(0070,0191,0221)C(0010)})),DIVIDE(SUM({T(F_18.00.e.dp)R(0350,0360,0420,0430,0490,0500)C(0010)}),SUM({T(F_18.00.a.dp)R(0070,0191,0221)C(0010)})))""";;
"PROF49,Core Profitability Ratio,""SUM({PRFI4000},{PRFI0300},{PRFI5000},{PRFI4900},{PRFI2900},-{PRFI5100},-{PRFI1300},-{PRFI4500},-{PRFI4800})/MEAN({BSFA4200},{BSFA4200[T-1Y]})""";;
"CLIM15,Emission intensity in the NFC portfolio (Scope 1 and 2) (EU),""DIVIDE(SUM({SPE.DPI(CLIMNIIU001050)}, {SPE.DPI(CLIMNIIU001060)}),{SPE.DPI(CLIMNIIU056010)})""";;
"LIQ229,Share in Funding Concentration per Counterparty Sector: Financial corporations other than credit institutions (eba_CT:x18),""DIVIDE(SUM(LOGICAL({T(C_67.00.a)R(0020-0110)C(0030)S(0010)} EQ 'EBA:CT(x18)') * {T(C_67.00.a)R(0020-0110)C(0060)S(0010)}), {LIQV0004})""";;
"LIQ86,Loans and financial commitments to Counterbalancing capacity,""DIVIDE(SUM({LIQV0040},{LIQV0042}), {LIQV0037})""";;
STCE0402,Total capital requirements before cap: off balance sheet items and derivatives as originator – traditional sec - IRB,{T(C_13.01)R(0140)C(0720)}*0.08;;
"PROF60,""Operating income from Payment and Settlement/ Total Operating income, net"",""DIVIDE({SPE.DPI(SRPRIB050010)},{SPE.DPI(SRPRIB110010)})""";;
MRCE0100,Total capital requirements for Commodities under standardised approach (SA),{T(C_02.00.a)R(0570)C(0010)}*0.08;;
"CAP108,Own funds requirements related to Pillar II adjustments (%),""DIVIDE({T(C_04.00)R(0820)C(0010)}, {CACE0900})""";;
"CRMAT_S111,Share of Performing Loans and Advances to Households Secured by RRE in Stage 2 over Total Performing Loans and Advances to Households Secured by RRE,""DIVIDE(SUM({T(F_18.00.a)R(0160,0910)C(0057)}),SUM({T(F_18.00.a)R(0160,0910,0930)C(0020)}))""";;
"PROF106,Coverage net fee income from AM or C related business versus total operating expenses,""DIVIDE(SUM({T(F_22.01)R(0010)C(0010)},-{T(F_22.01)R(0230)C(0010)}),COALESCE(SUM({T(F_02.00)R(0350,0360,0385,0390)C(0010)}),SUM({T(F_02.00_dp)R(0350,0360,0390)C(0010)})))""";;
"IDCARD317,Loan to Deposit ratio - Numerator,""SUM({CRFA0605},{CRFA0604})""";;
"BSFL1900,Financial liabilities measured at amortised cost: Debt certificates (including bonds),""COALESCE(SUM({T(F_08.01.a)R(0360)C(0030,0035)}),{SPE.DPI(BSFL1900)})""";;
"CRMAT_O101,Share Off-Balance sheet commitments to Households over Total On-Balance Sheet Loans and Advances,""COALESCE(DIVIDE(SUM({T(F_18.00.e)R(0400,0470,0540)C(0010)}),SUM({T(F_18.00.a)R(0070,0191,0221)C(0010)})),DIVIDE(SUM({T(F_18.00.e_dp)R(0400,0470,0540)C(0010)}),SUM({T(F_18.00.a_dp)R(0070,0191,0221)C(0010)})))""";;
"MRFA1200,Financial assets designated at fair value through profit or loss: Equity instruments,""COALESCE(SUM({T(F_01.01)R(0110,0172)C(0010)}),SUM({T(F_01.01.dp)R(0110,0172)C(0010)}),{SPE.DPI(MRFA1200)})""";;
"PRFI0100_YCHANGE,Net interest income - Yearly change,""DIVIDE({PRFI0100},{PRFI0100[T-1Y]})-1""";;
"IRRBB105,Change in the economic value of equity under  Flattener divided by Tier 1 capital,""DIVIDE({T(J_01.00)R(0070)C(0010)S(x1)}, {CACO0200})""";;
MR_NRMR_EQR_BWL_SUM_1,Support formula to calculate other KRIs.,For the formula specification please see the latest version of SUBA derived variables and indicators: https://darwin.escb.eu/livelink/livelink/app/nodes/1821262705;;
"IRRBB132,Year on year change in forecasted net interest income expected within 12 months in the baseline scenario (percentage),""DIVIDE(COALESCE({SPE.DPI(IRMCAMT17)},SUM({T(J_01.00)R(0120)C(0010)S(x1)},{T(J_01.00)R(0150)C(0010)S(x1)}))-COALESCE({SPE.DPI(IRMCAMT17)[T-1Y]},SUM({T(J_01.00)R(0120)C(0010)S(x1)[T-1Y]},{T(J_01.00)R(0150)C(0010)S(x1)[T-1Y]})), COALESCE({SPE.DPI(IRMCAMT17)[T-1Y]},SUM({T(J_01.00)R(0120)C(0010)S(x1)[T-1Y]},{T(J_01.00)R(0150)C(0010)S(x1)[T-1Y]})))""";;
STCE0103,Total exposure value: on balance sheet items as investor – traditional sec - SA,{T(C_13.01)R(0210)C(0280)};;
"IRRBB176,Change in the forecasted net interest income  after a parallel interest rate increase of 200bps divided by Tier 1 Capital,""DIVIDE({T(J_01.00)R(0130)C(0010)S(x1)},{CACO0200} )""";;
"CRED392,(Performing forborne loans and advances + Past due 30/60 days) / Total performing loans and advances,""DIVIDE(SUM(SUM({T(F_19.00.a)R(0070,0191,0221)C(0020)}),SUM({T(F_18.00.a)R(0070,0191,0221)C(0055)})),SUM({T(F_18.00.a)R(0070,0191,0221)C(0020)}))""";;
"CRFA2500,Allowances for individually and collectively assessed loans and advances: increases due to amounts set aside for estimated loan losses during the period,""COALESCE(-SUM({T(F_12.01.a)R(0080,0250,0430)C(0020)}),0)""";;
"LIQV0207,3Y Forecast for Households Deposits,""COALESCE({T(P_01.02)R(020)C(050)},0)""";;
PROF161,Forecast error ROA t-3,{PROF143}-{PROF155};;
"CAP128,CET1 headroom above P2G (phased-in) as % of RWA,""SUM({CAP58},-{CAP96})""";;
"OPER22,Ratio loss amount for commercial banking to total loss amount,""DIVIDE({ORCE1604}, {OPER53})""";;
"CRED121,Evolution of total original exposure by class / Total original exposure. Retail,""DIVIDE(SUM({CRCE0108}, {CRCE0208}) - SUM({CRCE0108[T-1Y]}, {CRCE0208[T-1Y]}), SUM({CRCE0101[T-1Y]}, {CRCE0102[T-1Y]}, {CRCE0103[T-1Y]}, {CRCE0104[T-1Y]}, {CRCE0105[T-1Y]}, {CRCE0106[T-1Y]}, {CRCE0107[T-1Y]}, {CRCE0108[T-1Y]}, {CRCE0201[T-1Y]}, {CRCE0206[T-1Y]}, {CRCE0207[T-1Y]}, {CRCE0208[T-1Y]}))""";;
"PRFI0900_ANNUAL_ONEOFF,""Operating costs, excluding one-offs"",For the formula specification please see the latest version of SUBA derived variables and indicators: https://darwin.escb.eu/livelink/livelink/app/nodes/1821262705";;
"CRED485,Binary Variable indicating whether Bank uses the IMM method,""IFN({T(C_34.02)R(0050)C(0170)S(0001)}>0 , 1, IFN(SUM({T(C_34.02)R(0060-0070)C(0170)S(0001)})>0, 1, 0))""";;
"LIQ83,Retail 3 months spread (basis points),""COALESCE({T(C_69.00.a)R(0020)C(0070)S(0010)}, {SPE.DPI(C69R020C070)})""";;
CRED467,Non Financial Coorporations: Outflow to NPLs (Abs.) [All L&A except HfT and HfS],{T(F_18.01)R(0050)C(0020)}*-1;;
"PROF115,Investment Performance Fee income/total AM fee income,""DIVIDE(SUM({SPE.DPI(SRPRAM010150)}, {SPE.DPI(SRPRAM200150)}), {T(F_22.01)R(0070)C(0010)})""";;
"CRED204,""Breakdown of loans to NFC by NACE economic sector: Electricity, gas, steam and air conditioning supply"",""DIVIDE({T(F_06.01)R(0040)C(0010)},COALESCE(SUM({T(F_18.00.a)R(0070,0191,0221)C(0010)}),SUM({T(F_18.00.a.dp)R(0070,0191,0221)C(0010)})))""";;
PRFI0800,Operating income,For the formula specification please see the latest version of SUBA derived variables and indicators: https://darwin.escb.eu/livelink/livelink/app/nodes/1878940265;;
IDCARD87_LSI_LT,Geographical breakdown of assets. SSM country - Lithuania,{T(F_20.04)R(0010)C(0010)S(LT)}+{T(F_20.04)R(0040)C(0010)S(LT)}+{T(F_20.04)R(0080)C(0010)S(LT)}+{T(F_20.04)R(0140)C(0010)S(LT)};;
"CRMAT_G611,YoY growth of absolute volume Foreclosed Assets,""DIVIDE(({CRMAT_A611}-{CRMAT_A611[T-1Y]}),{CRMAT_A611[T-1Y]})""";;
"LIQ209,CBC Level 2 assets ratio,""DIVIDE(SUM({T(C_66.01.b)R(0820,0860,1020,1030)C(0010)S(0010)}),{LIQV0037})""";;
OPER60,Number of events for employment practices and workplace safety,{T(C_17.01.a)R(0910)C(0030)};;
"CRED65,Forborne loans by type of counterparty / Total loans - Central banks,""DIVIDE({CRNAF002}, {CRFA0100})""";;
"LIQV0152,Planned 1Y Total Equity,""COALESCE({T(P_01.02)R(370)C(030)[T-1Y]},0)""";;
"LIQ231,Share in Funding Concentration per Counterparty Sector: Households (eba_CT:x5),""DIVIDE(SUM(LOGICAL({T(C_67.00.a)R(0020-0110)C(0030)S(0010)} EQ 'EBA:qSR(qx2043)') * {T(C_67.00.a)R(0020-0110)C(0060)S(0010)}), {LIQV0004})""";;
"CRMAT_N211,Share Non-Performing Loans and Advances to Corporates and Large corporates over Total Loans and Advances to Corporates and Large corporates,""DIVIDE(SUM(COALESCE(SUM({T(F_18.00.a)R(0120,0196,0226)C(0060)}), SUM({T(F_18.00.a_dp)R(0120,0196,0226)C(0060)})),-COALESCE(SUM({T(F_18.00.a)R(0130,0900,0920)C(0060)})), SUM({T(F_18.00.a_dp)R(0130)C(0060)})),{CRMAT_A211})""";;
"CACO6900,IRB provision excess (+) or shortfall (-),""sum({T(C_01.00)R(0380)C(0010)},{T(C_01.00)R(0910)C(0010)})""";;
"PRFI2100,Depreciation,""COALESCE({T(F_02.00)R(0390)C(0010)},{T(F_02.00.dp)R(0390)C(0010)},{SPE.DPI(PRFI2100)})""";;
"MARK25,Breakdown of OTC derivatives (assets) - Credit institutions,""DIVIDE({MRFA1900}, SUM({MRFA1900}, {MRFA2000}, {MRFA2100}))""";;
"IRRBB152,Proportion of core deposits / Stock of Non-Maturity deposits [Retail Non-Transactional],""DIVIDE(     SUM(COALESCE({T(J_08.00.a)R(0050)C(0010)S(*)}, {T(J_09.00.a)R(0050)C(0010)S(*)})),     SUM(COALESCE({T(J_08.00.a)R(0040)C(0010)S(*)}, {T(J_09.00.a)R(0040)C(0010)S(*)})) )""";;
"PROF83,NFC loans coming from Information and communication (NACE code)/ Total NFC loans,""DIVIDE({T(F_06.01)R(0100)C(0010)},{T(F_06.01)R(0190)C(0010)})""";;
"PRFI2300_LINEAR,Net Profit / Loss. Linear (YTD) annualization.,""(({PRFI2300}*12)/IFN({MF_FYE}=0,12,{MF_FYE}))""";;
"LIQV0206,1Y Forecast for Financial Corporates Deposits,""COALESCE(SUM({T(P_01.02)R(130,140)C(030)}),0)""";;
"LANP0350,Total loans and advances. Non-Performing. Gross carrying amount (Of which: defaulted),""COALESCE(SUM({T(F_18.00.a)R(0005,0070,0191,0221)C(0110)}),{SPE.DPI(LANP0350)})""";;
"LIQV0151,Actual Other Liabilities,""COALESCE({T(P_01.02)R(381)C(010)},0)""";;
"CRED168,Credit risk capital requirements under standardised approach: SA exposure classes excluding securitisation positions: Past due items,""DIVIDE({CACE1210}*12.5, SUM({CACE0100}, {CACE0200})*12.5)""";;
"MARK72,Breakdown of settlement / delivery risk capital requirements - non-trading book,""DIVIDE({MRCE0920}, {CACE0600})""";;
SUBCOUNT_C,Number of subsidiaries under the scope of prudential consolidation as reported in COREP (template C_06.02),SUM(LOGICAL(LENGTH({T(C_06.02)R(*)C(0011)})>0));;
"LIQ243,Share of Over-The-Counter derivatives in Asset Encumbrance sources,""DIVIDE({T(F_32.04.b)R(0030)C(0030)},{T(F_32.04.b)R(0170)C(0030)})""";;
"LIQV0043b,Contractual 3M GAP,""SUM(SUM({T(C_66.01.a)R(0720,1080)C(0140)S(0010)}), SUM({T(C_66.01.a)R(0270,0280,0290)C(0020)S(0010)}))""";;
LIQ201,Short-term unsecured WS funding ratio (excl. CB offset),For the formula specification please see the latest version of SUBA derived variables and indicators: https://darwin.escb.eu/livelink/livelink/app/nodes/1878940265;;
"LIQ63,Funding geographical concentration ratio,""DIVIDE({LIQV0035}, SUM({LIQV0035}, {LIQV0036}))""";;
"IRRBB151,Proportion of core deposits / Stock of Non-Maturity deposits [Retail Transactional],""DIVIDE(     SUM(COALESCE({T(J_08.00.a)R(0020)C(0010)S(*)}, {T(J_09.00.a)R(0020)C(0010)S(*)})),     SUM(COALESCE({T(J_08.00.a)R(0010)C(0010)S(*)}, {T(J_09.00.a)R(0010)C(0010)S(*)})) )""";;
"IRNI1301,Forecasted net interest income of the banking book under parallel interest rate decrease of 200 bps scenario (Millions),""SUM({T(J_01.00)R(0120)C(0010)S(x1)},{T(J_01.00)R(0140)C(0010)S(x1)})""";;
"PRFI2000_quarterly,Quarterly Profit or loss after tax from discontinued operations,""{PRFI2000} - ifn({MF_FYE}=3, 0, ifn(({MF_FYE}=6) OR ({MF_FYE}=9) OR ({MF_FYE}=0), {PRFI2000[T-1Q]}, 1/0))""";;
CACE1208,Credit risk capital requirements: SA exposure classes excluding securitisation positions: Retail,{T(C_02.00.a)R(0140)C(0010)}*0.08;;
"MARK88,Breakdown of stressed VaR (between general and specific risk) - general risk,""DIVIDE({MRCE2917}, {MRCE2000})""";;
"MR_NRMR_EQR_FWL_DELTA,Total Delta sensitivity from equities in the banking book to Total RWA,""DIVIDE(SUM({SPE.DPI(MRT1_r0010_c0030)}, {SPE.DPI(MRT1_r0020_c0030)}, {SPE.DPI(MRT1_r0030_c0030)}, {SPE.DPI(MRT1_r0040_c0030)}, {SPE.DPI(MRT1_r0050_c0030)}, {SPE.DPI(MRT1_r0060_c0030)}, {SPE.DPI(MRT1_r0070_c0030)}, {SPE.DPI(MRT1_r0080_c0030)}, {SPE.DPI(MRT1_r0090_c0030)}, {SPE.DPI(MRT1_r0100_c0030)}, {SPE.DPI(MRT1_r0110_c0030)}, {SPE.DPI(MRT1_r0120_c0030)}, {SPE.DPI(MRT1_r0130_c0030)}), {T(C_02.00.a)R(0010)C(0010)})""";;
"CRMAT_N101,Share Non-Performing Loans and Advances to Households over Total Loans and Advances to Households,""DIVIDE(COALESCE(SUM({T(F_18.00.a)R(0150,0197,0227)C(0060)}), SUM({T(F_18.00.a.dp)R(0150,0197,0227)C(0060)})), {CRMAT_A101})""";;
"BSFL2500,Financial liabilities excluding those held for trading,""COALESCE(sum({T(F_01.02)R(0070)C(0010)},{T(F_01.02)R(0110)C(0010)},{T(F_01.02)R(0141)C(0010)}),sum({T(F_01.02_dp)R(0070)C(0010)},{T(F_01.02_dp)R(0110)C(0010)},{T(F_01.02_dp)R(0141)C(0010)}),{SPE.DPI(BSFL2500)})""";;
"LEV502,Value of single largest exposure excluded from P1R-LR,""DIVIDE(-MIN(SUM({T(C_47.00)R(0270)C(0010)}),SUM({T(C_47.00)R(0250,0251)C(0010)}),SUM({T(C_47.00)R(0261,0262,0263,0264)C(0010)}),SUM({T(C_47.00)R(0265,0266,0267)C(0010)}),({T(C_47.00)R(0252)C(0010)}),SUM({T(C_47.00)R(0050,0081,0093,0102,0104,0120,0220)C(0010)}),({T(C_47.00)R(0240)C(0010)}),({T(C_47.00)R(0260)C(0010)}),({T(C_47.00)R(0253)C(0010)}),({T(C_47.00)R(0071)C(0010)}),({T(C_47.00)R(0254)C(0010)}),({T(C_47.00)R(0256)C(0010)}),({T(C_47.00)R(0257)C(0010)})),{LEV001})""";;
"CRMAT_V211,Share of Loans and Advances to Corporates and Large corporates over Total Loans and Advances,""DIVIDE({CRMAT_A211},COALESCE(SUM({T(F_18.00.a)R(0070,0191,0221)C(0010)}),SUM({T(F_18.00.a.dp)R(0070,0191,0221)C(0010)})))""";;
"OPER41_LSI,Operational losses over gross income,""DIVIDE(SUM({ORCE1601},{ORCE1602},{ORCE1603},{ORCE1604},{ORCE1605},{ORCE1606},{ORCE1607},{ORCE1608},{ORCE1609}), {PRFI0800})""";;
"PROF119,Size of Assets under Custody compared to total assets,""DIVIDE({T(F_22.02)R(0060)C(0010)},COALESCE({T(F_01.01)R(0380)C(0010)},{T(F_01.01.dp)R(0380)C(0010)}))""";;
"MR_RMR_COM_7,Commodity derivatives to Total Assets and Liabilities,""DIVIDE(SUM({T(F_10.00)R(0250)C(0010,0020)},SUM({T(F_11.01)R(0210,0440)C(0010,0020)}),{T(F_11.02)R(0210)C(0005,0007)}),SUM({T(F_01.01)R(0380)C(0010)},{T(F_01.02)R(0300)C(0010)}))""";;
"PRFI6100_T2,Projected Three Year Average Net Trading (and Investment) Income at t+2,""MEAN({PRFI4600_T2},{PRFI4600_T1},{PRFI4600})""";;
"CRED32_LSI,Coverage ratio. Specific allowances for loans on Non-performing loans (excluding interbank loans),""COALESCE(DIVIDE(abs({LANP0800A})-abs({LANP1000A}), abs({LANP0300A})-abs({LANP0600A})), DIVIDE(abs({LANP0800})-abs({LANP1000}), abs({LANP0300})-abs({LANP0600})))""";;
"PRFI1700,""Gains (losses) on financial assets and liabilities held for trading, net: Interest rate instruments and related derivatives"",""COALESCE({T(F_16.04)R(0010)C(0010)},{SPE.DPI(PRFI1700)})""";;
"CRED9,""Identification of the institution's risk appetite (corporate, retail, etc.). Breakdown of original exposure value by class - Retail"",""DIVIDE({T(C_07.00.a)R(0010)C(0010)S(qx26)}+SUM({T(C_08.01.a)R(0010)C(0020)S(qx2010)}, {T(C_08.01.a)R(0010)C(0020)S(qx2011)}, {T(C_08.01.a)R(0010)C(0020)S(qx2009)}, {T(C_08.01.a)R(0010)C(0020)S(qx2008)}, {T(C_08.01.a)R(0010)C(0020)S(qx2007)}),SUM({T(F_18.00.a)R(0330)C(0010)},{T(F_09.01.1)R(0010)C(0010)},{T(F_09.01.1)R(0010)C(0020)},{T(F_09.01.1)R(0010)C(0030)},{T(F_09.01.1)R(0010)C(0100)},{T(F_09.01.1)R(0010)C(0120)},{T(F_09.01.1)R(0090)C(0010)},{T(F_09.01.1)R(0090)C(0020)},{T(F_09.01.1)R(0090)C(0030)},{T(F_09.01.1)R(0090)C(0100)},{T(F_09.01.1)R(0090)C(0120)},{T(F_09.01.1)R(0170)C(0010)},{T(F_09.01.1)R(0170)C(0020)},{T(F_09.01.1)R(0170)C(0030)},{T(F_09.01.1)R(0170)C(0100)},{T(F_09.01.1)R(0170)C(0120)}))""";;
STCE0207,Total capital requirements before cap: on balance sheet items as sponsor – traditional sec - SA,{T(C_13.01)R(0330)C(0740)}*0.08;;
"CRNA0700,Impaired loans and advances to Credit Institutions,""COALESCE(SUM({T(F_18.00.a)R(0100,0194,0224)C(0060)}),SUM({T(F_18.00.a_dp)R(0100,0194,0224)C(0060)}),{SPE.DPI(CRNA0700)})""";;
"PRFI5900,Loans subject to impairment granted to HHs and NFCs,""SUM({PRFI5500},{PRFI5700})""";;
"MRFA4000,Financial assets held for trading: Derivatives held for trading: Fair level 3,""COALESCE({T(F_14.00)R(0020)C(0030)},{SPE.DPI(MRFA4000)})""";;
CRCE0512,Exposure value exposure class-by-exposure class (SA): Covered bonds,{T(C_07.00.a)R(0010)C(0200)S(qx13)};;
"MRFA2000,Derivatives held for trading - Assets - Carrying amount: OTC - Other financial corporations,""COALESCE({T(F_10.00)R(0310)C(0010)},{T(F_10.00.dp)R(0310)C(0010)},{SPE.DPI(MRFA2000)})""";;
"CRED424,Counterparty Credit Risk: EAD SFTs/ Total Assets,""DIVIDE(SUM({T(C_34.02.b)R(0050,0080,0090,0100)C(0170)S(0001)}), {BSFA4200})""";;
"LIQV0131,Planned 1Y Other Assets (t-1),""COALESCE({T(P_01.01)R(211)C(030)[T-1Y]},0)""";;
"CRMAT_G131,YoY growth of absolute volume Loans and Advances to Households Other than Secured by RRE and Credit for consumption,""DIVIDE(({CRMAT_A131}-{CRMAT_A131[T-1Y]}),{CRMAT_A131[T-1Y]})""";;
"MARK95,Level 3 assets (financial assets designated at FVPL) / Financial assets designated at FVPL,""DIVIDE({MRFA4800}, {BSFA3300})""";;
"IDCARD74,CET1 capital (fully loaded),""SUM({T(C_01.00)R(0020)C(0010)},-{T(C_05.01)R(0010)C(0010)},-{T(C_01.00)R(0440)C(0010)},MIN(SUM({T(C_01.00)R(0530)C(0010)},-{T(C_01.00)R(0740)C(0010)},-{T(C_05.01)R(0010)C(0020)},-{T(C_01.00)R(0720)C(0010)},MIN(SUM(0,{T(C_01.00)R(0750)C(0010)},-{T(C_01.00)R(0970)C(0010)},-{T(C_05.01)R(0010)C(0030)}),0)),0))""";;
"OPER14,Ratio gross loss amount for employment practices and workplace safety to total gross loss amount,""DIVIDE({ORCE1612}, {OPER53})""";;
"PRFI6300_B,Impairments on financial assets (LSIs),""SUM(COALESCE({T(F_02.00)R(0460)C(0010)},{T(F_02.00_dp)R(0460)C(0010)}),{T(F_12.00)R(0500)C(0010-0070)})""";;
"LIQ298,1Y Forecasted Growth for Deposit-like Financial Instruments,""IFN({LIQV0192}=0 AND {LIQV0189}=0,0,IFN({LIQV0189}=0,1,DIVIDE({LIQV0192}-{LIQV0189},{LIQV0189})))""";;
"MARK53,Net gains on financial assets and liabilities designated at FVPL / Total operating income,""DIVIDE({PRFI0500}, {PRFI0800})""";;
"MARK11,Available-for-sale financial assets / Total assets,""DIVIDE({CRFA2000_1}-{CRFA1900}, {BSFA0200})""";;
IRRBB199_B,Duration Gap Hedging Ratio;" 1 – (Duration Gap / Duration Gap excluding hedging derivatives),""COALESCE((SUM(DIVIDE({T(J_02.00)R(0010)C(0010)S(*)},SUM({T(J_02.00)R(0010)C(0010)S(*)}))*(1-DIVIDE({T(J_02.00)R(0010)C(0020)S(*)}*{T(J_02.00)R(0010)C(0030)S(*)}-{T(J_02.00)R(0200)C(0020)S(*)}*{T(J_02.00)R(0200)C(0030)S(*)},{T(J_02.00)R(0010)C(0020)S(*)}*{T(J_02.00)R(0010)C(0030)S(*)}-{T(J_02.00)R(0140)C(0020)S(*)}*{T(J_02.00)R(0140)C(0030)S(*)}-{T(J_02.00)R(0200)C(0020)S(*)}*{T(J_02.00)R(0200)C(0030)S(*)}+{T(J_02.00)R(0470)C(0020)S(*)}*{T(J_02.00)R(0470)C(0030)S(*)})))),(SUM(DIVIDE({T(J_03.00)R(0010)C(0010)S(*)},SUM({T(J_03.00)R(0010)C(0010)S(*)}))*(1-DIVIDE({T(J_03.00)R(0010)C(0020)S(*)}*{T(J_03.00)R(0010)C(0030)S(*)}-{T(J_03.00)R(0200)C(0020)S(*)}*{T(J_03.00)R(0200)C(0030)S(*)},{T(J_03.00)R(0010)C(0020)S(*)}*{T(J_03.00)R(0010)C(0030)S(*)}-{T(J_03.00)R(0140)C(0020)S(*)}*{T(J_03.00)R(0140)C(0030)S(*)}-{T(J_03.00)R(0200)C(0020)S(*)}*{T(J_03.00)R(0200)C(0030)S(*)}+{T(J_03.00)R(0470)C(0020)S(*)}*{T(J_03.00)R(0470)C(0030)S(*)})))))""";
"CRNA1130,Gross carrying amount of loans and advances to General Governments,""COALESCE(SUM({T(F_18.00.a)R(0090,0193,0223)C(0010)}),SUM({T(F_18.00.a.dp)R(0090,0193,0223)C(0010)}),{SPE.DPI(CRNA1130)})""";;
"CRMAT_LA111,Share of RRE loans granted with LTI>6 or LTI not available over Total RRE loans granted (YtD),""DIVIDE(SUM({SPE.DPI(RRELTI05GE)},{SPE.DPI(RRELTI06GE)}),{SPE.DPI(RRELTI00GE)})""";;
"CLIM19,""% of portfolio for which proxies are used to estimate GHG financed emissions (scope 1, 2, 3) (EU)"",{SPE.DPI(CLIMNIIU057040)}";;
"MR_PRR_CVA_SIZE,OTC derivatives and SFTs exposed to CVA risk (Fair value) to Total Assets,""DIVIDE({T(C_34.02)R(0140)C(0040)S(0001)},2*{BSFA0200})""";;
"CRED11,""Identification of the institution's risk appetite (corporate, retail, etc.). Breakdown of RWA credit risk IRB by exposure class / EAD by IRB exposure class - Central Banks and Central Governments"",""DIVIDE(SUM({CACE1401}, {CACE1501})*12.5, {CRCE0601})""";;
"MREL_SUPPLY_SUB_TEM,""Own funds and eligible liabilities as a percentage of the total exposure measure, of which own funds and subordinated liabilities"",{T(M_01.00)R(0330)C(0010)}";;
CRED479,Number of originated SRT mezzanine tranches,SUM(LOGICAL({T(C_14.00)R(*)C(0110)}='EBA:RS(x2)' AND {T(C_14.00)R(*)C(0061)}='EBA:RT(x15)')*{T(C_14.00)R(*)C(0241)});;
"IRRBB258,Amount of NMDs repricing within 1 year over Tier1,""COALESCE((DIVIDE(SUM({T(J_05.00.b)R(0270,0310,0350,0390)C(0070-0120,0320-0370)S(*)}),{CACO0200})),(DIVIDE(SUM({T(J_06.00.b)R(0270,0310,0350,0390)C(0070-0120,0320-0370)S(*)}),{CACO0200})),(DIVIDE(SUM({T(J_07.00.b)R(0270,0310,0350,0390)C(0070-0120,0320-0370)S(*)}),{CACO0200})))""";;
"LIQ263,Backtesting Planned vs Actual Other Liabilities,""IFN({LIQV0151}=0 AND {LIQV0144}=0,0,IFN({LIQV0144}=0,1,DIVIDE({LIQV0151}-{LIQV0144},{LIQV0144})))""";;
"OPER13,Ratio gross loss amount for external fraud to total gross loss amount,""DIVIDE({ORCE1611}, {OPER53})""";;
CRMAT_A611,Absolute volume of Foreclosed assets,{T(F_13.03.1.a)R(0020)C(0010)};;
"MR_NRMR_EQR_FWL_VEGA,Total Vega sensitivity from equities in the banking book to Total RWA,""DIVIDE(SUM({SPE.DPI(MRT1_r0010_c0040)}, {SPE.DPI(MRT1_r0020_c0040)}, {SPE.DPI(MRT1_r0030_c0040)}, {SPE.DPI(MRT1_r0040_c0040)}, {SPE.DPI(MRT1_r0050_c0040)}, {SPE.DPI(MRT1_r0060_c0040)}, {SPE.DPI(MRT1_r0070_c0040)}, {SPE.DPI(MRT1_r0080_c0040)}, {SPE.DPI(MRT1_r0090_c0040)}, {SPE.DPI(MRT1_r0100_c0040)}, {SPE.DPI(MRT1_r0110_c0040)}, {SPE.DPI(MRT1_r0120_c0040)}, {SPE.DPI(MRT1_r0130_c0040)}), {T(C_02.00.a)R(0010)C(0010)})""";;
"CRED437,Credit institutions and other financial institutions: Inflow to NPLs (% of all Inflows) [All L&A except HfT and HfS],""DIVIDE({CRED442},{T(F_18.01)R(0150)C(0020)})""";;
"LIQV0079,5Y ABS spread (in basis points),""COALESCE({T(C_69.00.a)R(0075)C(0150)S(0010)}, {SPE.DPI(C69R070C150)})""";;
MR_PRR_BWL,3-year weighted volatility of quarterly fair value adjustments to Total RWA,For the formula specification please see the latest version of SUBA derived variables and indicators: https://darwin.escb.eu/livelink/livelink/app/nodes/1821262705;;
"LIQV0100,Long term funding,""SUM(SUM({T(C_81.00.a)R(0090,0110)C(0010,0020)}),SUM({T(C_81.00.a)R(0020,0070,0130,0220,0230,0310,0330,0410,0420,0430)C(0030)}))""";;
"CRED449,FAs and HFS: Share of gross foreclosed assets clasified as HFS,""DIVIDE({T(F_13.03.1.b)R(0020)C(0040)},{T(F_13.03.1.a)R(0020)C(0010)})""";;
"MARK10,(Financial assets held for trading + financial assets designated at FVPL) / Total assets,""DIVIDE(SUM({CRFA1800}, {BSFA3300}), {BSFA0200})""";;
"CRMAT_V501,Share of Securitisation exposures originated over Total Loans and Advances,""DIVIDE({CRMAT_A501},COALESCE(SUM({T(F_18.00.a)R(0070,0191,0221)C(0010)}),SUM({T(F_18.00.a_dp)R(0070,0191,0221)C(0010)})))""";;
"LIQV0105,Unsecured funding from financial customers,""COALESCE(SUM({T(F_08.01.a)R(0160,0210)C(0010-0030)},-SUM({T(F_08.01.a)R(0200,0250)C(0010-0030)})),SUM({T(F_08.01.a_dp)R(0160,0210)C(0010-0030)},-SUM({T(F_08.01.a_dp)R(0200,0250)C(0010-0030)})))""";;
CRCE0514,Exposure value exposure class-by-exposure class (SA): Collective investments undertakings (CIU),{T(C_07.00.a)R(0010)C(0200)S(qx14)};;
"CAP29,Risk Weighted Assets on Total assets,""DIVIDE({CACE0900}, {BSFA0200})""";;
"PRFI0200,Dividend income,""COALESCE({T(F_02.00)R(0160)C(0010)},{T(F_02.00_dp)R(0160)C(0010)},{SPE.DPI(PRFI0200)})""";;
"LIQ228,Share in Funding Concentration per Counterparty Sector: Credit institutions (eba_CT:x12),""DIVIDE(SUM(LOGICAL({T(C_67.00.a)R(0020-0110)C(0030)S(0010)} EQ 'EBA:qSR(qx2023)') * {T(C_67.00.a)R(0020-0110)C(0060)S(0010)}), {LIQV0004})""";;
MRCE2904,Multiplication factor (ms) x average of previous 60 working days (VaRavg): Equities - Specific risk,{T(C_24.00)R(0070)C(0030)};;
"CRED376,Share of Stage 2 on Total Loans,""DIVIDE({CRED486},{CRED487})""";;
IDCARD55,Net operating income,For the formula specification please see the latest version of SUBA derived variables and indicators: https://darwin.escb.eu/livelink/livelink/app/nodes/1878940265;;
"LIQ312,3Y Forecasted Growth of Financial Corporates Deposits,""IFN({LIQV0209}=0 AND {LIQV0203}=0,0,IFN({LIQV0203}=0,1,DIVIDE({LIQV0209}-{LIQV0203},{LIQV0203})))""";;
IDCARD682,CET1 requirements + P2G (ID CARDS),For the formula specification please see the latest version of SUBA derived variables and indicators: https://darwin.escb.eu/livelink/livelink/app/nodes/1878940265;;
"PRFI2300_annual,Annual Total profit or loss after tax and discontinued operations (quarter to quarter),""SUM({PRFI2300}, ifn({MF_FYE}=0, 0, ifn({MF_FYE}=3, {PRFI2300[T-1Q]}-{PRFI2300[T-1Y]}, ifn({MF_FYE}=6, {PRFI2300[T-2Q]}-{PRFI2300[T-1Y]}, ifn({MF_FYE}=9, {PRFI2300[T-3Q]}-{PRFI2300[T-1Y]}, 1/0)))))""";;
MRCE2913,Stressed VaR. Multiplication factor (ms) x average of previous 60 working days (SVaRavg): Equities - General risk,{T(C_24.00)R(0060)C(0050)};;
ORCE1664,Gross loss from new events for damage to physical assets,{T(C_17.01.a)R(0920)C(0050)};;
"MR_RMR_FRTB_38,ASA DRC for Non-Securitisation to Current Incremental Risk Charge model,""DIVIDE({T(C_91.00)R(0090)C(0190)},SUM({T(C_24.00)R(0010)C(0070-0080)}))""";;
"RES102,Assets under custody subject to regulatory or contractual restitution obligation,""DIVIDE(SUM({SPE.DPI(SRPRAM290030)},{SPE.DPI(SRPRAM370030)},{SPE.DPI(SRPRAM440030)}), {RES001})""";;
DQI3,Completeness – data quality indicator,ITS;;
"PRFI0200,Dividend income,""COALESCE({T(F_02.00)R(0160)C(0010)},{T(F_02.00.dp)R(0160)C(0010)},{SPE.DPI(PRFI0200)})""";;
PROF207,Automated viability anchor - Forecast error CRA for t-2,For the formula specification please see the latest version of SUBA derived variables and indicators: https://darwin.escb.eu/livelink/livelink/app/nodes/1821262705;;
"MR_RMR_FRTB_34,Default risk charge in relation to total ASA OFR,""DIVIDE(SUM({T(C_91.00)R(0090,0100,0110)C(0190)}),{T(C_91.00)R(0010)C(0190)})""";;
"MARK7,Breakdown of financial assets designated at FVPL: Equity instruments,""DIVIDE({MRFA1200}, {BSFA3300})""";;
PROF5_ANNUAL,Annualised Cost/Income Ratio,For the formula specification please see the latest version of SUBA derived variables and indicators: https://darwin.escb.eu/livelink/livelink/app/nodes/1878940265;;
STCE0304,Total exposure value: off balance sheet items and derivatives as investor – traditional sec - IRB,{T(C_13.01)R(0260)C(0210)};;
"CRED403,Central banks and general governments: Outflow to NPLs (% of all Outflows) [All L&A except HfT and HfS],""DIVIDE({CRED404}, {T(F_18.01)R(0150)C(0020)})""";;
STCE0208,Total capital requirements before cap: off balance sheet items and derivatives as sponsor – traditional sec - SA,{T(C_13.01)R(0380)C(0740)}*0.08;;
"PROF62,""Operating income from Asset Management/ Total Operating income, net"",""DIVIDE({SPE.DPI(SRPRIB070010)},{SPE.DPI(SRPRIB110010)})""";;
"CRED68,Forborne loans by type of counterparty / Total loans - Other financial corporations,""DIVIDE({CRNAF005}, {CRFA0100})""";;
"CRMAT_A301,Absolute volume of Credit institutions and Other financial institutions portfolio,""COALESCE(SUM({T(F_18.00.a)R(0040,0050,0100,0184,0185,0194,0214,0215,0224,0110,0195,0225)C(0010)}), SUM({T(F_18.00.a.dp)R(0040,0050,0100,0184,0185,0194,0214,0215,0224,0110,0195,0225)C(0010)}))""";;
"CRMAT_G211,YoY growth of absolute volume Loans and Advances to Corporates and Large corporates,""DIVIDE(({CRMAT_A211}-{CRMAT_A211[T-1Y]}),{CRMAT_A211[T-1Y]})""";;
"LIQ201,Short-term unsecured WS funding ratio (excl. CB offset),""DIVIDE(SUM({T(C_66.01.a)R(0020,0050,0300,0310)C(0020, 0030-0190)S(0010)}),{LIQV0110})""";;
"CRED443,Credit institutions and other financial institutions: S3 share of total NPL,""DIVIDE(SUM({T(F_18.00.a)R(0100,0110,0194,0195)C(0121)}),SUM({T(F_18.00.a)R(0100,0110,0194,0195,0224,0225)C(0060)}))""";;
"CRED389,Stage 2 ratio,""DIVIDE(SUM({T(F_18.00.a)R(0070,0191)C(0057)},{T(F_07.01)R(0120)C(0020,0030)}),SUM({T(F_18.00.a)R(0070,0191,0221)C(0020)}))""";;
"CRMAT_V701,Share of Exposures in coutries outside EA over Total exposures in all countries,""DIVIDE({CRMAT_A701}, SUM(SUM({T(F_20.04)R(0080,0140)C(0010)S(*)}),-SUM({T(F_20.04)R(0080,0140)C(0011)S(*)})))""";;
PROF211_YE_THR,Threshold for triggering BMA flag in the P2R methodology,For the formula specification please see the latest version of SUBA derived variables and indicators: https://darwin.escb.eu/livelink/livelink/app/nodes/1821262705;;
"LEV201,Notional amount of OBS items with CCFs < 100% to total leverage ratio exposure (TLRE),""DIVIDE(SUM(({T(C_47.00)R(0150)C(0010)} / 0.1),({T(C_47.00)R(0160)C(0010)} / 0.2),({T(C_47.00)R(0170)C(0010)} / 0.5)),{LEV001})""";;
"ORCE1655,""Negative loss adjustment amounts for clients, products and business practices"",{T(C_17.01.a)R(0946)C(0040)}";;
"IRRBB234,(Δ Obligations in credit spread tightening scenario - Δ Assets in credit spread tightening scenario) / T1 capital,""DIVIDE(SUM({SPE.DPI(PENS6R15CTO)},-{SPE.DPI(PENS6R27CTO)}),{CACO0200})""";;
ORCE1661,Gross loss from new events for external fraud,{T(C_17.01.a)R(0920)C(0020)};;
"PRFI0300_LINEAR,Net fee & commission income. Linear (YTD) annualization.,""({PRFI0300}*12)/IFN({MF_FYE}=0,12,{MF_FYE})""";;
"LIQV0092,Wholesale funding,""COALESCE(SUM({T(C_81.00.a)R(0270)C(0010-0030)}),SUM(SUM({T(C_81.00.a)R(0090)C(0010,0020)}),-SUM({T(F_08.01.a)R(0060)C(0010-0030)})))""";;
"PROF152,Projected Cost/income ratio at t as reported in year t-2,""COALESCE(DIVIDE(SUM({T(P_04.01)R(360,390)C(020)[T-2Y]}),{T(P_04.01)R(355)C(020)[T-2Y]}),DIVIDE({SPE.DPI(SRPR200C132)[T-2Y]},{SPE.DPI(SRPR170C132)[T-2Y]}))""";;
"LIQV0175,3Y Forecast for Cash and Cash Balances at CBs,""COALESCE({T(P_01.01)R(010)C(050)},0)""";;
"IDCARD131N,NPL ratio excluding cash balances,""DIVIDE({IDCARD320N},{IDCARD321N})""";;
"IDCARD545_LSTYR,Net Interest Margin (Annualised) Last Year,""DIVIDE({PRFI0100_ANN_LSTYR},{IDCARD548_ANN_LSTYR})""";;
"OPER27,Ratio loss amount for corporate items to total loss amount,""DIVIDE({ORCE1609}, {OPER53})""";;
"CRMAT_G501,YoY growth of absolute volume Securitisation exposures originated,""DIVIDE(({CRMAT_A501}-{CRMAT_A501[T-1Y]}),{CRMAT_A501[T-1Y]})""";;
"LEV402B,Magnitude of the drop in SFTs value around the reporting dates (using quarterly data),""ifn({MF_FYE}=0, DIVIDE(MEAN(SUM({T(C_47.00)R(0010,0050)C(0010)[T-1Q]}), SUM({T(C_47.00)R(0010,0050)C(0010)[T-2Q]}), SUM({T(C_47.00)R(0010,0050)C(0010)[T-3Q]})), SUM({T(C_47.00)R(0010,0050)C(0010)})),ifn({MF_FYE}=3, DIVIDE(MEAN(SUM({T(C_47.00)R(0010,0050)C(0010)}), SUM({T(C_47.00)R(0010,0050)C(0010)[T-2Q]}), SUM({T(C_47.00)R(0010,0050)C(0010)[T-3Q]})), SUM({T(C_47.00)R(0010,0050)C(0010)[T-1Q]})),ifn({MF_FYE}=6, DIVIDE(MEAN(SUM({T(C_47.00)R(0010,0050)C(0010)}), SUM({T(C_47.00)R(0010,0050)C(0010)[T-1Q]}), SUM({T(C_47.00)R(0010,0050)C(0010)[T-3Q]})), SUM({T(C_47.00)R(0010,0050)C(0010)[T-2Q]})),ifn({MF_FYE}=9, DIVIDE(MEAN(SUM({T(C_47.00)R(0010,0050)C(0010)}), SUM({T(C_47.00)R(0010,0050)C(0010)[T-1Q]}), SUM({T(C_47.00)R(0010,0050)C(0010)[T-2Q]})), SUM({T(C_47.00)R(0010,0050)C(0010)[T-3Q]})),1/0))))""";;
IRRBB7,Change in the forecasted net interest income of the banking book under parallel interest rate decrease of 200 bps divided by Annualised total net interest income,For the formula specification please see the latest version of SUBA derived variables and indicators: https://darwin.escb.eu/livelink/livelink/app/nodes/1821262705;;
"MARK17,Breakdown of financial liabilities held for trading - Other financial liabilities,""DIVIDE({MRFL1500}, {BSFL0400})""";;
"MARK101_C,Net gains on financial assets and liabilities held for trading / VaR,""DIVIDE({PRFI0400},DIVIDE({MRCE0401}, {MRCE2300}))""";;
"CRED337,Past-due >1 year ratio,""DIVIDE(SUM({T(F_18.00.a)R(0070,0191,0221)C(0101,0102,0106,0107)}),SUM({T(F_18.00.a)R(0070,0191,0221)C(0060)}))""";;
"IRRBB271,CSRBB Assets / RWA,""DIVIDE(SUM({T(F_01.01)R(0098,0120,0143,0173)C(0010)}), {CACE0900})""";;
"LIQV0173,1Y Forecast for LCR,""COALESCE({T(P_01.03)R(030)C(030)},0)""";;
"IRRBB208,Share of total liabilities with bought optionality (under behavioural view),""COALESCE((DIVIDE(SUM({T(J_05.00.b)R(0200)C(0010)S(*)}*{T(J_05.00.b)R(0200)C(0020)S(*)},{T(J_05.00.b)R(0200)C(0260)S(*)}*{T(J_05.00.b)R(0200)C(0270)S(*)}),SUM({T(J_05.00.b)R(0200)C(0010,0260)S(*)}))),(DIVIDE(SUM({T(J_06.00.b)R(0200)C(0010)S(*)}*{T(J_06.00.b)R(0200)C(0020)S(*)},{T(J_06.00.b)R(0200)C(0260)S(*)}*{T(J_06.00.b)R(0200)C(0270)S(*)}),SUM({T(J_06.00.b)R(0200)C(0010,0260)S(*)}))),(DIVIDE(SUM({T(J_07.00.b)R(0200)C(0010)S(*)}*{T(J_07.00.b)R(0200)C(0020)S(*)},{T(J_07.00.b)R(0200)C(0260)S(*)}*{T(J_07.00.b)R(0200)C(0270)S(*)}),SUM({T(J_07.00.b)R(0200)C(0010,0260)S(*)}))))""";;
BSFA0300,ow: trading derivatives,For the formula specification please see the latest version of SUBA derived variables and indicators: https://darwin.escb.eu/livelink/livelink/app/nodes/1878940265;;
"CRED227,Variation rate of loans to NFC by NACE economic sector - Water supply,""DIVIDE({CRNA111E}-{CRNA111E[T-1Y]}, {CRNA111E[T-1Y]})""";;
"LIQ239,Share in Buffer Concentration per Issuer Sector: Households (eba_CT:x5),""DIVIDE(SUM(LOGICAL({T(C_71.00.a)R(0020-0110)C(0030)S(0010)} EQ 'EBA:qSR(qx2043)') * {T(C_71.00.a)R(0020-0110)C(0080)S(0010)}), {LIQV0012})""";;
"BSFA3300_1,Financial assets measured at FVPL excluding those held for trading and hedging derivatives,""COALESCE(sum({T(F_01.01)R(0096)C(0010)},{T(F_01.01)R(0100)C(0010)},{T(F_01.01)R(0171)C(0010)}),sum({T(F_01.01_dp)R(0096)C(0010)},{T(F_01.01_dp)R(0100)C(0010)},{T(F_01.01_dp)R(0171)C(0010)}),{SPE.DPI(BSFA3300)})""";;
"CRMAT_G401,YoY growth of absolute volume Loans and Advances to Central banks and General governments,""DIVIDE(({CRMAT_A401}-{CRMAT_A401[T-1Y]}),{CRMAT_A401[T-1Y]})""";;
"MR_PRR_FADJ_DENSITY_L3_OTHER,Total FVadj on L3 Other securities on total L3 Other securities exposure,""DIVIDE(SUM({SPE.DPI(MRT4_r0090_c0080)}, {SPE.DPI(MRT4_r0090_c0100)}, {SPE.DPI(MRT4_r0090_c0120)}, {SPE.DPI(MRT4_r0090_c0140)}, {SPE.DPI(MRT4_r0090_c0160)}, {SPE.DPI(MRT4_r0090_c0180)}, {SPE.DPI(MRT4_r0090_c0200)}, {SPE.DPI(MRT4_r0120_c0080)}, {SPE.DPI(MRT4_r0120_c0100)}, {SPE.DPI(MRT4_r0120_c0120)},{SPE.DPI(MRT4_r0120_c0140)}, {SPE.DPI(MRT4_r0120_c0160)}, {SPE.DPI(MRT4_r0120_c0180)}, {SPE.DPI(MRT4_r0120_c0200)}), SUM({SPE.DPI(MRT4_r0090_c0020)}, {SPE.DPI(MRT4_r0120_c0020)}))""";;
"LIQV0187,3Y Forecast for Total Equity,""COALESCE({T(P_01.02)R(370)C(050)},0)""";;
"LIQV0132,Actual Total Assets,""COALESCE({T(P_01.01)R(220)C(010)},0)""";;
"CAP121,T+2 OC Ratio Forecast,""DIVIDE({SPE.DPI(SRPRCP070020)}, {SPE.DPI(SRPRCP110020)})""";;
"BSFL0200,Deposits from counterparties other than from credit institutions and central banks,""COALESCE(sum(sum({T(F_08.01.a)R(0050)C(0010)},{T(F_08.01.a)R(0050)C(0020)},{T(F_08.01.a)R(0050)C(0030)},{T(F_08.01.a)R(0050)C(0034)},{T(F_08.01.a)R(0050)C(0035)}),-sum({T(F_08.01.a)R(0160)C(0010)},{T(F_08.01.a)R(0160)C(0020)},{T(F_08.01.a)R(0160)C(0030)},{T(F_08.01.a)R(0160)C(0034)},{T(F_08.01.a)R(0160)C(0035)}),-sum({T(F_08.01.a)R(0060)C(0010)},{T(F_08.01.a)R(0060)C(0020)},{T(F_08.01.a)R(0060)C(0030)},{T(F_08.01.a)R(0060)C(0034)},{T(F_08.01.a)R(0060)C(0035)})),sum(sum({T(F_08.01.a)R(0050)C(0010)},{T(F_08.01.a)R(0050)C(0020)},{T(F_08.01.a)R(0050)C(0030)},{T(F_08.01.a)R(0050)C(0034)},{T(F_08.01.a)R(0050)C(0035)}),-sum({T(F_08.01.a_dp)R(0160)C(0010)},{T(F_08.01.a_dp)R(0160)C(0020)},{T(F_08.01.a_dp)R(0160)C(0030)},{T(F_08.01.a_dp)R(0160)C(0034)},{T(F_08.01.a_dp)R(0160)C(0035)}),-sum({T(F_08.01.a_dp)R(0060)C(0010)},{T(F_08.01.a_dp)R(0060)C(0020)},{T(F_08.01.a_dp)R(0060)C(0030)},{T(F_08.01.a_dp)R(0060)C(0034)},{T(F_08.01.a_dp)R(0060)C(0035)})),{SPE.DPI(BSFL0200)})""";;
"MARK12,Financial liabilities held for trading / (Total liabilities + Equity),""DIVIDE({BSFL0400}, SUM({BSFL0500},{BSFE0100}))""";;
STCE0301,Total exposure value: on balance sheet items as originator – traditional sec - IRB,{T(C_13.01)R(0090)C(0210)};;
LEV006,Excluded banking-type ancillary services of CSD/institutions in accordance with point (o) of Article 429a(1) CRR,{T(C_47.00)R(0256)C(0010)};;
"CRED173,Credit risk capital requirements: IRB exposure classes excluding securitisation positions: Corporates,""DIVIDE({CACE1307}*12.5, SUM({CACE0100}, {CACE0200})*12.5)""";;
IDCARD89,Assets (top 3rd country),For the formula specification please see the latest version of SUBA derived variables and indicators: https://darwin.escb.eu/livelink/livelink/app/nodes/1878940265;;
"PROF59,""Operating income from Commercial Banking/ Total Operating income, net"",""DIVIDE({SPE.DPI(SRPRIB040010)},{SPE.DPI(SRPRIB110010)})""";;
"CRED417,Country risk: Top 3 country with highest exposure (% over total exposure),""DIVIDE(SUM(LOGICAL(RANK(SUM_DOMAIN(SUM_DOMAIN({T(F_20.04)R(0080,0140)C(0010,0011)S(*)}, 'ROW'), 'COLUMN'), 'DESC') IN [1,2,3])*(SUM_DOMAIN(SUM_DOMAIN({T(F_20.04)R(0080,0140)C(0010,0011)S(*)}, 'ROW'), 'COLUMN'))), {CRED411_DEN})""";;
"CRED205,Breakdown of loans to NFC by NACE economic sector: Water supply,""DIVIDE({T(F_06.01)R(0050)C(0010)},COALESCE(SUM({T(F_18.00.a)R(0070,0191,0221)C(0010)}),SUM({T(F_18.00.a.dp)R(0070,0191,0221)C(0010)})))""";;
"PROF130,Projected Core Revenue to Assets Ratio at t+2,""DIVIDE(SUM({PRFI4000_T2},{PRFI4100_T2},{PRFI4600_T2},{PRFI0300_T2},{PRFI2900_T2}),MEAN({T(P_01.01)R(220)C(030)},{T(P_01.01)R(220)C(040)})*{PROF999})""";;
"CRED333,Cost of Credit,""DIVIDE({T(F_02.00)R(0491)C(0010)},{T(F_02.00)R(0355)C(0010)})""";;
"MARK99,Market risk capital requirements / Financial assets held for trading,""DIVIDE({CACE0400}, {CRFA1800})""";;
BSFA0100,Intangible and GW,For the formula specification please see the latest version of SUBA derived variables and indicators: https://darwin.escb.eu/livelink/livelink/app/nodes/1878940265;;
CRED462,Non Financial Coorporations: Inflow to NPLs (Abs.) [All L&A except HfT and HfS],{T(F_18.01)R(0050)C(0010)};;
CRED480,Total notional amount of First Loss tranches of originated SRT securitizations,SUM(LOGICAL({T(C_14.00)R(*)C(0110)}='EBA:RS(x2)' AND {T(C_14.00)R(*)C(0061)}='EBA:RT(x15)')*{T(C_14.00)R(*)C(0250)});;
"IDCARD405_LSI,Tax assets,""COALESCE({T(F_01.01)R(0330)C(0010)},{T(F_01.01.dp)R(0330)C(0010)},{SPE.DPI(IDCARD405_LSI)})""";;
CAP95,Overall capital requirement (OCR) ratio,{T(C_03.00)R(0160)C(0010)};;
MR_RMR_BWL_1,3-year weighted volatility of quarterly P&L (Regulatory market risks) to Total CET1,For the formula specification please see the latest version of SUBA derived variables and indicators: https://darwin.escb.eu/livelink/livelink/app/nodes/1821262705;;
"LIQ43,Liquid assets to Short-Term Liabilities,""DIVIDE({LIQV0001}, {LIQV0102})""";;
"CLIM23,Share of collateral with estimated EPC in RRE portfolio (EU),""DIVIDE({SPE.DPI(CLIMREU003R)}*{T(D_02.00.a)R(0030)C(0150)}, {T(D_02.00.a)R(0010)C(0010)})""";;
"CRED203,Breakdown of loans to NFC by NACE economic sector: Manufacturing,""DIVIDE({T(F_06.01)R(0030)C(0010)},COALESCE(SUM({T(F_18.00.a)R(0070,0191,0221)C(0010)}),SUM({T(F_18.00.a.dp)R(0070,0191,0221)C(0010)})))""";;
LIQ281,1Y Forecasted Growth of NSFR (in base points),({LIQV0172}-{LIQV0155})*100;;
"MRFL2300,Derivatives held for trading - Liabilities - Carrying amount: OTC - Other financial corporations,""COALESCE({T(F_10.00)R(0310)C(0020)},{T(F_10.00_dp)R(0310)C(0020)},{SPE.DPI(MRFL2300)})""";;
"CRED441,Credit institutions and other financial institutions: Outflow to NPLs (% of all Outflows) [All L&A except HfT and HfS],""DIVIDE({T(F_18.01)R(0030)C(0020)},{T(F_18.01)R(0150)C(0020)})""";;
FWL14,Supervisory expectation - COR,For the formula specification please see the latest version of SUBA derived variables and indicators: https://darwin.escb.eu/livelink/livelink/app/nodes/1821262705;;
"LIQV0147,Actual Deposits,""COALESCE(SUM({T(P_01.02)R(020)C(010)},{T(P_01.02)R(060)C(010)},SUM({T(P_01.02)R(130,140)C(010)})),0)""";;
IDCARD87_LSI_GR,Geographical breakdown of assets. SSM country - Greece,{T(F_20.04)R(0010)C(0010)S(GR)}+{T(F_20.04)R(0040)C(0010)S(GR)}+{T(F_20.04)R(0080)C(0010)S(GR)}+{T(F_20.04)R(0140)C(0010)S(GR)};;
"OPER71,""Maximum single loss for execution, delivery and process management"",{T(C_17.01.a)R(0950)C(0070)}";;
"PROF112,Return on AuM: Gross Asset Management fee revenue/AuM,""DIVIDE({T(F_22.01)R(0070)C(0010)},{T(F_22.02)R(0010)C(0010)})""";;
"LIQ15,Loan to Stable Funding Ratio,""DIVIDE({IDCARD533},{IDCARD534})""";;
"CRED393_B,Single name concentration (from concentration STE exposures),""DIVIDE(SUM({SPE.DPI(S3CN00101)},{SPE.DPI(S3CN00201)},{SPE.DPI(S3CN00301)},{SPE.DPI(S3CN00401)},{SPE.DPI(S3CN00501)},{SPE.DPI(S3CN00601)},{SPE.DPI(S3CN00701)},{SPE.DPI(S3CN00801)},{SPE.DPI(S3CN00901)},{SPE.DPI(S3CN01001)},{SPE.DPI(S3CN01101)},{SPE.DPI(S3CN01201)},{SPE.DPI(S3CN01301)},{SPE.DPI(S3CN01401)},{SPE.DPI(S3CN01501)},{SPE.DPI(S3CN01601)},{SPE.DPI(S3CN01701)},{SPE.DPI(S3CN01801)},{SPE.DPI(S3CN01901)},{SPE.DPI(S3CN02001)},{SPE.DPI(S3CN02101)},{SPE.DPI(S3CN02201)},{SPE.DPI(S3CN02301)},{SPE.DPI(S3CN02401)},{SPE.DPI(S3CN02501)},{SPE.DPI(S3CN02601)},{SPE.DPI(S3CN02701)},{SPE.DPI(S3CN02801)},{SPE.DPI(S3CN02901)},{SPE.DPI(S3CN03001)},{SPE.DPI(S3CN03101)},{SPE.DPI(S3CN03201)},{SPE.DPI(S3CN03301)},{SPE.DPI(S3CN03401)},{SPE.DPI(S3CN03501)},{SPE.DPI(S3CN03601)},{SPE.DPI(S3CN03701)},{SPE.DPI(S3CN03801)},{SPE.DPI(S3CN03901)},{SPE.DPI(S3CN04001)},{SPE.DPI(S3CN04101)},{SPE.DPI(S3CN04201)},{SPE.DPI(S3CN04301)},{SPE.DPI(S3CN04401)},{SPE.DPI(S3CN04501)},{SPE.DPI(S3CN04601)},{SPE.DPI(S3CN04701)},{SPE.DPI(S3CN04801)},{SPE.DPI(S3CN04901)},{SPE.DPI(S3CN05001)},{SPE.DPI(S3CN05101)},{SPE.DPI(S3CN05201)},{SPE.DPI(S3CN05301)},{SPE.DPI(S3CN05401)},{SPE.DPI(S3CN05501)},{SPE.DPI(S3CN05601)},{SPE.DPI(S3CN05701)},{SPE.DPI(S3CN05801)},{SPE.DPI(S3CN05901)},{SPE.DPI(S3CN06001)},{SPE.DPI(S3CN06101)},{SPE.DPI(S3CN06201)},{SPE.DPI(S3CN06301)},{SPE.DPI(S3CN06401)},{SPE.DPI(S3CN06501)},{SPE.DPI(S3CN06601)},{SPE.DPI(S3CN06701)},{SPE.DPI(S3CN06801)},{SPE.DPI(S3CN06901)},{SPE.DPI(S3CN07001)},{SPE.DPI(S3CN07101)},{SPE.DPI(S3CN07201)},{SPE.DPI(S3CN07301)},{SPE.DPI(S3CN07401)},{SPE.DPI(S3CN07501)},{SPE.DPI(S3CN07601)},{SPE.DPI(S3CN07701)},{SPE.DPI(S3CN07801)},{SPE.DPI(S3CN07901)},{SPE.DPI(S3CN08001)},{SPE.DPI(S3CN08101)},{SPE.DPI(S3CN08201)},{SPE.DPI(S3CN08301)},{SPE.DPI(S3CN08401)},{SPE.DPI(S3CN08501)},{SPE.DPI(S3CN08601)},{SPE.DPI(S3CN08701)},{SPE.DPI(S3CN08801)},{SPE.DPI(S3CN08901)},{SPE.DPI(S3CN09001)},{SPE.DPI(S3CN09101)},{SPE.DPI(S3CN09201)},{SPE.DPI(S3CN09301)},{SPE.DPI(S3CN09401)},{SPE.DPI(S3CN09501)},{SPE.DPI(S3CN09601)},{SPE.DPI(S3CN09701)},{SPE.DPI(S3CN09801)},{SPE.DPI(S3CN09901)},{SPE.DPI(S3CN10001)}),{SPE.DPI(S3CP01001)})""";;
"BSFA3200,Financial assets excluding those held for trading,""COALESCE(SUM({T(F_01.01)R(0010,0096,0100,0141,0171,0175,0181,0231,0234)C(0010)}),SUM({T(F_01.01.dp)R(0010,0096,0100,0141,0171,0175,0181,0231,0234)C(0010)}),{SPE.DPI(BSFA3200)})""";;
CACO0500,Eligible Capital,{T(C_01.00)R(0030)C(0010)};;
"LIQ6,Households deposits ratio,""DIVIDE(SUM({BSFL3000},{BSFL3100},{BSFL3200}), SUM({BSFL0500},-MIN({BSFL0600}, {BSFA0300})))""";;
"CRED91,LTV Ratio NPL by type of counterparty - Other Financial Corporations,""DIVIDE(SUM({T(F_18.00.d)R(0110,0195,0225)C(0200)},{T(F_18.00.c)R(0110,0195,0225)C(0210)}),SUM({T(F_18.00.a)R(0110,0195,0225)C(0060)}))""";;
"CRMAT_N111,Share Non-Performing Loans and Advances to Households Secured by RRE over Total Loans and Advances to Households Secured by RRE,""DIVIDE(COALESCE(SUM({T(F_18.00.a)R(0160,0910,0930)C(0060)}), SUM({T(F_18.00.a.dp)R(0160)C(0060)})), {CRMAT_A111})""";;
"CACO0600,Eligible Reserves,""sum({T(C_01.00)R(0130)C(0010)},{T(C_01.00)R(0180)C(0010)},{T(C_01.00)R(0200)C(0010)})""";;
"LIQV0050,1W retail deposits spread (in basis points),""COALESCE({T(C_69.00.a)R(0020)C(0030)S(0010)}, {SPE.DPI(C69R020C030)})""";;
"LIQ1,Loan to Deposit Ratio (Households and NFCs),""IFN(SUM({BSFL3600}, {BSFL3700}, {BSFL3800}, {BSFL3000}, {BSFL3100}, {BSFL3200}) = 0, 1000000, DIVIDE(SUM({CRFA0604}, {CRFA0605}), SUM({BSFL3600}, {BSFL3700}, {BSFL3800}, {BSFL3000}, {BSFL3100}, {BSFL3200})))""";;
"ORCE1639,""Loss adjustments for clients, products and business practices"",{T(C_17.01.a)R(0940)C(0040)}";;
"BSFL0900,deposits from central banks,""COALESCE(sum({T(F_08.01.a)R(0060)C(0010)},{T(F_08.01.a)R(0060)C(0020)},{T(F_08.01.a)R(0060)C(0030)},{T(F_08.01.a)R(0060)C(0034)},{T(F_08.01.a)R(0060)C(0035)}),sum({T(F_08.01.dp)R(0060)C(0010)},{T(F_08.01.dp)R(0060)C(0020)},{T(F_08.01.dp)R(0060)C(0030)},{T(F_08.01.dp)R(0060)C(0034)},{T(F_08.01.dp)R(0060)C(0035)}),{SPE.DPI(BSFL0900)},{SPE.DPI(BSFL0900_LSI)})""";;
"CRCE0207,Original exposure pre-conversion factors exposures class-by-exposure class (IRB): Corporates,""SUM({T(C_08.01.a)R(0010)C(0020)S(qx2015)},{T(C_08.01.a)R(0010)C(0020)S(qx2014)},{T(C_08.01.a)R(0010)C(0020)S(qx2013)},{T(C_08.01.a)R(0010)C(0020)S(qx2012)},{T(C_08.01.a)R(0010)C(0020)S(qx2075)},{T(C_08.01.a)R(0010)C(0020)S(qx2076)})""";;
"LIQV0075,2Y covered bonds spread (in basis points),""COALESCE({T(C_69.00.a)R(0065)C(0130)S(0010)}, {SPE.DPI(C69R060C130)})""";;
"BSFL1200,Financial liabilities held for trading: Debt certificates (including bonds),""COALESCE(SUM({T(F_08.01.a)R(0360)C(0010,0034)}),{SPE.DPI(BSFL1200)})""";;
"LIQ256,Backtesting Planned vs Actual Other Assets,""IFN({LIQV0137}=0 AND {LIQV0131}=0,0,IFN({LIQV0131}=0,1,DIVIDE({LIQV0137}-{LIQV0131},{LIQV0131})))""";;
"CRMAT_V111,Share of Loans and Advances to Households Secured by RRE over Total Loans and Advances,""DIVIDE({CRMAT_A111},COALESCE(SUM({T(F_18.00.a)R(0070,0191,0221)C(0010)}),SUM({T(F_18.00.a.dp)R(0070,0191,0221)C(0010)})))""";;
"CRED108,Increase of total loans by type of collateral / Total loans: Mortgage,""DIVIDE(SUM({CRFA3100}, {CRFA3110}) - SUM({CRFA3100[T-1Y]}, {CRFA3110[T-1Y]}), {CRFA3800[T-1Y]})""";;
"CACO5700_3Y_MEAN,3 year average of Total original own funds for general solvency purposes,""MEAN({CACO5700},{CACO5700[T-1Q]},{CACO5700[T-2Q]},{CACO5700[T-3Q]},{CACO5700[T-4Q]},{CACO5700[T-5Q]},{CACO5700[T-6Q]},{CACO5700[T-7Q]},{CACO5700[T-8Q]},{CACO5700[T-9Q]},{CACO5700[T-10Q]},{CACO5700[T-11Q]})""";;
LEV008,Excluded exposures of public development credit institutions,SUM({T(C_47.00)R(0261-0264)C(0010)});;
"MR_FWL_CVA_1,Potential impacts coming from CVA risk to Total CET1,""-DIVIDE({T(C_25.01.a)R(0010)C(0280)},{CACO5700})""";;
"CRED423,Counterparty Credit Risk: EAD Derivatives/ Total Assets,""DIVIDE(SUM({T(C_34.02)R(0010,0020,0030,0060,0070)C(0170)S(0001)}), {BSFA4200})""";;
"LIQV0140,Planned 1Y Deposits (t-1),""COALESCE(SUM({T(P_01.02)R(020)C(030)[T-1Y]},{T(P_01.02)R(060)C(030)[T-1Y]},SUM({T(P_01.02)R(130,140)C(030)[T-1Y]})),0)""";;
PROF180,Long-term CIR (standard deviation),For the formula specification please see the latest version of SUBA derived variables and indicators: https://darwin.escb.eu/livelink/livelink/app/nodes/1821262705;;
"MARK29,Breakdown of OTC derivatives (liabilities) - Credit institutions,""DIVIDE({MRFL2200}, SUM({MRFL2200}, {MRFL2300}, {MRFL2400}))""";;
"IDCARD425_LSI,Geographical breakdown of assets. Other,""IFN(SUM({IDCARD423_LSI},{IDCARD424_LSI})>0, (SUM({BSFA0200},-SUM({IDCARD423_LSI},{IDCARD424_LSI}))),1/0)""";;
"OPER36,Ratio sum of the five largest losses for payment & settlement to sum across all business lines of the sums of the five largest business line losses,""DIVIDE({ORNE1640}, SUM({ORNE1635}, {ORNE1636}, {ORNE1637}, {ORNE1638}, {ORNE1639}, {ORNE1640}, {ORNE1641}, {ORNE1642}, {ORNE1643}))""";;
"MARK97,Level 3 liabilities (financial liabilities held for trading) / Financial liabilities held for trading,""DIVIDE({MRFL5200}, {BSFL0400})""";;
CACE0200,Pillar I Credit risk capital requirements under IRB approach,{T(C_02.00.a)R(0240)C(0010)}*0.08;;
CRCE0104,Original exposure pre-conversion factors exposures class-by-exposure class (SA): Multilateral Development Banks,{T(C_07.00.a)R(0010)C(0010)S(qx21)};;
"IRRBB256,Pass-through rate of NMD over 1 year horizon for NMD wholesale financial (parallel up),""SUM({T(J_08.00.b)R(0150)C(0050)S(*)}*DIVIDE({T(J_08.00.a)R(0100)C(0010)S(*)},SUM({T(J_08.00.a)R(0100)C(0010)S(*)})))""";;
"CRED475,Total notional amount of originated SRT NPE securitizations.,""SUM(LOGICAL({T(C_14.00)R(*)C(0110)}='EBA:qRP(qx2020)' AND {T(C_14.00)R(*)C(0061)}='EBA:RT(x15)' AND {T(C_14.00)R(*)C(0040)} IN ['EBA:RT(x20)', 'EBA:RT(x21)'])*{T(C_14.00)R(*)C(0130)})""";;
"IRRBB142,Weighted average repricing maturity of NMDs [Retail Transactional],""SUM(COALESCE({T(J_08.00.b)R(0010)C(0040)S(*)}, {T(J_09.00.b)R(0010)C(0040)S(*)}) * DIVIDE(COALESCE({T(J_08.00.a)R(0010)C(0010)S(*)}, {T(J_09.00.a)R(0010)C(0010)S(*)}), SUM(COALESCE({T(J_08.00.a)R(0010)C(0010)S(*)}, {T(J_09.00.a)R(0010)C(0010)S(*)}))))""";;
"PRFI2900_T3,""Projected Share of the profit (loss) of investments in subsidiaries, associates and joint ventures at t+3"",{T(P_04.01)R(590)C(040)}";;
"PROF140,Cost/income ratio at t-1 (used for forecast errors only),""COALESCE(DIVIDE(SUM({T(P_04.01)R(360,390)C(010)[T-1Y]}),{T(P_04.01)R(355)C(010)[T-1Y]}),DIVIDE(SUM({T(F_02.00)R(0360,0390)C(0010)[T-1Y]}),{T(F_02.00)R(0355)C(0010)[T-1Y]}))""";;
"PRFI4600_QUARTERLY,Quarterly total trading (and investment) income,""{PRFI4600} - ifn({MF_FYE}=3, 0, ifn(({MF_FYE}=6) OR ({MF_FYE}=9) OR ({MF_FYE}=0), {PRFI4600[T-1Q]}, 1/0))""";;
"IRRBB168,Change in NII of the banking book under parallel interest rate increase of 200bps plus net fee & commission income divided by annual overhead costs,""DIVIDE(SUM({IRNI1201},{PRFI0300_ANNUAL}),{PRFI0900_ANNUAL})""";;
"LIQV0180,3Y Forecast for Total Liabilities,""COALESCE(SUM({T(P_01.02)R(390)C(050)},-{T(P_01.02)R(370)C(050)}),0)""";;
"CRED181,Credit risk capital requirements under IRB approaches when own estimates of LGD and / or conversion factors are used: IRB exposure classes excluding securitisation positions: Corporates,""DIVIDE({CACE1507}*12.5, SUM({CACE0100}, {CACE0200})*12.5)""";;
OPER73,Sum of the five largest losses for external fraud,{T(C_17.01.a)R(0960)C(0020)};;
FWL10,4 Barrier total,For the formula specification please see the latest version of SUBA derived variables and indicators: https://darwin.escb.eu/livelink/livelink/app/nodes/1821262705;;
ORNE1639,Sum of five largest losses for retail banking,{T(C_17.01.a)R(0460)C(0080)};;
"LIQV0026,10Y senior unsecured securities spread (in basis points),""COALESCE({T(C_69.00.a)R(0035)C(0170)S(0010)}, {SPE.DPI(C69R050C170)})""";;
"RES002,Custody assets to Tier 1,""DIVIDE({RES001}, {CACO0200})""";;
"PROF4,Net revenue to total assets,""DIVIDE(SUM({PRFI0100}, {PRFI0200}, {PRFI0300}, {PRFI0400}, {PRFI0500}, {PRFI0600}, {PRFI0700}), {BSFA0200})""";;
"PRFI4000_T1,""Projected Net Interest Income, at t+1"",""SUM({T(P_04.01)R(010)C(020)},-{T(P_04.01)R(090)C(020)})""";;
"CRED365,Migration Rate: from stage 3 to 1,""DIVIDE({T(F_12.02)R(0070)C(0060)},SUM({T(F_04.03.1)R(0110)C(0040)[T-1Y]},{T(F_04.04.1)R(0070)C(0040)[T-1Y]}))""";;
"CRED126,Breakdown of total loans by NACE economic sector - Households,""DIVIDE(SUM({CRNA1121},{CRNA1122},{CRNA1123}), {CRFA0100})""";;
"CAP9,Composition of own funds: Eligible capital,""DIVIDE({CACO0500}, {CACO0100})""";;
"CRED393,Single name concentration: Sum of the 100 largest exposures to individual counterparties / loans and advances to all counterparties,""DIVIDE(SUM({SPE.DPI(S3CN00101)},{SPE.DPI(S3CN00201)},{SPE.DPI(S3CN00301)},{SPE.DPI(S3CN00401)},{SPE.DPI(S3CN00501)},{SPE.DPI(S3CN00601)},{SPE.DPI(S3CN00701)},{SPE.DPI(S3CN00801)},{SPE.DPI(S3CN00901)},{SPE.DPI(S3CN01001)},{SPE.DPI(S3CN01101)},{SPE.DPI(S3CN01201)},{SPE.DPI(S3CN01301)},{SPE.DPI(S3CN01401)},{SPE.DPI(S3CN01501)},{SPE.DPI(S3CN01601)},{SPE.DPI(S3CN01701)},{SPE.DPI(S3CN01801)},{SPE.DPI(S3CN01901)},{SPE.DPI(S3CN02001)},{SPE.DPI(S3CN02101)},{SPE.DPI(S3CN02201)},{SPE.DPI(S3CN02301)},{SPE.DPI(S3CN02401)},{SPE.DPI(S3CN02501)},{SPE.DPI(S3CN02601)},{SPE.DPI(S3CN02701)},{SPE.DPI(S3CN02801)},{SPE.DPI(S3CN02901)},{SPE.DPI(S3CN03001)},{SPE.DPI(S3CN03101)},{SPE.DPI(S3CN03201)},{SPE.DPI(S3CN03301)},{SPE.DPI(S3CN03401)},{SPE.DPI(S3CN03501)},{SPE.DPI(S3CN03601)},{SPE.DPI(S3CN03701)},{SPE.DPI(S3CN03801)},{SPE.DPI(S3CN03901)},{SPE.DPI(S3CN04001)},{SPE.DPI(S3CN04101)},{SPE.DPI(S3CN04201)},{SPE.DPI(S3CN04301)},{SPE.DPI(S3CN04401)},{SPE.DPI(S3CN04501)},{SPE.DPI(S3CN04601)},{SPE.DPI(S3CN04701)},{SPE.DPI(S3CN04801)},{SPE.DPI(S3CN04901)},{SPE.DPI(S3CN05001)},{SPE.DPI(S3CN05101)},{SPE.DPI(S3CN05201)},{SPE.DPI(S3CN05301)},{SPE.DPI(S3CN05401)},{SPE.DPI(S3CN05501)},{SPE.DPI(S3CN05601)},{SPE.DPI(S3CN05701)},{SPE.DPI(S3CN05801)},{SPE.DPI(S3CN05901)},{SPE.DPI(S3CN06001)},{SPE.DPI(S3CN06101)},{SPE.DPI(S3CN06201)},{SPE.DPI(S3CN06301)},{SPE.DPI(S3CN06401)},{SPE.DPI(S3CN06501)},{SPE.DPI(S3CN06601)},{SPE.DPI(S3CN06701)},{SPE.DPI(S3CN06801)},{SPE.DPI(S3CN06901)},{SPE.DPI(S3CN07001)},{SPE.DPI(S3CN07101)},{SPE.DPI(S3CN07201)},{SPE.DPI(S3CN07301)},{SPE.DPI(S3CN07401)},{SPE.DPI(S3CN07501)},{SPE.DPI(S3CN07601)},{SPE.DPI(S3CN07701)},{SPE.DPI(S3CN07801)},{SPE.DPI(S3CN07901)},{SPE.DPI(S3CN08001)},{SPE.DPI(S3CN08101)},{SPE.DPI(S3CN08201)},{SPE.DPI(S3CN08301)},{SPE.DPI(S3CN08401)},{SPE.DPI(S3CN08501)},{SPE.DPI(S3CN08601)},{SPE.DPI(S3CN08701)},{SPE.DPI(S3CN08801)},{SPE.DPI(S3CN08901)},{SPE.DPI(S3CN09001)},{SPE.DPI(S3CN09101)},{SPE.DPI(S3CN09201)},{SPE.DPI(S3CN09301)},{SPE.DPI(S3CN09401)},{SPE.DPI(S3CN09501)},{SPE.DPI(S3CN09601)},{SPE.DPI(S3CN09701)},{SPE.DPI(S3CN09801)},{SPE.DPI(S3CN09901)},{SPE.DPI(S3CN10001)}),SUM({T(F_18.00.a)R(0070,0191,0221)C(0010)}))""";;
"PROF138,Cost of Risk at t (used for forecast errors only),""DIVIDE({T(P_04.01)R(460)C(010)},MEAN({T(P_01.01)R(220)C(010)},{T(P_01.01)R(220)C(010)[T-1Y]}))""";;
"CRMAT_N221,Share Non-Performing Loans and Advances to SMEs over Total Loans and Advances to SMEs,""DIVIDE(COALESCE(SUM({T(F_18.00.a)R(0130,0900,0920)C(0060)}), SUM({T(F_18.00.a_dp)R(0130)C(0060)})),{CRMAT_A221})""";;
IDCARD51,Deposits,For the formula specification please see the latest version of SUBA derived variables and indicators: https://darwin.escb.eu/livelink/livelink/app/nodes/1878940265;;
"BSFA0200,Total assets,""COALESCE({T(F_01.01)R(0380)C(0010)},{T(F_01.01_dp)R(0380)C(0010)},{SPE.DPI(BSFA0200)})""";;
"IDCARD109,Total liabilities and equity,""COALESCE({T(F_01.03)R(0310)C(0010)},{T(F_01.03_dp)R(0310)C(0010)},SUM({SPE.DPI(BSFL0500)},{SPE.DPI(BSFE0100)}))""";;
"LANP0800A,Total loans and advances. Accumulated impairment on non-performing exposure,""COALESCE(SUM({T(F_18.00.b)R(0005,0070,0191,0221)C(0150)}),SUM(-{T(F_18.00.b_dp)R(0010)C(0150)},{T(F_18.00.b_dp)R(0180,0191,0221)C(0150)}),{SPE.DPI(LANP0800a)})""";;
"PRFI2900_T1,""Projected Share of the profit (loss) of investments in subsidiaries, associates and joint ventures at t+1"",{T(P_04.01)R(590)C(020)}";;
"LIQ66,CHF funding ratio,""DIVIDE({LIQV0088}, {LIQV0117})""";;
"PRFI5700_LINEAR,Measures the cost of risk linearly annualised numerator for loans subject to impairment granted to HHs,""{PRFI5700}*12/IFN({MF_FYE}=0,12,{MF_FYE})""";;
"PRFI4301_ANNUAL_ONEOFF,""NII and NFCI, excluding one-offs"",For the formula specification please see the latest version of SUBA derived variables and indicators: https://darwin.escb.eu/livelink/livelink/app/nodes/1821262705";;
"BSFA0700,Debt securities excluding those held for trading,""COALESCE(SUM({T(F_01.01)R(0098,0120,0143,0173,0177,0182,0232,0236)C(0010)}),SUM({T(F_01.01.dp)R(0098,0120,0143,0173,0177,0182,0232,0236)C(0010)}))""";;
"IRRBB197,Pass-through rate of NMD over 1 year horizon for NMD wholesale non financial (parallel down),""SUM({T(J_08.00.b)R(0140)C(0060)S(*)}*DIVIDE({T(J_08.00.a)R(0070)C(0010)S(*)},SUM({T(J_08.00.a)R(0070)C(0010)S(*)})))""";;
"CRED487,Total Loans,""SUM({T(F_04.03.1)R(0110)C(0015)},{T(F_04.03.1)R(0110)C(0030)},{T(F_04.03.1)R(0110)C(0040)},{T(F_04.04.1)R(0070)C(0015)},{T(F_04.04.1)R(0070)C(0030)},{T(F_04.04.1)R(0070)C(0040)})""";;
"RES101,Custody assets entrusted to other entities to Tier 1,""DIVIDE({T(F_22.02)R(0090)C(0010)},{CACO0200})""";;
"LIQV0044b,Contractual 6M GAP,""SUM(SUM({T(C_66.01.a)R(0720,1080)C(0170)S(0010)}), SUM({T(C_66.01.a)R(0270,0280,0290)C(0020)S(0010)}))""";;
"CRED230,Variation rate of loans to NFC by NACE economic sector - Transport and storage,""DIVIDE({CRNA111H}-{CRNA111H[T-1Y]}, {CRNA111H[T-1Y]})""";;
"CRED429,Counterparty Credit Risk: Retail & Others Share of total CCR EAD,""DIVIDE(SUM({T(C_07.00.b)R(0010)C(0210)S(qx26,qx2038,qx12,qx13,qx18,qx14,qx1,qx25,qx2050)}, {T(C_08.01.c)R(0010)C(0130)S(qx2011,qx2007)}),SUM({T(C_07.00.b)R(0010)C(0210)S(qx01)}, {T(C_08.01.c)R(0010)C(0130)S(qx2023)}, {T(C_08.01.c)R(0010)C(0130)S(qx2022)}))""";;
"PROF135,Total profit or loss after tax / Total assets at t (used for forecast errors only),""DIVIDE({T(P_04.01)R(670)C(010)},MEAN({T(P_01.01)R(220)C(010)},{T(P_01.01)R(220)C(010)[T-1Y]}))""";;
"PROF125,Projected Total profit or loss after tax / Total assets at t+3,""DIVIDE({T(P_04.01)R(670)C(040)},MEAN({T(P_01.01)R(220)C(040)},{T(P_01.01)R(220)C(050)}))""";;
"CRED240,Variation rate of loans to NFC by NACE economic sector - Other services,""DIVIDE({CRNA111S}-{CRNA111S[T-1Y]}, {CRNA111S[T-1Y]})""";;
"LEV202,Average density of CCFs for the leverage ratio exposure purposes,""DIVIDE(SUM({T(C_47.00)R(0150,0160,0165,0170,0180)C(0010)}), SUM(({T(C_47.00)R(0150)C(0010)}/0.1), ({T(C_47.00)R(0160)C(0010)}/0.2), ({T(C_47.00)R(0165)C(0010)} / 0.4), ({T(C_47.00)R(0170)C(0010)}/0.5),({T(C_47.00)R(0180)C(0010)}/1)))""";;
"CRFA1400,Specific allowances for debt instruments,""SUM(-{T(F_12.01.a)R(0010,0180,0360)C(0100)})""";;
"PROF126,Projected Cost/income ratio at t+1,""DIVIDE(SUM({T(P_04.01)R(360,390)C(020)},IFN((SUBSTR({SPE.DPI(SRPRKD530010)},1,1)^='2'),ABS({SPE.DPI(SRPRKD520010)}),0)),SUM({T(P_04.01)R(355)C(020)},IFN((SUBSTR({SPE.DPI(SRPRKD530010)},1,1)='3') OR (SUBSTR({SPE.DPI(SRPRKD530010)},1,1)='4') OR (SUBSTR({SPE.DPI(SRPRKD530010)},1,1)='5'),ABS({SPE.DPI(SRPRKD520010)}),0)))""";;
"CRNA111O,""Gross carrying amount of loans and advances to non-financial corporations - Public administration and defence, compulsory social security"",""COALESCE({T(F_06.01)R(0140)C(0010)},{SPE.DPI(CRNA111O)})""";;
PROF170,Forecast error COR t-3,{PROF146}-{PROF158};;
"IDCARD528,loans to central banks,""SUM({T(F_04.01)R(0130)C(0010)},{T(F_04.02.1)R(0120)C(0010)},{T(F_04.02.2)R(0130)C(0010)},{T(F_04.03.1)R(0120)C(0010)},{T(F_04.04.1)R(0080)C(0010)},{T(F_04.06)R(0130)C(0010)},{T(F_04.07)R(0130)C(0010)},{T(F_04.08)R(0130)C(0010)},{T(F_04.08)R(0130)C(0035)},{T(F_04.09)R(0080)C(0050)},{T(F_04.10)R(0130)C(0010)})""";;
DQI2,Punctuality – data quality indicator,ITS;;
"PROF12,Loans and advances to other corporates to total loans and advances,""DIVIDE(SUM({CRFA0603}, {CRFA0604}), {CRFA0100})""";;
"CRED225,Variation rate of loans to NFC by NACE economic sector - Manufacturing,""DIVIDE({CRNA111C}-{CRNA111C[T-1Y]}, {CRNA111C[T-1Y]})""";;
"CRED446,Credit institutions and other financial institutions: UTP share of total NPL,""DIVIDE(SUM({T(F_18.00.a)R(0100,0110,0194,0195,0224,0225)C(0070)}),SUM({T(F_18.00.a)R(0100,0110,0194,0195,0224,0225)C(0060)}))""";;
"IDCARD51_BANKSTATS,Total deposits from non-financial corporations and households (excluding held for trading) - adapted,""COALESCE(SUM({T(F_08.01.a)R(0260)C(0020)}, {T(F_08.01.a)R(0260)C(0030)}, {T(F_08.01.a)R(0260)C(0035)}, {T(F_08.01.a)R(0310)C(0020)}, {T(F_08.01.a)R(0310)C(0030)}, {T(F_08.01.a)R(0310)C(0035)}),SUM({T(F_08.01.dp)R(0260)C(0020)}, {T(F_08.01.dp)R(0260)C(0030)}, {T(F_08.01.dp)R(0260)C(0035)}, {T(F_08.01.dp)R(0310)C(0020)}, {T(F_08.01.dp)R(0310)C(0030)}, {T(F_08.01.dp)R(0310)C(0035)}))""";;
"LIQ203,Unencumbered Central Bank Eligible Assets & Collateral Received ratio,""DIVIDE(SUM({T(F_32.01)R(0010)C(0080)},{T(F_32.02.a)R(0130)C(0060)}),SUM({T(F_32.01)R(0010)C(0010)},{T(F_32.01)R(0010)C(0060)},{T(F_32.02.a)R(0130)C(0010)},{T(F_32.02.a)R(0130)C(0040)}))""";;
"LIQV0067,6M secured funding spread (in basis points),""COALESCE({T(C_69.00.a)R(0045)C(0090)S(0010)}, {SPE.DPI(C69R040C090)})""";;
"CRCM0118,PD assigned to the obligor grade or pool (%) by each exposure IRB class: Retail,""DIVIDE(SUM({T(C_08.01.a)R(0010)C(0010)S(qx2009)}*{T(C_08.01.a)R(0010)C(0020)S(qx2009)},{T(C_08.01.a)R(0010)C(0010)S(qx2055)}*{T(C_08.01.a)R(0010)C(0020)S(qx2055)},{T(C_08.01.a)R(0010)C(0010)S(qx2068)}*{T(C_08.01.a)R(0010)C(0020)S(qx2068)},{T(C_08.01.a)R(0010)C(0010)S(qx2081)}*{T(C_08.01.a)R(0010)C(0020)S(qx2081)}),SUM({T(C_08.01.a)R(0010)C(0020)S(qx2009)},{T(C_08.01.a)R(0010)C(0020)S(qx2055)},{T(C_08.01.a)R(0010)C(0020)S(qx2068)},{T(C_08.01.a)R(0010)C(0020)S(qx2081)}))""";;
"MR_FWL_BBFVPL_EQ,Potential impacts coming from equity risk of BB instruments at FVPL to Total RWA,""COALESCE(-DIVIDE(SUM({T(F_01.01)R(0097,0110,0172)C(0010)})*0.4,{CACE0900}),-DIVIDE(SUM({T(F_01.01.dp)R(0097,0110,0172)C(0010)})*0.4,{CACE0900}))""";;
"MRFA1300,Financial assets designated at fair value through profit or loss: Debt securities,""COALESCE(SUM({T(F_01.01)R(0120,0173)C(0010)}),SUM({T(F_01.01_dp)R(0120,0173)C(0010)}),{SPE.DPI(MRFA1300)})""";;
"ORCE1616,""Total loss amount for execution, delivery and process management"",""MAX(SUM({T(C_17.01.a)R(0920)C(0070)},{T(C_17.01.a)R(0940)C(0070)}),{T(C_17.01.a)R(0920)C(0070)})""";;
"LIQ76,Derivatives and short positions,""COALESCE(SUM({T(F_01.02)R(0020,0030,0062,0063,0150,0160)C(0010)}),SUM({T(F_01.02.dp)R(0020,0030,0062,0063,0150,0160)C(0010)}))""";;
"CRED164,Credit risk capital requirements under standardised approach: SA exposure classes excluding securitisation positions: Institutions,""DIVIDE({CACE1206}*12.5, SUM({CACE0100}, {CACE0200})*12.5)""";;
"PROF33,Total profit and loss after tax to total operating income,""DIVIDE(SUM({PRFI1100}, {PRFI2000}), {PRFI0800})""";;
BSFA0200_BR,Total assets of branches determined on the basis of the year-end statistical data,Data retrieved from IBSI;;
"BSFE0200,Share premium reserve,""COALESCE({T(F_01.03)R(0040)C(0010)},{T(F_01.03_dp)R(0040)C(0010)},{SPE.DPI(BSFE0200)})""";;
CRMAT_A501,Absolute volume of Securitisations portfolio,{T(C_13.01)R(0010)C(0180)};;
"IRRBB121,Year on year change in forecasted net interest income expected within 12 months under the baseline scenario (percentage),""DIVIDE(COALESCE({SPE.DPI(IRMCAMT14)},{T(J_01.00)R(0120)C(0010)S(x1)})-COALESCE({SPE.DPI(IRMCAMT14)[T-1Y]},{T(J_01.00)R(0120)C(0010)S(x1)[T-1Y]}), COALESCE({SPE.DPI(IRMCAMT14)[T-1Y]},{T(J_01.00)R(0120)C(0010)S(x1)[T-1Y]}))""";;
CACE1306,Credit risk capital requirements: IRB exposure classes excluding securitisation positions: Institutions,({T(C_02.00.a)R(0270)C(0010)})*0.08;;
"LIQ68,CB credit facility ratio (% of Liquid assets),""DIVIDE({LIQV0090}, {LIQV0001})""";;
"PRFI0700,Net other operating income,""COALESCE(sum({T(F_02.00)R(0340)C(0010)},-{T(F_02.00)R(0350)C(0010)}),sum({T(F_02.00_dp)R(0340)C(0010)},-{T(F_02.00_dp)R(0350)C(0010)}),{SPE.DPI(PRFI0700)})""";;
"CRMAT_G111,YoY growth of absolute volume Loans and Advances to Households Secured by RRE,""DIVIDE(({CRMAT_A111}-{CRMAT_A111[T-1Y]}),{CRMAT_A111[T-1Y]})""";;
"LIQ284,3Y Forecasted Growth of Cash and Cash Balances at CBs,""IFN({LIQV0175}=0 AND {LIQV0133}=0,0,IFN({LIQV0133}=0,1,DIVIDE({LIQV0175}-{LIQV0133},{LIQV0133})))""";;
CACE1401,Credit risk capital requirements under IRB approaches when neither own estimates of LGD nor conversion factors are used: IRB exposure classes excluding securitisation positions: Central Government and Central Banks,{T(C_02.00.a)R(0260)C(0010)}*0.08;;
"MR_PRR_VR_PIT,""Weighted Level 2 & 3 assets and liabilities (Fair value) to Total Assets [Max(T, average 4 quarters)]"",""MAX({MR_PRR_VR_SIZE},MEAN({MR_PRR_VR_SIZE},{MR_PRR_VR_SIZE[T-1Q]},{MR_PRR_VR_SIZE[T-2Q]},{MR_PRR_VR_SIZE[T-3Q]}))""";;
CACE1205,Credit risk capital requirements: SA exposure classes excluding securitisation positions: International Organisations,{T(C_02.00.a)R(0110)C(0010)}*0.08;;
"IRRBB9,Change in the forecasted net interest income of the banking book under parallel interest rate increase of 200 bps divided by Interest bearing assets,""DIVIDE({T(J_01.00)R(0130)C(0010)S(x1)}, SUM({CRFA0800},-{CRFA1600}))""";;
MR_RMR_CSR_BWL_1,3-year weighted volatility of quarterly P&L (Items at FVPL sensitive to CS) to Total CET1,For the formula specification please see the latest version of SUBA derived variables and indicators: https://darwin.escb.eu/livelink/livelink/app/nodes/1821262705;;
"PROF35,Securitisation capital requirements to total capital requirements,""DIVIDE({CACE0300}, {CACE0800})""";;
"LIQ115,O/N wholesale funding ratio,""DIVIDE({LIQV0083}, {BSFL0500}-MIN({BSFA0300}, {BSFL0600}))""";;
"LIQV0035,deposits from non domestic activities,""SUM({T(F_20.02)R(0064)C(0020)},{T(F_20.02)R(0080)C(0020)},{T(F_20.02)R(0120)C(0020)},{T(F_20.02)R(0142)C(0020)})""";;
"CAP127,Leverage ratio headroom above OLRR (phased-in) as % of Leverage expsoure,""SUM({CAP70},-{IDCARD689})""";;
"PROF14,Total assets CRR-scope of consolidation to total assets IFRS-scope of consolidation,""DIVIDE({BSFA0200}, {BSFA4000})""";;
"LIQV0057,1M secured funding spread (in basis points),""COALESCE({T(C_69.00.a)R(0045)C(0050)S(0010)}, {SPE.DPI(C69R040C050)})""";;
"CRMAT_V131,Share of Loans and Advances to Households Other than Secured by RRE and Credit for consumption over Total Loans and Advances,""DIVIDE({CRMAT_A131},COALESCE(SUM({T(F_18.00.a)R(0070,0191,0221)C(0010)}),SUM({T(F_18.00.a_dp)R(0070,0191,0221)C(0010)})))""";;
"MR_NRMR_CON_2,Herfindahl-Hirschmann Index on BB Sovereign exposures at FVOCI,""DIVIDE(SUM(SUM_DOMAIN({T(C_33.00.a)R(0010)C(0080,0090)S(AD-WS,YE-ZW,x28)},'COLUMN')**2),SUM({T(C_33.00.a)R(0010)C(0080,0090)S(x1)})**2)""";;
"CRED51,Increase of total loans by type of Counterparty / Total loans by type of Counterparty - Central banks,""DIVIDE(SUM({T(F_18.00.a)R(0080,0192,0222)C(0010)})-SUM({T(F_18.00.a)R(0080,0192,0222)C(0010)[T-1Y]}),SUM({T(F_18.00.a)R(0080,0192,0222)C(0010)[T-1Y]}))""";;
BSFA0200_FP_T3,Total assets (as reported in funding plans) Planned Year 3 Position,{T(P_01.01)R(220)C(050)};;
ORNE1641,Sum of five largest losses for agency services,{T(C_17.01.a)R(0660)C(0080)};;
CACE0400,Pillar I Market risk capital requirements,{T(C_02.00.a)R(0520)C(0010)}*0.08;;
IDCARD18,Other liabilities,For the formula specification please see the latest version of SUBA derived variables and indicators: https://darwin.escb.eu/livelink/livelink/app/nodes/1878940265;;
"PROF96,Interest income from Loans and advances/ Total interest income,""DIVIDE({T(F_16.01)R(0080)C(0010)},{T(F_16.01)R(0270)C(0010)})""";;
"PROF39,Recurring earnings,""DIVIDE(SUM({PRFI0800},-{PRFI0600},-{PRNA3500},{PRFI2900},-{PRFI3600},-{PRFI1300},-{PRFI2100},-{PRFI3800},-{PRFI1000},-{PRFI2200}), {BSFA0200})""";;
"IRRBB265,""Change over the past year of UL amount from total assets and liabilities (before hedges, behaviour and other economic value-relevant aspects) / Tier 1 capital"",{IRRBB259}-{IRRBB259[T-1Y]}";;
"PRNA3700,PL before tax from discontinued operations,""COALESCE({T(F_02.00)R(0650)C(0010)},{T(F_02.00_dp)R(0650)C(0010)},{SPE.DPI(PRNA3700)})""";;
"PRFI2400,""Gains (losses) on financial assets and liabilities held for trading, net: Foreign exchange and related derivatives"",""COALESCE({T(F_16.04)R(0030)C(0010)},{SPE.DPI(PRFI2400)})""";;
"IDCARD544,Annualised Cost of Risk,""DIVIDE({IDCARD542_ANNUAL}, {IDCARD543_ANNUAL})""";;
PROF179,Long-term ROA (standard deviation),For the formula specification please see the latest version of SUBA derived variables and indicators: https://darwin.escb.eu/livelink/livelink/app/nodes/1821262705;;
"CRED92,LTV ratio NPL by type of counterparty - Non-financial corporations,""DIVIDE(SUM({T(F_18.00.d)R(0120,0196,0226)C(0200)},{T(F_18.00.c)R(0120,0196,0226)C(0210)}),SUM({T(F_18.00.a)R(0120,0196,0226)C(0060)}))""";;
"LANP1300,Total Loans and advances. Financial guarantees received on non-performing exposures,""COALESCE(SUM({T(F_18.00.c)R(0005,0070,0191,0221)C(0210)}),{SPE.DPI(LANP1300)})""";;
"CRED215,Breakdown of loans to NFC by NACE economic sector: Education,""DIVIDE({T(F_06.01)R(0150)C(0010)},COALESCE(SUM({T(F_18.00.a)R(0070,0191,0221)C(0010)}),SUM({T(F_18.00.a_dp)R(0070,0191,0221)C(0010)})))""";;
"CRMAT_A221,Absolute volume of SME portfolio,""COALESCE(SUM({T(F_18.00.a)R(0130,0900,0920)C(0010)}), SUM({T(F_18.00.a.dp)R(0130)C(0010)}))""";;
"LIQV0040,Financial guarantees given,""SUM(LOGICAL({T(F_00.01)R(0010)C(0010)}='EBA:qAS(qx2005)')*{T(F_09.01)R(0090)C(0010)},LOGICAL({T(F_00.01)R(0010)C(0010)}='EBA:qAS(qx2004)')*SUM({T(F_09.01.1)R(0090)C(0010,0020,0030,0100,0120)}))""";;
IRRBB201,∆ EVE - Parallel shock down;" Net derivatives hedging impact on ∆ EVE / ∆ EVE,""COALESCE((DIVIDE(SUM({T(J_02.00)R(0140)C(0050)S(*)},-{T(J_02.00)R(0470)C(0050)S(*)},{T(J_02.00)R(0530)C(0050)S(*)}),SUM({T(J_02.00)R(0010)C(0050)S(*)},-{T(J_02.00)R(0200)C(0050)S(*)}))),(DIVIDE(SUM({T(J_03.00)R(0140)C(0050)S(*)},-{T(J_03.00)R(0470)C(0050)S(*)},{T(J_03.00)R(0530)C(0050)S(*)}),SUM({T(J_03.00)R(0010)C(0050)S(*)},-{T(J_03.00)R(0200)C(0050)S(*)}))))""";
"PRFI1400,Other operating income,""COALESCE({T(F_02.00)R(0340)C(0010)},{T(F_02.00_dp)R(0340)C(0010)},{SPE.DPI(PRFI1400)})""";;
"CRMAT_A101,Absolute volume of Households portfolio,""COALESCE(SUM({T(F_18.00.a)R(0150,0197,0227)C(0010)}),SUM({T(F_18.00.a_dp)R(0150,0197,0227)C(0010)}))""";;
"IDCARD246,concentration exposure sector Consumer lending,""COALESCE({T(F_18.00.a)R(0170)C(0010)},{T(F_18.00.a.dp)R(0170)C(0010)})""";;
"IDCARD3,loans to households,""SUM({T(F_04.01)R(0180)C(0010)},{T(F_04.02.1)R(0170)C(0010)},{T(F_04.02.2)R(0180)C(0010)},{T(F_04.03.1)R(0170)C(0010)},{T(F_04.04.1)R(0130)C(0010)},{T(F_04.06)R(0180)C(0010)},{T(F_04.07)R(0180)C(0010)},{T(F_04.08)R(0180)C(0010)},{T(F_04.08)R(0180)C(0035)},{T(F_04.09)R(0130)C(0050)},{T(F_04.10)R(0180)C(0010)})""";;
"CRED202,Breakdown of loans to NFC by NACE economic sector: Mining and quarrying,""DIVIDE({T(F_06.01)R(0020)C(0010)},COALESCE(SUM({T(F_18.00.a)R(0070,0191,0221)C(0010)}),SUM({T(F_18.00.a.dp)R(0070,0191,0221)C(0010)})))""";;
"IDCARD324,Coverage ratio numerator (IDCARD129),""COALESCE(-SUM({T(F_18.00.b)R(0070,0191,0221)C(0150)}),-SUM({T(F_18.00.b.dp)R(0070,0191,0221)C(0150)}))""";;
"CRMAT_F121,Share of Performing Loans and Advances to Households Credit for consumption with Forbearance Measures to Total Performing Loans and Advances to Households Credit for consumption,""DIVIDE(SUM({T(F_19.00.a)R(0170,0913,0933)C(0020)}),SUM({T(F_18.00.a)R(0170,0913,0933)C(0020)}))""";;
"LIQ264,Backtesting Planned vs Actual Total Equity,""IFN({LIQV0153}=0 AND {LIQV0152}=0,0,IFN({LIQV0152}=0,1,DIVIDE({LIQV0153}-{LIQV0152},{LIQV0152})))""";;
FWL11,Supervisory expectation - ROA,For the formula specification please see the latest version of SUBA derived variables and indicators: https://darwin.escb.eu/livelink/livelink/app/nodes/1821262705;;
"CRMAT_V621,Share of Held for sale portfolio over Total Loans and Advances,""DIVIDE({CRMAT_A621}, {CRFA0100})""";;
CAP140,Unfloored TREA,{T(C_02.00.b)R(0036)C(0010)};;
"CRED106,Increase of total loans by type of collateral / Total loans by type of Collateral: Consumer,""DIVIDE(COALESCE({T(F_05.01)R(0110)C(0005)}-{T(F_05.01)R(0110)C(0005)[T-1Y]},0),{T(F_05.01)R(0110)C(0005)[T-1Y]})""";;
DQI4,Accuracy – data quality indicator,ITS_STE;;
"IDCARD324,Coverage ratio numerator (IDCARD129),""COALESCE(-SUM({T(F_18.00.b)R(0070,0191,0221)C(0150)}),-SUM({T(F_18.00.b_dp)R(0070,0191,0221)C(0150)}))""";;
FWL16,Forecast Error CIR,For the formula specification please see the latest version of SUBA derived variables and indicators: https://darwin.escb.eu/livelink/livelink/app/nodes/1821262705;;
"CRED402,Central banks and general governments: Movements among Stages S1-S3 (% of all movements),""DIVIDE(SUM({T(F_12.02)R(0080,0090)C(0050)}),SUM({T(F_12.02)R(0080,0090)C(0010,0020,0030,0040,0050,0060)}))""";;
"LIQ296,3Y Forecasted Growth of Total Equity,""IFN({LIQV0187}=0 AND {LIQV0153}=0,0,IFN({LIQV0153}=0,1,DIVIDE({LIQV0187}-{LIQV0153},{LIQV0153})))""";;
"PRFI0100,Net interest income,""COALESCE(sum({T(F_02.00)R(0010)C(0010)},-{T(F_02.00)R(0090)C(0010)}),sum({T(F_02.00_dp)R(0010)C(0010)},-{T(F_02.00_dp)R(0090)C(0010)}),{SPE.DPI(PRFI0100)},{SPE.DPI(PRFI3400)}-{SPE.DPI(PRFI3500)})""";;
"IDCARD420_LSI,deposits from non-financial corporations,""COALESCE(SUM({T(F_08.01.a)R(0260)C(0010,0020,0030,0034,0035)}), SUM({T(F_08.01.a_dp)R(0260)C(0010,0020,0030,0034,0035)}))""";;
"LIQV0102,Short term liabilities,""COALESCE(SUM({T(C_81.00.c)R(0010)C(0010,0020)},-{T(C_81.00.a)R(0090)C(0010,0020)}),SUM({T(C_83.00.c)R(0010)C(0010)},-{T(C_83.00.a)R(0040)C(0010)}))""";;
"PRFI3500,Interest expenses,""COALESCE({T(F_02.00)R(0090)C(0010)},{T(F_02.00_dp)R(0090)C(0010)},{SPE.DPI(PRFI3500)})""";;
"PRFI5200,Core revenues,""SUM({PRFI4000},{PRFI0300},{PRFI4100},{PRFI2900},{PRFI6100})""";;
"WS1EUCount,# of countries active within SSM,""SUM(LOGICAL(SUM_DOMAIN(LOGICAL({T(F_20.04)R(0010,0040,0080,0140)C(0010)S(AT,BE,BG,CY,EE,ES,FI,FR,DE,GR,HR,IE,IT,LV,LT,LU,MT,NL,PT,SI,SK)}>=100),'ROW')+SUM_DOMAIN(LOGICAL({T(F_20.06)R(0010,0040,0070)C(0010)S(AT,BE,BG,CY,EE,ES,FI,FR,DE,GR,HR,IE,IT,LV,LT,LU,MT,NL,PT,SI,SK)}>=100),'ROW')>0))""";;
"LIQV0051,1W unsecured wholesale deposits spread (in basis points),""COALESCE({T(C_69.00.a)R(0030)C(0030)S(0010)}, {SPE.DPI(C69R030C030)})""";;
"LANP0330,Total loans and advances. Non-Performing. Gross carrying amount (past due > 180 days <= 1 year),""COALESCE(SUM({T(F_18.00.a)R(0005,0070,0191,0221)C(0090)}),{SPE.DPI(LANP0330)})""";;
"PROF116,Share of assets under active management/total AuM,""DIVIDE(SUM({SPE.DPI(SRPRAM020100)}, {SPE.DPI(SRPRAM200100)}), {T(F_22.02)R(0010)C(0010)})""";;
MR_PRR_BWL_SUM_WM,Support formula to calculate other KRIs.,For the formula specification please see the latest version of SUBA derived variables and indicators: https://darwin.escb.eu/livelink/livelink/app/nodes/1821262705;;
"CRMAT_V403,Share of Debt securities Central banks and General governments over Total Debt instruments other than held for trading or held for sale,""COALESCE(DIVIDE(SUM({T(F_18.00.a)R(0020,0030,0182,0183,0212,0213)C(0010)}),SUM({T(F_18.00.a)R(0180,0201,0231)C(0010)})),DIVIDE(SUM({T(F_18.00.a.dp)R(0020,0030,0182,0183,0212,0213)C(0010)}),SUM({T(F_18.00.a.dp)R(0180,0201,0231)C(0010)})))""";;
"LIQ268,1Y Forecasted Growth of Cash and Cash Balances at CBs,""IFN({LIQV0159}=0 AND {LIQV0133}=0,0,IFN({LIQV0133}=0,1,DIVIDE({LIQV0159}-{LIQV0133},{LIQV0133})))""";;
"IDCARD539,Loan to Deposit ratio (NFC & HH),""DIVIDE({IDCARD317}, {IDCARD538})""";;
MRFA3300,Financial assets held for trading: Debt securities - Credit institutions,{T(F_04.01)R(0090)C(0010)};;
CRCE0101,Original exposure pre-conversion factors exposures class-by-exposure class (SA): Central governments or central banks,{T(C_07.00.a)R(0010)C(0010)S(qx16)};;
"LIQ293,3Y Forecasted Growth of Long-term Debt Securities,""IFN({LIQV0184}=0 AND {LIQV0149}=0,0,IFN({LIQV0149}=0,1,DIVIDE({LIQV0184}-{LIQV0149},{LIQV0149})))""";;
"LEV101,Materiality of derivatives in comparison to total leverage ratio exposure (TLRE),""DIVIDE(SUM({T(C_47.00)R(0061,0065,0071,0081,0091,0092,0093,0101,0102,0103,0104,0110,0120,0130,0140)C(0010)}),{LEV001})""";;
"LIQ236,Share in Buffer Concentration per Issuer Sector: Credit institutions (eba_CT:x12),""DIVIDE(SUM(LOGICAL({T(C_71.00.a)R(0020-0110)C(0030)S(0010)} EQ 'EBA:qSR(qx2023)') * {T(C_71.00.a)R(0020-0110)C(0080)S(0010)}), {LIQV0012})""";;
"MR_PRR_TOTAL_DENSITY_EQ,Total  AVAs  plus Fadj on Equities divided total Equities exposure,""SUM({MR_PRR_FADJ_DENSITY_EQ}, {MR_PRR_AVA_DENSITY_EQ})""";;
"LIQ216,Non-Euro funding ratio,""DIVIDE({LIQV0122}, {LIQV0117})""";;
"CRMAT_V203,Share of Debt securities NFC over Total Debt instruments other than held for trading or held for sale,""COALESCE(DIVIDE(SUM({T(F_18.00.a)R(0060,0186,0216)C(0010)}),SUM({T(F_18.00.a)R(0180,0201,0231)C(0010)})),DIVIDE(SUM({T(F_18.00.a_dp)R(0060,0186,0216)C(0010)}),SUM({T(F_18.00.a_dp)R(0180,0201,0231)C(0010)})))""";;
"PROF100,Interest income from Other financial liabilities/ Total interest income,""DIVIDE({T(F_16.01)R(0240)C(0010)},{T(F_16.01)R(0270)C(0010)})""";;
"MR_NRMR_EQR_FWL,Potential impacts coming from equity risk of BB instruments at FVOCI to Total RWA,""COALESCE(-DIVIDE(SUM({T(F_01.01)R(0142,0176)C(0010)})*0.4,{CACE0900}), -DIVIDE(SUM({T(F_01.01.dp)R(0142,0176)C(0010)})*0.4,{CACE0900}))""";;
IDCARD87_LSI_FR,Geographical breakdown of assets. SSM country - France,{T(F_20.04)R(0010)C(0010)S(FR)}+{T(F_20.04)R(0040)C(0010)S(FR)}+{T(F_20.04)R(0080)C(0010)S(FR)}+{T(F_20.04)R(0140)C(0010)S(FR)};;
"IRRBB254,Pass-through rate of NMD over 1 year horizon for NMD retail transactional (parallel down),""SUM({T(J_08.00.b)R(0120)C(0060)S(*)}*DIVIDE({T(J_08.00.a)R(0010)C(0010)S(*)},SUM({T(J_08.00.a)R(0010)C(0010)S(*)})))""";;
"MRFA2100,Derivatives held for trading - Assets - Carrying amount: OTC - Rest,""COALESCE({T(F_10.00)R(0320)C(0010)},{T(F_10.00.dp)R(0320)C(0010)},{SPE.DPI(MRFA2100)})""";;
"CRED374_D,Denominator of core NPL ratio for NFC and HH adjusted with foreclosures,""COALESCE(SUM(SUM({T(F_18.00.a)R(0120,0196,0226,0150,0197,0227)C(0010)}),{T(F_13.03.1.a)R(0020)C(0020)}),SUM(SUM({T(F_18.00.a.dp)R(0120,0196,0226,0150,0197,0227)C(0010)})))""";;
"PRFI3500,Interest expenses,""COALESCE({T(F_02.00)R(0090)C(0010)},{T(F_02.00.dp)R(0090)C(0010)},{SPE.DPI(PRFI3500)})""";;
"LEV410B_LSI,Own funds to cover window dressing (SFTs) over TLRE,""DIVIDE({LEV411B_LSI}, {T(C_47.00)R(0290)C(0010)})""";;
"BSFA4000,Total assets with IFRS scope of consolidation,""COALESCE({T(F_17.01)R(0370)C(0010)},{SPE.DPI(BSFA4000)})""";;
"PRFI6000,Measures the cost of risk point-in-time denominator for loans subject to impairment granted to HHs and NFCs,""SUM({PRFI5600},{PRFI5800})""";;
"MR_NRMR_SFX_ELIGIBLE,Total Structural FX position suitable for the exemption to Total RWA,""DIVIDE({SPE.DPI(MRT2_r0210_c0030)}, {CACE0900})""";;
"IDCARD423_LSI,Geographical breakdown of assets. SSM,""SUM({T(F_20.04)R(0010,0040,0080,0140)C(0010)S(AT,BE,CY,EE,ES,FI,FR,DE,GR,IE,IT,LV,LT,LU,MT,NL,PT,SI,SK)})""";;
"LIQ247,Share of Covered bonds issued in Asset Encumbrance sources,""DIVIDE({T(F_32.04.b)R(0100)C(0030)},{T(F_32.04.b)R(0170)C(0030)})""";;
CAP122,Total capital requirements,{CACE0900}*{CAP98};;
"LANP0900,Total loans and advances. Credit institutions. Accumulated impairment (except HFT),""COALESCE(SUM({T(F_18.00.b)R(0100,0194,0224)C(0130)}),SUM({T(F_18.00.b.dp)R(0100,0194,0224)C(0130)}),{SPE.DPI(LANP0900)})""";;
"CRNAF007,Loans and advances. Forborne exposures. Households,""SUM({T(F_19.00.a)R(0150,0197,0227)C(0010)})""";;
"MR_RMR_COM_PIT,""Trading derivative sensitive to COM (Fair value) to Total Assets [Max(T, average 4 quarters)]"",""MAX({MR_RMR_COM_SIZE},MEAN({MR_RMR_COM_SIZE},{MR_RMR_COM_SIZE[T-1Q]},{MR_RMR_COM_SIZE[T-2Q]},{MR_RMR_COM_SIZE[T-3Q]}))""";;
"PRFITAT01,Total Annual Turnover,""COALESCE(SUM({T(F_02.00)R(0010,0090,0150,0160,0200,0210,0280,0290,0300,0310,0340,0350)C(0010)}),SUM({T(F_02.00.dp)R(0010,0090,0150,0160,0200,0210,0280,0290,0300,0310,0340,0350)C(0010)}))""";;
"CRED241,Evolution: Breakdown of total loans by NACE economic sector - Households: credit for consumption,""DIVIDE({CRNA1121}-{CRNA1121[T-1Y]}, {CRNA1121[T-1Y]})""";;
"CRED305,NPL Coverage Ratio - Non-financial corporations,""DIVIDE(-SUM({T(F_18.00.b)R(0120,0196,0226)C(0150)}),SUM({T(F_18.00.a)R(0120,0196,0226)C(0060)}))""";;
OPER104,Total direct loss recovery,{T(C_17.01.a)R(0970)C(0080)};;
LEV009,Excluded passing-through promotional loan exposures by non-public development credit institutions (or units),SUM({T(C_47.00)R(0265-0267)C(0010)});;
PROF204,Automated viability anchor - Forecast error COR for t-1,For the formula specification please see the latest version of SUBA derived variables and indicators: https://darwin.escb.eu/livelink/livelink/app/nodes/1821262705;;
"CRED48_1,Breakdown of total loans by type of Counterparty - Other financial corporations,""DIVIDE(SUM({T(F_18.00.a)R(0110,0195,0225)C(0010)}),SUM({T(F_18.00.a)R(0070,0191,0221)C(0010)}))""";;
PROF165,Forecast error CRA t-1,{PROF137}-{PROF149};;
"CRED23,Inflow of non-performing loans of the year / Performing loans at the end of the previous year (excluding interbank loans),""DIVIDE(SUM({CRFA0600}, -{CRFA0704}, -{CRNA0700}) - SUM({CRFA0600[T-1Y]}, {CRFA0400[T-1Y]}, -{CRFA0704[T-1Y]}, -{CRNA0700[T-1Y]}), SUM({CRFA0100[T-1Y]}, -{CRFA0600[T-1Y]}, -{CRFA0400[T-1Y]}, -{BSFA0500[T-1Y]}, {CRFA0704[T-1Y]}, {CRNA0700[T-1Y]}))""";;
BSFA0200,Total assets,For the formula specification please see the latest version of SUBA derived variables and indicators: https://darwin.escb.eu/livelink/livelink/app/nodes/1878940265;;
"CRED492,Derivatives CCR exposure value as a share of total CCR exposure value,""DIVIDE(SUM({T(C_34.02.a)R(0010-0030)C(0170)S(0001)}, {T(C_34.02.b)R(0060-0070)C(0170)S(0001)}) ,{T(C_34.02.b)R(0110)C(0170)S(0001)})""";;
"IRRBB7,Change in the forecasted net interest income of the banking book under parallel interest rate decrease of 200 bps divided by Annualised total net interest income,""DIVIDE({T(J_01.00)R(0140)C(0010)S(x1)}, {PRFI0100_ANNUAL})""";;
"PRFI1400,Other operating income,""COALESCE({T(F_02.00)R(0340)C(0010)},{T(F_02.00.dp)R(0340)C(0010)},{SPE.DPI(PRFI1400)})""";;
"MARK66,Breakdown of market risk capital requirements under standardised approaches (SA) - Total capital requirements for Commodities under standardised approach (SA),""DIVIDE({MRCE0100}, {CACE1000})""";;
CAP111,P1 (CET1),For the formula specification please see the latest version of SUBA derived variables and indicators: https://darwin.escb.eu/livelink/livelink/app/nodes/1878940265;;
MR_BWL,3-year weighted volatility of quarterly P&L and OCI changes (Overall) to Total RWA,For the formula specification please see the latest version of SUBA derived variables and indicators: https://darwin.escb.eu/livelink/livelink/app/nodes/1821262705;;
"CAP54,Participations held in insurance companies / Total Capital,""DIVIDE({CACO6800}, {CACO0100})""";;
"PROF85,NFC loans coming from Real estate activities (NACE code)/ Total NFC loans,""DIVIDE({T(F_06.01)R(0110)C(0010)},{T(F_06.01)R(0190)C(0010)})""";;
"LIQ53,Buffer concentration ratio,""DIVIDE({LIQV0012}, SUM({LIQV0012}, {LIQV0039}))""";;
LIQ223,Unencumbered Central Bank Collateral Received ratio,{T(F_32.02.a)R(0130)C(0060)}/({T(F_32.01)R(0010)C(0010)}+{T(F_32.01)R(0010)C(0060)}+{T(F_32.02.a)R(0130)C(0010)}+{T(F_32.02.a)R(0130)C(0040)});;
"PRFI0800,Operating income,""COALESCE({T(F_02.00)R(0355)C(0010)},{T(F_02.00.dp)R(0355)C(0010)},{SPE.DPI(PRFI0800)})""";;
"IRRBB16,Change in the forecasted net interest income of the banking book under parallel interest rate decrease of 200 bps divided by Total capital,""DIVIDE({T(J_01.00)R(0140)C(0010)S(x1)}, {CACO0100})""";;
"MRFA1300,Financial assets designated at fair value through profit or loss: Debt securities,""COALESCE(SUM({T(F_01.01)R(0120,0173)C(0010)}),SUM({T(F_01.01.dp)R(0120,0173)C(0010)}),{SPE.DPI(MRFA1300)})""";;
"PROF158,Projected Cost of Risk at t as reported in year t-3,""COALESCE(DIVIDE({T(P_04.01)R(460)C(020)[T-3Y]},MEAN({T(P_01.01)R(220)C(030)[T-3Y]},{T(P_01.01)R(220)C(030)[T-4Y]})),DIVIDE({SPE.DPI(SRPR205C132)[T-3Y]},MEAN({T(P_01.01)R(220)C(030)[T-3Y]},{T(P_01.01)R(220)C(030)[T-4Y]})))""";;
"BSFA0300,ow: trading derivatives,""COALESCE({T(F_01.01)R(0060)C(0010)}+{T(F_01.01)R(0092)C(0010)},{T(F_01.01.dp)R(0060)C(0010)}+{T(F_01.01.dp)R(0092)C(0010)},{SPE.DPI(BSFA0300)})""";;
"MARK58,Breakdown of net gains on financial assets and liabilities held for trading - Foreign exchanges and related derivatives,""DIVIDE({PRFI2400}, {PRFI0400})""";;
"CRMAT_LB111,Share of RRE loans granted with LSTI>45% or LSTI not available over Total RRE loans granted (YtD),""DIVIDE(SUM({SPE.DPI(RRELSTI04GE)},{SPE.DPI(RRELSTI05GE)}),{SPE.DPI(RRELSTI00GE)})""";;
"CRMAT_V401,Share of Loans and Advances to Central banks and General governments over Total Loans and Advances,""COALESCE(DIVIDE(SUM({T(F_18.00.a)R(0080,0192,0222,0090,0193,0223)C(0010)}),SUM({T(F_18.00.a)R(0070,0191,0221)C(0010)})),DIVIDE(SUM({T(F_18.00.a_dp)R(0080,0192,0222,0090,0193,0223)C(0010)}),SUM({T(F_18.00.a_dp)R(0070,0191,0221)C(0010)})))""";;
"CRED354,Non-performing Ratio - debt instruments (including held for sale),""DIVIDE(SUM({T(F_18.00.a)R(0330,0335)C(0060)}),SUM({T(F_18.00.a)R(0330,0335)C(0010)}))""";;
CRED482,Total Capital Consumption pre securitization (originated SRT),For the formula specification please see the latest version of SUBA derived variables and indicators: https://darwin.escb.eu/livelink/livelink/app/nodes/293814368;;
"LIQV0073,1Y ABS spread (in basis points),""COALESCE({T(C_69.00.a)R(0075)C(0110)S(0010)}, {SPE.DPI(C69R070C110)})""";;
"MR_RMR_FRTB_9,Vega risk in the high-correlation scenario to Total RWA,""DIVIDE({T(C_91.00)R(0010)C(0130)},{T(C_02.00.a)R(0010)C(0010)})""";;
"IRRBB170,Change in NII of the banking book under parallel interest rate decrease of 200bps plus net fee & commission income divided by annual overhead costs,""DIVIDE(SUM({IRNI1301},{PRFI0300_ANNUAL}),{PRFI0900_ANNUAL})""";;
CACO1000,Share premium,{T(C_01.00)R(0060)C(0010)};;
"LIQ308,1Y Forecasted Growth of Non-Financial Corporates Deposits,""IFN({LIQV0205}=0 AND {LIQV0201}=0,0,IFN({LIQV0201}=0,1,DIVIDE({LIQV0205}-{LIQV0201},{LIQV0201})))""";;
FWL4,Automated viability anchor score - Cost of Risk,For the formula specification please see the latest version of SUBA derived variables and indicators: https://darwin.escb.eu/livelink/livelink/app/nodes/1821262705;;
"PRFI4900,Three Year Average Trading Income,""MEAN({PRFI4300},{PRFI4300[T-1Y]},{PRFI4300[T-2Y]})""";;
"PRFI4000,""Net Interest Income, excluding trading income"",For the formula specification please see the latest version of SUBA derived variables and indicators: https://darwin.escb.eu/livelink/livelink/app/nodes/1878940265";;
"PRFI0800,Operating income,""COALESCE({T(F_02.00)R(0355)C(0010)},{T(F_02.00_dp)R(0355)C(0010)},{SPE.DPI(PRFI0800)})""";;
"IRRBB239,Backtesting KRI,""COALESCE((DIVIDE(SUM({T(J_05.00.b)R(0270,0310,0350,0390)C(0070-0120, 0320-0370)S(*)}),{CACO0200} )),(DIVIDE(SUM({T(J_06.00.b)R(0270,0310,0350,0390)C(0070-0120, 0320-0370)S(*)}),{CACO0200} )),(DIVIDE(SUM({T(J_07.00.b)R(0270,0310,0350,0390)C(0070-0120, 0320-0370)S(*)}),{CACO0200} )))""";;
BSFL0800,Provisions,For the formula specification please see the latest version of SUBA derived variables and indicators: https://darwin.escb.eu/livelink/livelink/app/nodes/1878940265;;
"STCE0613,Total securitised exposures. Loans to corporates and SMEs (treated as corporates),""COALESCE(SUM(LOGICAL({T(C_14.00)R(*)C(0160)}EQ'EBA:UE(x6)')*{T(C_14.00)R(*)C(0140)}),{SPE.DPI(STCE0613)})""";;
"IRRBB174,Outcome of the supervisory outlier test divided by Tier 1 Capital,""DIVIDE({T(J_01.00)R(0010)C(0010)S(x1)},{CACO0200} )""";;
OPER50,Operational losses to capital requirements,For the formula specification please see the latest version of SUBA derived variables and indicators: https://darwin.escb.eu/livelink/livelink/app/nodes/1821262705;;
CAP1,Total capital ratio (Regulatory Capital / Risk Weighted Assets),For the formula specification please see the latest version of SUBA derived variables and indicators: https://darwin.escb.eu/livelink/livelink/app/nodes/1878940265;;
"CRMAT_S131,Share of Performing Loans and Advances to Households Other than Secured by RRE and Credit for consumption in Stage 2 over Total Performing Loans and Advances to Households Other than Secured by RRE and Credit for consumption,""DIVIDE(SUM(SUM({T(F_18.00.a)R(0150,0197)C(0057)}),-SUM({T(F_18.00.a)R(0160,0910,0170,0913)C(0057)})),SUM(SUM({T(F_18.00.a)R(0150,0197,0227)C(0020)}),-SUM({T(F_18.00.a)R(0160,0910,0930,0170,0913,0933)C(0020)})))""";;
MR_NRMR_BWL_1,3-year weighted volatility of quarterly P&L and OCI changes (Non-regulatory market risk) to Total CET1,For the formula specification please see the latest version of SUBA derived variables and indicators: https://darwin.escb.eu/livelink/livelink/app/nodes/1821262705;;
"IDCARD45,ow: subordinated liabilities,""SUM({BSFL1600}, {BSFL2000})""";;
"IDCARD311,Total capital FL numerator (IDCARD68),""SUM({T(C_01.00)R(0020)C(0010)},-{T(C_05.01)R(0010)C(0010)},-{T(C_01.00)R(0440)C(0010)},{T(C_01.00)R(0530)C(0010)},-{T(C_01.00)R(0740)C(0010)},-{T(C_05.01)R(0010)C(0020)},-{T(C_01.00)R(0720)C(0010)},{T(C_01.00)R(0750)C(0010)},-{T(C_01.00)R(0970)C(0010)},-{T(C_05.01)R(0010)C(0030)})""";;
ORCE1652,Negative loss adjustment amounts for internal fraud,{T(C_17.01.a)R(0946)C(0010)};;
FWL15,Forecast Error ROA,For the formula specification please see the latest version of SUBA derived variables and indicators: https://darwin.escb.eu/livelink/livelink/app/nodes/1821262705;;
OPER77,Sum of the five largest losses for business disruption and system failures,{T(C_17.01.a)R(0960)C(0060)};;
PRFI4600,Net Trading (and Investment) Income,For the formula specification please see the latest version of SUBA derived variables and indicators: https://darwin.escb.eu/livelink/livelink/app/nodes/1878940265;;
"CRMAT_A911,Absolute volume of Derivatives CCR RWEA,""SUM({T(C_34.02.a)R(0010,0020,0030)C(0200)S(0001)}, {T(C_34.02.b)R(0060,0070)C(0200)S(0001)})""";;
"MARK24,OTC derivatives (assets) / Derivatives held for trading,""DIVIDE(SUM({MRFA1900}, {MRFA2000}, {MRFA2100}), {BSFA0300})""";;
"MR_SIZE_1,Weighted Assets & liabilities measured at fair value to Total Assets,""COALESCE(IFN(IFN(__attribute('ECBM_ENT', 'ACCOUNTFRAME')='IFRS',1,IFN(__attribute('ECBM_ENT', 'ACCOUNTFRAME')='nGAAP' AND __attribute('ECBM_ENT', 'ACCOUNTFRAMESOLO')='IFRS',0,IFN(__attribute('ECBM_ENT', 'ACCOUNTFRAMESOLO')='IFRS',1,0)))=1 OR __attribute('ECBM_ENT','SENDER') = 'ES2', DIVIDE(SUM(SUM({T(F_14.00)R(0010,0051,0056,0060,0101,0121,0125,0140,0150,0201,0210,0250)C(0030)})*3,SUM({T(F_14.00)R(0010,0051,0056,0060,0101,0121,0125,0140,0150,0201,0210,0250)C(0020)})*1,SUM({T(F_14.00)R(0010,0051,0056,0060,0102,0121,0126,0140,0150,0201,0210,0250)C(0010)})*0.9),{T(F_01.01)R(0380)C(0010)}*2),  DIVIDE(SUM({T(F_01.01)R(0092,0093,0094,0095, 0172, 0235)C(0010)}, {T(F_01.01)R(0173, 0236)C(0010)}*0.05,{T(F_01.02)R(0061)C(0010)} ),{T(F_01.01)R(0380)C(0010)}*2)),IFN(IFN(__attribute('ECBM_ENT', 'ACCOUNTFRAME')='IFRS',1,IFN(__attribute('ECBM_ENT', 'ACCOUNTFRAME')='nGAAP' AND __attribute('ECBM_ENT', 'ACCOUNTFRAMESOLO')='IFRS',0,IFN(__attribute('ECBM_ENT', 'ACCOUNTFRAMESOLO')='IFRS',1,0)))=1 OR __attribute('ECBM_ENT','SENDER') = 'ES2', DIVIDE(SUM(SUM({T(F_14.00)R(0010,0051,0056,0060,0101,0121,0125,0140,0150,0201,0210,0250)C(0030)})*3,SUM({T(F_14.00)R(0010,0051,0056,0060,0101,0121,0125,0140,0150,0201,0210,0250)C(0020)})*1,SUM({T(F_14.00)R(0010,0051,0056,0060,0102,0121,0126,0140,0150,0201,0210,0250)C(0010)})*0.9),{T(F_01.01_dp)R(0380)C(0010)}*2),  DIVIDE(SUM({T(F_01.01_dp)R(0092,0093,0094,0095, 0172, 0235)C(0010)}, {T(F_01.01_dp)R(0173, 0236)C(0010)}*0.05,{T(F_01.02_dp)R(0061)C(0010)} ),{T(F_01.01_dp)R(0380)C(0010)}*2)))""";;
MR_RMR_IRR_BWL_SUM,Support formula to calculate other KRIs.,For the formula specification please see the latest version of SUBA derived variables and indicators: https://darwin.escb.eu/livelink/livelink/app/nodes/1821262705;;
MR_NRMR_SFX_BWL_SUM_WM,Support formula to calculate other KRIs.,For the formula specification please see the latest version of SUBA derived variables and indicators: https://darwin.escb.eu/livelink/livelink/app/nodes/1821262705;;
"MARK62,Market risk capital requirements under internal models (IM) / Market risk capital requirements,""DIVIDE({CACE1100}, {CACE0400})""";;
"CRED232,Variation rate of loans to NFC by NACE economic sector - Information and communication,""DIVIDE({CRNA111J}-{CRNA111J[T-1Y]}, {CRNA111J[T-1Y]})""";;
IDCARD688,OLRR and P2G requirement,For the formula specification please see the latest version of SUBA derived variables and indicators: https://darwin.escb.eu/livelink/livelink/app/nodes/1878940265;;
"IRRBBMAT_4_L,Delta modelled maturity Liabulities without derivatives,""SUM(DIVIDE(SUM({T(J_05.00.b)R(0200)C(0060)S(*)}*{T(J_05.00.b)R(0200)C(0010)S(*)},-{T(J_05.00.b)R(0470)C(0060)S(*)}*{T(J_05.00.b)R(0470)C(0010)S(*)}),SUM({T(J_05.00.b)R(0200)C(0010)S(*)},-{T(J_05.00.b)R(0470)C(0010)S(*)}))*DIVIDE(SUM({T(J_05.00.b)R(0200)C(0010)S(*)},-{T(J_05.00.b)R(0470)C(0010)S(*)}),SUM({T(J_05.00.b)R(0200)C(0010,0260)S(*)},-{T(J_05.00.b)R(0470)C(0010,0260)S(*)})),DIVIDE(SUM({T(J_05.00.b)R(0200)C(0310)S(*)}*{T(J_05.00.b)R(0200)C(0260)S(*)},-{T(J_05.00.b)R(0470)C(0310)S(*)}*{T(J_05.00.b)R(0470)C(0260)S(*)}),SUM({T(J_05.00.b)R(0200)C(0260)S(*)},-{T(J_05.00.b)R(0470)C(0260)S(*)}))*DIVIDE(SUM({T(J_05.00.b)R(0200)C(0260)S(*)},-{T(J_05.00.b)R(0470)C(0260)S(*)}),SUM({T(J_05.00.b)R(0200)C(0010,0260)S(*)},-{T(J_05.00.b)R(0470)C(0010,0260)S(*)})))""";;
"LANP0310,Total loans and advances. Non-Performing. Gross carrying amount (past due <= 90 days),""COALESCE(SUM({T(F_18.00.a)R(0005,0070,0191,0221)C(0070)}),SUM(-{T(F_18.00.a_dp)R(0010)C(0070)},{T(F_18.00.a_dp)R(0180,0191,0221)C(0070)}),{SPE.DPI(LANP0310)})""";;
"PROF105,Standard deviation of the Annual ROE in the last 5 years,""STD(DIVIDE(SUM({PRFI1100},{PRFI2000}, ifn({MF_FYE}=0, 0, ifn({MF_FYE}=3, SUM({PRFI1100[T-1Q]},{PRFI2000[T-1Q]},-{PRFI1100[T-1Y]},-{PRFI2000[T-1Y]}), ifn({MF_FYE}=6, SUM({PRFI1100[T-2Q]},{PRFI2000[T-2Q]}, -{PRFI1100[T-1Y]},-{PRFI2000[T-1Y]}), ifn({MF_FYE}=9, SUM({PRFI1100[T-3Q]},{PRFI2000[T-3Q]}, -{PRFI1100[T-1Y]},-{PRFI2000[T-1Y]}), 1/0))))),  MEAN({BSFE0100},{BSFE0100[T-1Q]},{BSFE0100[T-2Q]},{BSFE0100[T-3Q]}) ),DIVIDE(SUM({PRFI1100[T-1Y]},{PRFI2000[T-1Y]}, ifn({MF_FYE}=0, 0, ifn({MF_FYE}=3, SUM({PRFI1100[T-5Q]},{PRFI2000[T-5Q]},-{PRFI1100[T-2Y]},-{PRFI2000[T-2Y]}), ifn({MF_FYE}=6, SUM({PRFI1100[T-6Q]},{PRFI2000[T-6Q]},-{PRFI1100[T-2Y]},-{PRFI2000[T-2Y]}), ifn({MF_FYE}=9, SUM({PRFI1100[T-7Q]},{PRFI2000[T-7Q]},-{PRFI1100[T-2Y]},-{PRFI2000[T-2Y]}), 1/0))))),  MEAN({BSFE0100[T-1Y]},{BSFE0100[T-5Q]},{BSFE0100[T-6Q]},{BSFE0100[T-7Q]}) ), DIVIDE(SUM({PRFI1100[T-2Y]},{PRFI2000[T-2Y]}, ifn({MF_FYE}=0, 0, ifn({MF_FYE}=3, SUM({PRFI1100[T-9Q]},{PRFI2000[T-9Q]},-{PRFI1100[T-3Y]},-{PRFI2000[T-3Y]}), ifn({MF_FYE}=6, SUM({PRFI1100[T-10Q]},{PRFI2000[T-10Q]},-{PRFI1100[T-3Y]},-{PRFI2000[T-3Y]}), ifn({MF_FYE}=9, SUM({PRFI1100[T-11Q]},{PRFI2000[T-11Q]},-{PRFI1100[T-3Y]},-{PRFI2000[T-3Y]}), 1/0))))), MEAN({BSFE0100[T-2Y]},{BSFE0100[T-9Q]},{BSFE0100[T-10Q]},{BSFE0100[T-11Q]})), DIVIDE(SUM({PRFI1100[T-3Y]},{PRFI2000[T-3Y]}, ifn({MF_FYE}=0, 0, ifn({MF_FYE}=3, SUM({PRFI1100[T-13Q]},{PRFI2000[T-13Q]},-{PRFI1100[T-4Y]},-{PRFI2000[T-4Y]}), ifn({MF_FYE}=6, SUM({PRFI1100[T-14Q]},{PRFI2000[T-14Q]},-{PRFI1100[T-4Y]},-{PRFI2000[T-4Y]}), ifn({MF_FYE}=9, SUM({PRFI1100[T-15Q]},{PRFI2000[T-15Q]},-{PRFI1100[T-4Y]},-{PRFI2000[T-4Y]}), 1/0))))),  MEAN({BSFE0100[T-3Y]},{BSFE0100[T-13Q]},{BSFE0100[T-14Q]},{BSFE0100[T-15Q]}) ), DIVIDE(SUM({PRFI1100[T-4Y]},{PRFI2000[T-4Y]}, ifn({MF_FYE}=0, 0, ifn({MF_FYE}=3, SUM({PRFI1100[T-17Q]},{PRFI2000[T-17Q]},-{PRFI1100[T-5Y]},-{PRFI2000[T-5Y]}), ifn({MF_FYE}=6, SUM({PRFI1100[T-18Q]},{PRFI2000[T-18Q]},-{PRFI1100[T-5Y]},-{PRFI2000[T-5Y]}), ifn({MF_FYE}=9, SUM({PRFI1100[T-19Q]},{PRFI2000[T-19Q]},-{PRFI1100[T-5Y]},-{PRFI2000[T-5Y]}), 1/0))))),  MEAN({BSFE0100[T-4Y]},{BSFE0100[T-17Q]},{BSFE0100[T-18Q]},{BSFE0100[T-19Q]}) ) )""";;
IRRBB6,Change in the forecasted net interest income of the banking book under parallel interest rate increase of 200 bps divided by Annualised total net interest income,For the formula specification please see the latest version of SUBA derived variables and indicators: https://darwin.escb.eu/livelink/livelink/app/nodes/1821262705;;
"PROF172,Forecast error Average CIR,""IFN(ISNULL(MEAN({PROF162},{PROF163})),{PROF162},IFN(ISNULL(MEAN({PROF162},{PROF163},{PROF164})),MEAN({PROF162},{PROF163}),MEAN({PROF162},{PROF163},{PROF164})))""";;
"IRRBB269,Change in the economic value of equity under interest rate decrease divided by Tier 1 capital,""MIN({IRRBB172},{IRRBB102},{IRRBB104})""";;
"MARK36,Breakdown of financial liabilities held for trading - Domestic,""DIVIDE({MRFL5800}, {BSFL0400})""";;
"CRED488,Top 20 counterparties’ exposure value as a share of CCR exposure value,""DIVIDE(SUM({T(C_34.06)R(*)C(0120)}),{T(C_34.02)R(0110)C(0170)S(0001)})""";;
"CRMAT_G221,YoY growth of absolute volume Loans and Advances to SMEs,""DIVIDE(({CRMAT_A221}-{CRMAT_A221[T-1Y]}),{CRMAT_A221[T-1Y]})""";;
"CRMAT_N201,Share Non-Performing Loans and Advances to NFCs over Total Loans and Advances to NFCs,""DIVIDE(COALESCE(SUM({T(F_18.00.a)R(0120,0196,0226)C(0060)}), SUM({T(F_18.00.a.dp)R(0120,0196,0226)C(0060)})), COALESCE(SUM({T(F_18.00.a)R(0120,0196,0226)C(0010)}), SUM({T(F_18.00.a.dp)R(0120,0196,0226)C(0010)})))""";;
"IRRBB262,Economic value (reported via STE) from behaviour / Tier 1 capital,""DIVIDE(SUM({SPE.DPI(IRRBBT3_r0010_c0080)},{SPE.DPI(IRRBBT3_r0050_c0080)}),{CACO0200})""";;
MR_PRR_VR_BWL_SUM_WM,Support formula to calculate other KRIs.,For the formula specification please see the latest version of SUBA derived variables and indicators: https://darwin.escb.eu/livelink/livelink/app/nodes/1821262705;;
"LIQ299,1Y Forecasted Growth for Innovative Instruments,""IFN({LIQV0193}=0 AND {LIQV0190}=0,0,IFN({LIQV0190}=0,1,DIVIDE({LIQV0193}-{LIQV0190},{LIQV0190})))""";;
"CRMAT_N221,Share Non-Performing Loans and Advances to SMEs over Total Loans and Advances to SMEs,""DIVIDE(COALESCE(SUM({T(F_18.00.a)R(0130,0900,0920)C(0060)}), SUM({T(F_18.00.a.dp)R(0130)C(0060)})),{CRMAT_A221})""";;
"PRNA3700,PL before tax from discontinued operations,""COALESCE({T(F_02.00)R(0650)C(0010)},{T(F_02.00.dp)R(0650)C(0010)},{SPE.DPI(PRNA3700)})""";;
"CACE0700,Pillar I Other capital requirements,""sum({T(C_02.00.a)R(0630)C(0010)},{T(C_02.00.a)R(0640)C(0010)},{T(C_02.00.a)R(0680)C(0010)},{T(C_02.00.a)R(0690)C(0010)})*0.08""";;
"LIQ238,Share in Buffer Concentration per Issuer Sector: Non-financial corporations (eba_CT:x20),""DIVIDE(SUM(LOGICAL({T(C_71.00.a)R(0020-0110)C(0030)S(0010)} EQ 'EBA:qSR(qx2040)') * {T(C_71.00.a)R(0020-0110)C(0080)S(0010)}), {LIQV0012})""";;
PROF184,NFC portfolio CoR using linear annualised numerator and PiT denominator,{PRFI5500_LINEAR}/{PRFI5600};;
"MR_RMR_FRTB_19,Relevance of other residual risk for RRAO,""DIVIDE({T(C_91.00)R(0130)C(0190)},SUM({T(C_91.00)R(0120)C(0190)},{T(C_91.00)R(0130)C(0190)}))""";;
"CRED114,Evolution of total loans by NACE economic sector / Total loans by type of NACE economic sector General Governments,""DIVIDE({CRNA1130}-{CRNA1130[T-1Y]}, {CRNA1130[T-1Y]})""";;
"LIQV0066,6M unsecured wholesale deposits spread (in basis points),""COALESCE({T(C_69.00.a)R(0030)C(0090)S(0010)}, {SPE.DPI(C69R030C090)})""";;
"LIQV0141,Planned 1Y Short-term Debt Securities,""COALESCE({T(P_01.02)R(150)C(030)[T-1Y]},0)""";;
"CRMAT_V911,Share of Derivatives CCR RWEA over Total RWA,""DIVIDE(SUM({T(C_34.02.a)R(0010,0020,0030)C(0200)S(0001)}, {T(C_34.02.b)R(0060,0070)C(0200)S(0001)}), {T(C_02.00.a)R(0010)C(0010)})""";;
"PRFI4600_T2,Projected Net Trading (and Investment) Income at t+2,""SUM({T(P_04.01)R(280,285,287,290)C(030)})""";;
CAP63,Conservation buffer due to macro-prudential or systemic risk identified at the level of a Member State,{T(C_04.00)R(0760)C(0010)};;
"CRED90,LTV Ratio NPL by type of counterparty - Credit Institutions,""DIVIDE(SUM({T(F_18.00.d)R(0100,0194,0224)C(0200)},{T(F_18.00.c)R(0100,0194,0224)C(0210)}),SUM({T(F_18.00.a)R(0100,0194,0224)C(0060)}))""";;
"LIQV0036,deposits from domestic activities,""SUM({T(F_20.02)R(0064)C(0010)},{T(F_20.02)R(0080)C(0010)},{T(F_20.02)R(0120)C(0010)},{T(F_20.02)R(0142)C(0010)})""";;
"MRFA1400,Financial assets designated at fair value through profit or loss: Loans and advances,""COALESCE(SUM({T(F_01.01)R(0130,0174)C(0010)}),SUM({T(F_01.01_dp)R(0130,0174)C(0010)}),{SPE.DPI(MRFA1400)})""";;
BSFA0200_FP_T2,Total assets (as reported in funding plans) Planned Year 2 Position,{T(P_01.01)R(220)C(040)};;
"CRNA0600,Impaired loans and advances to General Governments,""SUM({T(F_07.01)R(0140)C(0070,0080,0090)})""";;
MR_BWL_WSTD_NUM_1,Support formula to calculate other KRIs.,For the formula specification please see the latest version of SUBA derived variables and indicators: https://darwin.escb.eu/livelink/livelink/app/nodes/1821262705;;
"LIQ7,Non-financial corporations deposits ratio,""DIVIDE(SUM({BSFL3600},{BSFL3700},{BSFL3800}), SUM({BSFL0500},-MIN({BSFL0600}, {BSFA0300})))""";;
ORNE1643,Sum of five largest losses for corporate items,{T(C_17.01.a)R(0860)C(0080)};;
"CRED177,Credit risk capital requirements under IRB approaches when neither own estimates of LGD nor conversion factors are used: IRB exposure classes excluding securitisation positions: Institutions,""DIVIDE({CACE1406}*12.5, SUM({CACE0100}, {CACE0200})*12.5)""";;
CAP82,Aggregation weight for IRRBB,For the formula specification please see the latest version of SUBA derived variables and indicators: https://darwin.escb.eu/livelink/livelink/app/nodes/1821262705;;
"STCE0611,Total securitised exposures. Credit card receivables,""COALESCE(SUM(LOGICAL({T(C_14.00)R(*)C(0160)}EQ'EBA:UE(x4)')*{T(C_14.00)R(*)C(0140)}),{SPE.DPI(STCE0611)})""";;
"MRFA1400_1,Financial assets designated at fair value through profit or loss: Loans and advances,""COALESCE(SUM({T(F_01.01)R(0099,0130,0174)C(0010)}),SUM({T(F_01.01_dp)R(0099,0130,0174)C(0010)}),{SPE.DPI(MRFA1400)})""";;
"CRED425,Counterparty Credit Risk: EAD unmargined business/ EAD pre credit risk mitigation,""DIVIDE(SUM({T(C_34.02)R(0140)C(0170)S(0001)}), {T(C_34.02)R(0110)C(0150)S(0001)})""";;
"OPER115,Total net loss amount for damage to physical assets including loss adjustments relating to previous reporting periods,""SUM({OPER110},{T(C_17.01.a)R(0940)C(0050)})""";;
"ORCE1607,Total loss amount for agency services,""MAX(SUM({T(C_17.01.a)R(0620)C(0080)},{T(C_17.01.a)R(0640)C(0080)}),{T(C_17.01.a)R(0620)C(0080)})""";;
CACE1202,Credit risk capital requirements: SA exposure classes excluding securitisation positions: Central Government and Central Banks,{T(C_02.00.a)R(0070)C(0010)}*0.08;;
"MARK53_B,Net gains on financial assets and liabilities at FVPL (non-held for trading) / Total operating income,""DIVIDE({PRFI0500_1}, {PRFI0800})""";;
MR_PRR_XVA_BWL_SUM,Support formula to calculate other KRIs.,For the formula specification please see the latest version of SUBA derived variables and indicators: https://darwin.escb.eu/livelink/livelink/app/nodes/1821262705;;
"IDCARD49,ow: non-trading assets at FV,""COALESCE(SUM({T(F_01.01)R(0098,0120,0143,0173,0177)C(0010)}),SUM({T(F_01.01_dp)R(0098,0120,0143,0173,0177)C(0010)}))""";;
"MR_RMR_FRTB_14,Impact of high correlation scenario on SBM OFR,""DIVIDE({T(C_91.00)R(0010)C(0150)} , {T(C_91.00)R(0010)C(0110)}) - 1""";;
"MR_RMR_FRTB_11,Relevance of non-linear market risk in SBM,""DIVIDE({T(C_91.00)R(0010)C(0100)},SUM({T(C_91.00)R(0010)C(0080,0100)}))""";;
"CRED160,Credit risk capital requirements under standardised approach: SA exposure classes excluding securitisation positions: Central Government and Central Banks,""DIVIDE({CACE1202}*12.5, SUM({CACE0100}, {CACE0200})*12.5)""";;
"CAP105,Systemic Risk Buffer (SyRB) (%),""DIVIDE({T(C_04.00)R(0780)C(0010)}, {CACE0900})""";;
IRNI1200,Change in the forecasted net interest income of the banking book under parallel interest rate increase of 200 bps (Millions),For the formula specification please see the latest version of SUBA derived variables and indicators: https://darwin.escb.eu/livelink/livelink/app/nodes/1821262705;;
"CRMAT_N201,Share Non-Performing Loans and Advances to NFCs over Total Loans and Advances to NFCs,""DIVIDE(COALESCE(SUM({T(F_18.00.a)R(0120,0196,0226)C(0060)}), SUM({T(F_18.00.a_dp)R(0120,0196,0226)C(0060)})), COALESCE(SUM({T(F_18.00.a)R(0120,0196,0226)C(0010)}), SUM({T(F_18.00.a_dp)R(0120,0196,0226)C(0010)})))""";;
"BSFA4100,Financial assets subject to impairment (Gross carrying amount),""COALESCE(SUM({T(F_18.00.a)R(0180,0201)C(0010)}),SUM({T(F_18.00.a.dp)R(0180,0201)C(0010)}))""";;
ORCE1660,Gross loss from new events for internal fraud,{T(C_17.01.a)R(0920)C(0010)};;
"BSFL0600,ow: trading derivatives liabilities,""COALESCE({T(F_01.02)R(0020)C(0010)}+{T(F_01.02)R(0062)C(0010)},{T(F_01.02_dp)R(0020)C(0010)}+{T(F_01.02_dp)R(0062)C(0010)},{SPE.DPI(BSFL0600)})""";;
"MRFL1600,Financial liabilities designated at fair value through profit or loss: Deposits,""COALESCE({T(F_01.02)R(0080)C(0010)},{T(F_01.02.dp)R(0080)C(0010)},{SPE.DPI(MRFL1600)})""";;
"MARK104,Estimation of Share of Equity in Total Capital Requirements,""DIVIDE(SUM({CACE1700}, DIVIDE(SUM({MRCE2903}, {MRCE2904}, {MRCE2913}, {MRCE2914}), SUM({MRCE0401}, {MRCE2000})) * {CACE1100}), {CACE0800})""";;
"OTHER1_LSI,Bindingness of P2R-LR,""SUM({T(C_47.00)R(0300)C(0010)}*0.03, - {T(C_03.00)R(0180)C(0010)}*{T(C_02.00.a)R(0010)C(0010)})""";;
"CAP38,Dynamics of capital requirements: Credit risk capital requirements under standardised approach,""DIVIDE({CACE0100}-{CACE0100[T-1Y]}, {CACE0100[T-1Y]})""";;
"CRED427,Counterparty Credit Risk: Exposures for trades at QCCPs /Total EAD,""DIVIDE({T(C_34.10)R(0020)C(0010)}, {T(C_34.02.b)R(0110)C(0170)S(0001)})""";;
"CRED2,Evolution of credit risk (excluding trading). Net flow of total loans / Total assets,""DIVIDE({CRFA0100}-{CRFA0100[T-1Y]}, {BSFA0200})""";;
"LIQ65,GBP funding ratio,""DIVIDE({LIQV0087}, {LIQV0117})""";;
"LIQV0089,Liabilities providing stable funding in JPY,""SUM({T(C_81.00.x)R(0010)C(0010-0030)S(JPY)},-{T(C_81.00.w)R(0020)C(0010-0030)S(JPY)})""";;
"PRFI1000,Impairments on financial assets,""COALESCE({T(F_02.00)R(0460)C(0010)},{T(F_02.00.dp)R(0460)C(0010)},{SPE.DPI(PRFI1000)})""";;
"MR_NRMR_FWL,Potential impacts coming from non regulatory market risks to Total RWA,""COALESCE(IFN(IFN(__attribute('ECBM_ENT', 'ACCOUNTFRAME')='IFRS',1,IFN(__attribute('ECBM_ENT', 'ACCOUNTFRAME')='nGAAP' AND __attribute('ECBM_ENT', 'ACCOUNTFRAMESOLO')='IFRS',0,IFN(__attribute('ECBM_ENT', 'ACCOUNTFRAMESOLO')='IFRS',1,0)))=1  OR __attribute('ECBM_ENT','SENDER') = 'ES2', {MR_NRMR_EQR_FWL}, -DIVIDE(SUM({T(F_01.01)R(0172,0235)C(0010)})*0.4,{T(C_02.00.a)R(0010)C(0010)})), IFN(__attribute('ECBM_ENT', 'ACCOUNTFRAME', 'IFRS')=1 OR __attribute('ECBM_ENT','SENDER') = 'ES2', {MR_NRMR_EQR_FWL}, -DIVIDE(SUM({T(F_01.01_dp)R(0172,0235)C(0010)})*0.4,{T(C_02.00.a)R(0010)C(0010)})))""";;
"LIQV0192,1Y Forecast for Deposit-like Financial Instruments,""COALESCE({T(P_02.01)R(030)C(030)},0)""";;
IDCARD682,CET1 requirements + P2G (ID CARDS),For the formula specification please see the latest version of SUBA derived variables and indicators: https://darwin.escb.eu/livelink/livelink/app/nodes/1821262705;;
"LANP1000,Total loans and advances at amortised cost - Credit institutions. Accumulated impairment on non-performing exposure,""COALESCE({T(F_18.00.b)R(0100)C(0150)},{T(F_18.00.b.dp)R(0100)C(0150)},{SPE.DPI(LANP1000)})""";;
CRCE0513,Exposure value exposure class-by-exposure class (SA): Short-term claims on institutions and corporate,{T(C_07.00.a)R(0010)C(0200)S(qx18)};;
"BSFA1900,Financial assets designated at fair value through profit or loss: Debt securities: Credit institutions,""SUM({T(F_04.02.1)R(0080)C(0010)},{T(F_04.02.2)R(0090)C(0010)})""";;
"PROF86,""NFC loans coming from Professional, scientific and technical activities (NACE code)/ Total NFC loans"",""DIVIDE({T(F_06.01)R(0120)C(0010)},{T(F_06.01)R(0190)C(0010)})""";;
"MR_RMR_FRTB_8,Delta risk in the high-correlation scenario to Total RWA,""DIVIDE({T(C_91.00)R(0010)C(0120)},{T(C_02.00.a)R(0010)C(0010)})""";;
MR_RMR_FXR_BWL_WEIGHTS,Support formula to calculate other KRIs.,For the formula specification please see the latest version of SUBA derived variables and indicators: https://darwin.escb.eu/livelink/livelink/app/nodes/1821262705;;
"PRFI1000,Impairments on financial assets,""COALESCE({T(F_02.00)R(0460)C(0010)},{T(F_02.00_dp)R(0460)C(0010)},{SPE.DPI(PRFI1000)})""";;
CACO5800,Total additional own funds for general solvency purposes,{T(C_01.00)R(0530)C(0010)};;
"MR_PRR_SIZE_1,Weighted Level 2&3 Assets and Liabilities to Total Assets,""COALESCE(IFN(IFN(__attribute('ECBM_ENT', 'ACCOUNTFRAME')='IFRS',1,IFN(__attribute('ECBM_ENT', 'ACCOUNTFRAME')='nGAAP' AND __attribute('ECBM_ENT', 'ACCOUNTFRAMESOLO')='IFRS',0,IFN(__attribute('ECBM_ENT', 'ACCOUNTFRAMESOLO')='IFRS',1,0)))=1  OR  __attribute('ECBM_ENT','SENDER') = 'ES2', DIVIDE(SUM(SUM({T(F_14.00)R(0010,0051,0056,0060,0101,0121,0125,0140,0150,0201,0210,0250)C(0020)}),SUM({T(F_14.00)R(0010,0051,0056,0060,0101,0121,0125,0140,0150,0201,0210,0250)C(0030)})*3), 2*{BSFA0200}), DIVIDE(SUM({T(F_01.01)R(0091,0172,0235)C(0010)}, {T(F_01.01)R(0173,0236)C(0010)}*0.05,{T(F_01.02)R(0061)C(0010)}),{T(F_01.01)R(0380)C(0010)}*2)), IFN(IFN(__attribute('ECBM_ENT', 'ACCOUNTFRAME')='IFRS',1,IFN(__attribute('ECBM_ENT', 'ACCOUNTFRAME')='nGAAP' AND __attribute('ECBM_ENT', 'ACCOUNTFRAMESOLO')='IFRS',0,IFN(__attribute('ECBM_ENT', 'ACCOUNTFRAMESOLO')='IFRS',1,0)))=1  OR  __attribute('ECBM_ENT','SENDER') = 'ES2', DIVIDE(SUM(SUM({T(F_14.00)R(0010,0051,0056,0060,0101,0121,0125,0140,0150,0201,0210,0250)C(0020)}),SUM({T(F_14.00)R(0010,0051,0056,0060,0101,0121,0125,0140,0150,0201,0210,0250)C(0030)})*3), 2*{BSFA0200}), DIVIDE(SUM({T(F_01.01_dp)R(0091,0172,0235)C(0010)}, {T(F_01.01_dp)R(0173,0236)C(0010)}*0.05,{T(F_01.02_dp)R(0061)C(0010)}),{T(F_01.01_dp)R(0380)C(0010)}*2)))""";;
"CRCM0117,PD assigned to the obligor grade or pool (%) by each exposure IRB class: Corporates without own estimates of LGD or conversion factors,""DIVIDE(SUM({T(C_08.01.a)R(0010)C(0010)S(qx2014)}*{T(C_08.01.a)R(0010)C(0020)S(qx2014)},{T(C_08.01.a)R(0010)C(0010)S(qx2012)}*{T(C_08.01.a)R(0010)C(0020)S(qx2012)},{T(C_08.01.a)R(0010)C(0010)S(qx2076)}*{T(C_08.01.a)R(0010)C(0020)S(qx2076)}),SUM({T(C_08.01.a)R(0010)C(0020)S(qx2014)},{T(C_08.01.a)R(0010)C(0020)S(qx2012)},{T(C_08.01.a)R(0010)C(0020)S(qx2076)}))""";;
"OPER54,Maximum single loss,""COALESCE({T(C_17.01.a)R(0950)C(0080)}, {SPE.DPI(C17R930C80S)})""";;
"BSFA0700,Debt securities excluding those held for trading,""COALESCE(SUM({T(F_01.01)R(0098,0120,0143,0173,0177,0182,0232,0236)C(0010)}),SUM({T(F_01.01_dp)R(0098,0120,0143,0173,0177,0182,0232,0236)C(0010)}))""";;
"CLIM01,Share of gross interest income from carbon intensive sectors in the NFC portfolio (EU),""DIVIDE({SPE.DPI(CLIMNIIU001020)}, {SPE.DPI(CLIMNIIU056020)})""";;
"CRMAT_N131,Share Non-Performing Loans and Advances to Households Other than Secured by RRE and Credit for consumption over Total Loans and Advances to Households Other than Secured by RRE and Credit for consumption,""DIVIDE(SUM(COALESCE(SUM({T(F_18.00.a)R(0150,0197,0227)C(0060)}), SUM({T(F_18.00.a_dp)R(0150,0197,0227)C(0060)})),-COALESCE(SUM({T(F_18.00.a)R(0160,0910,0930,0170,0913,0933)C(0060)}), SUM({T(F_18.00.a_dp)R(0160,0170)C(0060)}))),{CRMAT_A131})""";;
CRED438,Credit institutions and other financial institutions: Inflow to NPLs (Abs.) [All L&A except HfT and HfS],{T(F_18.01)R(0030)C(0010)};;
IDCARD87_LSI_IT,Geographical breakdown of assets. SSM country - Italy,{T(F_20.04)R(0010)C(0010)S(IT)}+{T(F_20.04)R(0040)C(0010)S(IT)}+{T(F_20.04)R(0080)C(0010)S(IT)}+{T(F_20.04)R(0140)C(0010)S(IT)};;
"IDCARD68,TC ratio (fully loaded),""DIVIDE(SUM({T(C_01.00)R(0020)C(0010)},-{T(C_05.01)R(0010)C(0010)},-{T(C_01.00)R(0440)C(0010)},{T(C_01.00)R(0530)C(0010)},-{T(C_01.00)R(0740)C(0010)},-{T(C_05.01)R(0010)C(0020)},-{T(C_01.00)R(0720)C(0010)},{T(C_01.00)R(0750)C(0010)},-{T(C_01.00)R(0970)C(0010)},-{T(C_05.01)R(0010)C(0030)}),SUM({T(C_02.00.a)R(0010)C(0010)},-{T(C_05.01)R(0010)C(0040)}))""";;
"CRCE0608,Exposure value exposure class-by-exposure class (IRB): Retail,""SUM({T(C_08.01.a)R(0010)C(0110)S(qx2009)},{T(C_08.01.a)R(0010)C(0110)S(qx2055)},{T(C_08.01.a)R(0010)C(0110)S(qx2068)},{T(C_08.01.a)R(0010)C(0110)S(qx2081)})""";;
"BSFL3200,Deposits: Households-Amortised cost,""COALESCE(sum({T(F_08.01.a)R(0310)C(0030)},{T(F_08.01.a)R(0310)C(0035)}),sum({T(F_08.01.dp)R(0310)C(0030)},{T(F_08.01.dp)R(0310)C(0035)}),{SPE.DPI(BSFL3200)})""";;
"CRNA1123,Gross carrying amount of loans and advances to households - Purposes other than credit for consumption and lending for house purchase (By purpose),""COALESCE(sum({T(F_05.01)R(0080)C(0060)},-{T(F_05.01)R(0110)C(0060)},-{T(F_05.01)R(0120)C(0060)}),{SPE.DPI(CRNA1123)})""";;
"MR_PRR_FADJ_DENSITY_DERIV,Total FVadj on derivatives on total derivatives exposure,""DIVIDE(SUM({SPE.DPI(MRT4_r0010_c0070)}, {SPE.DPI(MRT4_r0010_c0090)}, {SPE.DPI(MRT4_r0010_c0110)}, {SPE.DPI(MRT4_r0010_c0130)}, {SPE.DPI(MRT4_r0010_c0150)}, {SPE.DPI(MRT4_r0010_c0170)}, {SPE.DPI(MRT4_r0010_c0190)}),{SPE.DPI(MRT4_r0010_c0010)})""";;
"PRFI0400_QUARTERLY,Quarterly total trading income,""{PRFI0400} - ifn({MF_FYE}=3, 0, ifn(({MF_FYE}=6) OR ({MF_FYE}=9) OR ({MF_FYE}=0), {PRFI0400[T-1Q]}, 1/0))""";;
MR_RMR_COM_BWL_WEIGHTS,Support formula to calculate other KRIs.,For the formula specification please see the latest version of SUBA derived variables and indicators: https://darwin.escb.eu/livelink/livelink/app/nodes/1821262705;;
IDCARD90,Assets (top 4th country),For the formula specification please see the latest version of SUBA derived variables and indicators: https://darwin.escb.eu/livelink/livelink/app/nodes/1878940265;;
ORCE1640,Loss adjustments for damage to physical assets,{T(C_17.01.a)R(0940)C(0050)};;
"LIQ112,Illiquid REPO to cash position,""DIVIDE({LIQV0099}, {LIQV0098})""";;
"LANP0300,Loans and advances at amortised cost. Non-Performing. Gross carrying amount,""COALESCE(SUM({T(F_18.00.a)R(0005,0070)C(0060)}),SUM(-{T(F_18.00.a_dp)R(0010)C(0060)},{T(F_18.00.a_dp)R(0180)C(0060)}),{SPE.DPI(LANP0300)})""";;
"CRED210,Breakdown of loans to NFC by NACE economic sector: Information and communication,""DIVIDE({T(F_06.01)R(0100)C(0010)},COALESCE(SUM({T(F_18.00.a)R(0070,0191,0221)C(0010)}),SUM({T(F_18.00.a.dp)R(0070,0191,0221)C(0010)})))""";;
"LIQ47,Core funding ratio,""DIVIDE({LRQM0600}, SUM({BSFL0500},{BSFE0100},-MIN({BSFA0300}, {BSFL0600})))""";;
CRCE0501,Exposure value exposure class-by-exposure class (SA): Central governments or central banks,{T(C_07.00.a)R(0010)C(0200)S(qx16)};;
"CRFA0706,Loans and advances past due for more than 90 days but not impaired. Other financial corporations,""COALESCE(sum({T(F_07.01)R(0150)C(0030)},{T(F_07.01)R(0150)C(0060)}),{SPE.DPI(CRFA0706)})""";;
LEV010,IPS exposures exempted in accordance with point (ca) of Article 429a(1) CRR,{T(C_47.00)R(0900)C(0010)};;
"IDCARD531,Tax expenses or income,""COALESCE(-SUM({T(F_02.00)R(0620,0634,0660)C(0010)}),-SUM({T(F_02.00.dp)R(0620,0634,0660)C(0010)}))""";;
FWL5,AVA - Final automatically calculated profitability score,For the formula specification please see the latest version of SUBA derived variables and indicators: https://darwin.escb.eu/livelink/livelink/app/nodes/1821262705;;
"LIQ225,yearly LCR Standard Deviation,""STD({T(C_76.00.a)R(0030)C(0010)},{T(C_76.00.a)R(0030)C(0010)[T-1Q]},{T(C_76.00.a)R(0030)C(0010)[T-2Q]},{T(C_76.00.a)R(0030)C(0010)[T-3Q]})""";;
"PROF97,Interest income from Other assets/ Total interest income,""DIVIDE({T(F_16.01)R(0150)C(0010)},{T(F_16.01)R(0270)C(0010)})""";;
"CAP104,Countercyclical Buffer (CCyB) (%),""DIVIDE({CAP64}, {CACE0900})""";;
"CAP6,Dynamics of  own funds: Tier 1 capital,""DIVIDE({CACO0200}-{CACO0200[T-1Y]}, {CACO0200[T-1Y]})""";;
"OPER20,Ratio loss amount for trading and sales to total loss amount,""DIVIDE({ORCE1602}, {OPER53})""";;
CRED483,Total Capital Release (originated SRT),For the formula specification please see the latest version of SUBA derived variables and indicators: https://darwin.escb.eu/livelink/livelink/app/nodes/293814368;;
"IDCARD531,Tax expenses or income,""COALESCE(-SUM({T(F_02.00)R(0620,0634,0660)C(0010)}),-SUM({T(F_02.00_dp)R(0620,0634,0660)C(0010)}))""";;
STRC0200,Number of branches (open to customers),For the formula specification please see the latest version of SUBA derived variables and indicators: https://darwin.escb.eu/livelink/livelink/app/nodes/1821262705;;
"CRMAT_V403,Share of Debt securities Central banks and General governments over Total Debt instruments other than held for trading or held for sale,""COALESCE(DIVIDE(SUM({T(F_18.00.a)R(0020,0030,0182,0183,0212,0213)C(0010)}),SUM({T(F_18.00.a)R(0180,0201,0231)C(0010)})),DIVIDE(SUM({T(F_18.00.a_dp)R(0020,0030,0182,0183,0212,0213)C(0010)}),SUM({T(F_18.00.a_dp)R(0180,0201,0231)C(0010)})))""";;
"PRFI5500_LINEAR,Measures the cost of risk linearly annualised numerator for loans subject to impairment granted to NFCs,""{PRFI5500}*12/IFN({MF_FYE}=0,12,{MF_FYE})""";;
"COREP_OPRISK,""Indicates whether we receive the Operational losses template in STE, as opposed to the C17 template in COREP."",""IFN((ISNULL({SPE.DPI(C17LOSSTHRES)}) EQ 0) OR (ISNULL({SPE.DPI(C17R910C80S)}) EQ 0) OR (ISNULL({SPE.DPI(C17R920C80S)}) EQ 0) OR (ISNULL({SPE.DPI(C17R930C80S)}) EQ 0) OR (ISNULL({SPE.DPI(C17R940C80S)}) EQ 0), 0, 1)""";;
CRCM0116,PD assigned to the obligor grade or pool (%) by each exposure IRB class: Institutions without own estimates of LGD or conversion factors,{T(C_08.01.a)R(0010)C(0010)S(qx2018)};;
"CRMAT_A111,Absolute volume of Households Secured by RRE portfolio,""COALESCE(SUM({T(F_18.00.a)R(0160,0910,0930)C(0010)}), SUM({T(F_18.00.a_dp)R(0160)C(0010)}))""";;
"CRED370,Stage 1 Coverage Ratio,""DIVIDE(SUM(-SUM({T(F_04.03.1)R(0110)C(0050)}),-SUM({T(F_04.04.1)R(0070)C(0050)})),SUM(SUM({T(F_04.03.1)R(0110)C(0015)}),SUM({T(F_04.04.1)R(0070)C(0015)})))""";;
"PROF6_ONEOFF,""ROE (after tax), excluding one-offs"",For the formula specification please see the latest version of SUBA derived variables and indicators: https://darwin.escb.eu/livelink/livelink/app/nodes/1821262705";;
MR_RMR_FXR_BWL_WSTD_NUM,Support formula to calculate other KRIs.,For the formula specification please see the latest version of SUBA derived variables and indicators: https://darwin.escb.eu/livelink/livelink/app/nodes/1821262705;;
"LIQV0197,3Y Forecast for Public Funding,""COALESCE(SUM({T(P_02.02)R(010)C(050)},{T(P_02.02)R(020)C(050)},{T(P_02.02)R(030)C(050)}),0)""";;
CRCE0508,Exposure value exposure class-by-exposure class (SA): Retail,{T(C_07.00.a)R(0010)C(0200)S(qx26)};;
"IRRBB118,Forecasted net interest income in the banking book expected within 12 months in the baseline scenario divides by Tier 1 Capital,""DIVIDE({T(J_01.00)R(0120)C(0010)S(x1)}, {CACO0200})""";;
"CRED85,""Inflows and outflows of Allowances by type of delinquencies, by type of counterparty - Households"",""DIVIDE(SUM(SUM({T(F_18.00.b)R(0150,0197,0227)C(0150)}),-SUM({T(F_18.00.b)R(0150,0197,0227)C(0150)[T-1Y]})),SUM({T(F_18.00.a)R(0150,0197,0227)C(0060)[T-1Y]}))""";;
"CRNA1122_LSI,Gross carrying amount of loans and advances to households – Lending for house purchase (By purpose),""COALESCE({T(F_18.00.a)R(0160)C(0010)},{T(F_18.00.a_dp)R(0160)C(0010)},{SPE.DPI(CRNA1122_LSI)})""";;
"PROF90,NFC loans coming from Human health services and social work activities (NACE code)/ Total NFC loans,""DIVIDE({T(F_06.01)R(0160)C(0010)},{T(F_06.01)R(0190)C(0010)})""";;
"CRED216,Breakdown of loans to NFC by NACE economic sector: Human health services and social work activities,""DIVIDE({T(F_06.01)R(0160)C(0010)},COALESCE(SUM({T(F_18.00.a)R(0070,0191,0221)C(0010)}),SUM({T(F_18.00.a_dp)R(0070,0191,0221)C(0010)})))""";;
"LIQ219,Overcollateralization,""DIVIDE({T(F_32.04.b)R(0170)C(0030)}, {T(F_32.04.a)R(0170)C(0010)})""";;
"LANP1000,Total loans and advances at amortised cost - Credit institutions. Accumulated impairment on non-performing exposure,""COALESCE({T(F_18.00.b)R(0100)C(0150)},{T(F_18.00.b_dp)R(0100)C(0150)},{SPE.DPI(LANP1000)})""";;
"LANP0800,Loans and advances at amortised cost. Accumulated impairment on non-performing exposure,""COALESCE(SUM({T(F_18.00.b)R(0005,0070)C(0150)}),SUM(-{T(F_18.00.b.dp)R(0010)C(0150)},{T(F_18.00.b.dp)R(0180)C(0150)}),{SPE.DPI(LANP0800)})""";;
BSFA2300,Loans and receivables (including finance lease): Debt securities: Credit Institutions,{T(F_04.04.1)R(0040)C(0010)};;
"PRNA3500,""Gains or losses on derecognition of non financial assets, net"",""COALESCE({T(F_02.00)R(0330)C(0010)},{T(F_02.00.dp)R(0330)C(0010)},{SPE.DPI(PRNA3500)})""";;
"LIQ96,Secured funding ratio,""DIVIDE({LIQV0093}, {LIQV0110})""";;
"PROF65,""Operating income from Others/ Total Operating income, net"",""DIVIDE({SPE.DPI(SRPRIB100010)},{SPE.DPI(SRPRIB110010)})""";;
"MARK54,(Net gains on financial assets and liabilities held for trading + net gains on financial assets and liabilities designated at FVPL) / Total operating income,""DIVIDE(SUM({PRFI0400}, {PRFI0500}), {PRFI0800})""";;
"CRCE0507,Exposure value exposure class-by-exposure class (SA): Corporates,""SUM({T(C_07.00.a)R(0010)C(0200)S(qx2036)},{T(C_07.00.a)R(0010)C(0200)S(qx2037)})""";;
"CRED129,Securitisation capital requirements / Credit risk capital requirements,""DIVIDE({CACE0300}, SUM({CACE0100}, {CACE0200}))""";;
MRCE2912,Stressed VaR. Multiplication factor (ms) x average of previous 60 working days (SVaRavg): Traded debt instruments - Specific risk,{T(C_24.00)R(0040)C(0050)};;
CAP112,P1 (OCR),0.08;;
"LIQV0159,1Y Forecast for Cash and Cash Balances at CBs,""COALESCE({T(P_01.01)R(010)C(030)},0)""";;
"CRED475,Total notional amount of originated SRT NPE securitizations.,""SUM(LOGICAL({T(C_14.00)R(*)C(0110)}='EBA:RS(x2)' AND {T(C_14.00)R(*)C(0061)}='EBA:RT(x15)' AND {T(C_14.00)R(*)C(0040)} IN ['EBA:RT(x20)', 'EBA:RT(x21)'])*{T(C_14.00)R(*)C(0130)})""";;
"IDCARD26_LSI,Results on financial assets and liabilities,""COALESCE(SUM({T(F_02.00)R(0220,0280,0285,0287,0290,0295,0300,0310,0320)C(0010)}),SUM({T(F_02.00_dp)R(0220,0280,0285,0287,0290,0295,0300,0310,0320)C(0010)}))""";;
"CLIM07,Share of gross fee and commission income from 7 key carbon-intensive sectors in the NFC portfolio (EU),""DIVIDE(SUM({SPE.DPI(CLIMNIIU004030)}, {SPE.DPI(CLIMNIIU005030)}, {SPE.DPI(CLIMNIIU006030)}, {SPE.DPI(CLIMNIIU007030)}, {SPE.DPI(CLIMNIIU008030)}, {SPE.DPI(CLIMNIIU019030)}, {SPE.DPI(CLIMNIIU023030)}, {SPE.DPI(CLIMNIIU035030)}, {SPE.DPI(CLIMNIIU047030)}, {SPE.DPI(CLIMNIIU020030)}, {SPE.DPI(CLIMNIIU024030)}, {SPE.DPI(CLIMNIIU025030)}), {SPE.DPI(CLIMNIIU056030)})""";;
"MARK32,Breakdown of financial assets held for trading - Domestic,""DIVIDE({MRFA5400}, {CRFA1800})""";;
LIQ202,CBC Quality ratio,For the formula specification please see the latest version of SUBA derived variables and indicators: https://darwin.escb.eu/livelink/livelink/app/nodes/1878940265;;
"CRFM0210,Derivatives-Hedge accounting. Of which OTC. Notional amount,""COALESCE(SUM({T(F_11.01)R(0510,0520,0530)C(0030)}),SUM({T(F_11.01_dp)R(0510,0520,0530)C(0030)}),{SPE.DPI(CRFM0210)})""";;
"CRFA0700_BANKSTATS,Specific allowances for loans (excluding cb),""COALESCE(SUM(-{T(F_18.00.b)R(0070,0191,0221)C(0150)}), SUM(-{T(F_18.00.b.dp)R(0070,0191,0221)C(0150)}))""";;
"LIQV0094,Issued CDs,""SUM({T(F_08.01.a)R(0370)C(0010,0020,0030)})""";;
"CRED395_LSI,NPL inflow ratio,""DIVIDE(SUM(COALESCE(SUM(-{T(F_18.00.b)R(0070,0191,0221)C(0150)}), SUM(-{T(F_18.00.b_dp)R(0070,0191,0221)C(0150)})),{T(C_35.01)R(0010)C(0110)},{T(C_35.01)R(0120)C(0030-0100)}),COALESCE(SUM({T(F_18.00.a)R(0070,0191,0221)C(0060)}),SUM({T(F_18.00.a_dp)R(0070,0191,0221)C(0060)})))""";;
"IRRBB263,Economic value (reported via STE) from other economic value-relevant aspects / Tier 1 capital,""DIVIDE(SUM({SPE.DPI(IRRBBT3_r0010_c0090)},{SPE.DPI(IRRBBT3_r0050_c0090)}),{CACO0200})""";;
"LIQV0044,Contractual 6M GAP,""SUM({T(C_66.01.a)R(0720)C(0170)S(0010)},SUM({T(C_66.01.a)R(0270)C(0020, 0030-0170)S(0010)}),SUM({T(C_66.01.a)R(0280)C(0020,0030-0170)S(0010)}),{T(C_66.01.a)R(0330)C(0020)S(0010)},-0.10*{T(C_66.01.a)R(0330)C(0020)S(0010)},-SUM({T(C_66.01.a)R(0600)C(0020, 0030-0170)S(0010)}),{T(C_66.01.a)R(1080)C(0170)S(0010)},-SUM({T(C_66.01.a)R(1000)C(0020,0030-0170)S(0010)}))""";;
"MR_RMR_EQR_FWL_1,Potential impacts coming from Items at FVPL sensitive to EQ to Total CET1,""COALESCE(DIVIDE(-COALESCE({T(C_91.00)R(0060)C(0190)} + 0.4*SUM({T(F_01.01)R(0110,0097,0172)C(0010)}),SUM(0.08*SUM({T(C_02.00.a)R(0550,0557)C(0010)}), 0.4*SUM({T(F_01.01)R(0110,0097,0172)C(0010)}))), {CACO5700}), DIVIDE(-COALESCE({T(C_91.00)R(0060)C(0190)} + 0.4*SUM({T(F_01.01.dp)R(0110,0097,0172)C(0010)}),SUM(0.08*SUM({T(C_02.00.a)R(0550,0557)C(0010)}), 0.4*SUM({T(F_01.01.dp)R(0110,0097,0172)C(0010)}))), {CACO5700}))""";;
IDCARD87_LSI_IE,Geographical breakdown of assets. SSM country - Ireland,{T(F_20.04)R(0010)C(0010)S(IE)}+{T(F_20.04)R(0040)C(0010)S(IE)}+{T(F_20.04)R(0080)C(0010)S(IE)}+{T(F_20.04)R(0140)C(0010)S(IE)};;
"LIQ204,Short-term unsecured WS funding incl. CB offset,""DIVIDE(SUM(SUM({T(C_66.01.a)R(0020,0050,0300,0310)C(0020, 0030-0190)S(0010)}),-{LIQV0085}),{LIQV0110})""";;
"CRED162,Credit risk capital requirements under standardised approach: SA exposure classes excluding securitisation positions: Multilateral Development Banks,""DIVIDE({CACE1204}*12.5, SUM({CACE0100}, {CACE0200})*12.5)""";;
"CRMAT_N111,Share Non-Performing Loans and Advances to Households Secured by RRE over Total Loans and Advances to Households Secured by RRE,""DIVIDE(COALESCE(SUM({T(F_18.00.a)R(0160,0910,0930)C(0060)}), SUM({T(F_18.00.a_dp)R(0160)C(0060)})), {CRMAT_A111})""";;
"LIQV0068,6M covered bonds spread (in basis points),""COALESCE({T(C_69.00.a)R(0065)C(0090)S(0010)}, {SPE.DPI(C69R060C090)})""";;
LIQ14,Liquidity Coverage Ratio,For the formula specification please see the latest version of SUBA derived variables and indicators: https://darwin.escb.eu/livelink/livelink/app/nodes/1878940265;;
"BSFL2300,Derivatives used as hedging instruments in accounting hedges [liabilities],""COALESCE({T(F_01.02)R(0150)C(0010)},{T(F_01.02_dp)R(0150)C(0010)},{SPE.DPI(BSFL2300)})""";;
PROF6_annual,Annualised ROE (after tax),For the formula specification please see the latest version of SUBA derived variables and indicators: https://darwin.escb.eu/livelink/livelink/app/nodes/1878940265;;
"CRMAT_F221,Share of Performing Loans and Advances to SMEs with Forbearance Measures to Total Performing Loans and Advances to SMEs,""DIVIDE(SUM({T(F_19.00.a)R(0130,0900,0920)C(0020)}),SUM({T(F_18.00.a)R(0130,0900,0920)C(0020)}))""";;
CAP114,P2R (OCR),{CAP92}-{CAP112};;
"LIQV0098,Cash and cash balances at CB,""COALESCE({T(F_01.01)R(0010)C(0010)},{T(F_01.01.dp)R(0010)C(0010)})""";;
OPER62,Number of events for damage to physical assets,{T(C_17.01.a)R(0910)C(0050)};;
"CLIM10,Exposures to 7 key carbon-intensive sectors in the NFC portfolio as share of total NFC exposures (non-EU),""DIVIDE(SUM({T(D_01.00)R(0030)C(0010)} - {SPE.DPI(CLIMNIIU003010)}, {T(D_01.00)R(0190)C(0010)} - {SPE.DPI(CLIMNIIU019010)}, {T(D_01.00)R(0200)C(0010)} - {SPE.DPI(CLIMNIIU020010)}, {T(D_01.00)R(0230)C(0010)} - {SPE.DPI(CLIMNIIU023010)}, {T(D_01.00)R(0240)C(0010)} - {SPE.DPI(CLIMNIIU024010)}, {T(D_01.00)R(0250)C(0010)} - {SPE.DPI(CLIMNIIU025010)}, {T(D_01.00)R(0350)C(0010)} - {SPE.DPI(CLIMNIIU035010)}, {T(D_01.00)R(0470)C(0010)} - {SPE.DPI(CLIMNIIU047010)}), SUM({T(D_01.00)R(0560)C(0010)}, -{SPE.DPI(CLIMNIIU056010)}))""";;
"LIQ122,Other financial corporates deposits ratio,""DIVIDE(SUM({BSFL3300},{BSFL3400},{BSFL3500}), SUM({BSFL0500}, -MIN({BSFA0300}, {BSFL0600})))""";;
"IRRBB257,Pass-through rate of NMD over 1 year horizon for NMD wholesale financial (parallel down),""SUM({T(J_08.00.b)R(0150)C(0060)S(*)}*DIVIDE({T(J_08.00.a)R(0100)C(0010)S(*)},SUM({T(J_08.00.a)R(0100)C(0010)S(*)})))""";;
"LIQ70,deposits from general governments,""COALESCE(SUM({T(F_08.01.a)R(0110)C(0010,0020,0030,0034,0035)}),SUM({T(F_08.01.dp)R(0110)C(0010,0020,0030,0034,0035)}))""";;
"ORCE1603,Total loss amount for retail brokerage,""MAX(SUM({T(C_17.01.a)R(0220)C(0080)},{T(C_17.01.a)R(0240)C(0080)}),{T(C_17.01.a)R(0220)C(0080)})""";;
"MRFA1000,ow: trading assets,""COALESCE({T(F_01.01)R(0080)C(0010)}+{T(F_01.01)R(0094)C(0010)},{T(F_01.01.dp)R(0080)C(0010)}+{T(F_01.01.dp)R(0094)C(0010)},{SPE.DPI(MRFA1000)})""";;
MR_RMR_CSR_BWL_WSTD_NUM,Support formula to calculate other KRIs.,For the formula specification please see the latest version of SUBA derived variables and indicators: https://darwin.escb.eu/livelink/livelink/app/nodes/1821262705;;
"IRRBB185,Average maturity of core NMDs across types and currencies,""COALESCE((SUM(DIVIDE({T(J_08.00.a)R(0020)C(0010)S(*)},SUM({T(J_08.00.a)R(0020,0050,0080)C(0010)S(*)}))*{T(J_08.00.b)R(0020)C(0040)S(*)},DIVIDE({T(J_08.00.a)R(0050)C(0010)S(*)},SUM({T(J_08.00.a)R(0020,0050,0080)C(0010)S(*)}))*{T(J_08.00.b)R(0050)C(0040)S(*)},DIVIDE({T(J_08.00.a)R(0080)C(0010)S(*)},SUM({T(J_08.00.a)R(0020,0050,0080)C(0010)S(*)}))*{T(J_08.00.b)R(0080)C(0040)S(*)})), (SUM(DIVIDE({T(J_09.00.a)R(0020)C(0010)S(*)},SUM({T(J_09.00.a)R(0020,0050,0080)C(0010)S(*)}))*{T(J_09.00.b)R(0020)C(0040)S(*)},DIVIDE({T(J_09.00.a)R(0050)C(0010)S(*)},SUM({T(J_09.00.a)R(0020,0050,0080)C(0010)S(*)}))*{T(J_09.00.b)R(0050)C(0040)S(*)},DIVIDE({T(J_09.00.a)R(0080)C(0010)S(*)},SUM({T(J_09.00.a)R(0020,0050,0080)C(0010)S(*)}))*{T(J_09.00.b)R(0080)C(0040)S(*)})))""";;
"CRMAT_A121,Absolute volume of Households Credit for consumption portfolio,""COALESCE(SUM({T(F_18.00.a)R(0170,0913,0933)C(0010)}), SUM({T(F_18.00.a.dp)R(0170)C(0010)}))""";;
CACO5700,Total original own funds for general solvency purposes,{T(C_01.00)R(0020)C(0010)};;
"PROF53,Net Interest Margin,""DIVIDE(SUM({T(F_02.00)R(0010)C(0010)},-{T(F_02.00)R(0090)C(0010)}),MEAN({BSFA4100},{BSFA4100[T-1Y]}))""";;
"LIQ220,Asset Encumbrance at Central banks,""DIVIDE({T(F_32.04.b)R(0060)C(0030)}+{T(F_32.04.b)R(0080)C(0030)}, {T(F_32.04.b)R(0170)C(0030)})""";;
"MR_SIZE_1,Weighted Assets & liabilities measured at fair value to Total Assets,""COALESCE(IFN(IFN(__attribute('ECBM_ENT', 'ACCOUNTFRAME')='IFRS',1,IFN(__attribute('ECBM_ENT', 'ACCOUNTFRAME')='nGAAP' AND __attribute('ECBM_ENT', 'ACCOUNTFRAMESOLO')='IFRS',0,IFN(__attribute('ECBM_ENT', 'ACCOUNTFRAMESOLO')='IFRS',1,0)))=1 OR __attribute('ECBM_ENT','SENDER') = 'ES2', DIVIDE(SUM(SUM({T(F_14.00)R(0010,0051,0056,0060,0101,0121,0125,0140,0150,0201,0210,0250)C(0030)})*3,SUM({T(F_14.00)R(0010,0051,0056,0060,0101,0121,0125,0140,0150,0201,0210,0250)C(0020)})*1,SUM({T(F_14.00)R(0010,0051,0056,0060,0102,0121,0126,0140,0150,0201,0210,0250)C(0010)})*0.9),{T(F_01.01)R(0380)C(0010)}*2),  DIVIDE(SUM({T(F_01.01)R(0092,0093,0094,0095, 0172, 0235)C(0010)}, {T(F_01.01)R(0173, 0236)C(0010)}*0.05,{T(F_01.02)R(0061)C(0010)} ),{T(F_01.01)R(0380)C(0010)}*2)),IFN(IFN(__attribute('ECBM_ENT', 'ACCOUNTFRAME')='IFRS',1,IFN(__attribute('ECBM_ENT', 'ACCOUNTFRAME')='nGAAP' AND __attribute('ECBM_ENT', 'ACCOUNTFRAMESOLO')='IFRS',0,IFN(__attribute('ECBM_ENT', 'ACCOUNTFRAMESOLO')='IFRS',1,0)))=1 OR __attribute('ECBM_ENT','SENDER') = 'ES2', DIVIDE(SUM(SUM({T(F_14.00)R(0010,0051,0056,0060,0101,0121,0125,0140,0150,0201,0210,0250)C(0030)})*3,SUM({T(F_14.00)R(0010,0051,0056,0060,0101,0121,0125,0140,0150,0201,0210,0250)C(0020)})*1,SUM({T(F_14.00)R(0010,0051,0056,0060,0102,0121,0126,0140,0150,0201,0210,0250)C(0010)})*0.9),{T(F_01.01.dp)R(0380)C(0010)}*2),  DIVIDE(SUM({T(F_01.01.dp)R(0092,0093,0094,0095, 0172, 0235)C(0010)}, {T(F_01.01.dp)R(0173, 0236)C(0010)}*0.05,{T(F_01.02.dp)R(0061)C(0010)} ),{T(F_01.01.dp)R(0380)C(0010)}*2)))""";;
"IRRBB12,Change in the forecasted net interest income of the banking book under parallel interest rate increase of 200 bps divided by Total equity,""DIVIDE({T(J_01.00)R(0130)C(0010)S(x1)}, {BSFE0100})""";;
"LIQ227,Share in Funding Concentration per Counterparty Sector: Central banks (eba_CT:x10),""DIVIDE(SUM(LOGICAL({T(C_67.00.a)R(0020-0110)C(0030)S(0010)} EQ 'EBA:CT(x1)') * {T(C_67.00.a)R(0020-0110)C(0060)S(0010)}), {LIQV0004})""";;
CAP90,TSCR: to be made up of CET1 capital,{T(C_03.00)R(0140)C(0010)};;
"CRED221,Breakdown of total loans by NACE economic sector - Households: other purposes,""DIVIDE(SUM({T(F_05.01)R(0080)C(0060)},-{T(F_05.01)R(0110)C(0060)},-{T(F_05.01)R(0120)C(0060)}),SUM({T(F_18.00.a)R(0070)C(0010)},{T(F_18.00.a)R(0191)C(0010)},{T(F_18.00.a)R(0221)C(0010)}))""";;
"MR_RMR_COM_8,Commodity positions to Total exposures,""DIVIDE(SUM({T(C_23.00)R(0010)C(0010)},{T(C_23.00)R(0010)C(0020)}),{T(C_04.00)R(0860)C(0010)})""";;
IDCARD526,loans to credit institutions,For the formula specification please see the latest version of SUBA derived variables and indicators: https://darwin.escb.eu/livelink/livelink/app/nodes/1878940265;;
"IRRBB10,Change in the forecasted net interest income of the banking book under parallel interest rate decrease of 200 bps divided by Interest bearing assets,""DIVIDE({T(J_01.00)R(0140)C(0010)S(x1)}, SUM({CRFA0800},-{CRFA1600}))""";;
"MARK137,CET1 sensitivity to sovereign credit spread shocks excluding amortised cost holdings and FVOCI,""DIVIDE(SUM({T(C_33.00.a)R(0010)C(0030-0070)S(x1)}),{CACE0900})""";;
"CRNA111A,""Gross carrying amount of loans and advances to non-financial corporations - Agriculture, forestry and fishing"",""COALESCE({T(F_06.01)R(0010)C(0010)},{SPE.DPI(CRNA111A)})""";;
"PROF120,Contribution of Safekeeping fee revenue versus total fee revenue,""DIVIDE({T(F_22.01)R(0080)C(0010)},{T(F_22.01)R(0010)C(0010)})""";;
MR_NRMR_CSR_BWL_SUM_WM,Support formula to calculate other KRIs.,For the formula specification please see the latest version of SUBA derived variables and indicators: https://darwin.escb.eu/livelink/livelink/app/nodes/1821262705;;
"MARK22,(Financial liabilities held for trading + financial liabilities designated at FVPL) / (Total liabilities + Equity),""DIVIDE(SUM({BSFL0400}, {BSFL2600}), SUM({BSFL0500},{BSFE0100}))""";;
"IRRBB268,Change in the economic value of equity under interest rate increase divided by Tier 1 capital,""MIN({IRRBB173},{IRRBB103},{IRRBB105})""";;
"PRFI0800_ANNUAL_ONEOFF,""Operating income, excluding one-offs"",For the formula specification please see the latest version of SUBA derived variables and indicators: https://darwin.escb.eu/livelink/livelink/app/nodes/1821262705";;
IDCARD48,Cash,For the formula specification please see the latest version of SUBA derived variables and indicators: https://darwin.escb.eu/livelink/livelink/app/nodes/1878940265;;
"PROF139,Total profit or loss after tax / Total assets at t-1 (used for forecast errors only),""COALESCE(DIVIDE({T(P_04.01)R(670)C(010)[T-1Y]},MEAN({T(P_01.01)R(220)C(010)[T-1Y]},{T(P_01.01)R(220)C(010)[T-2Y]})),DIVIDE({T(F_02.00)R(0670)C(0010)[T-1Y]},MEAN({T(P_01.01)R(220)C(010)[T-1Y]},{T(P_01.01)R(220)C(010)[T-2Y]})))""";;
"MR_PRR_VR_FWL,Potential impacts coming from valuation risk to Total RWA,""DIVIDE(SUM({T(C_01.00)R(0290)C(0010)}, -{T(C_91.00)R(0120)C(0190)}, -{T(C_91.00)R(0130)C(0190)}), {CACE0900})""";;
"MR_RMR_MDL_1,Stressed VaR to VaR (excl. multiplier),""DIVIDE(DIVIDE( {T(C_24.00)R(0010)C(0050)}, {T(C_24.00)R(0010)C(0160)}), DIVIDE( {T(C_24.00)R(0010)C(0030)}, {T(C_24.00)R(0010)C(0150)}))""";;
"CRFA0707,Impaired loans and advances. Non-financial corporations,""COALESCE(sum({T(F_07.01)R(0160)C(0070,0080,0090)}),{SPE.DPI(CRFA0707)})""";;
"CRED158,Increase of Off-balance Exposure / Total assets,""DIVIDE(SUM(COALESCE(SUM(sum({T(F_09.01.1)R(0010,0090,0170)C(0010,0020,0030)}),-sum({T(F_09.01.1)R(0010,0090,0170)C(0040,0050,0060)})),{SPE.DPI(BSF00100)}),-COALESCE(SUM(sum({T(F_09.01.1)R(0010,0090,0170)C(0010,0020,0030)[T-1Y]}),-sum({T(F_09.01.1)R(0010,0090,0170)C(0040,0050,0060)[T-1Y]})),{SPE.DPI(BSF00100)[T-1Y]})),COALESCE({T(F_01.01)R(0380)C(0010)},{T(F_01.01_dp)R(0380)C(0010)},{SPE.DPI(BSFA0200)}))""";;
"CRED15_N,BREACH ON LARGE EXPOSURES,""IFN(SUM(LOGICAL({T(C_28.00)R(*)C(350)} > 0.25) * LOGICAL({T(C_28.00)R(*)C(330)} > 0)) > 0, 1, 0)""";;
"IDCARD48_LSI,Cash,""COALESCE({T(F_01.01)R(0010)C(0010)},{T(F_01.01_dp)R(0010)C(0010)},{SPE.DPI(IDCARD48_LSI)})""";;
"LIQV0062,3M secured funding spread (in basis points),""COALESCE({T(C_69.00.a)R(0045)C(0070)S(0010)}, {SPE.DPI(C69R040C070)})""";;
"LIQ67,JPY funding ratio,""DIVIDE({LIQV0089}, {LIQV0117})""";;
"MR_NRMR_SFX_EXCLUDED,Total Structural FX position excluded to Total RWA,""DIVIDE({SPE.DPI(MRT2_r0210_c0060)}, {CACE0900})""";;
"LIQ257,Backtesting Planned vs Actual Total Liabilities,""IFN({LIQV0145}=0 AND {LIQV0138}=0,0,IFN({LIQV0138}=0,1,DIVIDE({LIQV0145}-{LIQV0138},{LIQV0138})))""";;
"IDCARD543_ANNUAL,Cost of Risk - Annual Denominator,""MEAN({IDCARD543},{IDCARD543[T-1Q]},{IDCARD543[T-2Q]},{IDCARD543[T-3Q]})""";;
"PRFI0300,Net fee & commission income,""COALESCE(sum({T(F_02.00)R(0200)C(0010)},-{T(F_02.00)R(0210)C(0010)}),sum({T(F_02.00.dp)R(0200)C(0010)},-{T(F_02.00.dp)R(0210)C(0010)}),{SPE.DPI(PRFI0300)})""";;
"CRED330,Securitised exposures,""DIVIDE({T(C_13.01)R(0010)C(0050)},SUM({T(F_18.00.a)R(0070,0191,0221)C(0010)}))""";;
"LIQ73,Non-financial corporations deposits,""SUM({BSFL3600},{BSFL3700},{BSFL3800})""";;
"CRED412,Country risk: EU excl. SSM exposure over total exposure in all countries,""DIVIDE(SUM({T(F_20.04)R(0080,0140)C(0010)S(BG,CZ,DK,HU,PL,RO)}, -{T(F_20.04)R(0080,0140)C(0011)S(BG,CZ,DK,HU,PL,RO)}),{CRED411_DEN})""";;
"MR_PRR_SIZE_1,Weighted Level 2&3 Assets and Liabilities to Total Assets,""COALESCE(IFN(IFN(__attribute('ECBM_ENT', 'ACCOUNTFRAME')='IFRS',1,IFN(__attribute('ECBM_ENT', 'ACCOUNTFRAME')='nGAAP' AND __attribute('ECBM_ENT', 'ACCOUNTFRAMESOLO')='IFRS',0,IFN(__attribute('ECBM_ENT', 'ACCOUNTFRAMESOLO')='IFRS',1,0)))=1  OR  __attribute('ECBM_ENT','SENDER') = 'ES2', DIVIDE(SUM(SUM({T(F_14.00)R(0010,0051,0056,0060,0101,0121,0125,0140,0150,0201,0210,0250)C(0020)}),SUM({T(F_14.00)R(0010,0051,0056,0060,0101,0121,0125,0140,0150,0201,0210,0250)C(0030)})*3), 2*{BSFA0200}), DIVIDE(SUM({T(F_01.01)R(0091,0172,0235)C(0010)}, {T(F_01.01)R(0173,0236)C(0010)}*0.05,{T(F_01.02)R(0061)C(0010)}),{T(F_01.01)R(0380)C(0010)}*2)), IFN(IFN(__attribute('ECBM_ENT', 'ACCOUNTFRAME')='IFRS',1,IFN(__attribute('ECBM_ENT', 'ACCOUNTFRAME')='nGAAP' AND __attribute('ECBM_ENT', 'ACCOUNTFRAMESOLO')='IFRS',0,IFN(__attribute('ECBM_ENT', 'ACCOUNTFRAMESOLO')='IFRS',1,0)))=1  OR  __attribute('ECBM_ENT','SENDER') = 'ES2', DIVIDE(SUM(SUM({T(F_14.00)R(0010,0051,0056,0060,0101,0121,0125,0140,0150,0201,0210,0250)C(0020)}),SUM({T(F_14.00)R(0010,0051,0056,0060,0101,0121,0125,0140,0150,0201,0210,0250)C(0030)})*3), 2*{BSFA0200}), DIVIDE(SUM({T(F_01.01.dp)R(0091,0172,0235)C(0010)}, {T(F_01.01.dp)R(0173,0236)C(0010)}*0.05,{T(F_01.02.dp)R(0061)C(0010)}),{T(F_01.01.dp)R(0380)C(0010)}*2)))""";;
"CRED424,Counterparty Credit Risk: EAD SFTs/ Total Assets,""DIVIDE(SUM({T(C_34.02)R(0050,0080,0090,0100)C(0170)S(0001)}), {BSFA4200})""";;
"LIQV0117,Total items providing stable funding,""COALESCE(SUM({T(C_81.00.c)R(0010)C(0010-0030)}),SUM({T(C_83.00.c)R(0010)C(0010,0020)}))""";;
"IRRBB231,Debt securities @FV + FV of  Debt securities @AC (assets)  over the contribution of debt securities to EVE level,""DIVIDE(SUM({SPE.DPI(IRRBBT1_r0070_c0050)},{SPE.DPI(IRRBBT3_r0020_c0020)}),SUM({T(J_02.00)R(0120)C(0030)S(*)}))""";;
"PROF91,""NFC loans coming from Arts, entertainment and recreation (NACE code)/ Total NFC loans"",""DIVIDE({T(F_06.01)R(0170)C(0010)},{T(F_06.01)R(0190)C(0010)})""";;
"PRFI0300_QUARTERLY,""Quarterly Net Interest Income, excluding trading income"",""{PRFI0300}-IFN({MF_FYE}=3, 0, IFN(({MF_FYE}=6) OR ({MF_FYE}=9) OR ({MF_FYE}=0), {PRFI0300[T-1Q]}, 1/0))""";;
CAP80,Aggregation weight for credit risk,For the formula specification please see the latest version of SUBA derived variables and indicators: https://darwin.escb.eu/livelink/livelink/app/nodes/1821262705;;
"CRMAT_A701,Absolute volume of Exposures in countries outside EA,""SUM(SUM(SUM({T(F_20.04)R(0080,0140)C(0010)S(*)}),-SUM({T(F_20.04)R(0080,0140)C(0011)S(*)})),-SUM(SUM({T(F_20.04)R(0080,0140)C(0010)S(AT,BE,CY,EE,ES,FI,FR,DE,GR,HR,IE,IT,LV,LT,LU,MT,NL,PT,SI,SK,x1,x28)}),-SUM({T(F_20.04)R(0080,0140)C(0011)S(AT,BE,CY,EE,ES,FI,FR,DE,GR,HR,IE,IT,LV,LT,LU,MT,NL,PT,SI,SK,x1,x28)})))""";;
"CAP130,Total capital headroom above P2G (phased-in) as % of RWA,""SUM({CAP1},-{CAP98})""";;
"PROF137,Core Revenue to Assets Ratio at t (used for forecast errors only),""DIVIDE({PRFI5200},MEAN({BSFA0200_FP},{BSFA0200_FP[T-1Y]}))""";;
"LIQV0058,1M covered bonds spread (in basis points),""COALESCE({T(C_69.00.a)R(0065)C(0050)S(0010)}, {SPE.DPI(C69R060C050)})""";;
"PRFI3900,Provisions or (-) reversal of provisions,""COALESCE({T(F_02.00)R(0430)C(0010)},{T(F_02.00_dp)R(0430)C(0010)},{SPE.DPI(PRFI3900)})""";;
"BSFL2300,Derivatives used as hedging instruments in accounting hedges [liabilities],""COALESCE({T(F_01.02)R(0150)C(0010)},{T(F_01.02.dp)R(0150)C(0010)},{SPE.DPI(BSFL2300)})""";;
"MARK100,Net gains on financial assets and liabilities held for trading / Financial assets held for trading,""DIVIDE({PRFI0400}, {CRFA1800})""";;
CAP118,Difference T2,{CAP100}-{CAP116};;
"PRFI5000,""Three Year Average Dividend Income, ExcludingTrading Dividend Income"",""MEAN({PRFI4100},{PRFI4100[T-1Y]},{PRFI4100[T-2Y]})""";;
"MRFA1400_1,Financial assets designated at fair value through profit or loss: Loans and advances,""COALESCE(SUM({T(F_01.01)R(0099,0130,0174)C(0010)}),SUM({T(F_01.01.dp)R(0099,0130,0174)C(0010)}),{SPE.DPI(MRFA1400)})""";;
"CRED183_1,NP debt instruments / Total debt instruments,""COALESCE(DIVIDE(SUM({T(F_18.00.a)R(0180,0201,0231)C(0060)}),SUM({T(F_18.00.a)R(0180,0201,0231)C(0010)})),DIVIDE(SUM({T(F_18.00.a_dp)R(0180,0201,0231)C(0060)}),SUM({T(F_18.00.a_dp)R(0180,0201,0231)C(0010)})))""";;
"CRED431,Counterparty Credit Risk: SUM Top 20 CCR RWEA/ Total CCR RWEA,""DIVIDE(SUM({T(C_34.06)R(*)C(0130)}),{T(C_34.02.b)R(0110)C(0200)S(0001)})""";;
"LIQ238,Share in Buffer Concentration per Issuer Sector: Non-financial corporations (eba_CT:x20),""DIVIDE(SUM(LOGICAL({T(C_71.00.a)R(0020-0110)C(0030)S(0010)} EQ 'EBA:CT(x20)') * {T(C_71.00.a)R(0020-0110)C(0080)S(0010)}), {LIQV0012})""";;
"MR_RMR_FRTB_20,Share of GIRR in total SBM OFR,""DIVIDE({T(C_91.00)R(0020)C(0190)},SUM({T(C_91.00)R(0020)C(0190)},{T(C_91.00)R(0030)C(0190)}, {T(C_91.00)R(0040)C(0190)}, {T(C_91.00)R(0050)C(0190)}, {T(C_91.00)R(0060)C(0190)}, {T(C_91.00)R(0070)C(0190)}, {T(C_91.00)R(0080)C(0190)}))""";;
"LIQV0200,Planned 1Y Non-Financial Corporates Deposits,""COALESCE({T(P_01.02)R(060)C(030)[T-1Y]},0)""";;
"BSFL3700,Deposits: Non-financial corporations-Designated at fair value through profit or loss,""COALESCE({T(F_08.01.a)R(0260)C(0020)},{T(F_08.01.a_dp)R(0260)C(0020)},{SPE.DPI(BSFL3700)})""";;
"CRNA1122_LSI,Gross carrying amount of loans and advances to households – Lending for house purchase (By purpose),""COALESCE({T(F_18.00.a)R(0160)C(0010)},{T(F_18.00.a.dp)R(0160)C(0010)},{SPE.DPI(CRNA1122_LSI)})""";;
CAP67,Global Systemically Important Institution buffer,{T(C_04.00)R(0800)C(0010)};;
"IRRBB229,Impact of IR Derivatives (excluding hedges) on NII sensitivity (parallel shock down scenario),""COALESCE((DIVIDE(SUM({T(J_02.00)R(0530)C(0120)S(*)}),(SUM({T(J_01.00)R(0140)C(0010)S(*)})-{T(J_01.00)R(0140)C(0010)S(x1)}))),(DIVIDE(SUM({T(J_03.00)R(0530)C(0120)S(*)}),(SUM({T(J_01.00)R(0140)C(0010)S(*)})-{T(J_01.00)R(0140)C(0010)S(x1)}))))""";;
"CLIM08,Share of gross fee and commission income from 7 key carbon-intensive sectors in the NFC portfolio (non-EU),""DIVIDE(SUM({SPE.DPI(CLIMNIIU004090)}, {SPE.DPI(CLIMNIIU005090)}, {SPE.DPI(CLIMNIIU006090)}, {SPE.DPI(CLIMNIIU007090)}, {SPE.DPI(CLIMNIIU008090)}, {SPE.DPI(CLIMNIIU019090)}, {SPE.DPI(CLIMNIIU023090)}, {SPE.DPI(CLIMNIIU035090)}, {SPE.DPI(CLIMNIIU047090)}, {SPE.DPI(CLIMNIIU020090)}, {SPE.DPI(CLIMNIIU024090)}, {SPE.DPI(CLIMNIIU025090)}), {SPE.DPI(CLIMNIIU056090)})""";;
"CRED234,""Variation rate of loans to NFC by NACE economic sector - Professional, scientific and technical activities"",""DIVIDE({CRNA111M}-{CRNA111M[T-1Y]}, {CRNA111M[T-1Y]})""";;
"PRFI5100_ONEOFF,""3Y average impairments, excluding one-offs"",For the formula specification please see the latest version of SUBA derived variables and indicators: https://darwin.escb.eu/livelink/livelink/app/nodes/1821262705";;
"CRFA0100,Loans and advances,""COALESCE(SUM({T(F_18.00.a)R(0005,0070,0191,0221)C(0010)}),SUM(-{T(F_18.00.a_dp)R(0010)C(0010)},{T(F_18.00.a_dp)R(0180,0191,0221)C(0010)}),{SPE.DPI(CRFA0100)})""";;
"CRNA111C,Gross carrying amount of loans and advances to non-financial corporations - Manufacturing,""COALESCE({T(F_06.01)R(0030)C(0010)},{SPE.DPI(CRNA111C)})""";;
"LIQV0028,5Y secured funding spread (in basis points),""COALESCE({T(C_69.00.a)R(0045)C(0150)S(0010)}, {SPE.DPI(C69R040C150)})""";;
"PROF3_ANNUAL_ONEOFF,""ROA (after tax), excluding one-offs"",For the formula specification please see the latest version of SUBA derived variables and indicators: https://darwin.escb.eu/livelink/livelink/app/nodes/1821262705";;
"BSFL3800,Deposits: Non-financial corporations-Amortised cost,""COALESCE(sum({T(F_08.01.a)R(0260)C(0030)},{T(F_08.01.a)R(0260)C(0035)}),sum({T(F_08.01.a_dp)R(0260)C(0030)},{T(F_08.01.a_dp)R(0260)C(0035)}),{SPE.DPI(BSFL3800)})""";;
"MR_NRMR_EQR_PIT,""Banking book items sensitive to EQ (Fair value) to Total Assets [Max(T, average 4 quarters)]"",""MAX({MR_NRMR_EQR_SIZE},MEAN({MR_NRMR_EQR_SIZE},{MR_NRMR_EQR_SIZE[T-1Q]},{MR_NRMR_EQR_SIZE[T-2Q]},{MR_NRMR_EQR_SIZE[T-3Q]}))""";;
"CRED493,Gross Coverage ratio,""DIVIDE(SUM(COALESCE(-{T(F_18.00.b)R(0070,0191,0221)C(0150)},-{T(F_18.00.b_dp)R(0070,0191,0221)C(0150)})),SUM(COALESCE({T(F_18.00.a)R(0070,0191,0221)C(0060)},{T(F_18.00.a_dp)R(0070,0191,0221)C(0060)})))""";;
"CAP13,Composition of own funds: Tier 2 capital,""DIVIDE({CACO0700}, {CACO0100})""";;
"LIQ218,Debt Securities to Total Liabilities,""DIVIDE(SUM({BSFL1200},{BSFL1500},{BSFL1900}), SUM({BSFL0500}, -MIN({BSFA0300}, {BSFL0600})))""";;
"CAP100,T2 ratio (%),""DIVIDE({CACO0700},{CACE0900})""";;
CACO0200,Tier 1 capital,{T(C_01.00)R(0015)C(0010)};;
"CRED201,""Breakdown of loans to NFC by NACE economic sector: Agriculture, forestry and fishing"",""DIVIDE({T(F_06.01)R(0010)C(0010)},COALESCE(SUM({T(F_18.00.a)R(0070,0191,0221)C(0010)}),SUM({T(F_18.00.a.dp)R(0070,0191,0221)C(0010)})))""";;
"OPER4,Total relevant indicator (3-year average),""SUM(MAX(0, SUM({ORCE0401}, {ORCE0501}, {ORCE0601}, {ORCE0701}, {ORCE0801}, {ORCE0901}, {ORCE1001}, {ORCE1101}, {ORCE1201}, {ORCE1301}, {ORCE1401}, {ORCE1501})), MAX(0, SUM({ORCE0402}, {ORCE0502}, {ORCE0602}, {ORCE0702}, {ORCE0802}, {ORCE0902}, {ORCE1002}, {ORCE1102}, {ORCE1202}, {ORCE1302}, {ORCE1402}, {ORCE1502})), MAX(0, SUM({ORCE0403}, {ORCE0503}, {ORCE0603}, {ORCE0703}, {ORCE0803}, {ORCE0903}, {ORCE1003}, {ORCE1103}, {ORCE1203}, {ORCE1303}, {ORCE1403}, {ORCE1503})))/3""";;
"CRED59_1,Breakdown of NPL ratio by type of Counterparty - Credit institutions,""DIVIDE(SUM({T(F_18.00.a)R(0100,0194,0224)C(0060)}),SUM({T(F_18.00.a)R(0100,0194,0224)C(0010)}))""";;
"CRMAT_V101,Share of Loans and Advances to Households over Total Loans and Advances,""DIVIDE({CRMAT_A101},COALESCE(SUM({T(F_18.00.a)R(0070,0191,0221)C(0010)}),SUM({T(F_18.00.a_dp)R(0070,0191,0221)C(0010)})))""";;
"BSFL3400,Deposits: Other financial corporations-Designated at fair value through profit or loss,""COALESCE({T(F_08.01.a)R(0210)C(0020)},{T(F_08.01.dp)R(0210)C(0020)},{SPE.DPI(BSFL3400)})""";;
"MR_RMR_FWL,Potential impacts coming from regulatory market risks to Total RWA,""IFN(IFN(__attribute('ECBM_ENT', 'ACCOUNTFRAME')='IFRS',1,IFN(__attribute('ECBM_ENT', 'ACCOUNTFRAME')='nGAAP' AND __attribute('ECBM_ENT', 'ACCOUNTFRAMESOLO')='IFRS',0,IFN(__attribute('ECBM_ENT', 'ACCOUNTFRAMESOLO')='IFRS',1,0)))=1  OR __attribute('ECBM_ENT','SENDER') = 'ES2', SUM({MR_FWL_TB}, {MR_FWL_BBFVPL_EQ}), {MR_FWL_TB})""";;
"PRFI3200,""Gains (losses) from hedge accounting, net"",""COALESCE({T(F_02.00)R(0300)C(0010)},{T(F_02.00.dp)R(0300)C(0010)},{SPE.DPI(PRFI3200)})""";;
"IRRBB253,Internal capital allocated for IRRBB: IRRBB ICAAP / Total ICAAP,""DIVIDE({SPE.DPI(ICAITTC15)},{SPE.DPI(ICATGTC15)})""";;
"PROF3_LINEAR_SBS,Return on Assets. Linear annualization (YTD) of the numerator.,""DIVIDE({PRFI2300_LINEAR}, {BSFA0200})""";;
"OPER117,Total net loss amount for business disruption and system failures including loss adjustments relating to previous reporting periods,""SUM({OPER111},{T(C_17.01.a)R(0940)C(0060)})""";;
"LIQV0088,Liabilities providing stable funding in CHF,""SUM({T(C_81.00.x)R(0010)C(0010-0030)S(CHF)},-{T(C_81.00.w)R(0020)C(0010-0030)S(CHF)})""";;
MRCE2000,Multiplication factor (ms) x average of previous 60 working days (SVaRavg),{T(C_24.00)R(0010)C(0050)};;
"CRMAT_V401,Share of Loans and Advances to Central banks and General governments over Total Loans and Advances,""COALESCE(DIVIDE(SUM({T(F_18.00.a)R(0080,0192,0222,0090,0193,0223)C(0010)}),SUM({T(F_18.00.a)R(0070,0191,0221)C(0010)})),DIVIDE(SUM({T(F_18.00.a.dp)R(0080,0192,0222,0090,0193,0223)C(0010)}),SUM({T(F_18.00.a.dp)R(0070,0191,0221)C(0010)})))""";;
"MR_FWL_TB_1,Potential impacts coming from Regulatory trading book items to Total CET1,""COALESCE(DIVIDE(-1*({T(C_91.00)R(0010)C(0190)} -{T(C_91.00)R(0120)C(0190)} -{T(C_91.00)R(0130)C(0190)}),{CACO5700}), DIVIDE(-{T(C_02.00.a)R(0520)C(0010)}*0.08,{CACO5700}))""";;
"MRFA1400,Financial assets designated at fair value through profit or loss: Loans and advances,""COALESCE(SUM({T(F_01.01)R(0130,0174)C(0010)}),SUM({T(F_01.01.dp)R(0130,0174)C(0010)}),{SPE.DPI(MRFA1400)})""";;
"ORCE1614,Total loss amount for damage to physical assets,""MAX(SUM({T(C_17.01.a)R(0920)C(0050)},{T(C_17.01.a)R(0940)C(0050)}),{T(C_17.01.a)R(0920)C(0050)})""";;
"MRFA4600_1,Financial assets designated at fair value through profit or loss and Non-trading financial assets mandatorily at fair value through profit or loss: Fair value level 2,""COALESCE(sum({T(F_14.00)R(0060)C(0020)},{T(F_14.00)R(0056)C(0020)}),{SPE.DPI(MRFA4600)})""";;
"MR_RMR_CSR_SIZE,Financial assets & liabilities measured at fair value through P&L sensitive to CS (Fair value) to Total Assets,""DIVIDE(SUM({T(F_01.01)R(0080,0090,0098,0099,0120,0130)C(0010)},{T(F_10.00)R(0190)C(0010,0020)},{T(F_08.01.a)R(0040)C(0010)},{T(F_01.02)R(0040,0050)C(0010)},{T(F_01.02)R(0090,0100)C(0010)}),2*{BSFA0200})""";;
"CRED317,NPL ratio excluding credit institution,""DIVIDE(SUM(SUM({T(F_18.00.a)R(0070,0191,0221)C(0060)}),-SUM({T(F_18.00.a)R(0100,0194,0224)C(0060)})),SUM(SUM({T(F_18.00.a)R(0070,0191,0221)C(0010)}),-SUM({T(F_18.00.a)R(0100,0194,0224)C(0010)})))""";;
"CRMAT_L231,Share of CRE loans with LtV>80% over Total Loans collateralised by commercial immovable property,""DIVIDE(SUM({T(F_18.02.a)R(0050,0060)C(0010)}),SUM({T(F_18.02.a)R(0030)C(0010)}))""";;
CACE1800,Market risk capital requirements under standardised approaches: foreign exchange,{T(C_02.00.a)R(0560)C(0010)}*0.08;;
"PROF104,Operating income coming from the main income source/ Total Operating income,""MAX({PROF26},{PROF27},{PROF28},{PROF29},{MARK52},{MARK53},{PROF32})""";;
"MRFA4400,Financial assets held for trading: Equity instruments: Fair value level 3,""COALESCE({T(F_14.00)R(0030)C(0030)},{SPE.DPI(MRFA4400)})""";;
"IDCARD246,concentration exposure sector Consumer lending,""COALESCE({T(F_18.00.a)R(0170)C(0010)},{T(F_18.00.a_dp)R(0170)C(0010)})""";;
"LIQV0015,1M senior unsecured securities spread (in basis points),""COALESCE({T(C_69.00.a)R(0035)C(0050)S(0010)}, {SPE.DPI(C69R050C050)})""";;
CACE1203,Credit risk capital requirements: SA exposure classes excluding securitisation positions: Public sector entities,{T(C_02.00.a)R(0090)C(0010)}*0.08;;
"MR_RMR_EQR_SIZE,Financial assets & liabilities measured at fair value through P&L sensitive to EQ (Fair value) to Total Assets,""DIVIDE(SUM({T(F_01.01)R(0070,0097,0110)C(0010)}, {T(F_10.00)R(0070)C(0010,0020)},{T(F_08.01.a)R(0030)C(0010)}),2*{BSFA0200})""";;
"PRFI3900,Provisions or (-) reversal of provisions,""COALESCE({T(F_02.00)R(0430)C(0010)},{T(F_02.00.dp)R(0430)C(0010)},{SPE.DPI(PRFI3900)})""";;
"CRNA111E,Gross carrying amount of loans and advances to non-financial corporations - Water supply,""COALESCE({T(F_06.01)R(0050)C(0010)},{SPE.DPI(CRNA111E)})""";;
"IDCARD17,Derivative liabilities,""COALESCE(SUM({T(F_01.02)R(0020,0062,0150)C(0010)}),SUM({T(F_01.02_dp)R(0020,0062,0150)C(0010)}),SUM({SPE.DPI(BSFL2300)},{SPE.DPI(BSFL0600)}))""";;
IRRBB202,∆ NII - Paraller shock up;" Net derivatives hedging impact on ∆ NII / ∆ NII,""COALESCE((DIVIDE(SUM({T(J_02.00)R(0140)C(0110)S(*)},-{T(J_02.00)R(0470)C(0110)S(*)},{T(J_02.00)R(0530)C(0110)S(*)}),SUM({T(J_02.00)R(0010)C(0110)S(*)},-{T(J_02.00)R(0200)C(0110)S(*)}))),(DIVIDE(SUM({T(J_03.00)R(0140)C(0110)S(*)},-{T(J_03.00)R(0470)C(0110)S(*)},{T(J_03.00)R(0530)C(0110)S(*)}),SUM({T(J_03.00)R(0010)C(0110)S(*)},-{T(J_03.00)R(0200)C(0110)S(*)}))))""";
"LIQ74,deposits from households,""SUM({BSFL3000},{BSFL3100},{BSFL3200})""";;
"ORCE1602,Total loss amount for trading and sales,""MAX(SUM({T(C_17.01.a)R(0120)C(0080)},{T(C_17.01.a)R(0140)C(0080)}),{T(C_17.01.a)R(0120)C(0080)})""";;
MR_NRMR_SFX_BWL_WEIGHTS,Support formula to calculate other KRIs.,For the formula specification please see the latest version of SUBA derived variables and indicators: https://darwin.escb.eu/livelink/livelink/app/nodes/1821262705;;
"CRED104,Increase of total loans by type of collateral / Total loans by type of Collateral: Mortgage,""DIVIDE(SUM({CRFA3100}, {CRFA3110}) - SUM({CRFA3100[T-1Y]}, {CRFA3110[T-1Y]}), SUM({CRFA3100[T-1Y]}, {CRFA3110[T-1Y]}))""";;
PROF210,Number of employees,For the formula specification please see the latest version of SUBA derived variables and indicators: https://darwin.escb.eu/livelink/livelink/app/nodes/1760025303;;
"CAP71,Leverage ratio (fully phase in) reported value,""COALESCE({T(C_47.00)R(0330)C(0010)},{T(C_45.00.a)R(180)C(030)})""";;
"LIQV0142,Planned 1Y Long-term Debt Securities,""COALESCE({T(P_01.02)R(180)C(030)[T-1Y]},0)""";;
"CRED16,""Largest 10 exposures as % Total exposure. Index of concentration (Large exposures 1st, 2nd, 3rd,.. on Loans and advance)"",""DIVIDE({LELE0401}, {CRFA0100})""";;
CRCE0504,Exposure value exposure class-by-exposure class (SA): Multilateral Development Banks,{T(C_07.00.a)R(0010)C(0200)S(qx21)};;
"IDCARD418_LSI,deposits from other financial corporations,""COALESCE(SUM({T(F_08.01.a)R(0210)C(0010,0020,0030,0034,0035)}), SUM({T(F_08.01.dp)R(0210)C(0010,0020,0030,0034,0035)}))""";;
CRCE0103,Original exposure pre-conversion factors exposures class-by-exposure class (SA): Public sector entities,{T(C_07.00.a)R(0010)C(0010)S(qx22)};;
"LIQ240,Contractual 2Y Gap to Total Assets,""DIVIDE({LIQV0125},{BSFA0200})""";;
"PRFI1600,""Gains (losses) on financial assets and liabilities held for trading, net: Equity instruments and related derivatives"",""COALESCE({T(F_16.04)R(0020)C(0010)},{SPE.DPI(PRFI1600)})""";;
CRED482,Total Capital Consumption pre securitization (originated SRT),For the formula specification please see the latest version of SUBA derived variables and indicators: https://darwin.escb.eu/livelink/livelink/app/nodes/1821262705;;
"MREL_SUPPLY_SUB_TREA,""Own funds and eligible liabilities as a percentage of the total risk exposure amount, of which: own funds and subordinated liabilities"",{T(M_01.00)R(0310)C(0010)}";;
"ORCE1650,""Positive loss adjustment amounts for execution, delivery and process management"",{T(C_17.01.a)R(0945)C(0070)}";;
"IRRBB89,Embedded gains or losses divided by the Fair value of banking book,""DIVIDE(SUM({T(F_41.01)R(0015)C(0010)},{T(F_41.01)R(0021)C(0010)},{T(F_41.01)R(0031)C(0010)},-{T(F_41.01)R(0070)C(0010)},-{T(F_41.01)R(0101)C(0010)})-SUM({T(F_01.01)R(0181)C(0010)},{T(F_01.01)R(0231)C(0010)},{T(F_01.01)R(0234)C(0010)},-{T(F_01.02)R(0110)C(0010)},-{T(F_01.02)R(0141)C(0010)}),{MARK121_B}*{BSFA0200})""";;
RES002_THR,Threshold for triggering Operational Risk flag in the P2R methodology,For the formula specification please see the latest version of SUBA derived variables and indicators: https://darwin.escb.eu/livelink/livelink/app/nodes/1821262705;;
"CRED188,""Traditional securitisation, outstanding amount, originator, off-balance sheet items"",""DIVIDE(SUM({STCE0102}, {STCE0302}), {BSF00100})""";;
"LIQV0061,3M unsecured wholesale deposits spread (in basis points),""COALESCE({T(C_69.00.a)R(0030)C(0070)S(0010)}, {SPE.DPI(C69R030C070)})""";;
"CRED428,Counterparty Credit Risk: FI Share of total CCR EAD,""DIVIDE(SUM({T(C_07.00.b)R(0010)C(0210)S(qx19)}, {T(C_08.01.c)R(0010)C(0130)S(qx2018)}),SUM({T(C_07.00.b)R(0010)C(0210)S(qx01)}, {T(C_08.01.c)R(0010)C(0130)S(qx2023)}, {T(C_08.01.c)R(0010)C(0130)S(qx2022)}))""";;
"LIQ31,Net Stable Funding Ratio,""DIVIDE({LRQM0600}, {LRQM0700})""";;
"LIQV0101,Illiquid assets and contingent liabilities,""SUM(SUM({T(C_80.00.a)R(0560,0630,0640,0730,0800,0850,0910,0960,0970,1040)C(0010,0020,0030)}),SUM({T(C_80.00.a)R(0750,0840)C(0030)}),SUM({T(C_80.00.a)R(0760)C(0010,0020)}),SUM({T(C_80.00.b)R(0950)C(0010,0020,0030)}))""";;
IDCARD418_LSI,deposits from other financial corporations,For the formula specification please see the latest version of SUBA derived variables and indicators: https://darwin.escb.eu/livelink/livelink/app/nodes/1878940265;;
"PROF99,Interest income from Debt securities issued/ Total interest income,""DIVIDE({T(F_16.01)R(0230)C(0010)},{T(F_16.01)R(0270)C(0010)})""";;
"MRFL5200,Financial liabilities held for trading: Fair value level 3,""COALESCE({T(F_14.00)R(0150)C(0030)},{SPE.DPI(MRFL5200)})""";;
"CRED491,SFTs CCR exposure value as a share of total CCR exposure value,""DIVIDE(SUM({T(C_34.02.b)R(0060,0080,0090,0100)C(0170)S(0001)}) ,{T(C_34.02.b)R(0110)C(0170)S(0001)})""";;
"MARK9,Breakdown of financial assets designated at FVPL: Loans and advances,""DIVIDE({MRFA1400}, {BSFA3300})""";;
MR_RMR_FXR_BWL_1,3-year weighted volatility of quarterly P&L (Trading derivative sensitive to FX and BB FX differences) to Total CET1,For the formula specification please see the latest version of SUBA derived variables and indicators: https://darwin.escb.eu/livelink/livelink/app/nodes/1821262705;;
FWL18,Forecast Error COR,For the formula specification please see the latest version of SUBA derived variables and indicators: https://darwin.escb.eu/livelink/livelink/app/nodes/1821262705;;
CACO0700,Tier 2 capital,{T(C_01.00)R(0750)C(0010)};;
"CRMAT_G101,YoY growth of absolute volume Loans and Advances to Households,""DIVIDE(({CRMAT_A101}-{CRMAT_A101[T-1Y]}),{CRMAT_A101[T-1Y]})""";;
"CRED471,Non Financial Coorporations: Share of Performing forborne exposures under probation reclassified from non-performing over total performing exposures with forbearance measures,""DIVIDE(SUM({T(F_19.00.a)R(0120,0196,0226)C(0050)}), SUM({T(F_19.00.a)R(0120,0196,0226)C(0020)}))""";;
"LIQV0139,Planned 1Y Repurchase Agreements,""COALESCE({T(P_01.02)R(010)C(030)[T-1Y]},0)""";;
"BSFA2900,Derivatives used as hedging instruments in accounting hedges [assets],""COALESCE({T(F_01.01)R(0240)C(0010)},{T(F_01.01.dp)R(0240)C(0010)},{SPE.DPI(BSFA2900)})""";;
"CRMAT_O401,Share Off-Balance sheet commitments to Central banks and General governments over Total On-Balance Sheet Loans and Advances,""COALESCE(DIVIDE(SUM({T(F_18.00.e)R(0350,0360,0420,0430,0490,0500)C(0010)}),SUM({T(F_18.00.a)R(0070,0191,0221)C(0010)})),DIVIDE(SUM({T(F_18.00.e_dp)R(0350,0360,0420,0430,0490,0500)C(0010)}),SUM({T(F_18.00.a_dp)R(0070,0191,0221)C(0010)})))""";;
"CAP102,Capital Conservation Buffer (CCB) (%),""DIVIDE({CAP62}, {CACE0900})""";;
"LIQV0104,10Y retail deposits funding spread (in basis points),""COALESCE({T(C_69.00.a)R(0020)C(0170)S(0010)}, {SPE.DPI(C69R020C170)})""";;
"CRED79,Collateral and financial guarantees received on NPLs / Total NPLs,""DIVIDE(SUM({CRNA2009}, {CRNA2010}, {CRNA2011}, {CRNA2012}, {CRNA2013}, {CRNA2014}), {CRFA0600})""";;
"MARK82,Breakdown of VaR (between general and specific risk) - general risk,""DIVIDE({MRCE2907}, {MRCE0401})""";;
IDCARD3,loans to households,For the formula specification please see the latest version of SUBA derived variables and indicators: https://darwin.escb.eu/livelink/livelink/app/nodes/1878940265;;
"IRRBBMAT_1,Share of Assets with automatic or behavioral optionality,""COALESCE(SUM(DIVIDE(sum((logical(logical({T(J_05.00.b)R(0010)C(0020)S(*)}>{T(J_05.00.b)R(0010)C(0030)S(*)})*{T(J_05.00.b)R(0010)C(0020)S(*)}+logical({T(J_05.00.b)R(0010)C(0020)S(*)}<={T(J_05.00.b)R(0010)C(0030)S(*)})*{T(J_05.00.b)R(0010)C(0030)S(*)}+ {T(J_05.00.b)R(0010)C(0040)S(*)}>=1)*({T(J_05.00.b)R(0030)C(0010)S(*)}+{T(J_05.00.b)R(0040)C(0010)S(*)}+{T(J_05.00.b)R(0050)C(0010)S(*)}+{T(J_05.00.b)R(0120)C(0010)S(*)}+{T(J_05.00.b)R(0180)C(0010)S(*)}+{T(J_05.00.b)R(0190)C(0010)S(*)}))+logical(logical({T(J_05.00.b)R(0010)C(0020)S(*)}>{T(J_05.00.b)R(0010)C(0030)S(*)})*{T(J_05.00.b)R(0010)C(0020)S(*)}+logical({T(J_05.00.b)R(0010)C(0020)S(*)}<={T(J_05.00.b)R(0010)C(0030)S(*)})*{T(J_05.00.b)R(0010)C(0030)S(*)}+ {T(J_05.00.b)R(0010)C(0040)S(*)}<1)*(logical({T(J_05.00.b)R(0010)C(0020)S(*)}>{T(J_05.00.b)R(0010)C(0030)S(*)})*{T(J_05.00.b)R(0010)C(0020)S(*)}+logical({T(J_05.00.b)R(0010)C(0020)S(*)}<={T(J_05.00.b)R(0010)C(0030)S(*)})*{T(J_05.00.b)R(0010)C(0030)S(*)}+ {T(J_05.00.b)R(0010)C(0040)S(*)})*({T(J_05.00.b)R(0030)C(0010)S(*)}+{T(J_05.00.b)R(0040)C(0010)S(*)}+{T(J_05.00.b)R(0050)C(0010)S(*)}+{T(J_05.00.b)R(0120)C(0010)S(*)}+{T(J_05.00.b)R(0180)C(0010)S(*)}+{T(J_05.00.b)R(0190)C(0010)S(*)})),SUM({T(J_05.00.b)R(0030,0040,0050,0120,0180,0190)C(0010,0260)S(*)})),DIVIDE(sum((logical(logical({T(J_05.00.b)R(0010)C(0270)S(*)}>{T(J_05.00.b)R(0010)C(0280)S(*)})*{T(J_05.00.b)R(0010)C(0270)S(*)}+logical({T(J_05.00.b)R(0010)C(0270)S(*)}<={T(J_05.00.b)R(0010)C(0280)S(*)})*{T(J_05.00.b)R(0010)C(0280)S(*)}+ {T(J_05.00.b)R(0010)C(0290)S(*)}>=1)*({T(J_05.00.b)R(0030)C(0260)S(*)}+{T(J_05.00.b)R(0040)C(0260)S(*)}+{T(J_05.00.b)R(0050)C(0260)S(*)}+{T(J_05.00.b)R(0120)C(0260)S(*)}+{T(J_05.00.b)R(0180)C(0260)S(*)}+{T(J_05.00.b)R(0190)C(0260)S(*)}))+(logical(logical({T(J_05.00.b)R(0010)C(0270)S(*)}>{T(J_05.00.b)R(0010)C(0280)S(*)})*{T(J_05.00.b)R(0010)C(0270)S(*)}+logical({T(J_05.00.b)R(0010)C(0270)S(*)}<={T(J_05.00.b)R(0010)C(0280)S(*)})*{T(J_05.00.b)R(0010)C(0280)S(*)}+ {T(J_05.00.b)R(0010)C(0290)S(*)}<1)*(logical({T(J_05.00.b)R(0010)C(0270)S(*)}>{T(J_05.00.b)R(0010)C(0280)S(*)})*{T(J_05.00.b)R(0010)C(0270)S(*)}+logical({T(J_05.00.b)R(0010)C(0270)S(*)}<={T(J_05.00.b)R(0010)C(0280)S(*)})*{T(J_05.00.b)R(0010)C(0280)S(*)}+ {T(J_05.00.b)R(0010)C(0290)S(*)})) *({T(J_05.00.b)R(0030)C(0260)S(*)}+{T(J_05.00.b)R(0040)C(0260)S(*)}+{T(J_05.00.b)R(0050)C(0260)S(*)}+{T(J_05.00.b)R(0120)C(0260)S(*)}+{T(J_05.00.b)R(0180)C(0260)S(*)}+{T(J_05.00.b)R(0190)C(0260)S(*)})),SUM({T(J_05.00.b)R(0030,0040,0050,0120,0180,0190)C(0010,0260)S(*)}))),SUM(DIVIDE(sum((logical(logical({T(J_06.00.b)R(0010)C(0020)S(*)}>{T(J_06.00.b)R(0010)C(0030)S(*)})*{T(J_06.00.b)R(0010)C(0020)S(*)}+logical({T(J_06.00.b)R(0010)C(0020)S(*)}<={T(J_06.00.b)R(0010)C(0030)S(*)})*{T(J_06.00.b)R(0010)C(0030)S(*)}+ {T(J_06.00.b)R(0010)C(0040)S(*)}>=1)*({T(J_06.00.b)R(0030)C(0010)S(*)}+{T(J_06.00.b)R(0040)C(0010)S(*)}+{T(J_06.00.b)R(0050)C(0010)S(*)}+{T(J_06.00.b)R(0120)C(0010)S(*)}+{T(J_06.00.b)R(0180)C(0010)S(*)}+{T(J_06.00.b)R(0190)C(0010)S(*)}))+logical(logical({T(J_06.00.b)R(0010)C(0020)S(*)}>{T(J_06.00.b)R(0010)C(0030)S(*)})*{T(J_06.00.b)R(0010)C(0020)S(*)}+logical({T(J_06.00.b)R(0010)C(0020)S(*)}<={T(J_06.00.b)R(0010)C(0030)S(*)})*{T(J_06.00.b)R(0010)C(0030)S(*)}+ {T(J_06.00.b)R(0010)C(0040)S(*)}<1)*(logical({T(J_06.00.b)R(0010)C(0020)S(*)}>{T(J_06.00.b)R(0010)C(0030)S(*)})*{T(J_06.00.b)R(0010)C(0020)S(*)}+logical({T(J_06.00.b)R(0010)C(0020)S(*)}<={T(J_06.00.b)R(0010)C(0030)S(*)})*{T(J_06.00.b)R(0010)C(0030)S(*)}+ {T(J_06.00.b)R(0010)C(0040)S(*)})*({T(J_06.00.b)R(0030)C(0010)S(*)}+{T(J_06.00.b)R(0040)C(0010)S(*)}+{T(J_06.00.b)R(0050)C(0010)S(*)}+{T(J_06.00.b)R(0120)C(0010)S(*)}+{T(J_06.00.b)R(0180)C(0010)S(*)}+{T(J_06.00.b)R(0190)C(0010)S(*)})),SUM({T(J_06.00.b)R(0030,0040,0050,0120,0180,0190)C(0010,0260)S(*)})),DIVIDE(sum((logical(logical({T(J_06.00.b)R(0010)C(0270)S(*)}>{T(J_06.00.b)R(0010)C(0280)S(*)})*{T(J_06.00.b)R(0010)C(0270)S(*)}+logical({T(J_06.00.b)R(0010)C(0270)S(*)}<={T(J_06.00.b)R(0010)C(0280)S(*)})*{T(J_06.00.b)R(0010)C(0280)S(*)}+ {T(J_06.00.b)R(0010)C(0290)S(*)}>=1)*({T(J_06.00.b)R(0030)C(0260)S(*)}+{T(J_06.00.b)R(0040)C(0260)S(*)}+{T(J_06.00.b)R(0050)C(0260)S(*)}+{T(J_06.00.b)R(0120)C(0260)S(*)}+{T(J_06.00.b)R(0180)C(0260)S(*)}+{T(J_06.00.b)R(0190)C(0260)S(*)}))+(logical(logical({T(J_06.00.b)R(0010)C(0270)S(*)}>{T(J_06.00.b)R(0010)C(0280)S(*)})*{T(J_06.00.b)R(0010)C(0270)S(*)}+logical({T(J_06.00.b)R(0010)C(0270)S(*)}<={T(J_06.00.b)R(0010)C(0280)S(*)})*{T(J_06.00.b)R(0010)C(0280)S(*)}+ {T(J_06.00.b)R(0010)C(0290)S(*)}<1)*(logical({T(J_06.00.b)R(0010)C(0270)S(*)}>{T(J_06.00.b)R(0010)C(0280)S(*)})*{T(J_06.00.b)R(0010)C(0270)S(*)}+logical({T(J_06.00.b)R(0010)C(0270)S(*)}<={T(J_06.00.b)R(0010)C(0280)S(*)})*{T(J_06.00.b)R(0010)C(0280)S(*)}+ {T(J_06.00.b)R(0010)C(0290)S(*)})) *({T(J_06.00.b)R(0030)C(0260)S(*)}+{T(J_06.00.b)R(0040)C(0260)S(*)}+{T(J_06.00.b)R(0050)C(0260)S(*)}+{T(J_06.00.b)R(0120)C(0260)S(*)}+{T(J_06.00.b)R(0180)C(0260)S(*)}+{T(J_06.00.b)R(0190)C(0260)S(*)})),SUM({T(J_06.00.b)R(0030,0040,0050,0120,0180,0190)C(0010,0260)S(*)}))),SUM(DIVIDE(sum((logical(logical({T(J_07.00.b)R(0010)C(0020)S(*)}>{T(J_07.00.b)R(0010)C(0030)S(*)})*{T(J_07.00.b)R(0010)C(0020)S(*)}+logical({T(J_07.00.b)R(0010)C(0020)S(*)}<={T(J_07.00.b)R(0010)C(0030)S(*)})*{T(J_07.00.b)R(0010)C(0030)S(*)}+ {T(J_07.00.b)R(0010)C(0040)S(*)}>=1)*({T(J_07.00.b)R(0030)C(0010)S(*)}+{T(J_07.00.b)R(0040)C(0010)S(*)}+{T(J_07.00.b)R(0050)C(0010)S(*)}+{T(J_07.00.b)R(0120)C(0010)S(*)}+{T(J_07.00.b)R(0180)C(0010)S(*)}+{T(J_07.00.b)R(0190)C(0010)S(*)}))+logical(logical({T(J_07.00.b)R(0010)C(0020)S(*)}>{T(J_07.00.b)R(0010)C(0030)S(*)})*{T(J_07.00.b)R(0010)C(0020)S(*)}+logical({T(J_07.00.b)R(0010)C(0020)S(*)}<={T(J_07.00.b)R(0010)C(0030)S(*)})*{T(J_07.00.b)R(0010)C(0030)S(*)}+ {T(J_07.00.b)R(0010)C(0040)S(*)}<1)*(logical({T(J_07.00.b)R(0010)C(0020)S(*)}>{T(J_07.00.b)R(0010)C(0030)S(*)})*{T(J_07.00.b)R(0010)C(0020)S(*)}+logical({T(J_07.00.b)R(0010)C(0020)S(*)}<={T(J_07.00.b)R(0010)C(0030)S(*)})*{T(J_07.00.b)R(0010)C(0030)S(*)}+ {T(J_07.00.b)R(0010)C(0040)S(*)})*({T(J_07.00.b)R(0030)C(0010)S(*)}+{T(J_07.00.b)R(0040)C(0010)S(*)}+{T(J_07.00.b)R(0050)C(0010)S(*)}+{T(J_07.00.b)R(0120)C(0010)S(*)}+{T(J_07.00.b)R(0180)C(0010)S(*)}+{T(J_07.00.b)R(0190)C(0010)S(*)})),SUM({T(J_07.00.b)R(0030,0040,0050,0120,0180,0190)C(0010,0260)S(*)})),DIVIDE(sum((logical(logical({T(J_07.00.b)R(0010)C(0270)S(*)}>{T(J_07.00.b)R(0010)C(0280)S(*)})*{T(J_07.00.b)R(0010)C(0270)S(*)}+logical({T(J_07.00.b)R(0010)C(0270)S(*)}<={T(J_07.00.b)R(0010)C(0280)S(*)})*{T(J_07.00.b)R(0010)C(0280)S(*)}+ {T(J_07.00.b)R(0010)C(0290)S(*)}>=1)*({T(J_07.00.b)R(0030)C(0260)S(*)}+{T(J_07.00.b)R(0040)C(0260)S(*)}+{T(J_07.00.b)R(0050)C(0260)S(*)}+{T(J_07.00.b)R(0120)C(0260)S(*)}+{T(J_07.00.b)R(0180)C(0260)S(*)}+{T(J_07.00.b)R(0190)C(0260)S(*)}))+(logical(logical({T(J_07.00.b)R(0010)C(0270)S(*)}>{T(J_07.00.b)R(0010)C(0280)S(*)})*{T(J_07.00.b)R(0010)C(0270)S(*)}+logical({T(J_07.00.b)R(0010)C(0270)S(*)}<={T(J_07.00.b)R(0010)C(0280)S(*)})*{T(J_07.00.b)R(0010)C(0280)S(*)}+ {T(J_07.00.b)R(0010)C(0290)S(*)}<1)*(logical({T(J_07.00.b)R(0010)C(0270)S(*)}>{T(J_07.00.b)R(0010)C(0280)S(*)})*{T(J_07.00.b)R(0010)C(0270)S(*)}+logical({T(J_07.00.b)R(0010)C(0270)S(*)}<={T(J_07.00.b)R(0010)C(0280)S(*)})*{T(J_07.00.b)R(0010)C(0280)S(*)}+ {T(J_07.00.b)R(0010)C(0290)S(*)})) *({T(J_07.00.b)R(0030)C(0260)S(*)}+{T(J_07.00.b)R(0040)C(0260)S(*)}+{T(J_07.00.b)R(0050)C(0260)S(*)}+{T(J_07.00.b)R(0120)C(0260)S(*)}+{T(J_07.00.b)R(0180)C(0260)S(*)}+{T(J_07.00.b)R(0190)C(0260)S(*)})),SUM({T(J_07.00.b)R(0030,0040,0050,0120,0180,0190)C(0010,0260)S(*)}))))""";;
"IDCARD27,Net other operating income,""SUM({PRFI0800}, -{PRFI4000}, -{PRFI0300}, -{PRFI4600})""";;
"LIQ250,Share of Other in Asset Encumbrance sources,""DIVIDE({T(F_32.04.b)R(0120)C(0030)},{T(F_32.04.b)R(0170)C(0030)})""";;
IDCARD93,Deposits (top 3rd country),For the formula specification please see the latest version of SUBA derived variables and indicators: https://darwin.escb.eu/livelink/livelink/app/nodes/293814368;;
"IRRBB206,Share of total assets with bought optionality (under behavioural view),""COALESCE((DIVIDE(SUM({T(J_05.00.b)R(0010)C(0010)S(*)}*{T(J_05.00.b)R(0010)C(0020)S(*)},{T(J_05.00.b)R(0010)C(0260)S(*)}*{T(J_05.00.b)R(0010)C(0270)S(*)}),SUM({T(J_05.00.b)R(0010)C(0010,0260)S(*)}))),(DIVIDE(SUM({T(J_06.00.b)R(0010)C(0010)S(*)}*{T(J_06.00.b)R(0010)C(0020)S(*)},{T(J_06.00.b)R(0010)C(0260)S(*)}*{T(J_06.00.b)R(0010)C(0270)S(*)}),SUM({T(J_06.00.b)R(0010)C(0010,0260)S(*)}))),(DIVIDE(SUM({T(J_07.00.b)R(0010)C(0010)S(*)}*{T(J_07.00.b)R(0010)C(0020)S(*)},{T(J_07.00.b)R(0010)C(0260)S(*)}*{T(J_07.00.b)R(0010)C(0270)S(*)}),SUM({T(J_07.00.b)R(0010)C(0010,0260)S(*)}))))""";;
"BSFL3100,Deposits: Households-Designated at fair value through profit or loss,""COALESCE({T(F_08.01.a)R(0310)C(0020)},{T(F_08.01.a_dp)R(0310)C(0020)},{SPE.DPI(BSFL3100)})""";;
"PROF52,Tax rate on continuing operation,""COALESCE(DIVIDE({T(F_02.00)R(0620)C(0010)},{T(F_02.00)R(0610)C(0010)}),DIVIDE({T(F_02.00_dp)R(0620)C(0010)},{T(F_02.00_dp)R(0610)C(0010)}))""";;
"PROF2,Rotation of the equity (Total assets / Total equity),""DIVIDE({BSFA0200}, {BSFE0100})""";;
"MARK55,Breakdown of net gains on financial assets and liabilities held for trading - Equity instruments and related derivatives,""DIVIDE({PRFI1600}, {PRFI0400})""";;
"LIQ259,Backtesting Planned vs Actual Deposits,""IFN({LIQV0147}=0 AND {LIQV0140}=0,0,IFN({LIQV0140}=0,1,DIVIDE({LIQV0147}-{LIQV0140},{LIQV0140})))""";;
"LANP0900,Total loans and advances. Credit institutions. Accumulated impairment (except HFT),""COALESCE(SUM({T(F_18.00.b)R(0100,0194,0224)C(0130)}),SUM({T(F_18.00.b_dp)R(0100,0194,0224)C(0130)}),{SPE.DPI(LANP0900)})""";;
"PROF28,Dividend income to total operating income,""DIVIDE({PRFI0200}, {PRFI0800})""";;
"OPER89,""Ratio total loss amount for execution, delivery and process management to total operational risk capital requirements"",""DIVIDE({ORCE1616}, {CACE0500})""";;
"CRED158,Increase of Off-balance Exposure / Total assets,""DIVIDE(SUM(COALESCE(SUM(sum({T(F_09.01.1)R(0010,0090,0170)C(0010,0020,0030)}),-sum({T(F_09.01.1)R(0010,0090,0170)C(0040,0050,0060)})),{SPE.DPI(BSF00100)}),-COALESCE(SUM(sum({T(F_09.01.1)R(0010,0090,0170)C(0010,0020,0030)[T-1Y]}),-sum({T(F_09.01.1)R(0010,0090,0170)C(0040,0050,0060)[T-1Y]})),{SPE.DPI(BSF00100)[T-1Y]})),COALESCE({T(F_01.01)R(0380)C(0010)},{T(F_01.01.dp)R(0380)C(0010)},{SPE.DPI(BSFA0200)}))""";;
"MR_NRMR_CSR_PIT,""Banking book items sensitive to CS (Fair value) to Total Assets [Max(T, average 4 quarters)]"",""MAX({MR_NRMR_CSR_SIZE},MEAN({MR_NRMR_CSR_SIZE},{MR_NRMR_CSR_SIZE[T-1Q]},{MR_NRMR_CSR_SIZE[T-2Q]},{MR_NRMR_CSR_SIZE[T-3Q]}))""";;
CACE0500,Pillar I Operational risk capital requirements,{T(C_02.00.a)R(0590)C(0010)}*0.08;;
"PROF10,Loans and advances to households to total loans and advances,""DIVIDE({CRFA0605}, {CRFA0100})""";;
IRRBB1,Change in the economic value of equity under parallel interest rate increase of 200 bps divided by Total capital,For the formula specification please see the latest version of SUBA derived variables and indicators: https://darwin.escb.eu/livelink/livelink/app/nodes/1821262705;;
"IRRBB22,Change in the forecasted net interest income of the banking book under parallel interest rate increase / decrease of 200 bps (worst of both shifts) divided by Total capital,""ifn((ISNULL({T(J_01.00)R(0130)C(0010)S(x1)}) = 0) AND (ISNULL({T(J_01.00)R(0140)C(0010)S(x1)}) = 0) AND (ISNULL({CACO0100})  = 0), MIN(DIVIDE({T(J_01.00)R(0130)C(0010)S(x1)}, {CACO0100}), DIVIDE({T(J_01.00)R(0140)C(0010)S(x1)}, {CACO0100}), 0), 1/0)""";;
"PROF13,Assets: Derivatives held for trading to total financial assets,""DIVIDE({BSFA0300}, SUM({CRFA1800}, {BSFA3200}))""";;
"CRED419,Country risk: Top 5 country with highest exposure (% over total exposure),""DIVIDE(SUM(LOGICAL(RANK(SUM_DOMAIN(SUM_DOMAIN({T(F_20.04)R(0080,0140)C(0010,0011)S(*)}, 'ROW'), 'COLUMN'), 'DESC') IN [1,2,3,4,5])*(SUM_DOMAIN(SUM_DOMAIN({T(F_20.04)R(0080,0140)C(0010,0011)S(*)}, 'ROW'), 'COLUMN'))), {CRED411_DEN})""";;
"LIQ249,Share of Other Debt securities issued in Asset Encumbrance sources,""DIVIDE(({T(F_32.04.b)R(0090)C(0030)}-{T(F_32.04.b)R(0100)C(0030)}-{T(F_32.04.b)R(0110)C(0030)}),{T(F_32.04.b)R(0170)C(0030)})""";;
"CRED81,""Inflows and outflows of Allowances by type of delinquencies, by type of counterparty - Central governments"",""DIVIDE(SUM(SUM({T(F_18.00.b)R(0090,0193,0223)C(0150)}),-SUM({T(F_18.00.b)R(0090,0193,0223)C(0150)[T-1Y]})),SUM({T(F_18.00.a)R(0090,0193,0223)C(0060)[T-1Y]}))""";;
"MRFL2400,Derivatives held for trading - Liabilities - Carrying amount: OTC - Rest,""COALESCE({T(F_10.00)R(0320)C(0020)},{T(F_10.00.dp)R(0320)C(0020)},{SPE.DPI(MRFL2400)})""";;
"LIQV0137,Actual Other Assets,""COALESCE({T(P_01.01)R(211)C(010)},0)""";;
"MRFL2400,Derivatives held for trading - Liabilities - Carrying amount: OTC - Rest,""COALESCE({T(F_10.00)R(0320)C(0020)},{T(F_10.00_dp)R(0320)C(0020)},{SPE.DPI(MRFL2400)})""";;
ORCE1654,Negative loss adjustment amounts for employment practices and workplace safety,{T(C_17.01.a)R(0946)C(0030)};;
"PRFI0800_QUARTERLY,Quarterly total operating income,""{PRFI0800} - ifn({MF_FYE}=3, 0, ifn(({MF_FYE}=6) OR ({MF_FYE}=9) OR ({MF_FYE}=0), {PRFI0800[T-1Q]}, 1/0))""";;
"IDCARD545,Annualised Net Interest Margin,""DIVIDE({PRFI0100_ANNUAL},{IDCARD548_ANNUAL})""";;
"IDCARD26_LSI,Results on financial assets and liabilities,""COALESCE(SUM({T(F_02.00)R(0220,0280,0285,0287,0290,0295,0300,0310,0320)C(0010)}),SUM({T(F_02.00.dp)R(0220,0280,0285,0287,0290,0295,0300,0310,0320)C(0010)}))""";;
"BSFA2900,Derivatives used as hedging instruments in accounting hedges [assets],""COALESCE({T(F_01.01)R(0240)C(0010)},{T(F_01.01_dp)R(0240)C(0010)},{SPE.DPI(BSFA2900)})""";;
"IDCARD49,ow: non-trading assets at FV,""COALESCE(SUM({T(F_01.01)R(0098,0120,0143,0173,0177)C(0010)}),SUM({T(F_01.01.dp)R(0098,0120,0143,0173,0177)C(0010)}))""";;
MR_NRMR_SFX_BWL_WSTD_NUM,Support formula to calculate other KRIs.,For the formula specification please see the latest version of SUBA derived variables and indicators: https://darwin.escb.eu/livelink/livelink/app/nodes/1821262705;;
"CRED7,""Identification of the institution's risk appetite (corporate, retail, etc.). Breakdown of original exposure value by class - Institutions"",""DIVIDE(SUM({T(C_07.00.a)R(0010)C(0010)S(qx19)}, {T(C_08.01.a)R(0010)C(0020)S(qx2018)}),SUM({T(F_18.00.a)R(0330)C(0010)},{T(F_09.01.1)R(0010)C(0010)},{T(F_09.01.1)R(0010)C(0020)},{T(F_09.01.1)R(0010)C(0030)},{T(F_09.01.1)R(0010)C(0100)},{T(F_09.01.1)R(0010)C(0120)},{T(F_09.01.1)R(0090)C(0010)},{T(F_09.01.1)R(0090)C(0020)},{T(F_09.01.1)R(0090)C(0030)},{T(F_09.01.1)R(0090)C(0100)},{T(F_09.01.1)R(0090)C(0120)},{T(F_09.01.1)R(0170)C(0010)},{T(F_09.01.1)R(0170)C(0020)},{T(F_09.01.1)R(0170)C(0030)},{T(F_09.01.1)R(0170)C(0100)},{T(F_09.01.1)R(0170)C(0120)}))""";;
"MARK19,Breakdown of financial liabilities designated at FVPL - Deposits,""DIVIDE({MRFL1600}, {BSFL2600})""";;
"CAP1,Total capital ratio (Regulatory Capital / Risk Weighted Assets),""DIVIDE({CACO0100}, {CACE0900})""";;
"LIQ258,Backtesting Planned vs Actual Repurchase Agreements,""IFN({LIQV0146}=0 AND {LIQV0139}=0,0,IFN({LIQV0139}=0,1,DIVIDE({LIQV0146}-{LIQV0139},{LIQV0139})))""";;
DQI3,Completeness – data quality indicator,ITS_STE;;
"LEV415_LSI,""Geo mean annual growth rate in TLRE (over 3 years) * (0 / 1 : LR decreased over past 3 years, low LR)"",""IFN((({LEV415B_LSI}<0) AND ({CAP71}<0.075)), {LEV415A_LSI},0)""";;
"CRCE0607,Exposure value exposure class-by-exposure class (IRB): Corporates,""SUM({T(C_08.01.a)R(0010)C(0110)S(qx2015)},{T(C_08.01.a)R(0010)C(0110)S(qx2014)},{T(C_08.01.a)R(0010)C(0110)S(qx2013)},{T(C_08.01.a)R(0010)C(0110)S(qx2012)},{T(C_08.01.a)R(0010)C(0110)S(qx2075)},{T(C_08.01.a)R(0010)C(0110)S(qx2076)})""";;
"PRNA3600,PL before tax from continuing operations,""COALESCE({T(F_02.00)R(0610)C(0010)},{T(F_02.00_dp)R(0610)C(0010)},{SPE.DPI(PRNA3600)})""";;
"CRMAT_N231,Share Non-Performing CRE Loans and Advances over Total CRE Loans and Advances,""DIVIDE(COALESCE(SUM({T(F_18.00.a)R(0140,0903,0923)C(0060)}), SUM({T(F_18.00.a.dp)R(0140)C(0060)})), {CRMAT_A231})""";;
"OPER12,Ratio gross loss amount for internal fraud to total gross loss amount,""DIVIDE({ORCE1610}, {OPER53})""";;
CRED481,Total Capital Consumption of retained originated SRT tranches,For the formula specification please see the latest version of SUBA derived variables and indicators: https://darwin.escb.eu/livelink/livelink/app/nodes/293814368;;
CAP102,Capital Conservation Buffer (CCB) (%),For the formula specification please see the latest version of SUBA derived variables and indicators: https://darwin.escb.eu/livelink/livelink/app/nodes/1878940265;;
STCE0114,Total exposures deducted from own funds – traditional sec - SA + IRB,{T(C_13.01)R(0010)C(0190)};;
IDCARD528,loans to central banks,For the formula specification please see the latest version of SUBA derived variables and indicators: https://darwin.escb.eu/livelink/livelink/app/nodes/1878940265;;
IRRBB25_LSI,Total Capital Requirements + Maximum economic value loss (IRRBB),For the formula specification please see the latest version of SUBA derived variables and indicators: https://darwin.escb.eu/livelink/livelink/app/nodes/1821262705;;
"PROF58,""Operating income from Retail Banking/ Total Operating income, net"",""DIVIDE({SPE.DPI(SRPRIB030010)},{SPE.DPI(SRPRIB110010)})""";;
LIQ119,GBP LCR,{T(C_76.00.w)R(0030)C(0010)S(GBP)};;
"PROF156,Projected Cost/income ratio at t as reported in year t-3,""COALESCE(DIVIDE(SUM({T(P_04.01)R(360,390)C(020)[T-3Y]}),{T(P_04.01)R(355)C(020)[T-3Y]}),DIVIDE({SPE.DPI(SRPR200C132)[T-3Y]},{SPE.DPI(SRPR170C132)[T-3Y]}))""";;
"LIQV0012,Top 10 liquidity buffer counterparties,""COALESCE(SUM({T(C_71.00.a)R(0020-0110)C(0080)S(0010)}), SUM({SPE.DPI(C71R020C080)}, {SPE.DPI(C71R030C080)}, {SPE.DPI(C71R040C080)}, {SPE.DPI(C71R050C080)}, {SPE.DPI(C71R060C080)}, {SPE.DPI(C71R070C080)}, {SPE.DPI(C71R080C080)}, {SPE.DPI(C71R090C080)}, {SPE.DPI(C71R100C080)}, {SPE.DPI(C71R110C080)}))""";;
"CRED86,Net flow of allowances for NPLs to households by collateral (t) / NPLs to households by collateral (t-1) - Loans collateralised by residential immovable property,""DIVIDE(SUM(SUM({T(F_18.00.b)R(0160)C(0150)}),-SUM({T(F_18.00.b)R(0160)C(0150)[T-1Y]})),SUM({T(F_18.00.a)R(0160)C(0060)[T-1Y]}))""";;
PROF55_STE,Cost of Equity - Bank self-reported,{SPE.DPI(SRPRKD460020)};;
CRCE0618,Exposure value exposure class-by-exposure class (IRB): Securitization,{T(C_13.01)R(0010)C(0210)};;
"LIQ235,Share in Buffer Concentration per Issuer Sector: Central banks (eba_CT:x10),""DIVIDE(SUM(LOGICAL({T(C_71.00.a)R(0020-0110)C(0030)S(0010)} EQ 'EBA:qSR(qx2012)') * {T(C_71.00.a)R(0020-0110)C(0080)S(0010)}), {LIQV0012})""";;
CRED483,Total Capital Release (originated SRT),For the formula specification please see the latest version of SUBA derived variables and indicators: https://darwin.escb.eu/livelink/livelink/app/nodes/1821262705;;
"LIQV0167,1Y Forecast for Short-term Debt Securities,""COALESCE({T(P_01.02)R(150)C(030)},0)""";;
"LIQV0176,3Y Forecast for Reverse Repurchase Agreements,""COALESCE({T(P_01.01)R(020)C(050)},0)""";;
RDPF1700,Interest income by instrument: Loans and advances,For the formula specification please see the latest version of SUBA derived variables and indicators: https://darwin.escb.eu/livelink/livelink/app/nodes/1821262705;;
CAP98,OCR and Pillar 2 Guidance (P2G),{T(C_03.00)R(0190)C(0010)};;
"IRRBB221,Contribution of sovereign debt securities to NII+MVC sensitivity  (widening CS) (%),""DIVIDE(SUM({SPE.DPI(IRRBBT2_r0080_c0090)},{SPE.DPI(IRRBBT2_r0080_c0120)}),SUM({SPE.DPI(IRRBBT2_r0010_c0090)},-{SPE.DPI(IRRBBT2_r0160_c0090)},{SPE.DPI(IRRBBT2_r0010_c0120)},-{SPE.DPI(IRRBBT2_r0160_c0120)}))*100""";;
"MR_RMR_FXR_7,Items denominated in a foreign currency (long positions - SA banks) to Total Assets,""DIVIDE({T(C_22.00)R(0010)C(0020)},{T(F_01.01)R(0380)C(0010)})""";;
"CRED319,Texas Ratio,""DIVIDE(SUM({T(F_18.00.a)R(0005,0070,0191,0221)C(0060)}),SUM(SUM({T(F_18.00.b)R(0005,0070,0191,0221)C(0150)}),{T(C_01.00)R(0020)C(0010)}))""";;
"LIQ213,4 Quarter Standard Deviation of relative changes of Inflows,""STD(COALESCE(SUM({T(C_76.00.a)R(0340,0350,0360)C(0010)}),SUM({SPE.DPI(C76R340C010)},{SPE.DPI(C76R350C010)},{SPE.DPI(C76R360C010)}))-COALESCE(SUM({T(C_76.00.a)R(0340,0350,0360)C(0010)[T-1Q]}),SUM({SPE.DPI(C76R340C010)[T-1Q]},{SPE.DPI(C76R350C010)[T-1Q]},{SPE.DPI(C76R360C010)[T-1Q]})),COALESCE(SUM({T(C_76.00.a)R(0340,0350,0360)C(0010)[T-1Q]}),SUM({SPE.DPI(C76R340C010)[T-1Q]},{SPE.DPI(C76R350C010)[T-1Q]},{SPE.DPI(C76R360C010)[T-1Q]}))-COALESCE(SUM({T(C_76.00.a)R(0340,0350,0360)C(0010)[T-2Q]}),SUM({SPE.DPI(C76R340C010)[T-2Q]},{SPE.DPI(C76R350C010)[T-2Q]},{SPE.DPI(C76R360C010)[T-2Q]})),COALESCE(SUM({T(C_76.00.a)R(0340,0350,0360)C(0010)[T-2Q]}),SUM({SPE.DPI(C76R340C010)[T-2Q]},{SPE.DPI(C76R350C010)[T-2Q]},{SPE.DPI(C76R360C010)[T-2Q]}))-COALESCE(SUM({T(C_76.00.a)R(0340,0350,0360)C(0010)[T-3Q]}),SUM({SPE.DPI(C76R340C010)[T-3Q]},{SPE.DPI(C76R350C010)[T-3Q]},{SPE.DPI(C76R360C010)[T-3Q]})),COALESCE(SUM({T(C_76.00.a)R(0340,0350,0360)C(0010)[T-3Q]}),SUM({SPE.DPI(C76R340C010)[T-3Q]},{SPE.DPI(C76R350C010)[T-3Q]},{SPE.DPI(C76R360C010)[T-3Q]}))-COALESCE(SUM({T(C_76.00.a)R(0340,0350,0360)C(0010)[T-4Q]}),SUM({SPE.DPI(C76R340C010)[T-4Q]},{SPE.DPI(C76R350C010)[T-4Q]},{SPE.DPI(C76R360C010)[T-4Q]})))""";;
STCE0406,Total capital requirements before cap: off balance sheet items and derivatives as investor – traditional sec - IRB,{T(C_13.01)R(0260)C(0720)}*0.08;;
"MARK3,Breakdown of financial assets held for trading - Equity instruments held for trading,""DIVIDE({CRFA2100}, {CRFA1800})""";;
PROF137_FWL,Core Revenue to Assets Ratio at t (aggregated by reported period for the sample of entities in BMA_FWL_ENTITIES),For the formula specification please see the latest version of SUBA derived variables and indicators: https://darwin.escb.eu/livelink/livelink/app/nodes/1821262705;;
ORCE1657,Negative loss adjustment amounts for business disruption and system failures,{T(C_17.01.a)R(0946)C(0060)};;
"LIQ61,Retail deposits ratio,""DIVIDE({LIQV0033}, {BSFL0500}-MIN({BSFA0300}, {BSFL0600}))""";;
"MARK26,Breakdown of OTC derivatives (assets) - Other financial corporations,""DIVIDE({MRFA2000}, SUM({MRFA1900}, {MRFA2000}, {MRFA2100}))""";;
"IRRBB241,Change of market value due to 1 bp shift of the CS (Tightening CS),""DIVIDE(DIVIDE({SPE.DPI(IRRBBT2_r0070_c0130)},(({SPE.DPI(IRRBBT2_r0070_c0010)}-{SPE.DPI(IRRBBT2_r0070_c0030)})*{SPE.DPI(IRRBBT2_r0070_c0110)})),10000)""";;
LIQST013,Cliff Effect indicator Baseline case.,https://darwin.escb.eu/livelink/livelink?func=ll&objId=305648124&objAction=browse&viewType=1;;
"CRED247,Coverage ratio. Specific allowances for loans on Non-performing loans (alternative approach SPE2),""DIVIDE(SUM(COALESCE(-{T(F_18.00.b)R(0070,0191,0221)C(0150)}, -{T(F_18.00.b.dp)R(0070,0191,0221)C(0150)}) ,{T(C_35.01)R(0010)C(0110)}, {T(C_35.01)R(0120)C(0030,0040,0050,0060,0070,0080,0090,0100)}) , COALESCE(SUM({T(F_18.00.a)R(0070,0191,0221)C(0060)}),SUM({T(F_18.00.a.dp)R(0070,0191,0221)C(0060)})))""";;
MR_PRR_BWL_1,3-year weighted volatility of quarterly fair value adjustments to Total CET1,For the formula specification please see the latest version of SUBA derived variables and indicators: https://darwin.escb.eu/livelink/livelink/app/nodes/1821262705;;
"LIQ45,Asset encumbrance ratio,""DIVIDE({LIQV0003}, {LIQV0111})""";;
"BSFL2200,Short positions,""COALESCE({T(F_01.02)R(0030)C(0010)}+{T(F_01.02)R(0063)C(0010)},{T(F_01.02.dp)R(0030)C(0010)}+{T(F_01.02.dp)R(0063)C(0010)},{SPE.DPI(BSFL0600)})""";;
"IRRBB122,Standard Deviation of forecasted net interest income under baseline scenario over past 4 quarters,""DIVIDE(STD(COALESCE({SPE.DPI(IRMCAMT14)},{T(J_01.00)R(0120)C(0010)S(x1)}),COALESCE({SPE.DPI(IRMCAMT14)[T-1Q]},{T(J_01.00)R(0120)C(0010)S(x1)[T-1Q]}),COALESCE({SPE.DPI(IRMCAMT14)[T-2Q]},{T(J_01.00)R(0120)C(0010)S(x1)[T-2Q]}), COALESCE({SPE.DPI(IRMCAMT14)[T-3Q]},{T(J_01.00)R(0120)C(0010)S(x1)[T-3Q]})),MEAN(COALESCE({SPE.DPI(IRMCAMT14)},{T(J_01.00)R(0120)C(0010)S(x1)}),COALESCE({SPE.DPI(IRMCAMT14)[T-1Q]},{T(J_01.00)R(0120)C(0010)S(x1)[T-1Q]}),COALESCE({SPE.DPI(IRMCAMT14)[T-2Q]},{T(J_01.00)R(0120)C(0010)S(x1)[T-2Q]}),COALESCE({SPE.DPI(IRMCAMT14)[T-3Q]},{T(J_01.00)R(0120)C(0010)S(x1)[T-3Q]})))""";;
"CRED374,CORE NPL RATIO FOR NFC AND HH ADJUSTED WITH FORECLOSURES,""DIVIDE({CRED374_N},{CRED374_D})""";;
"MR_RMR_EQR_PIT,""Financial assets & liabilities measured at fair value through P&L sensitive to EQ (Fair value) to Total Assets [Max(T, average 4 quarters)]"",""MAX({MR_RMR_EQR_SIZE},MEAN({MR_RMR_EQR_SIZE},{MR_RMR_EQR_SIZE[T-1Q]},{MR_RMR_EQR_SIZE[T-2Q]},{MR_RMR_EQR_SIZE[T-3Q]}))""";;
"LIQV0081,10Y covered bonds spread (in basis points),""COALESCE({T(C_69.00.a)R(0065)C(0170)S(0010)}, {SPE.DPI(C69R060C170)})""";;
"LANP1500,Total Loans and advances. Collateral received on non-performing exposures,""SUM({T(F_18.00.d)R(0005,0070,0191,0221)C(0200)})""";;
"CRED470,Non Financial Coorporations: Share of Forbearance measures to already NPL (late flagging/late measure),""DIVIDE(SUM({T(F_19.00.a)R(0120,0196,0226)C(0020)}), SUM({T(F_18.00.a)R(0120,0196,0226)C(0060)}))""";;
"CRED364,Migration Rate: from stage 2 to 1,""DIVIDE({T(F_12.02)R(0070)C(0020)},SUM({T(F_04.03.1)R(0110)C(0030)[T-1Y]},{T(F_04.04.1)R(0070)C(0030)[T-1Y]}))""";;
"IDCARD547,Volume effect,""DIVIDE(({IDCARD545}*({IDCARD548_ANNUAL}-{IDCARD548_ANN_LSTYR})),{PRFI0100_ANN_LSTYR})""";;
"LIQV0162,1Y Forecast for Derivatives Assets,""COALESCE({T(P_01.01)R(200)C(030)},0)""";;
MRFA3000,Financial assets held for trading: Equity instruments - Other financial corporations,{T(F_04.01)R(0040)C(0010)};;
"CRFA2000_1,""Cash, trading, and Financial assets at fair value through other comprehensive income"",""COALESCE(SUM({T(F_01.01)R(0010,0050,0141,0091,0175)C(0010)}),SUM({T(F_01.01_dp)R(0010,0050,0141,0091,0175)C(0010)}),{SPE.DPI(CRFA2000)})""";;
MR_NRMR_EQR_BWL_1,3-year weighted volatility of quarterly P&L and OCI changes (Equity instruments at FVOCI) to Total CET1,For the formula specification please see the latest version of SUBA derived variables and indicators: https://darwin.escb.eu/livelink/livelink/app/nodes/1821262705;;
"OPER120,Total net loss including adjustments and loss recoveries,""SUM({T(C_17.01.a)R(0920)C(0080)}, {T(C_17.01.a)R(0940)C(0080)}, - {T(C_17.01.a)R(0970)C(0080)}, - {T(C_17.01.a)R(0980)C(0080)})""";;
"CRED368,Migration Rate: from stage 1 to 3,""DIVIDE({T(F_12.02)R(0070)C(0050)},SUM({T(F_04.03.1)R(0110)C(0015)[T-1Y]},{T(F_04.04.1)R(0070)C(0015)[T-1Y]}))""";;
MR_PRR_CVA_BWL_WSTD_NUM,Support formula to calculate other KRIs.,For the formula specification please see the latest version of SUBA derived variables and indicators: https://darwin.escb.eu/livelink/livelink/app/nodes/1821262705;;
"IDCARD681,TC ratio (fully loaded) Numerator,""SUM({T(C_01.00)R(0020)C(0010)},-{T(C_05.01)R(0010)C(0010)},-{T(C_01.00)R(0440)C(0010)},{T(C_01.00)R(0530)C(0010)},-{T(C_01.00)R(0740)C(0010)},-{T(C_05.01)R(0010)C(0020)},-{T(C_01.00)R(0720)C(0010)},{T(C_01.00)R(0750)C(0010)},-{T(C_01.00)R(0970)C(0010)},-{T(C_05.01)R(0010)C(0030)})""";;
"PRFI0900,Admin & depreciation,""COALESCE(sum({T(F_02.00)R(0360,0385,0390)C(0010)}),sum({T(F_02.00.dp)R(0360,0390)C(0010)}),{SPE.DPI(PRFI0900)},{SPE.DPI(PRFI1300)}+{SPE.DPI(PRFI2100)})""";;
ORCE1656,Negative loss adjustment amounts for damage to physical assets,{T(C_17.01.a)R(0946)C(0050)};;
CACE1201,Credit risk capital requirements: SA exposure classes excluding securitisation positions: Regional Governments and Local Authorities,{T(C_02.00.a)R(0080)C(0010)}*0.08;;
CRFA0704,Loans and advances past due for more than 90 days but not impaired. Credit institutions,0;;
ORCE1643,Total loss adjustments relating to previous reporting periods,{T(C_17.01.a)R(0940)C(0080)};;
LIQST011,Funding deficit/surplus (as % of total assets) Extreme case 3 Month.,https://darwin.escb.eu/livelink/livelink?func=ll&objId=305648124&objAction=browse&viewType=1;;
"CAP124,CET1 headroom above OCR (phased-in) as % of RWA,""SUM({CAP58}, -{CAP93})""";;
IRRBB_SV_NII_up,Supervisory View NII - Interest Rates increase,For the formula specification please see the latest version of SUBA derived variables and indicators: https://darwin.escb.eu/livelink/livelink/app/nodes/1821262705;;
"CRCM0200,Amount of provisions for IRB,""sum({T(C_04.00)R(0110)C(0010)},{T(C_04.00)R(0150)C(0010)})""";;
"CRED245,Quality of the portfolio. Non-performing loans / Total loans (alternative approach SPE2),""DIVIDE({CRFA0600}, {CRFA0100})""";;
"CRED34,Loss absorption capability. Inflow of Allowances (increase of allowances for individually and collectively assessed loans) / Total Operating Income,""DIVIDE(COALESCE(-SUM({T(F_12.01.a)R(0520)C(0020)}),{SPE.DPI(CRFA2500)}),COALESCE({T(F_02.00)R(0355)C(0010)},{T(F_02.00_dp)R(0355)C(0010)},{SPE.DPI(PRFI0800)}))""";;
"PRFI4301_QUARTERLY_ONEOFF,""Quarterly NII and NFCI, excluding one-offs"",For the formula specification please see the latest version of SUBA derived variables and indicators: https://darwin.escb.eu/livelink/livelink/app/nodes/1821262705";;
"BSFA0200,Total assets,""COALESCE({T(F_01.01)R(0380)C(0010)},{T(F_01.01.dp)R(0380)C(0010)},{SPE.DPI(BSFA0200)})""";;
"CRMAT_A211,Absolute volume of Corporates and Large corporates portfolio,""SUM(COALESCE(SUM({T(F_18.00.a)R(0120,0196,0226)C(0010)}), SUM({T(F_18.00.a_dp)R(0120,0196,0226)C(0010)})),-SUM(COALESCE(SUM({T(F_18.00.a)R(0130,0900,0920)C(0010)}),SUM({T(F_18.00.a_dp)R(0130)C(0010)}))))""";;
"MARK13,Breakdown of financial liabilities held for trading - Derivatives held for trading,""DIVIDE({BSFL0600}, {BSFL0400})""";;
"CAP120,T+2 CET1 Ratio Forecast,""DIVIDE({SPE.DPI(SRPRCP010020)}, {SPE.DPI(SRPRCP110020)})""";;
"OVERALL_IRRBB,IRRBB capital requirements,""ABS(MIN({T(J_01.00)R(0040)C(0010)S(x1)}, {T(J_01.00)R(0050)C(0010)S(x1)}))""";;
"CRNA111D,""Gross carrying amount of loans and advances to non-financial corporations - Electricity, gas, steam and air conditioning supply"",""COALESCE({T(F_06.01)R(0040)C(0010)},{SPE.DPI(CRNA111D)})""";;
"CRMAT_A401,Absolute volume of Central banks and General governments portfolio,""COALESCE(SUM({T(F_18.00.a)R(0020,0030,0080,0182,0183,0192,0222,0090,0193,0212,0213,0223)C(0010)}),SUM({T(F_18.00.a.dp)R(0020,0030,0080,0182,0183,0192,0222,0090,0193,0212,0213,0223)C(0010)}))""";;
"CRFA1800,Trading financial assets,""COALESCE(sum({T(F_01.01)R(0050)C(0010)},{T(F_01.01)R(0091)C(0010)}),sum({T(F_01.01.dp)R(0050)C(0010)},{T(F_01.01.dp)R(0091)C(0010)}),{SPE.DPI(CRFA1800)})""";;
MR_NRMR_BWL_SUM_1,Support formula to calculate other KRIs.,For the formula specification please see the latest version of SUBA derived variables and indicators: https://darwin.escb.eu/livelink/livelink/app/nodes/1821262705;;
"OPER106,Total net loss amount for internal fraud excluding loss adjustments relating to previous reporting periods,""SUM({T(C_17.01.a)R(0920)C(0010)}, - {T(C_17.01.a)R(0970)C(0010)}, - {T(C_17.01.a)R(0980)C(0010)})""";;
STCE0104,Total exposure value: off balance sheet items and derivatives as investor – traditional sec - SA,{T(C_13.01)R(0260)C(0280)};;
"LIQV0048,O/N covered bonds spread (in basis points),""COALESCE({T(C_69.00.a)R(0065)C(0010)S(0010)}, {SPE.DPI(C69R060C010)})""";;
"MR_RMR_COM_FWL_1,Potential impacts coming from Items at FVPL sensitive to COM to Total CET1,""DIVIDE(COALESCE(-{T(C_91.00)R(0070)C(0190)},-{T(C_02.00.a)R(0570)C(0010)}*0.08),{T(C_01.00)R(0020)C(0010)})""";;
"LANP0320,Total loans and advances. Non-Performing. Gross carrying amount (past due > 90 days <= 180 days),""COALESCE(SUM({T(F_18.00.a)R(0005,0070,0191,0221)C(0080)}),{SPE.DPI(LANP0320)})""";;
MR_PRR_VR_BWL_WEIGHTS,Support formula to calculate other KRIs.,For the formula specification please see the latest version of SUBA derived variables and indicators: https://darwin.escb.eu/livelink/livelink/app/nodes/1821262705;;
"PRNA3600,PL before tax from continuing operations,""COALESCE({T(F_02.00)R(0610)C(0010)},{T(F_02.00.dp)R(0610)C(0010)},{SPE.DPI(PRNA3600)})""";;
IRRBB_SV_EVE_dw,Supervisory View EVE - Interest Rates decrease,For the formula specification please see the latest version of SUBA derived variables and indicators: https://darwin.escb.eu/livelink/livelink/app/nodes/1821262705;;
"LIQ242,Share of Exchange-traded derivatives in Asset Encumbrance sources,""DIVIDE({T(F_32.04.b)R(0020)C(0030)}-{T(F_32.04.b)R(0030)C(0030)},{T(F_32.04.b)R(0170)C(0030)})""";;
"CRED116,Evolution of total original exposure by class / Total original exposure by class. Corporate,""DIVIDE(SUM({CRCE0107}, {CRCE0207}) - SUM({CRCE0107[T-1Y]}, {CRCE0207[T-1Y]}), SUM({CRCE0107[T-1Y]}, {CRCE0207[T-1Y]}))""";;
"CRED102,Composition of securitised exposures - Other,""DIVIDE({STCE0616}, SUM({STCE0609}, {STCE0610}, {STCE0611}, {STCE0612}, {STCE0613}, {STCE0614}, {STCE0615}, {STCE0616}))""";;
"LIQV0113,Liabilities providing stable funding in EUR,""SUM(SUM({T(C_81.00.x)R(0010)C(0010-0030)S(EUR)}),-SUM({T(C_81.00.w)R(0020)C(0010-0030)S(EUR)}))""";;
"CLUSTSSMCount,Number of SSM countries in which the institution has significant exposure (above EUR 1Bn) to non-financial corporations and households according to the residence of the counterparty,""MAX(0,SUM(LOGICAL(SUM_DOMAIN({T(F_20.04)R(0070,0130,0190,0220)C(0010)S(AT,BE,CY,EE,ES,FI,FR,DE,GR,IE,IT,LV,LT,LU,MT,NL,PT,SI,SK)},'ROW')>1000000000)))""";;
"MR_PnL_BBFX,P&L from FX differences on BB items,""SUM({T(F_02.00)R(0310)C(0010)},-{T(F_02.00)R(0310)C(0010)[T-1Q]})""";;
"MR_RMR_MDL_2,Maximum of Stressed VaR and VaR,""MAX({T(C_24.00)R(0010)C(0150)}, {T(C_24.00)R(0010)C(0160)})""";;
"CRED127,Breakdown of total loans by NACE economic sector - Central governments,""DIVIDE(SUM({T(F_18.00.a)R(0080)C(0010)},{T(F_18.00.a)R(0192)C(0010)},{T(F_18.00.a)R(0222)C(0010)}),SUM({T(F_18.00.a)R(0070)C(0010)},{T(F_18.00.a)R(0191)C(0010)},{T(F_18.00.a)R(0221)C(0010)}))""";;
"PROF8,Trading financial assets to total financial assets,""DIVIDE({CRFA1800}, SUM({CRFA1800}, {BSFA3200}))""";;
"MR_PRR_FADJ_DENSITY_OTHER,Total FVadj on Other securities on total Other securities exposure,""DIVIDE(SUM({SPE.DPI(MRT4_r0090_c0070)}, {SPE.DPI(MRT4_r0090_c0090)}, {SPE.DPI(MRT4_r0090_c0110)}, {SPE.DPI(MRT4_r0090_c0130)}, {SPE.DPI(MRT4_r0090_c0150)}, {SPE.DPI(MRT4_r0090_c0170)}, {SPE.DPI(MRT4_r0090_c0190)}, {SPE.DPI(MRT4_r0120_c0070)}, {SPE.DPI(MRT4_r0120_c0090)}, {SPE.DPI(MRT4_r0120_c0110)},{SPE.DPI(MRT4_r0120_c0130)}, {SPE.DPI(MRT4_r0120_c0150)}, {SPE.DPI(MRT4_r0120_c0170)}, {SPE.DPI(MRT4_r0120_c0190)}),  SUM({SPE.DPI(MRT4_r0090_c0010)}, {SPE.DPI(MRT4_r0120_c0010)}))""";;
"CRED331,Foreclosure ratio over total assets,""DIVIDE({CRFA2900}, {BSFA0200})""";;
"LEV201,Notional amount of OBS items with CCFs < 100% to total leverage ratio exposure (TLRE),""DIVIDE(SUM(({T(C_47.00)R(0150)C(0010)} / 0.1),({T(C_47.00)R(0160)C(0010)} / 0.2), ({T(C_47.00)R(0165)C(0010)} / 0.4),({T(C_47.00)R(0170)C(0010)} / 0.5)),{LEV001})""";;
"LIQ211,4 Quarter Standard Deviation of relative changes of HQLA,""STD(COALESCE({T(C_76.00.a)R(0010)C(0010)},{SPE.DPI(C76R010C010)})-COALESCE({T(C_76.00.a)R(0010)C(0010)[T-1Q]},{SPE.DPI(C76R010C010)[T-1Q]}),COALESCE({T(C_76.00.a)R(0010)C(0010)[T-1Q]},{SPE.DPI(C76R010C010)[T-1Q]})-COALESCE({T(C_76.00.a)R(0010)C(0010)[T-2Q]},{SPE.DPI(C76R010C010)[T-2Q]}),COALESCE({T(C_76.00.a)R(0010)C(0010)[T-2Q]},{SPE.DPI(C76R010C010)[T-2Q]})-COALESCE({T(C_76.00.a)R(0010)C(0010)[T-3Q]},{SPE.DPI(C76R010C010)[T-3Q]}),COALESCE({T(C_76.00.a)R(0010)C(0010)[T-3Q]},{SPE.DPI(C76R010C010)[T-3Q]})-COALESCE({T(C_76.00.a)R(0010)C(0010)[T-4Q]},{SPE.DPI(C76R010C010)[T-4Q]}))""";;
"MR_RMR_FRTB_37,Difference of long and short JTD in relation to DRC OFR for securitisations included in the ACTP,""DIVIDE(SUM({T(C_91.00)R(0110)C(0160,0170)}),{T(C_91.00)R(0110)C(0190)})""";;
"IDCARD50,Other assets,""COALESCE(SUM(SUM({T(F_01.01)R(0380)C(0010)}),-SUM({T(F_01.01)R(0010,0050,0091,0096,0100,0141,0171,0175,0181,0231,0234,0240,0260,0300)C(0010)})),SUM(SUM({T(F_01.01_dp)R(0380)C(0010)}),-SUM({T(F_01.01_dp)R(0010,0050,0091,0096,0100,0141,0171,0175,0181,0231,0234,0240,0260,0300)C(0010)})))""";;
"BSFA2200,Available-for-sale financial assets: Debt securities: Counterparty sectors other than credit institutions,""SUM({T(F_04.03.1)R(0050)C(0030)},-{T(F_04.03.1)R(0080)C(0030)})""";;
"CRED318,""NPL ratio adjusted by foreclosure&performing forbearance, excl credit institutions"",""DIVIDE(SUM(SUM({T(F_18.00.a)R(0070,0191,0221)C(0060)}),-SUM({T(F_18.00.a)R(0100,0194,0224)C(0060)}),{T(F_13.03.1.a)R(0020)C(0020)},SUM({T(F_19.00.a)R(0070,0191,0221)C(0020)})),SUM(SUM({T(F_18.00.a)R(0070,0191,0221)C(0010)}),-SUM({T(F_18.00.a)R(0100,0194,0224)C(0010)}),{T(F_13.03.1.a)R(0020)C(0020)},SUM({T(F_19.00.a)R(0070,0191,0221)C(0010)})))""";;
"LIQ234,Share in Buffer Concentration per Issuer Sector: General governments (eba_CT:x1),""DIVIDE(SUM(LOGICAL({T(C_71.00.a)R(0020-0110)C(0030)S(0010)} EQ 'EBA:qSR(qx2001)') * {T(C_71.00.a)R(0020-0110)C(0080)S(0010)}), {LIQV0012})""";;
CAP116,T2 requirement,{CAP92}-{CAP91};;
"LIQ300,1Y Forecasted Growth for Public Funding,""IFN({LIQV0194}=0 AND {LIQV0191}=0,0,IFN({LIQV0191}=0,1,DIVIDE({LIQV0194}-{LIQV0191},{LIQV0191})))""";;
FWL9,4 Barrier COR,For the formula specification please see the latest version of SUBA derived variables and indicators: https://darwin.escb.eu/livelink/livelink/app/nodes/1821262705;;
"LIQ269,1Y Forecasted Growth of Reverse Repurchase Agreements,""IFN({LIQV0160}=0 AND {LIQV0134}=0,0,IFN({LIQV0134}=0,1,DIVIDE({LIQV0160}-{LIQV0134},{LIQV0134})))""";;
"CRED447,Credit institutions and other financial institutions: YoY growth of absolute volume Debt securities to CI&OFI,""DIVIDE(SUM({T(F_18.00.a)R(0040,0050,0184,0185,0214,0215)C(0010)}),SUM({T(F_18.00.a)R(0040,0050,0184,0185,0214,0215)C(0010)[T-1Y]})) -1""";;
"MRFL3700,Financial liabilities held for trading: Short positions-Debt securities,""COALESCE({T(F_08.01.a)R(0040)C(0010)},{SPE.DPI(MRFL3700)})""";;
"OPER19,Ratio loss amount for corporate finance to total loss amount,""DIVIDE({ORCE1601}, {OPER53})""";;
"CRED69,Forborne loans by type of counterparty / Total loans - Non-financial corporations,""DIVIDE({CRNAF006}, {CRFA0100})""";;
"IDCARD548_ANN_LSTYR,Interest bearing assets last year,""MEAN({IDCARD548[T-4Q]},{IDCARD548[T-5Q]},{IDCARD548[T-6Q]},{IDCARD548[T-7Q]})""";;
PROF135_FWL,Total profit or loss after tax / Total assets at t (aggregated by reported period for the sample of entities in BMA_FWL_ENTITIES),For the formula specification please see the latest version of SUBA derived variables and indicators: https://darwin.escb.eu/livelink/livelink/app/nodes/1821262705;;
MR_BWL_1,3-year weighted volatility of quarterly P&L and OCI changes (Overall) to Total CET1,For the formula specification please see the latest version of SUBA derived variables and indicators: https://darwin.escb.eu/livelink/livelink/app/nodes/1821262705;;
"IRRBB210,Early redemption rate (parallel up) - Early redemption rate (baseline behavioural scenario),""COALESCE((SUM(({T(J_08.00.b)R(0340)C(0050)S(*)}-{T(J_08.00.b)R(0340)C(0040)S(*)})*DIVIDE({T(J_08.00.a)R(0300)C(0010)S(*)},SUM({T(J_08.00.a)R(0300)C(0010)S(*)})))),(SUM(({T(J_09.00.b)R(0340)C(0050)S(*)}-{T(J_09.00.b)R(0340)C(0040)S(*)})*DIVIDE({T(J_09.00.a)R(0300)C(0010)S(*)},SUM({T(J_09.00.a)R(0300)C(0010)S(*)})))))""";;
MAIN_REQ_FINAL_TEM,The TEM requirment is legally binding. Deadline to meet the final target was 01/01/2024. In exceptional cases banks received a deadline extension according to Article 12 k (1) SRMR.,For the formula specification please see the latest version of SUBA derived variables and indicators: https://darwin.escb.eu/livelink/livelink/app/nodes/1821262705;;
"LIQV0004,Funding from TOP 10 counterparties,""COALESCE(SUM({T(C_67.00.a)R(0020-0110)C(0060)S(0010)}), SUM({SPE.DPI(C67R020C060)}, {SPE.DPI(C67R030C060)}, {SPE.DPI(C67R040C060)}, {SPE.DPI(C67R050C060)}, {SPE.DPI(C67R060C060)}, {SPE.DPI(C67R070C060)}, {SPE.DPI(C67R080C060)}, {SPE.DPI(C67R090C060)}, {SPE.DPI(C67R100C060)}, {SPE.DPI(C67R110C060)}))""";;
"CAP132,CET1 headroom above OCR (fully-loaded) as % of RWA,""SUM({IDCARD66},-{CAP93})""";;
"CRNAF003,Loans and advances. Forborne exposures. General governments,""SUM({T(F_19.00.a)R(0090,0193,0223)C(0010)})""";;
CAP113,P2R (CET1),{CAP90}-{CAP111};;
"LIQ214,LCP without inflows (months),""IFN(SUM({T(C_66.01.a)R(1080)C(0020)S(0010)},{T(C_66.01.a)R(0700)C(0020)S(0010)},-SUM({T(C_66.01.a)R(0600,0610,0650,0690)C(0020)S(0010)}),-(1/360)*SUM(SUM({T(C_66.01.a)R(0010,1090)C(0020)S(0010)}),0.95*{T(C_66.01.a)R(0260)C(0020)S(0010)},0.85*{T(C_66.01.a)R(0370)C(0020)S(0010)}),-SUM(SUM({T(C_66.01.a)R(0060,0350,0360)C(0020)S(0010)}),0.05*{T(C_66.01.a)R(0260)C(0020)S(0010)},0.15*{T(C_66.01.a)R(0370)C(0020)S(0010)}))<0,1/30,IFN(SUM({T(C_66.01.a)R(1080)C(0030)S(0010)},SUM({T(C_66.01.a)R(0700)C(0020,0030)S(0010)}),-SUM({T(C_66.01.a)R(0600,0610,0650,0690)C(0020,0030)S(0010)}),-(2/360)*SUM(SUM({T(C_66.01.a)R(0010,1090)C(0020)S(0010)}),0.95*{T(C_66.01.a)R(0260)C(0020)S(0010)},0.85*{T(C_66.01.a)R(0370)C(0020)S(0010)}),-SUM(SUM({T(C_66.01.a)R(0060,0350,0360)C(0020)S(0010)}),0.05*{T(C_66.01.a)R(0260)C(0020)S(0010)},0.15*{T(C_66.01.a)R(0370)C(0020)S(0010)}),-SUM({T(C_66.01.a)R(0380,1090)C(0030)S(0010)}))<0,2/30,IFN(SUM({T(C_66.01.a)R(1080)C(0040)S(0010)},SUM({T(C_66.01.a)R(0700)C(0020,0030-0040)S(0010)}),-SUM({T(C_66.01.a)R(0600,0610,0650,0690)C(0020,0030-0040)S(0010)}),-(3/360)*SUM(SUM({T(C_66.01.a)R(0010,1090)C(0020)S(0010)}),0.95*{T(C_66.01.a)R(0260)C(0020)S(0010)},0.85*{T(C_66.01.a)R(0370)C(0020)S(0010)}),-SUM(SUM({T(C_66.01.a)R(0060,0350,0360)C(0020)S(0010)}),0.05*{T(C_66.01.a)R(0260)C(0020)S(0010)},0.15*{T(C_66.01.a)R(0370)C(0020)S(0010)}),-SUM({T(C_66.01.a)R(0380,1090)C(0030-0040)S(0010)}))<0,3/30,IFN(SUM({T(C_66.01.a)R(1080)C(0050)S(0010)},SUM({T(C_66.01.a)R(0700)C(0020,0030-0050)S(0010)}),-SUM({T(C_66.01.a)R(0600,0610,0650,0690)C(0020,0030-0050)S(0010)}),-(4/360)*SUM(SUM({T(C_66.01.a)R(0010,1090)C(0020)S(0010)}),0.95*{T(C_66.01.a)R(0260)C(0020)S(0010)},0.85*{T(C_66.01.a)R(0370)C(0020)S(0010)}),-SUM(SUM({T(C_66.01.a)R(0060,0350,0360)C(0020)S(0010)}),0.05*{T(C_66.01.a)R(0260)C(0020)S(0010)},0.15*{T(C_66.01.a)R(0370)C(0020)S(0010)}),-SUM({T(C_66.01.a)R(0380,1090)C(0030-0050)S(0010)}))<0,4/30,IFN(SUM({T(C_66.01.a)R(1080)C(0060)S(0010)},SUM({T(C_66.01.a)R(0700)C(0020,0030-0060)S(0010)}),-SUM({T(C_66.01.a)R(0600,0610,0650,0690)C(0020,0030-0060)S(0010)}),-(5/360)*SUM(SUM({T(C_66.01.a)R(0010,1090)C(0020)S(0010)}),0.95*{T(C_66.01.a)R(0260)C(0020)S(0010)},0.85*{T(C_66.01.a)R(0370)C(0020)S(0010)}),-SUM(SUM({T(C_66.01.a)R(0060,0350,0360)C(0020)S(0010)}),0.05*{T(C_66.01.a)R(0260)C(0020)S(0010)},0.15*{T(C_66.01.a)R(0370)C(0020)S(0010)}),-SUM({T(C_66.01.a)R(0380,1090)C(0030-0060)S(0010)}))<0,5/30,IFN(SUM({T(C_66.01.a)R(1080)C(0070)S(0010)},SUM({T(C_66.01.a)R(0700)C(0020,0030-0070)S(0010)}),-SUM({T(C_66.01.a)R(0600,0610,0650,0690)C(0020,0030-0070)S(0010)}),-(6/360)*SUM(SUM({T(C_66.01.a)R(0010,1090)C(0020)S(0010)}),0.95*{T(C_66.01.a)R(0260)C(0020)S(0010)},0.85*{T(C_66.01.a)R(0370)C(0020)S(0010)}),-SUM(SUM({T(C_66.01.a)R(0060,0350,0360)C(0020)S(0010)}),0.05*{T(C_66.01.a)R(0260)C(0020)S(0010)},0.15*{T(C_66.01.a)R(0370)C(0020)S(0010)}),-SUM({T(C_66.01.a)R(0380,1090)C(0030-0070)S(0010)}))<0,6/30,IFN(SUM({T(C_66.01.a)R(1080)C(0080)S(0010)},SUM({T(C_66.01.a)R(0700)C(0020,0030-0080)S(0010)}),-SUM({T(C_66.01.a)R(0600,0610,0650,0690)C(0020,0030-0080)S(0010)}),-(7/360)*SUM(SUM({T(C_66.01.a)R(0010,1090)C(0020)S(0010)}),0.95*{T(C_66.01.a)R(0260)C(0020)S(0010)},0.85*{T(C_66.01.a)R(0370)C(0020)S(0010)}),-SUM(SUM({T(C_66.01.a)R(0060,0350,0360)C(0020)S(0010)}),0.05*{T(C_66.01.a)R(0260)C(0020)S(0010)},0.15*{T(C_66.01.a)R(0370)C(0020)S(0010)}),-SUM({T(C_66.01.a)R(0380,1090)C(0030-0080)S(0010)}))<0,7/30,IFN(SUM({T(C_66.01.a)R(1080)C(0090)S(0010)},SUM({T(C_66.01.a)R(0700)C(0020,0030-0090)S(0010)}),-SUM({T(C_66.01.a)R(0600,0610,0650,0690)C(0020,0030-0090)S(0010)}),-(14/360)*SUM(SUM({T(C_66.01.a)R(0010,1090)C(0020)S(0010)}),0.95*{T(C_66.01.a)R(0260)C(0020)S(0010)},0.85*{T(C_66.01.a)R(0370)C(0020)S(0010)}),-SUM(SUM({T(C_66.01.a)R(0060,0350,0360)C(0020)S(0010)}),0.05*{T(C_66.01.a)R(0260)C(0020)S(0010)},0.15*{T(C_66.01.a)R(0370)C(0020)S(0010)}),-SUM({T(C_66.01.a)R(0380,1090)C(0030-0090)S(0010)}))<0,14/30,IFN(SUM({T(C_66.01.a)R(1080)C(0100)S(0010)},SUM({T(C_66.01.a)R(0700)C(0020,0030-0100)S(0010)}),-SUM({T(C_66.01.a)R(0600,0610,0650,0690)C(0020,0030-0100)S(0010)}),-(21/360)*SUM(SUM({T(C_66.01.a)R(0010,1090)C(0020)S(0010)}),0.95*{T(C_66.01.a)R(0260)C(0020)S(0010)},0.85*{T(C_66.01.a)R(0370)C(0020)S(0010)}),-SUM(SUM({T(C_66.01.a)R(0060,0350,0360)C(0020)S(0010)}),0.05*{T(C_66.01.a)R(0260)C(0020)S(0010)},0.15*{T(C_66.01.a)R(0370)C(0020)S(0010)}),-SUM({T(C_66.01.a)R(0380,1090)C(0030-0100)S(0010)}))<0,21/30,IFN(SUM({T(C_66.01.a)R(1080)C(0110)S(0010)},SUM({T(C_66.01.a)R(0700)C(0020,0030-0110)S(0010)}),-SUM({T(C_66.01.a)R(0600,0610,0650,0690)C(0020,0030-0110)S(0010)}),-(30/360)*SUM(SUM({T(C_66.01.a)R(0010,1090)C(0020)S(0010)}),0.95*{T(C_66.01.a)R(0260)C(0020)S(0010)},0.85*{T(C_66.01.a)R(0370)C(0020)S(0010)}),-SUM(SUM({T(C_66.01.a)R(0060,0350,0360)C(0020)S(0010)}),0.05*{T(C_66.01.a)R(0260)C(0020)S(0010)},0.15*{T(C_66.01.a)R(0370)C(0020)S(0010)}),-SUM({T(C_66.01.a)R(0380,1090)C(0030-0110)S(0010)}))<0,30/30,IFN(SUM({T(C_66.01.a)R(1080)C(0120)S(0010)},SUM({T(C_66.01.a)R(0700)C(0020,0030-0120)S(0010)}),-SUM({T(C_66.01.a)R(0600,0610,0650,0690)C(0020,0030-0120)S(0010)}),-(35/360)*SUM(SUM({T(C_66.01.a)R(0010,1090)C(0020)S(0010)}),0.95*{T(C_66.01.a)R(0260)C(0020)S(0010)},0.85*{T(C_66.01.a)R(0370)C(0020)S(0010)}),-SUM(SUM({T(C_66.01.a)R(0060,0350,0360)C(0020)S(0010)}),0.05*{T(C_66.01.a)R(0260)C(0020)S(0010)},0.15*{T(C_66.01.a)R(0370)C(0020)S(0010)}),-SUM({T(C_66.01.a)R(0380,1090)C(0030-0120)S(0010)}))<0,35/30,IFN(SUM({T(C_66.01.a)R(1080)C(0130)S(0010)},SUM({T(C_66.01.a)R(0700)C(0020,0030-0130)S(0010)}),-SUM({T(C_66.01.a)R(0600,0610,0650,0690)C(0020,0030-0130)S(0010)}),-(60/360)*SUM(SUM({T(C_66.01.a)R(0010,1090)C(0020)S(0010)}),0.95*{T(C_66.01.a)R(0260)C(0020)S(0010)},0.85*{T(C_66.01.a)R(0370)C(0020)S(0010)}),-SUM(SUM({T(C_66.01.a)R(0060,0350,0360)C(0020)S(0010)}),0.05*{T(C_66.01.a)R(0260)C(0020)S(0010)},0.15*{T(C_66.01.a)R(0370)C(0020)S(0010)}),-SUM({T(C_66.01.a)R(0380,1090)C(0030-0130)S(0010)}))<0,60/30,IFN(SUM({T(C_66.01.a)R(1080)C(0140)S(0010)},SUM({T(C_66.01.a)R(0700)C(0020,0030-0140)S(0010)}),-SUM({T(C_66.01.a)R(0600,0610,0650,0690)C(0020,0030-0140)S(0010)}),-(90/360)*SUM(SUM({T(C_66.01.a)R(0010,1090)C(0020)S(0010)}),0.95*{T(C_66.01.a)R(0260)C(0020)S(0010)},0.85*{T(C_66.01.a)R(0370)C(0020)S(0010)}),-SUM(SUM({T(C_66.01.a)R(0060,0350,0360)C(0020)S(0010)}),0.05*{T(C_66.01.a)R(0260)C(0020)S(0010)},0.15*{T(C_66.01.a)R(0370)C(0020)S(0010)}),-SUM({T(C_66.01.a)R(0380,1090)C(0030-0140)S(0010)}))<0,90/30,IFN(SUM({T(C_66.01.a)R(1080)C(0150)S(0010)},SUM({T(C_66.01.a)R(0700)C(0020,0030-0150)S(0010)}),-SUM({T(C_66.01.a)R(0600,0610,0650,0690)C(0020,0030-0150)S(0010)}),-(120/360)*SUM(SUM({T(C_66.01.a)R(0010,1090)C(0020)S(0010)}),0.95*{T(C_66.01.a)R(0260)C(0020)S(0010)},0.85*{T(C_66.01.a)R(0370)C(0020)S(0010)}),-SUM(SUM({T(C_66.01.a)R(0060,0350,0360)C(0020)S(0010)}),0.05*{T(C_66.01.a)R(0260)C(0020)S(0010)},0.15*{T(C_66.01.a)R(0370)C(0020)S(0010)}),-SUM({T(C_66.01.a)R(0380,1090)C(0030-0150)S(0010)}))<0,120/30,IFN(SUM({T(C_66.01.a)R(1080)C(0160)S(0010)},SUM({T(C_66.01.a)R(0700)C(0020,0030-0160)S(0010)}),-SUM({T(C_66.01.a)R(0600,0610,0650,0690)C(0020,0030-0160)S(0010)}),-(150/360)*SUM(SUM({T(C_66.01.a)R(0010,1090)C(0020)S(0010)}),0.95*{T(C_66.01.a)R(0260)C(0020)S(0010)},0.85*{T(C_66.01.a)R(0370)C(0020)S(0010)}),-SUM(SUM({T(C_66.01.a)R(0060,0350,0360)C(0020)S(0010)}),0.05*{T(C_66.01.a)R(0260)C(0020)S(0010)},0.15*{T(C_66.01.a)R(0370)C(0020)S(0010)}),-SUM({T(C_66.01.a)R(0380,1090)C(0030-0160)S(0010)}))<0,150/30,IFN(SUM({T(C_66.01.a)R(1080)C(0170)S(0010)},SUM({T(C_66.01.a)R(0700)C(0020,0030-0170)S(0010)}),-SUM({T(C_66.01.a)R(0600,0610,0650,0690)C(0020,0030-0170)S(0010)}),-(180/360)*SUM(SUM({T(C_66.01.a)R(0010,1090)C(0020)S(0010)}),0.95*{T(C_66.01.a)R(0260)C(0020)S(0010)},0.85*{T(C_66.01.a)R(0370)C(0020)S(0010)}),-SUM(SUM({T(C_66.01.a)R(0060,0350,0360)C(0020)S(0010)}),0.05*{T(C_66.01.a)R(0260)C(0020)S(0010)},0.15*{T(C_66.01.a)R(0370)C(0020)S(0010)}),-SUM({T(C_66.01.a)R(0380,1090)C(0030-0170)S(0010)}))<0,180/30,IFN(SUM({T(C_66.01.a)R(1080)C(0180)S(0010)},SUM({T(C_66.01.a)R(0700)C(0020,0030-0180)S(0010)}),-SUM({T(C_66.01.a)R(0600,0610,0650,0690)C(0020,0030-0180)S(0010)}),-(270/360)*SUM(SUM({T(C_66.01.a)R(0010,1090)C(0020)S(0010)}),0.95*{T(C_66.01.a)R(0260)C(0020)S(0010)},0.85*{T(C_66.01.a)R(0370)C(0020)S(0010)}),-SUM(SUM({T(C_66.01.a)R(0060,0350,0360)C(0020)S(0010)}),0.05*{T(C_66.01.a)R(0260)C(0020)S(0010)},0.15*{T(C_66.01.a)R(0370)C(0020)S(0010)}),-SUM({T(C_66.01.a)R(0380,1090)C(0030-0180)S(0010)}))<0,270/30,IFN(SUM({T(C_66.01.a)R(1080)C(0190)S(0010)},SUM({T(C_66.01.a)R(0700)C(0020,0030-0190)S(0010)}),-SUM({T(C_66.01.a)R(0600,0610,0650,0690)C(0020,0030-0190)S(0010)}),-(360/360)*SUM(SUM({T(C_66.01.a)R(0010,1090)C(0020)S(0010)}),0.95*{T(C_66.01.a)R(0260)C(0020)S(0010)},0.85*{T(C_66.01.a)R(0370)C(0020)S(0010)}),-SUM(SUM({T(C_66.01.a)R(0060,0350,0360)C(0020)S(0010)}),0.05*{T(C_66.01.a)R(0260)C(0020)S(0010)},0.15*{T(C_66.01.a)R(0370)C(0020)S(0010)}),-SUM({T(C_66.01.a)R(0380,1090)C(0030-0190)S(0010)}))<0,360/30, IFN(SUM({T(C_66.01.a)R(1080)C(0190)S(0010)},SUM({T(C_66.01.a)R(0700)C(0020,0030-0190)S(0010)}),-SUM({T(C_66.01.a)R(0600,0610,0650,0690)C(0020,0030-0190)S(0010)}),-(360/360)*SUM(SUM({T(C_66.01.a)R(0010,1090)C(0020)S(0010)}),0.95*{T(C_66.01.a)R(0260)C(0020)S(0010)},0.85*{T(C_66.01.a)R(0370)C(0020)S(0010)}),-SUM(SUM({T(C_66.01.a)R(0060,0350,0360)C(0020)S(0010)}),0.05*{T(C_66.01.a)R(0260)C(0020)S(0010)},0.15*{T(C_66.01.a)R(0370)C(0020)S(0010)}),-SUM({T(C_66.01.a)R(0380,1090)C(0030-0190)S(0010)}))<0,13,1/0)))))))))))))))))))""";;
CRCE0505,Exposure value exposure class-by-exposure class (SA): International Organisations,{T(C_07.00.a)R(0010)C(0200)S(qx20)};;
CAP110,P2G,{CAP98}-{CAP95};;
MR_PRR_BWL_WSTD_NUM,Support formula to calculate other KRIs.,For the formula specification please see the latest version of SUBA derived variables and indicators: https://darwin.escb.eu/livelink/livelink/app/nodes/1821262705;;
STCE0106,Total exposure value: off balance sheet items and derivatives as sponsor – traditional sec - SA,{T(C_13.01)R(0380)C(0280)};;
"PRFI5300,Loans subject to impairment granted to all the counterparty types,""COALESCE(SUM(SUM({T(F_12.00)R(0400)C(0020,0030,0060,0080,0090,0100)}),SUM({T(F_12.00)R(0490)C(0020,0030,0060)}),SUM({T(F_12.00)R(0520)C(0020,0030,0060)})),SUM(SUM({T(F_12.01.a)R(0080,0250,0430)C(0020,0040,0050,0070,0090,0110,0120)}),SUM({T(F_12.01.a)R(0670)C(0040,0050,0070,0090,0110,0120)})))""";;
"LIQ109,Other financial liabilities ratio,""DIVIDE({LIQ79}, {BSFL0500} - MIN({BSFA0300}, {BSFL0600}))""";;
"CRMAT_N121,Share Non-Performing Loans and Advances to Households Credit for consumption over Total Loans and Advances to Households Credit for consumption,""DIVIDE(COALESCE(SUM({T(F_18.00.a)R(0170,0913,0933)C(0060)}), SUM({T(F_18.00.a_dp)R(0170)C(0060)})), {CRMAT_A121})""";;
IRNM0500,Change of the economic value of the banking book under a parallel interest rate shift rise of 200 bp - following EBA/GL/2015/08,For the formula specification please see the latest version of SUBA derived variables and indicators: https://darwin.escb.eu/livelink/livelink/app/nodes/1821262705;;
"ORCE1658,""Negative loss adjustment amounts for execution, delivery and process management"",{T(C_17.01.a)R(0946)C(0070)}";;
IDCARD530,Profit and loss before tax,For the formula specification please see the latest version of SUBA derived variables and indicators: https://darwin.escb.eu/livelink/livelink/app/nodes/1878940265;;
"OPER119,Total net loss amount for external fraud including loss adjustments relating to previous reporting periods,""SUM({OPER107},{T(C_17.01.a)R(0940)C(0020)})""";;
"MARK125,Share of total general government exposures divided by total assets,""DIVIDE({T(C_33.00.a)R(0010)C(0020)S(x1)},COALESCE({T(F_01.01)R(0380)C(0010)},{T(F_01.01_dp)R(0380)C(0010)}))""";;
CAP114,P2R (OCR),For the formula specification please see the latest version of SUBA derived variables and indicators: https://darwin.escb.eu/livelink/livelink/app/nodes/1878940265;;
"ORCE1608,Total loss amount for asset management,""MAX(SUM({T(C_17.01.a)R(0720)C(0080)},{T(C_17.01.a)R(0740)C(0080)}),{T(C_17.01.a)R(0720)C(0080)})""";;
"LIQV0083,O/N wholesale funding,""SUM({T(C_66.01.a)R(0010)C(0020)S(0010)},{T(C_66.01.a)R(0065)C(0020)S(0010)},{T(C_66.01.a)R(0290)C(0020)S(0010)},{T(C_66.01.a)R(0300)C(0020)S(0010)},{T(C_66.01.a)R(0310)C(0020)S(0010)},{T(C_66.01.a)R(0350)C(0020)S(0010)},{T(C_66.01.a)R(0360)C(0020)S(0010)})""";;
PRFI4600_QUARTERLY,Quarterly total trading (and investment) income,For the formula specification please see the latest version of SUBA derived variables and indicators: https://darwin.escb.eu/livelink/livelink/app/nodes/1878940265;;
"PRFI0300,Net fee & commission income,""COALESCE(sum({T(F_02.00)R(0200)C(0010)},-{T(F_02.00)R(0210)C(0010)}),sum({T(F_02.00_dp)R(0200)C(0010)},-{T(F_02.00_dp)R(0210)C(0010)}),{SPE.DPI(PRFI0300)})""";;
"CRNAF002,Loans and advances. Forborne exposures. Central banks,""SUM({T(F_19.00.a)R(0080,0192,0222)C(0010)})""";;
"IDCARD18,Other liabilities,""COALESCE(SUM({T(F_01.02)R(0030,0060,0063,0066,0100,0140,0144,0160,0240,0270,0280,0290)C(0010)}),SUM({T(F_01.02.dp)R(0030,0060,0063,0066,0100,0140,0144,0160,0240,0270,0280,0290)C(0010)}))""";;
"IRRBB215,Net Interest Income under baseline scenario by Tier 1 Capital,""DIVIDE(SUM({SPE.DPI(IRRBBT2_r0010_c0080)}, - {SPE.DPI(IRRBBT2_r0160_c0080)}),{CACO0200})""";;
"PRFI4600,Net Trading (and Investment) Income,""SUM(SUM({T(F_02.00)R(0020,0170,0280,0285,0287,0290,0300,0310)C(0010)}),-{T(F_02.00)R(0100)C(0010)})""";;
MRCE0401,Total capital requirements for banks using internal models - Multiplication factor x average of previous 60 working days VaR,{T(C_24.00)R(0010)C(0030)};;
"PROF80,NFC loans coming from Wholesale and retail trade (NACE code)/ Total NFC loans,""DIVIDE({T(F_06.01)R(0070)C(0010)},{T(F_06.01)R(0190)C(0010)})""";;
CACE1406,Credit risk capital requirements under IRB approaches when neither own estimates of LGD nor conversion factors are used: IRB exposure classes excluding securitisation positions: Institutions,{T(C_02.00.a)R(0270)C(0010)}*0.08;;
"PROF149,Projected Core Revenue to Assets Ratio at t as reported in year t-1,""DIVIDE(SUM({PRFI4000_T1[T-1Y]},{PRFI4100_T1[T-1Y]},{PRFI0300_T1[T-1Y]},{PRFI2900_T1[T-1Y]},MEAN({PRFI4600[T-1Y]},{PRFI4600[T-2Y]},{PRFI4600[T-3Y]})),MEAN({BSFA0200_FP_T1[T-1Y]},{BSFA0200_FP_T1[T-2Y]}))""";;
MRCE2300,Memorandum items: VaR Multiplication Factor (mc),{T(C_24.00)R(0010)C(0150)};;
"CRMAT_G621,YoY growth of absolute volume Held for sale portfolio,""DIVIDE(({CRMAT_A621}-{CRMAT_A621[T-1Y]}),{CRMAT_A621[T-1Y]})""";;
"CRED4_1,Loans by type of collateral on Total Loans - Other collateralised loans,""DIVIDE(SUM({T(F_13.01)R(0010)C(0030,0031,0032,0041)}),SUM({T(F_18.00.a)R(0070,0191,0221)C(0010)}))""";;
"MR_PRR_FADJ_DENSITY_L3_EQ,Total FVadj on L3 Equities on total L3 Equities exposure,""DIVIDE(SUM({SPE.DPI(MRT4_r0070_c0080)}, {SPE.DPI(MRT4_r0070_c0100)}, {SPE.DPI(MRT4_r0070_c0120)}, {SPE.DPI(MRT4_r0070_c0140)}, {SPE.DPI(MRT4_r0070_c0160)}, {SPE.DPI(MRT4_r0070_c0180)}, {SPE.DPI(MRT4_r0070_c0200)}, {SPE.DPI(MRT4_r0100_c0080)}, {SPE.DPI(MRT4_r0100_c0100)}, {SPE.DPI(MRT4_r0100_c0120)}, {SPE.DPI(MRT4_r0100_c0140)}, {SPE.DPI(MRT4_r0100_c0160)}, {SPE.DPI(MRT4_r0100_c0180)}, {SPE.DPI(MRT4_r0100_c0200)}), SUM({SPE.DPI(MRT4_r0070_c0020)}, {SPE.DPI(MRT4_r0100_c0020)}))""";;
"MR_NRMR_FWL,Potential impacts coming from non regulatory market risks to Total RWA,""COALESCE(IFN(IFN(__attribute('ECBM_ENT', 'ACCOUNTFRAME')='IFRS',1,IFN(__attribute('ECBM_ENT', 'ACCOUNTFRAME')='nGAAP' AND __attribute('ECBM_ENT', 'ACCOUNTFRAMESOLO')='IFRS',0,IFN(__attribute('ECBM_ENT', 'ACCOUNTFRAMESOLO')='IFRS',1,0)))=1  OR __attribute('ECBM_ENT','SENDER') = 'ES2', {MR_NRMR_EQR_FWL}, -DIVIDE(SUM({T(F_01.01)R(0172,0235)C(0010)})*0.4,{T(C_02.00.a)R(0010)C(0010)})), IFN(__attribute('ECBM_ENT', 'ACCOUNTFRAME', 'IFRS')=1 OR __attribute('ECBM_ENT','SENDER') = 'ES2', {MR_NRMR_EQR_FWL}, -DIVIDE(SUM({T(F_01.01.dp)R(0172,0235)C(0010)})*0.4,{T(C_02.00.a)R(0010)C(0010)})))""";;
"CLIM39,Share of NFC exposure to carbon-intensive sectors (EU),""DIVIDE({SPE.DPI(CLIMNIIU001010)}, {SPE.DPI(CLIMNIIU056010)})""";;
"IRRBB143,Weighted average repricing maturity of NMDs [Retail Non-Transactional],""SUM(COALESCE({T(J_08.00.b)R(0040)C(0040)S(*)}, {T(J_09.00.b)R(0040)C(0040)S(*)}) * DIVIDE(COALESCE({T(J_08.00.a)R(0040)C(0010)S(*)}, {T(J_09.00.a)R(0040)C(0010)S(*)}), SUM(COALESCE({T(J_08.00.a)R(0040)C(0010)S(*)}, {T(J_09.00.a)R(0040)C(0010)S(*)}))))""";;
"MR_OCI_BBFVPL,OCI changes from financial liabilities at FVPL attributable to credit risk,""SUM({T(F_03.00)R(0086)C(0010)},-{T(F_03.00)R(0086)C(0010)[T-1Q]})""";;
LIQST002,Survival Period Adverse case (days).,https://darwin.escb.eu/livelink/livelink?func=ll&objId=305648124&objAction=browse&viewType=1;;
IDCARD72,Credit Risk RWA,For the formula specification please see the latest version of SUBA derived variables and indicators: https://darwin.escb.eu/livelink/livelink/app/nodes/1878940265;;
"LIQV0069,6M ABS spread (in basis points),""COALESCE({T(C_69.00.a)R(0075)C(0090)S(0010)}, {SPE.DPI(C69R070C090)})""";;
IRRBB_SV_EVE_4,Change in the Supervisory EVE under IR short rates shock down divided by Tier 1 capital,For the formula specification please see the latest version of SUBA derived variables and indicators: https://darwin.escb.eu/livelink/livelink/app/nodes/1821262705;;
